

{"total":52495,"movies":[{"id":"771372949","title":"The Window","year":2014,"mpaa_rating":"Unrated","runtime":112,"release_dates":{"theater":"2014-07-09"},"ratings":{"critics_score":-1,"audience_score":50},"synopsis":"","posters":{"thumbnail":"http://images.rottentomatoescdn.com/images/redesign/poster_default.gif","profile":"http://images.rottentomatoescdn.com/images/redesign/poster_default.gif","detailed":"http://images.rottentomatoescdn.com/images/redesign/poster_default.gif","original":"http://images.rottentomatoescdn.com/images/redesign/poster_default.gif"},"abridged_cast":[{"name":"Andrew J McGuinness","id":"771446949"},{"name":"Leah Costello","id":"771477528"},{"name":"Mike Dobbyn","id":"771477529"},{"name":"Monte James","id":"771477530"},{"name":"Brent Horst","id":"771477531"}],"links":{"self":"http://api.rottentomatoes.com/api/public/v1.0/movies/771372949.json","alternate":"http://www.rottentomatoes.com/m/the_window_2014/","cast":"http://api.rottentomatoes.com/api/public/v1.0/movies/771372949/cast.json","clips":"http://api.rottentomatoes.com/api/public/v1.0/movies/771372949/clips.json","reviews":"http://api.rottentomatoes.com/api/public/v1.0/movies/771372949/reviews.json","similar":"http://api.rottentomatoes.com/api/public/v1.0/movies/771372949/similar.json"}},{"id":"771204437","title":"The Metropolitan Opera: Ceasar & Cleopatra","year":2014,"mpaa_rating":"Unrated","runtime":137,"release_dates":{"theater":"2014-05-22"},"ratings":{"critics_score":-1,"audience_score":40},"synopsis":"This is a witty and seductive comedy about the relationship between a veteran Roman political strategist and an enchanting Egyptian teenage queen. Now movie audiences can witness the acclaimed performance of legendary Canadian actor Christopher Plummer, and experience the drama, intrigue and comedy of George Bernard Shaw's celebrated play. The high quality production captures the true experience of witnessing Shaw's celebrated play on the prestigious Stratford Festival stage.","posters":{"thumbnail":"http://images.rottentomatoescdn.com/images/redesign/poster_default.gif","profile":"http://images.rottentomatoescdn.com/images/redesign/poster_default.gif","detailed":"http://images.rottentomatoescdn.com/images/redesign/poster_default.gif","original":"http://images.rottentomatoescdn.com/images/redesign/poster_default.gif"},"abridged_cast":[{"name":"Christopher Plummer","id":"162652929"},{"name":"Diane D'Aquila","id":"770725868"},{"name":"John Vickery","id":"770676778"},{"name":"Nikki M. James","id":"771078784"},{"name":"Peter Donaldson","id":"770711829"}],"links":{"self":"http://api.rottentomatoes.com/api/public/v1.0/movies/771204437.json","alternate":"http://www.rottentomatoes.com/m/the_metropolitan_opera_ceasar_and_cleopatra/","cast":"http://api.rottentomatoes.com/api/public/v1.0/movies/771204437/cast.json","clips":"http://api.rottentomatoes.com/api/public/v1.0/movies/771204437/clips.json","reviews":"http://api.rottentomatoes.com/api/public/v1.0/movies/771204437/reviews.json","similar":"http://api.rottentomatoes.com/api/public/v1.0/movies/771204437/similar.json"}},{"id":"770855485","title":"The Three Godfathers","year":1916,"mpaa_rating":"Unrated","runtime":106,"release_dates":{"theater":"2016-06-19"},"ratings":{"critics_score":-1,"audience_score":100},"synopsis":"","posters":{"thumbnail":"http://images.rottentomatoescdn.com/images/redesign/poster_default.gif","profile":"http://images.rottentomatoescdn.com/images/redesign/poster_default.gif","detailed":"http://images.rottentomatoescdn.com/images/redesign/poster_default.gif","original":"http://images.rottentomatoescdn.com/images/redesign/poster_default.gif"},"abridged_cast":[{"name":"Stella LeSaint","id":"770938931"},{"name":"Harry Carey","id":"364652621"},{"name":"George Berrell","id":"770768718"},{"name":"Joe Rickson","id":"770760463"},{"name":"Jack Hoxie","id":"770705809"}],"links":{"self":"http://api.rottentomatoes.com/api/public/v1.0/movies/770855485.json","alternate":"http://www.rottentomatoes.com/m/the-three-godfathers/","cast":"http://api.rottentomatoes.com/api/public/v1.0/movies/770855485/cast.json","clips":"http://api.rottentomatoes.com/api/public/v1.0/movies/770855485/clips.json","reviews":"http://api.rottentomatoes.com/api/public/v1.0/movies/770855485/reviews.json","similar":"http://api.rottentomatoes.com/api/public/v1.0/movies/770855485/similar.json"}},{"id":"771359732","title":"The Metropolitan Opera: Werther","year":2014,"mpaa_rating":"Unrated","runtime":195,"release_dates":{"theater":"2014-03-15"},"ratings":{"critics_score":-1,"audience_score":100},"synopsis":"NCM Fathom Events brings the eighth season of the Metropolitan Opera's Peabody and Emmy Award-winning series The Met: Live in HD to cinemas nationwide. The broadcast of Massenet's Werther will be presented live on Saturday, March 15, 2014 at 12:55 PM ET / 9:55 AM PT. Two of opera's greatest artists-Jonas Kaufmann and Elina Garanca-appear together for the first time at the Met in Massenet's sublime adaptation of Goethe's revolutionary and tragic romance. It is directed and designed by Richard Eyre and Rob Howell, the same team that created the Met's recent hit production of Carmen. Rising young maestro Alain Altinoglu conducts.","posters":{"thumbnail":"http://images.rottentomatoescdn.com/images/redesign/poster_default.gif","profile":"http://images.rottentomatoescdn.com/images/redesign/poster_default.gif","detailed":"http://images.rottentomatoescdn.com/images/redesign/poster_default.gif","original":"http://images.rottentomatoescdn.com/images/redesign/poster_default.gif"},"abridged_cast":[],"links":{"self":"http://api.rottentomatoes.com/api/public/v1.0/movies/771359732.json","alternate":"http://www.rottentomatoes.com/m/the_metropolitan_opera_werther/","cast":"http://api.rottentomatoes.com/api/public/v1.0/movies/771359732/cast.json","clips":"http://api.rottentomatoes.com/api/public/v1.0/movies/771359732/clips.json","reviews":"http://api.rottentomatoes.com/api/public/v1.0/movies/771359732/reviews.json","similar":"http://api.rottentomatoes.com/api/public/v1.0/movies/771359732/similar.json"}},{"id":"771366110","title":"The Royal Opera House: Manon Lescaut","year":2014,"mpaa_rating":"Unrated","runtime":"","release_dates":{"theater":"2014-07-27"},"ratings":{"critics_score":-1,"audience_score":17},"synopsis":"This early Puccini masterpiece makes a welcome return to Covent Garden after an absence of over 20 years, in a new production by Jonathan Kent under the baton of Music Director Antonio Pappano. The exciting Latvian soprano Kristine Opolais sings the title role. A consummate Puccini soprano, Opolais caused a sensation as Madama Butterfly in 2011, and with Manon Lescaut, the bold but impressionable heroine, we will see a very different side of her character. She is matched in star power by Jonas Kaufmann as her lover, Des Grieux, and Christopher Maltman as her cynical brother Lescaut. This is a much anticipated new production, and Kent's vision of a young girl who faces temptation in the big city will surely resonate with today's audience.","posters":{"thumbnail":"http://images.rottentomatoescdn.com/images/redesign/poster_default.gif","profile":"http://images.rottentomatoescdn.com/images/redesign/poster_default.gif","detailed":"http://images.rottentomatoescdn.com/images/redesign/poster_default.gif","original":"http://images.rottentomatoescdn.com/images/redesign/poster_default.gif"},"abridged_cast":[{"name":"Kristine Opolais","id":"770854055"},{"name":"Christopher Maltman","id":"770739456"},{"name":"Jonas Kaufmann","id":"770779008"},{"name":"Maurizio Muraro","id":"770733547"},{"name":"Benjamin Hulett","id":"771480775"}],"links":{"self":"http://api.rottentomatoes.com/api/public/v1.0/movies/771366110.json","alternate":"http://www.rottentomatoes.com/m/the_royal_opera_house_manon_lescaut/","cast":"http://api.rottentomatoes.com/api/public/v1.0/movies/771366110/cast.json","clips":"http://api.rottentomatoes.com/api/public/v1.0/movies/771366110/clips.json","reviews":"http://api.rottentomatoes.com/api/public/v1.0/movies/771366110/reviews.json","similar":"http://api.rottentomatoes.com/api/public/v1.0/movies/771366110/similar.json"}},{"id":"771375511","title":"The Midland Mystique","year":2014,"mpaa_rating":"Unrated","runtime":"","release_dates":{"theater":"2014-02-28"},"ratings":{"critics_score":-1,"audience_score":0},"synopsis":"On December 16, 2000, a high school from Midland, TX, accomplished something that had never been done before. (c) Official Site","posters":{"thumbnail":"http://content8.flixster.com/movie/11/17/65/11176514_mob.jpg","profile":"http://content8.flixster.com/movie/11/17/65/11176514_pro.jpg","detailed":"http://content8.flixster.com/movie/11/17/65/11176514_det.jpg","original":"http://content8.flixster.com/movie/11/17/65/11176514_ori.jpg"},"abridged_cast":[{"name":"Cedric Benson","id":"770751113"},{"name":"Eric Winston","id":"771481362"},{"name":"John Parchman","id":"771481361"}],"alternate_ids":{"imdb":"3487864"},"links":{"self":"http://api.rottentomatoes.com/api/public/v1.0/movies/771375511.json","alternate":"http://www.rottentomatoes.com/m/the_midland_mystique/","cast":"http://api.rottentomatoes.com/api/public/v1.0/movies/771375511/cast.json","clips":"http://api.rottentomatoes.com/api/public/v1.0/movies/771375511/clips.json","reviews":"http://api.rottentomatoes.com/api/public/v1.0/movies/771375511/reviews.json","similar":"http://api.rottentomatoes.com/api/public/v1.0/movies/771375511/similar.json"}},{"id":"771375598","title":"The Only Real Game","year":2014,"mpaa_rating":"Unrated","runtime":82,"release_dates":{"theater":"2014-03-07"},"ratings":{"critics_score":-1,"audience_rating":"Upright","audience_score":100},"synopsis":"THE ONLY REAL GAME explores the power of baseball for people in a troubled, distant place. The small, once princely state of Manipur in embattled northeast India, counters gun violence, poverty, corruption, drug traffic, and HIV/AIDS with its surprising passion for our National Pastime. Manipur, which shares a porous border with Burma, joined the Indian Union under pressure in 1949, triggering a corrosive separatist conflict that continues to this day. For decades baseball has delivered release from daily struggles and a dream for healing this wounded society, as well as a way to connect to the wider world. This far away story brings us to the heart of the Great American Game or, as Babe Ruth dubbed it, \"the only real game in the world.\"(C) Official Site","posters":{"thumbnail":"http://content6.flixster.com/movie/11/17/66/11176612_mob.jpg","profile":"http://content6.flixster.com/movie/11/17/66/11176612_pro.jpg","detailed":"http://content6.flixster.com/movie/11/17/66/11176612_det.jpg","original":"http://content6.flixster.com/movie/11/17/66/11176612_ori.jpg"},"abridged_cast":[{"name":"Melissa Leo","id":"371352682"}],"alternate_ids":{"imdb":"2547632"},"links":{"self":"http://api.rottentomatoes.com/api/public/v1.0/movies/771375598.json","alternate":"http://www.rottentomatoes.com/m/the_only_real_game/","cast":"http://api.rottentomatoes.com/api/public/v1.0/movies/771375598/cast.json","clips":"http://api.rottentomatoes.com/api/public/v1.0/movies/771375598/clips.json","reviews":"http://api.rottentomatoes.com/api/public/v1.0/movies/771375598/reviews.json","similar":"http://api.rottentomatoes.com/api/public/v1.0/movies/771375598/similar.json"}},{"id":"771375726","title":"Thegidi","year":2014,"mpaa_rating":"Unrated","runtime":"","release_dates":{"theater":"2014-02-27"},"ratings":{"critics_score":-1,"audience_rating":"Upright","audience_score":100},"synopsis":"","posters":{"thumbnail":"http://images.rottentomatoescdn.com/images/redesign/poster_default.gif","profile":"http://images.rottentomatoescdn.com/images/redesign/poster_default.gif","detailed":"http://images.rottentomatoescdn.com/images/redesign/poster_default.gif","original":"http://images.rottentomatoescdn.com/images/redesign/poster_default.gif"},"abridged_cast":[{"name":"Ashok Selvan","id":"771472582"},{"name":"Janani Iyer","id":"771105613"}],"links":{"self":"http://api.rottentomatoes.com/api/public/v1.0/movies/771375726.json","alternate":"http://www.rottentomatoes.com/m/thegidi/","cast":"http://api.rottentomatoes.com/api/public/v1.0/movies/771375726/cast.json","clips":"http://api.rottentomatoes.com/api/public/v1.0/movies/771375726/clips.json","reviews":"http://api.rottentomatoes.com/api/public/v1.0/movies/771375726/reviews.json","similar":"http://api.rottentomatoes.com/api/public/v1.0/movies/771375726/similar.json"}},{"id":"771376285","title":"The Moment: Mayweather Vs. Maidana","year":2014,"mpaa_rating":"Unrated","runtime":210,"release_dates":{"theater":"2014-05-03"},"ratings":{"critics_score":-1,"audience_score":100},"synopsis":"","posters":{"thumbnail":"http://images.rottentomatoescdn.com/images/redesign/poster_default.gif","profile":"http://images.rottentomatoescdn.com/images/redesign/poster_default.gif","detailed":"http://images.rottentomatoescdn.com/images/redesign/poster_default.gif","original":"http://images.rottentomatoescdn.com/images/redesign/poster_default.gif"},"abridged_cast":[],"links":{"self":"http://api.rottentomatoes.com/api/public/v1.0/movies/771376285.json","alternate":"http://www.rottentomatoes.com/m/the_moment_mayweather_vs_maidana/","cast":"http://api.rottentomatoes.com/api/public/v1.0/movies/771376285/cast.json","clips":"http://api.rottentomatoes.com/api/public/v1.0/movies/771376285/clips.json","reviews":"http://api.rottentomatoes.com/api/public/v1.0/movies/771376285/reviews.json","similar":"http://api.rottentomatoes.com/api/public/v1.0/movies/771376285/similar.json"}},{"id":"771359723","title":"The Metropolitan Opera: Cosi Fan Tutte","year":2014,"mpaa_rating":"Unrated","runtime":245,"release_dates":{"theater":"2014-04-26"},"ratings":{"critics_score":-1,"audience_score":0},"synopsis":"NCM Fathom Events presents an encore performance of Mozart's Cosi fan tutte in select cinemas on Wednesday, April 30, 2014 at 6:30 PM in all time zones. Music Director James Levine conducts Mozart's beloved opera about testing the ties of love. The cast is filled with youthful Met stars: Susanna Phillips and Isabel Leonard are the sisters Fiordiligi and Dorabella, Matthew Polenzani and Rodion Pogossov are their lovers, with Danielle de Niese as the scheming Despina.","posters":{"thumbnail":"http://images.rottentomatoescdn.com/images/redesign/poster_default.gif","profile":"http://images.rottentomatoescdn.com/images/redesign/poster_default.gif","detailed":"http://images.rottentomatoescdn.com/images/redesign/poster_default.gif","original":"http://images.rottentomatoescdn.com/images/redesign/poster_default.gif"},"abridged_cast":[],"links":{"self":"http://api.rottentomatoes.com/api/public/v1.0/movies/771359723.json","alternate":"http://www.rottentomatoes.com/m/the_metropolitan_opera_cosi_fan_tutte/","cast":"http://api.rottentomatoes.com/api/public/v1.0/movies/771359723/cast.json","clips":"http://api.rottentomatoes.com/api/public/v1.0/movies/771359723/clips.json","reviews":"http://api.rottentomatoes.com/api/public/v1.0/movies/771359723/reviews.json","similar":"http://api.rottentomatoes.com/api/public/v1.0/movies/771359723/similar.json"}},{"id":"771359731","title":"The Metropolitan Opera: Werther Encore","year":2014,"mpaa_rating":"Unrated","runtime":195,"release_dates":{"theater":"2014-03-19"},"ratings":{"critics_score":-1,"audience_score":0},"synopsis":"NCM Fathom Events presents an encore performance of Massenet's Werther in select cinemas on Wednesday, March 19, 2014 at 6:30 PM in all time zones. Two of opera's greatest artists-Jonas Kaufmann and Elina Garanca-appear together for the first time at the Met in Massenet's sublime adaptation of Goethe's revolutionary and tragic romance. It is directed and designed by Richard Eyre and Rob Howell, the same team that created the Met's recent hit production of Carmen. Rising young maestro Alain Altinoglu conducts.","posters":{"thumbnail":"http://images.rottentomatoescdn.com/images/redesign/poster_default.gif","profile":"http://images.rottentomatoescdn.com/images/redesign/poster_default.gif","detailed":"http://images.rottentomatoescdn.com/images/redesign/poster_default.gif","original":"http://images.rottentomatoescdn.com/images/redesign/poster_default.gif"},"abridged_cast":[],"links":{"self":"http://api.rottentomatoes.com/api/public/v1.0/movies/771359731.json","alternate":"http://www.rottentomatoes.com/m/the_metropolitan_opera_werther_encore/","cast":"http://api.rottentomatoes.com/api/public/v1.0/movies/771359731/cast.json","clips":"http://api.rottentomatoes.com/api/public/v1.0/movies/771359731/clips.json","reviews":"http://api.rottentomatoes.com/api/public/v1.0/movies/771359731/reviews.json","similar":"http://api.rottentomatoes.com/api/public/v1.0/movies/771359731/similar.json"}},{"id":"771371492","title":"The Pom Pom Massacre","year":2015,"mpaa_rating":"Unrated","runtime":103,"release_dates":{"theater":"2015-09-13"},"ratings":{"critics_score":-1,"audience_score":0},"synopsis":"The cheerleaders of Armadillo High party hard and cheer harder but they feud amongst themselves more than with rival teams. Things really heat up with the arrival of the new girl, Tammi, who, unbeknown to anyone, has ties to their town's dark past. That past rears its gory head on a team-building trip to cheer camp. Now the girls have to fight for their lives against a sadistic bloodthirsty killer with one purpose: Cheerleaders must die.","posters":{"thumbnail":"http://images.rottentomatoescdn.com/images/redesign/poster_default.gif","profile":"http://images.rottentomatoescdn.com/images/redesign/poster_default.gif","detailed":"http://images.rottentomatoescdn.com/images/redesign/poster_default.gif","original":"http://images.rottentomatoescdn.com/images/redesign/poster_default.gif"},"abridged_cast":[{"name":"Nicole Travolta","id":"771089155"},{"name":"Maysen Michaels","id":"771106611"}],"links":{"self":"http://api.rottentomatoes.com/api/public/v1.0/movies/771371492.json","alternate":"http://www.rottentomatoes.com/m/the_pom_pom_massacre/","cast":"http://api.rottentomatoes.com/api/public/v1.0/movies/771371492/cast.json","clips":"http://api.rottentomatoes.com/api/public/v1.0/movies/771371492/clips.json","reviews":"http://api.rottentomatoes.com/api/public/v1.0/movies/771371492/reviews.json","similar":"http://api.rottentomatoes.com/api/public/v1.0/movies/771371492/similar.json"}},{"id":"771376169","title":"The Great Invisible","year":2014,"mpaa_rating":"Unrated","runtime":92,"release_dates":{"theater":"2014-03-09"},"ratings":{"critics_score":-1,"audience_rating":"Upright","audience_score":100},"synopsis":"On April 20, 2010, the Deepwater Horizon oil rig exploded in the Gulf of Mexico. It killed 11 workers and caused the worst oil spill in American history. The explosion still haunts the lives of those most intimately affected, though the story has long ago faded from the front page. At once a fascinating corporate thriller, a heartbreaking human drama and a peek inside the walls of the secretive oil industry, \"The Great Invisible\" is the first documentary feature to go beyond the media coverage to examine the crisis in depth through the eyes of oil executives, survivors and Gulf Coast residents who experienced it first-hand and then were left to pick up the pieces while the world moved on.","posters":{"thumbnail":"http://content6.flixster.com/movie/11/17/67/11176712_mob.jpg","profile":"http://content6.flixster.com/movie/11/17/67/11176712_pro.jpg","detailed":"http://content6.flixster.com/movie/11/17/67/11176712_det.jpg","original":"http://content6.flixster.com/movie/11/17/67/11176712_ori.jpg"},"abridged_cast":[],"alternate_ids":{"imdb":"3567200"},"links":{"self":"http://api.rottentomatoes.com/api/public/v1.0/movies/771376169.json","alternate":"http://www.rottentomatoes.com/m/the_great_invisible/","cast":"http://api.rottentomatoes.com/api/public/v1.0/movies/771376169/cast.json","clips":"http://api.rottentomatoes.com/api/public/v1.0/movies/771376169/clips.json","reviews":"http://api.rottentomatoes.com/api/public/v1.0/movies/771376169/reviews.json","similar":"http://api.rottentomatoes.com/api/public/v1.0/movies/771376169/similar.json"}},{"id":"21","title":"The Amityville Horror","year":2005,"mpaa_rating":"R","runtime":89,"critics_consensus":"A so-so remake of a so-so original.","release_dates":{"theater":"2005-04-15","dvd":"2005-10-04"},"ratings":{"critics_rating":"Rotten","critics_score":23,"audience_rating":"Spilled","audience_score":53},"synopsis":"","posters":{"thumbnail":"http://content8.flixster.com/movie/24/97/249734_mob.jpg","profile":"http://content8.flixster.com/movie/24/97/249734_pro.jpg","detailed":"http://content8.flixster.com/movie/24/97/249734_det.jpg","original":"http://content8.flixster.com/movie/24/97/249734_ori.jpg"},"abridged_cast":[{"name":"Ryan Reynolds","id":"162652367","characters":["George Lutz"]},{"name":"Melissa George","id":"162652368","characters":["Kathy Lutz"]},{"name":"Jesse James","id":"162652370","characters":["Billy"]},{"name":"Jimmy Bennett","id":"162652369","characters":["Chris Lutz"]},{"name":"Chloe Grace Moretz","id":"771410621","characters":["Chelsea"]}],"alternate_ids":{"imdb":"0384806"},"links":{"self":"http://api.rottentomatoes.com/api/public/v1.0/movies/21.json","alternate":"http://www.rottentomatoes.com/m/amityville_horror/","cast":"http://api.rottentomatoes.com/api/public/v1.0/movies/21/cast.json","clips":"http://api.rottentomatoes.com/api/public/v1.0/movies/21/clips.json","reviews":"http://api.rottentomatoes.com/api/public/v1.0/movies/21/reviews.json","similar":"http://api.rottentomatoes.com/api/public/v1.0/movies/21/similar.json"}},{"id":"771351024","title":"Journey To The West","year":2014,"mpaa_rating":"PG-13","runtime":110,"critics_consensus":"As sweet, silly, action-packed and ridiculous as director Steven Chow's best work, Journey to the West serves up dazzling action sequences while playing its disparate elements against each other with thrilling abandon.","release_dates":{"theater":"2014-03-07"},"ratings":{"critics_rating":"Fresh","critics_score":90,"audience_rating":"Spilled","audience_score":59},"synopsis":"Based on one of the Four Great Classical Novels of Chinese literature of the same name, Stephen Chow's 'Journey To The West' is a contemporary remake of the misadventures of a Buddhist monk as he makes a pilgrimage from China to India. --(C) Magnet","posters":{"thumbnail":"http://content6.flixster.com/movie/11/17/54/11175444_mob.jpg","profile":"http://content6.flixster.com/movie/11/17/54/11175444_pro.jpg","detailed":"http://content6.flixster.com/movie/11/17/54/11175444_det.jpg","original":"http://content6.flixster.com/movie/11/17/54/11175444_ori.jpg"},"abridged_cast":[{"name":"Qi Shu","id":"162662560","characters":["Miss Duan"]},{"name":"Zhang Wen","id":"771050130","characters":["Xuan Zang"]},{"name":"Bo Huang","id":"770827474","characters":["Sun Wukong"]},{"name":"Show Lo","id":"771482360","characters":["Prince Important"]},{"name":"Lee Sheung-Ching","id":"771054490","characters":["Sand Monk"]}],"alternate_ids":{"imdb":"2017561"},"links":{"self":"http://api.rottentomatoes.com/api/public/v1.0/movies/771351024.json","alternate":"http://www.rottentomatoes.com/m/journey_to_the_west_2014/","cast":"http://api.rottentomatoes.com/api/public/v1.0/movies/771351024/cast.json","clips":"http://api.rottentomatoes.com/api/public/v1.0/movies/771351024/clips.json","reviews":"http://api.rottentomatoes.com/api/public/v1.0/movies/771351024/reviews.json","similar":"http://api.rottentomatoes.com/api/public/v1.0/movies/771351024/similar.json"}},{"id":"770771479","title":"The Boy in the Striped Pajamas (The Boy in the Striped Pyjamas)","year":2008,"mpaa_rating":"PG-13","runtime":106,"critics_consensus":"A touching and haunting family film that deals with the Holocaust in an arresting and unusual manner, and packs a brutal final punch of a twist.","release_dates":{"theater":"2008-11-07","dvd":"2009-03-10"},"ratings":{"critics_rating":"Fresh","critics_score":63,"audience_rating":"Upright","audience_score":85},"synopsis":"","posters":{"thumbnail":"http://content8.flixster.com/movie/11/17/61/11176110_mob.jpg","profile":"http://content8.flixster.com/movie/11/17/61/11176110_pro.jpg","detailed":"http://content8.flixster.com/movie/11/17/61/11176110_det.jpg","original":"http://content8.flixster.com/movie/11/17/61/11176110_ori.jpg"},"abridged_cast":[{"name":"Asa Butterfield","id":"770800323","characters":["Bruno"]},{"name":"Jack Scanlon","id":"770800324","characters":["Shmuel"]},{"name":"Amber Beattie","id":"770820960","characters":["Gretel"]},{"name":"David Thewlis","id":"162656526","characters":["Bruno's Father"]},{"name":"Vera Farmiga","id":"162655572","characters":["Elsa Bruno's Mother"]}],"alternate_ids":{"imdb":"0914798"},"links":{"self":"http://api.rottentomatoes.com/api/public/v1.0/movies/770771479.json","alternate":"http://www.rottentomatoes.com/m/boy_in_the_striped_pajamas/","cast":"http://api.rottentomatoes.com/api/public/v1.0/movies/770771479/cast.json","clips":"http://api.rottentomatoes.com/api/public/v1.0/movies/770771479/clips.json","reviews":"http://api.rottentomatoes.com/api/public/v1.0/movies/770771479/reviews.json","similar":"http://api.rottentomatoes.com/api/public/v1.0/movies/770771479/similar.json"}},{"id":"770781883","title":"Street Fighter: The Legend of Chun-Li","year":2009,"mpaa_rating":"PG-13","runtime":97,"critics_consensus":"The combination of a shallow plot and miscast performers renders Street Fighter: The Legend of Chun Li a perfectly forgettable video game adaptation.","release_dates":{"theater":"2009-02-27","dvd":"2009-06-30"},"ratings":{"critics_rating":"Rotten","critics_score":18,"audience_rating":"Spilled","audience_score":17},"synopsis":"","posters":{"thumbnail":"http://content6.flixster.com/movie/11/12/45/11124512_mob.jpg","profile":"http://content6.flixster.com/movie/11/12/45/11124512_pro.jpg","detailed":"http://content6.flixster.com/movie/11/12/45/11124512_det.jpg","original":"http://content6.flixster.com/movie/11/12/45/11124512_ori.jpg"},"abridged_cast":[{"name":"Kristin Kreuk","id":"397333194","characters":["Chun-Li"]},{"name":"Chris Klein","id":"162655495","characters":["Nash"]},{"name":"Neal McDonough","id":"326391936","characters":["Bison"]},{"name":"Robin Shou","id":"162664732","characters":["Gen"]},{"name":"Moon Bloodgood","id":"162652457","characters":["Maya Sunee"]}],"alternate_ids":{"imdb":"0891592"},"links":{"self":"http://api.rottentomatoes.com/api/public/v1.0/movies/770781883.json","alternate":"http://www.rottentomatoes.com/m/street_fighter_the_legend_of_chun_li/","cast":"http://api.rottentomatoes.com/api/public/v1.0/movies/770781883/cast.json","clips":"http://api.rottentomatoes.com/api/public/v1.0/movies/770781883/clips.json","reviews":"http://api.rottentomatoes.com/api/public/v1.0/movies/770781883/reviews.json","similar":"http://api.rottentomatoes.com/api/public/v1.0/movies/770781883/similar.json"}},{"id":"770814363","title":"The Town","year":2010,"mpaa_rating":"R","runtime":151,"critics_consensus":"Tense, smartly written, and wonderfully cast, The Town proves that Ben Affleck has rediscovered his muse -- and that he's a director to be reckoned with.","release_dates":{"theater":"2010-09-17","dvd":"2010-12-17"},"ratings":{"critics_rating":"Certified Fresh","critics_score":94,"audience_rating":"Upright","audience_score":84},"synopsis":"Boston bank robber Doug MacRay (Ben Affleck) falls for a woman his gang had previously taken hostage after feigning a chance meeting with her to ensure that she can't identify them in Affleck's adaptation of author Chuck Hogan's novel Prince of Thieves. The son of a tough Charlestown, MA thief, Doug passed on his chance to walk the straight and narrow in favor of becoming a career bank robber. Not only is Doug's crew one of the most ruthless in Boston, but they're also one of the best; they never leave a trace of evidence, and always make a clean break. Over the years, Doug's fearless partners in crime have become something of a surrogate family to him; Jem (Jeremy Renner), the most dangerous of the bunch, is the closest thing Doug has ever had to a brother. But a divide begins to open between the two career criminals when Jem takes bank manager Claire Keesey (Rebecca Hall) hostage during a particularly tense heist, and the group subsequently discovers that she hails from their own tight-knit suburb. When Jem proposes that the gang make an effort to find out just how much Claire recalls about the crime, Doug fears that his volatile partner may do more harm than good and volunteers himself for the job. Later, Doug turns on the charm while pretending to bump into Claire by chance, and becomes convinced that she doesn't suspect him of being the same man who just robbed her bank. As the feds turn up the heat on the gang, Doug finds himself falling for Claire, and searching desperately for a means of cutting his ties to his criminal past. But with each passing day, Jem grows increasingly suspicious of Doug's true motivations. Now caught between two worlds with no chance of turning back, Doug realizes that his only hope for finding a happy future is to betray the only family he's ever known. ~ Jason Buchanan, Rovi","posters":{"thumbnail":"http://content6.flixster.com/movie/11/16/67/11166732_mob.jpg","profile":"http://content6.flixster.com/movie/11/16/67/11166732_pro.jpg","detailed":"http://content6.flixster.com/movie/11/16/67/11166732_det.jpg","original":"http://content6.flixster.com/movie/11/16/67/11166732_ori.jpg"},"abridged_cast":[{"name":"Ben Affleck","id":"162665891","characters":["Doug MacRay"]},{"name":"Rebecca Hall","id":"355028248","characters":["Claire Keesey"]},{"name":"Jon Hamm","id":"770696952","characters":["FBI S.A. Adam Frawley"]},{"name":"Jeremy Renner","id":"309973652","characters":["James Coughlin"]},{"name":"Blake Lively","id":"162652609","characters":["Krista Coughlin"]}],"alternate_ids":{"imdb":"0840361"},"links":{"self":"http://api.rottentomatoes.com/api/public/v1.0/movies/770814363.json","alternate":"http://www.rottentomatoes.com/m/the_town/","cast":"http://api.rottentomatoes.com/api/public/v1.0/movies/770814363/cast.json","clips":"http://api.rottentomatoes.com/api/public/v1.0/movies/770814363/clips.json","reviews":"http://api.rottentomatoes.com/api/public/v1.0/movies/770814363/reviews.json","similar":"http://api.rottentomatoes.com/api/public/v1.0/movies/770814363/similar.json"}},{"id":"771205918","title":"The Help","year":2011,"mpaa_rating":"PG-13","runtime":137,"critics_consensus":"Though arguably guilty of glossing over its racial themes, The Help rises on the strength of its cast -- particularly Viola Davis, whose performance is powerful enough to carry the film on its own.","release_dates":{"theater":"2011-08-10","dvd":"2011-12-06"},"ratings":{"critics_rating":"Certified Fresh","critics_score":76,"audience_rating":"Upright","audience_score":89},"synopsis":"The Help stars Emma Stone as Skeeter, Viola Davis as Aibileen and Octavia Spencer as Minny-three very different, extraordinary women in Mississippi during the 1960s, who build an unlikely friendship around a secret writing project that breaks societal rules and puts them all at risk. From their improbable alliance a remarkable sisterhood emerges, instilling all of them with the courage to transcend the lines that define them, and the realization that sometimes those lines are made to be crossed-even if it means bringing everyone in town face-to-face with the changing times. -- (C) DreamWorks","posters":{"thumbnail":"http://content9.flixster.com/movie/11/15/70/11157055_mob.jpg","profile":"http://content9.flixster.com/movie/11/15/70/11157055_pro.jpg","detailed":"http://content9.flixster.com/movie/11/15/70/11157055_det.jpg","original":"http://content9.flixster.com/movie/11/15/70/11157055_ori.jpg"},"abridged_cast":[{"name":"Viola Davis","id":"162655119","characters":["Aibileen","Aibileen Clark"]},{"name":"Emma Stone","id":"770683296","characters":["Skeeter","Skeeter Phelan"]},{"name":"Bryce Dallas Howard","id":"162660901","characters":["Hilly Holbrook"]},{"name":"Octavia L. Spencer","id":"770906299","characters":["Minny Jackson"]},{"name":"Jessica Chastain","id":"770760183","characters":["Celia Foote","Celia Foote."]}],"alternate_ids":{"imdb":"1454029"},"links":{"self":"http://api.rottentomatoes.com/api/public/v1.0/movies/771205918.json","alternate":"http://www.rottentomatoes.com/m/the_help/","cast":"http://api.rottentomatoes.com/api/public/v1.0/movies/771205918/cast.json","clips":"http://api.rottentomatoes.com/api/public/v1.0/movies/771205918/clips.json","reviews":"http://api.rottentomatoes.com/api/public/v1.0/movies/771205918/reviews.json","similar":"http://api.rottentomatoes.com/api/public/v1.0/movies/771205918/similar.json"}},{"id":"23529","title":"Raiders of the Lost Ark","year":1981,"mpaa_rating":"PG","runtime":115,"critics_consensus":"Featuring bravura set pieces, sly humor, and white-knuckle action, Raiders of the Lost Ark is one of the most consummately entertaining adventure pictures of all time.","release_dates":{"theater":"2012-09-07","dvd":"2003-10-21"},"ratings":{"critics_rating":"Certified Fresh","critics_score":95,"audience_rating":"Upright","audience_score":96},"synopsis":"","posters":{"thumbnail":"http://content8.flixster.com/movie/11/15/76/11157614_mob.jpg","profile":"http://content8.flixster.com/movie/11/15/76/11157614_pro.jpg","detailed":"http://content8.flixster.com/movie/11/15/76/11157614_det.jpg","original":"http://content8.flixster.com/movie/11/15/76/11157614_ori.jpg"},"abridged_cast":[{"name":"Harrison Ford","id":"162661579","characters":["Indiana Jones"]},{"name":"Karen Allen","id":"162666714","characters":["Marion Ravenwood"]},{"name":"Denholm Elliott","id":"162666493","characters":["Marcus Brody"]},{"name":"Paul Freeman","id":"162718594","characters":["Belloq"]},{"name":"Wolf Kahler","id":"770725170","characters":["Dietrich"]}],"alternate_ids":{"imdb":"0082971"},"links":{"self":"http://api.rottentomatoes.com/api/public/v1.0/movies/23529.json","alternate":"http://www.rottentomatoes.com/m/raiders_of_the_lost_ark/","cast":"http://api.rottentomatoes.com/api/public/v1.0/movies/23529/cast.json","clips":"http://api.rottentomatoes.com/api/public/v1.0/movies/23529/clips.json","reviews":"http://api.rottentomatoes.com/api/public/v1.0/movies/23529/reviews.json","similar":"http://api.rottentomatoes.com/api/public/v1.0/movies/23529/similar.json"}},{"id":"8264","title":"Into the Blue","year":2005,"mpaa_rating":"PG-13","runtime":110,"critics_consensus":"Even the endless shots of bronzed beach babes and buffed dudes can't keep this soggy scuba flick's plot from drowning.","release_dates":{"theater":"2005-09-30","dvd":"2005-12-26"},"ratings":{"critics_rating":"Rotten","critics_score":21,"audience_rating":"Spilled","audience_score":58},"synopsis":"","posters":{"thumbnail":"http://content8.flixster.com/movie/25/02/250214_mob.jpg","profile":"http://content8.flixster.com/movie/25/02/250214_pro.jpg","detailed":"http://content8.flixster.com/movie/25/02/250214_det.jpg","original":"http://content8.flixster.com/movie/25/02/250214_ori.jpg"},"abridged_cast":[{"name":"Paul Walker","id":"162654234","characters":["Jared Cole"]},{"name":"Jessica Alba","id":"162652782","characters":["Samantha 'Sam' Nicholson"]},{"name":"Scott Caan","id":"162654235","characters":["Bryce Dunn"]},{"name":"Ashley Scott","id":"162654236","characters":["Amanda Collins"]},{"name":"Josh Brolin","id":"162654237","characters":["Derek Bates"]}],"alternate_ids":{"imdb":"0378109"},"links":{"self":"http://api.rottentomatoes.com/api/public/v1.0/movies/8264.json","alternate":"http://www.rottentomatoes.com/m/into_the_blue/","cast":"http://api.rottentomatoes.com/api/public/v1.0/movies/8264/cast.json","clips":"http://api.rottentomatoes.com/api/public/v1.0/movies/8264/clips.json","reviews":"http://api.rottentomatoes.com/api/public/v1.0/movies/8264/reviews.json","similar":"http://api.rottentomatoes.com/api/public/v1.0/movies/8264/similar.json"}},{"id":"771362262","title":"Beauty And The Beast","year":2014,"mpaa_rating":"Unrated","runtime":112,"release_dates":{"theater":"2014-02-12"},"ratings":{"critics_score":-1,"audience_rating":"Spilled","audience_score":50},"synopsis":"","posters":{"thumbnail":"http://content6.flixster.com/movie/11/17/60/11176072_mob.jpg","profile":"http://content6.flixster.com/movie/11/17/60/11176072_pro.jpg","detailed":"http://content6.flixster.com/movie/11/17/60/11176072_det.jpg","original":"http://content6.flixster.com/movie/11/17/60/11176072_ori.jpg"},"abridged_cast":[{"name":"Vincent Cassel","id":"162655150"},{"name":"Eduardo Noriega","id":"162733336"},{"name":"Lea Seydoux","id":"770811453"},{"name":"Andre Dussollier","id":"162677216"},{"name":"Myriam Charleins","id":"771454467"}],"alternate_ids":{"imdb":"2316801"},"links":{"self":"http://api.rottentomatoes.com/api/public/v1.0/movies/771362262.json","alternate":"http://www.rottentomatoes.com/m/beauty_and_the_beast_2014/","cast":"http://api.rottentomatoes.com/api/public/v1.0/movies/771362262/cast.json","clips":"http://api.rottentomatoes.com/api/public/v1.0/movies/771362262/clips.json","reviews":"http://api.rottentomatoes.com/api/public/v1.0/movies/771362262/reviews.json","similar":"http://api.rottentomatoes.com/api/public/v1.0/movies/771362262/similar.json"}},{"id":"75543882","title":"Family Guy Presents Stewie Griffin: The Untold Story","year":2005,"mpaa_rating":"Unrated","runtime":83,"release_dates":{"dvd":"2005-09-27"},"ratings":{"critics_score":-1,"audience_rating":"Upright","audience_score":82},"synopsis":"","posters":{"thumbnail":"http://content6.flixster.com/movie/10/89/46/10894688_mob.jpg","profile":"http://content6.flixster.com/movie/10/89/46/10894688_pro.jpg","detailed":"http://content6.flixster.com/movie/10/89/46/10894688_det.jpg","original":"http://content6.flixster.com/movie/10/89/46/10894688_ori.jpg"},"abridged_cast":[{"name":"Seth MacFarlane","id":"364629414"},{"name":"Alex Borstein","id":"364629416"},{"name":"Seth Green","id":"162660883"},{"name":"Mila Kunis","id":"364629418"},{"name":"Adam West","id":"162662362"}],"links":{"self":"http://api.rottentomatoes.com/api/public/v1.0/movies/75543882.json","alternate":"http://www.rottentomatoes.com/m/family_guy_presents_stewie_griffin_the_untold_story/","cast":"http://api.rottentomatoes.com/api/public/v1.0/movies/75543882/cast.json","clips":"http://api.rottentomatoes.com/api/public/v1.0/movies/75543882/clips.json","reviews":"http://api.rottentomatoes.com/api/public/v1.0/movies/75543882/reviews.json","similar":"http://api.rottentomatoes.com/api/public/v1.0/movies/75543882/similar.json"}},{"id":"15594","title":"Interview with the Vampire","year":1994,"mpaa_rating":"R","runtime":122,"critics_consensus":"Despite lacking some of the book's subtler shadings, and suffering from some clumsy casting, Interview with a Vampire benefits from Neil Jordan's atmospheric direction and a surfeit of gothic thrills.","release_dates":{"theater":"1994-11-11","dvd":"1997-08-28"},"ratings":{"critics_rating":"Fresh","critics_score":61,"audience_rating":"Upright","audience_score":86},"synopsis":"","posters":{"thumbnail":"http://content7.flixster.com/movie/11/16/94/11169453_mob.jpg","profile":"http://content7.flixster.com/movie/11/16/94/11169453_pro.jpg","detailed":"http://content7.flixster.com/movie/11/16/94/11169453_det.jpg","original":"http://content7.flixster.com/movie/11/16/94/11169453_ori.jpg"},"abridged_cast":[{"name":"Tom Cruise","id":"162652763","characters":["Lestat"]},{"name":"Brad Pitt","id":"162652627","characters":["Louis"]},{"name":"Antonio Banderas","id":"162654885","characters":["Armand"]},{"name":"Stephen Rea","id":"162655349","characters":["Santiago"]},{"name":"Christian Slater","id":"162652316","characters":["Malloy"]}],"alternate_ids":{"imdb":"0110148"},"links":{"self":"http://api.rottentomatoes.com/api/public/v1.0/movies/15594.json","alternate":"http://www.rottentomatoes.com/m/interview_with_the_vampire/","cast":"http://api.rottentomatoes.com/api/public/v1.0/movies/15594/cast.json","clips":"http://api.rottentomatoes.com/api/public/v1.0/movies/15594/clips.json","reviews":"http://api.rottentomatoes.com/api/public/v1.0/movies/15594/reviews.json","similar":"http://api.rottentomatoes.com/api/public/v1.0/movies/15594/similar.json"}},{"id":"12869","title":"The Boondock Saints","year":2000,"mpaa_rating":"R","runtime":110,"critics_consensus":"A juvenile, ugly movie that represents the worst tendencies of directors channeling Tarantino.","release_dates":{"theater":"1999-11-19","dvd":"2002-05-21"},"ratings":{"critics_rating":"Rotten","critics_score":20,"audience_rating":"Upright","audience_score":92},"synopsis":"","posters":{"thumbnail":"http://content9.flixster.com/movie/11/16/49/11164947_mob.jpg","profile":"http://content9.flixster.com/movie/11/16/49/11164947_pro.jpg","detailed":"http://content9.flixster.com/movie/11/16/49/11164947_det.jpg","original":"http://content9.flixster.com/movie/11/16/49/11164947_ori.jpg"},"abridged_cast":[{"name":"Willem Dafoe","id":"162668400","characters":["Paul Smecker"]},{"name":"Sean Patrick Flanery","id":"162654178","characters":["Conner MacManus"]},{"name":"Norman Reedus","id":"162684038","characters":["Murphy MacManus"]},{"name":"Billy Connolly","id":"162662548","characters":["Il Duce"]},{"name":"David Ferry","id":"645445531","characters":["Detective Dolly"]}],"alternate_ids":{"imdb":"0144117"},"links":{"self":"http://api.rottentomatoes.com/api/public/v1.0/movies/12869.json","alternate":"http://www.rottentomatoes.com/m/boondock_saints/","cast":"http://api.rottentomatoes.com/api/public/v1.0/movies/12869/cast.json","clips":"http://api.rottentomatoes.com/api/public/v1.0/movies/12869/clips.json","reviews":"http://api.rottentomatoes.com/api/public/v1.0/movies/12869/reviews.json","similar":"http://api.rottentomatoes.com/api/public/v1.0/movies/12869/similar.json"}},{"id":"23531","title":"Indiana Jones and the Last Crusade","year":1989,"mpaa_rating":"PG-13","runtime":126,"critics_consensus":"Lighter and more comedic than its predecessor, Indiana Jones and the Last Crusade returns the series to the brisk serial adventure of Raiders, while adding a dynamite double act between Harrison Ford and Sean Connery.","release_dates":{"theater":"1989-05-24","dvd":"2003-10-21"},"ratings":{"critics_rating":"Certified Fresh","critics_score":88,"audience_rating":"Upright","audience_score":94},"synopsis":"","posters":{"thumbnail":"http://content7.flixster.com/movie/10/91/96/10919621_mob.jpg","profile":"http://content7.flixster.com/movie/10/91/96/10919621_pro.jpg","detailed":"http://content7.flixster.com/movie/10/91/96/10919621_det.jpg","original":"http://content7.flixster.com/movie/10/91/96/10919621_ori.jpg"},"abridged_cast":[{"name":"Harrison Ford","id":"162661579","characters":["Indiana Jones"]},{"name":"Sean Connery","id":"162656350","characters":["Dr. Henry Jones"]},{"name":"Denholm Elliott","id":"162666493","characters":["Marcus Brody"]},{"name":"Alison Doody","id":"363429761","characters":["Dr. Elsa Schneider"]},{"name":"John Rhys-Davies","id":"265861635","characters":["Sallah"]}],"alternate_ids":{"imdb":"0097576"},"links":{"self":"http://api.rottentomatoes.com/api/public/v1.0/movies/23531.json","alternate":"http://www.rottentomatoes.com/m/indiana_jones_and_the_last_crusade/","cast":"http://api.rottentomatoes.com/api/public/v1.0/movies/23531/cast.json","clips":"http://api.rottentomatoes.com/api/public/v1.0/movies/23531/clips.json","reviews":"http://api.rottentomatoes.com/api/public/v1.0/movies/23531/reviews.json","similar":"http://api.rottentomatoes.com/api/public/v1.0/movies/23531/similar.json"}},{"id":"770802544","title":"The Young Victoria","year":2009,"mpaa_rating":"PG","runtime":105,"critics_consensus":"Emily Blunt shines as Victoria in this romantic but plodding royal portrait.","release_dates":{"theater":"2009-12-18","dvd":"2010-04-20"},"ratings":{"critics_rating":"Certified Fresh","critics_score":76,"audience_rating":"Upright","audience_score":74},"synopsis":"","posters":{"thumbnail":"http://content6.flixster.com/movie/10/92/70/10927036_mob.jpg","profile":"http://content6.flixster.com/movie/10/92/70/10927036_pro.jpg","detailed":"http://content6.flixster.com/movie/10/92/70/10927036_det.jpg","original":"http://content6.flixster.com/movie/10/92/70/10927036_ori.jpg"},"abridged_cast":[{"name":"Emily Blunt","id":"162685827","characters":["Queen Victoria"]},{"name":"Rupert Friend","id":"326394482","characters":["Prince Albert"]},{"name":"Paul Bettany","id":"162660360","characters":["Lord Melbourne"]},{"name":"Miranda Richardson","id":"162657484","characters":["Duchess of Kent"]},{"name":"Jim Broadbent","id":"162653369","characters":["King William"]}],"alternate_ids":{"imdb":"0962736"},"links":{"self":"http://api.rottentomatoes.com/api/public/v1.0/movies/770802544.json","alternate":"http://www.rottentomatoes.com/m/young_victoria/","cast":"http://api.rottentomatoes.com/api/public/v1.0/movies/770802544/cast.json","clips":"http://api.rottentomatoes.com/api/public/v1.0/movies/770802544/clips.json","reviews":"http://api.rottentomatoes.com/api/public/v1.0/movies/770802544/reviews.json","similar":"http://api.rottentomatoes.com/api/public/v1.0/movies/770802544/similar.json"}},{"id":"12965","title":"One Flew Over the Cuckoo's Nest","year":1975,"mpaa_rating":"R","runtime":134,"critics_consensus":"The onscreen battle between Jack Nicholson and Louise Fletcher serves as a personal microcosm of the culture wars of the 1970s -- and testament to the director's vision that the film retains its power more than three decades later.","release_dates":{"theater":"1975-11-19","dvd":"1997-12-09"},"ratings":{"critics_rating":"Certified Fresh","critics_score":96,"audience_rating":"Upright","audience_score":96},"synopsis":"","posters":{"thumbnail":"http://content9.flixster.com/movie/11/16/81/11168107_mob.jpg","profile":"http://content9.flixster.com/movie/11/16/81/11168107_pro.jpg","detailed":"http://content9.flixster.com/movie/11/16/81/11168107_det.jpg","original":"http://content9.flixster.com/movie/11/16/81/11168107_ori.jpg"},"abridged_cast":[{"name":"Jack Nicholson","id":"162654979","characters":["Randle Patrick McMurphy"]},{"name":"Louise Fletcher","id":"162664608","characters":["Nurse Mildred Ratched"]},{"name":"Will Sampson","id":"410146642","characters":["Chief Bromden"]},{"name":"Scatman Crothers","id":"326396574","characters":["Turkle Crothers"]},{"name":"Alonzo Brown","id":"410146643"}],"alternate_ids":{"imdb":"0073486"},"links":{"self":"http://api.rottentomatoes.com/api/public/v1.0/movies/12965.json","alternate":"http://www.rottentomatoes.com/m/one_flew_over_the_cuckoos_nest/","cast":"http://api.rottentomatoes.com/api/public/v1.0/movies/12965/cast.json","clips":"http://api.rottentomatoes.com/api/public/v1.0/movies/12965/clips.json","reviews":"http://api.rottentomatoes.com/api/public/v1.0/movies/12965/reviews.json","similar":"http://api.rottentomatoes.com/api/public/v1.0/movies/12965/similar.json"}},{"id":"12686","title":"The Princess Bride","year":1987,"mpaa_rating":"PG","runtime":98,"critics_consensus":"A delightfully postmodern fairy tale, The Princess Bride is a deft, intelligent mix of swashbuckling, romance, and comedy that takes an age-old damsel-in-distress story and makes it fresh.","release_dates":{"theater":"1987-09-25","dvd":"1999-01-26"},"ratings":{"critics_rating":"Certified Fresh","critics_score":97,"audience_rating":"Upright","audience_score":95},"synopsis":"","posters":{"thumbnail":"http://content7.flixster.com/movie/10/92/26/10922677_mob.png","profile":"http://content7.flixster.com/movie/10/92/26/10922677_pro.png","detailed":"http://content7.flixster.com/movie/10/92/26/10922677_det.png","original":"http://content7.flixster.com/movie/10/92/26/10922677_ori.png"},"abridged_cast":[{"name":"Cary Elwes","id":"162657306","characters":["Westley"]},{"name":"Robin Wright","id":"162659319","characters":["Buttercup the Princess Bride"]},{"name":"Mandy Patinkin","id":"162673967","characters":["Inigo Montoya"]},{"name":"Chris Sarandon","id":"162676721","characters":["Prince Humperdinck"]},{"name":"Christopher Guest","id":"162661493","characters":["Count Rugen"]}],"alternate_ids":{"imdb":"0093779"},"links":{"self":"http://api.rottentomatoes.com/api/public/v1.0/movies/12686.json","alternate":"http://www.rottentomatoes.com/m/princess_bride/","cast":"http://api.rottentomatoes.com/api/public/v1.0/movies/12686/cast.json","clips":"http://api.rottentomatoes.com/api/public/v1.0/movies/12686/clips.json","reviews":"http://api.rottentomatoes.com/api/public/v1.0/movies/12686/reviews.json","similar":"http://api.rottentomatoes.com/api/public/v1.0/movies/12686/similar.json"}},{"id":"10014","title":"Harry Potter and the Prisoner of Azkaban","year":2004,"mpaa_rating":"PG","runtime":142,"critics_consensus":"Under the assured direction of Alfonso Cuaron, Harry Potter and the Prisoner of Azkaban triumphantly strikes a delicate balance between technical wizardry and complex storytelling.","release_dates":{"theater":"2004-06-04","dvd":"2004-11-22"},"ratings":{"critics_rating":"Certified Fresh","critics_score":91,"audience_rating":"Upright","audience_score":86},"synopsis":"","posters":{"thumbnail":"http://content6.flixster.com/movie/11/16/88/11168872_mob.jpg","profile":"http://content6.flixster.com/movie/11/16/88/11168872_pro.jpg","detailed":"http://content6.flixster.com/movie/11/16/88/11168872_det.jpg","original":"http://content6.flixster.com/movie/11/16/88/11168872_ori.jpg"},"abridged_cast":[{"name":"Daniel Radcliffe","id":"162655375","characters":["Harry Potter"]},{"name":"Rupert Grint","id":"162655376","characters":["Ron Weasley"]},{"name":"Emma Watson","id":"162655378","characters":["Hermione Granger"]},{"name":"Gary Oldman","id":"162652649","characters":["Sirius Black"]},{"name":"David Thewlis","id":"162656526","characters":["Remus Lupin"]}],"alternate_ids":{"imdb":"0304141"},"links":{"self":"http://api.rottentomatoes.com/api/public/v1.0/movies/10014.json","alternate":"http://www.rottentomatoes.com/m/harry_potter_and_the_prisoner_of_azkaban/","cast":"http://api.rottentomatoes.com/api/public/v1.0/movies/10014/cast.json","clips":"http://api.rottentomatoes.com/api/public/v1.0/movies/10014/clips.json","reviews":"http://api.rottentomatoes.com/api/public/v1.0/movies/10014/reviews.json","similar":"http://api.rottentomatoes.com/api/public/v1.0/movies/10014/similar.json"}},{"id":"770807373","title":"The Boondock Saints II: All Saints Day","year":2009,"mpaa_rating":"R","runtime":87,"critics_consensus":"This sequel to the cult favorite The Boondock Saints is more of the same -- unoriginal, absurd, violent, over-the-top, and occasionally mean-spirited.","release_dates":{"theater":"2009-10-30","dvd":"2010-03-09"},"ratings":{"critics_rating":"Rotten","critics_score":23,"audience_rating":"Spilled","audience_score":58},"synopsis":"","posters":{"thumbnail":"http://content8.flixster.com/movie/10/93/80/10938018_mob.jpg","profile":"http://content8.flixster.com/movie/10/93/80/10938018_pro.jpg","detailed":"http://content8.flixster.com/movie/10/93/80/10938018_det.jpg","original":"http://content8.flixster.com/movie/10/93/80/10938018_ori.jpg"},"abridged_cast":[{"name":"Sean Patrick Flanery","id":"162654178","characters":["Connor MacManus"]},{"name":"Norman Reedus","id":"162684038","characters":["Murphy MacManus"]},{"name":"Billy Connolly","id":"162662548","characters":["Poppa M/Il Duce"]},{"name":"Clifton Collins Jr.","id":"162654290","characters":["Romeo"]},{"name":"Julie Benz","id":"162705079","characters":["Special Agent Eunice Bloom"]}],"alternate_ids":{"imdb":"1300851"},"links":{"self":"http://api.rottentomatoes.com/api/public/v1.0/movies/770807373.json","alternate":"http://www.rottentomatoes.com/m/boondock_saints_ii_all_saints_day/","cast":"http://api.rottentomatoes.com/api/public/v1.0/movies/770807373/cast.json","clips":"http://api.rottentomatoes.com/api/public/v1.0/movies/770807373/clips.json","reviews":"http://api.rottentomatoes.com/api/public/v1.0/movies/770807373/reviews.json","similar":"http://api.rottentomatoes.com/api/public/v1.0/movies/770807373/similar.json"}},{"id":"771362999","title":"In The Heart Of The Sea","year":2015,"mpaa_rating":"Unrated","runtime":"","release_dates":{"theater":"2015-03-13"},"ratings":{"critics_score":-1,"audience_score":98},"synopsis":"Ron Howard reteams with FrostNixon screenwriter Peter Morgan to adapt Nathanial Philbrick's novel detailing the harrowing high-seas encounter that influenced Herman Melville's Moby Dick. Set in 1820, the plot centers on the struggle for survival waged by the crew of the Whaleship Essex after a sperm whale attack leaves them stranded at sea for 90 days. ~ Jason Buchanan, Rovi","posters":{"thumbnail":"http://images.rottentomatoescdn.com/images/redesign/poster_default.gif","profile":"http://images.rottentomatoescdn.com/images/redesign/poster_default.gif","detailed":"http://images.rottentomatoescdn.com/images/redesign/poster_default.gif","original":"http://images.rottentomatoescdn.com/images/redesign/poster_default.gif"},"abridged_cast":[{"name":"Chris Hemsworth","id":"770829335"},{"name":"Cillian Murphy","id":"162653323"},{"name":"Ben Whishaw","id":"364605105"},{"name":"Brendan Gleeson","id":"162652243"},{"name":"Jordi Molla","id":"364617086"}],"alternate_ids":{"imdb":"1390411"},"links":{"self":"http://api.rottentomatoes.com/api/public/v1.0/movies/771362999.json","alternate":"http://www.rottentomatoes.com/m/in_the_heart_of_the_sea/","cast":"http://api.rottentomatoes.com/api/public/v1.0/movies/771362999/cast.json","clips":"http://api.rottentomatoes.com/api/public/v1.0/movies/771362999/clips.json","reviews":"http://api.rottentomatoes.com/api/public/v1.0/movies/771362999/reviews.json","similar":"http://api.rottentomatoes.com/api/public/v1.0/movies/771362999/similar.json"}},{"id":"771306952","title":"L'ecume des jours (Spray of the Days)","year":2014,"mpaa_rating":"Unrated","runtime":125,"release_dates":{"theater":"2014-07-18"},"ratings":{"critics_score":-1,"audience_score":74},"synopsis":"The surreal and poetic tale of Colin, an idealistic and inventive young man, and Chloe, a young woman who seems like the physical embodiment of the eponymous Duke Ellington tune. Their idyllic marriage is turned on its head when Chloe falls sick with a water lily growing in her lung. To pay for her medical bills in this fantasy version of Paris, Colin must go out to work in a series of increasingly absurd jobs, while around them, their apartment disintegrates and their friends, including the talented Nicolas, and Chick - a huge fan of the philosopher Jean-Sol Partre - go to pieces.","posters":{"thumbnail":"http://images.rottentomatoescdn.com/images/redesign/poster_default.gif","profile":"http://images.rottentomatoescdn.com/images/redesign/poster_default.gif","detailed":"http://images.rottentomatoescdn.com/images/redesign/poster_default.gif","original":"http://images.rottentomatoescdn.com/images/redesign/poster_default.gif"},"abridged_cast":[{"name":"Romain Duris","id":"162684908"},{"name":"Audrey Tautou","id":"162668443"},{"name":"Gad Elmaleh","id":"346416767"},{"name":"Omar Sy","id":"595303554"},{"name":"Aissa Maiga","id":"619789916"}],"alternate_ids":{"imdb":"0155415"},"links":{"self":"http://api.rottentomatoes.com/api/public/v1.0/movies/771306952.json","alternate":"http://www.rottentomatoes.com/m/lecume_des_jours_2012/","cast":"http://api.rottentomatoes.com/api/public/v1.0/movies/771306952/cast.json","clips":"http://api.rottentomatoes.com/api/public/v1.0/movies/771306952/clips.json","reviews":"http://api.rottentomatoes.com/api/public/v1.0/movies/771306952/reviews.json","similar":"http://api.rottentomatoes.com/api/public/v1.0/movies/771306952/similar.json"}},{"id":"98813492","title":"The Bodyguard","year":1992,"mpaa_rating":"R","runtime":129,"critics_consensus":"The Bodyguard is a cheesy, melodramatic potboiler with occasional moments of electricity from Whitney Houston.","release_dates":{"theater":"1992-11-25","dvd":"2006-04-18"},"ratings":{"critics_rating":"Rotten","critics_score":32,"audience_rating":"Upright","audience_score":64},"synopsis":"","posters":{"thumbnail":"http://content9.flixster.com/movie/11/16/79/11167935_mob.jpg","profile":"http://content9.flixster.com/movie/11/16/79/11167935_pro.jpg","detailed":"http://content9.flixster.com/movie/11/16/79/11167935_det.jpg","original":"http://content9.flixster.com/movie/11/16/79/11167935_ori.jpg"},"abridged_cast":[{"name":"Kevin Costner","id":"162662350","characters":["Frank Farmer"]},{"name":"Whitney Houston","id":"162668694","characters":["Rachel Marron"]},{"name":"Gary Kemp","id":"364598855","characters":["Sy Spector"]},{"name":"Bill Cobbs","id":"300301781","characters":["Bill Devaney"]},{"name":"Ralph Waite","id":"162656581","characters":["Herb Farmer"]}],"alternate_ids":{"imdb":"0103855"},"links":{"self":"http://api.rottentomatoes.com/api/public/v1.0/movies/98813492.json","alternate":"http://www.rottentomatoes.com/m/1042108-bodyguard/","cast":"http://api.rottentomatoes.com/api/public/v1.0/movies/98813492/cast.json","clips":"http://api.rottentomatoes.com/api/public/v1.0/movies/98813492/clips.json","reviews":"http://api.rottentomatoes.com/api/public/v1.0/movies/98813492/reviews.json","similar":"http://api.rottentomatoes.com/api/public/v1.0/movies/98813492/similar.json"}},{"id":"771322139","title":"De l'autre cote du periph (On the Other Side of the Freeway)","year":2012,"mpaa_rating":"Unrated","runtime":96,"release_dates":{"theater":"2014-04-11"},"ratings":{"critics_score":-1,"audience_score":93},"synopsis":"In 1997, a group of French filmmakers protested against the country's controversial new immigration law. In response, the government minister for urban development challenged the filmmakers to spend a month in one of the housing projects that many immigrants live in. Bertrand and Nils Tavernier did exactly that, living in a Parisian suburb, getting to know the inhabitants, filming their lives and interviewing them about issues of housing, education and policing.","posters":{"thumbnail":"http://images.rottentomatoescdn.com/images/redesign/poster_default.gif","profile":"http://images.rottentomatoescdn.com/images/redesign/poster_default.gif","detailed":"http://images.rottentomatoescdn.com/images/redesign/poster_default.gif","original":"http://images.rottentomatoescdn.com/images/redesign/poster_default.gif"},"abridged_cast":[{"name":"Omar Sy","id":"595303554"},{"name":"Laurent Lafitte","id":"770917710"},{"name":"Sabrina Ouazani","id":"162653636"},{"name":"Lionel Abelanski","id":"202595653"},{"name":"Youssef Hajdi","id":"770837444"}],"alternate_ids":{"imdb":"1937133"},"links":{"self":"http://api.rottentomatoes.com/api/public/v1.0/movies/771322139.json","alternate":"http://www.rottentomatoes.com/m/de_lautre_cote_du_periph_2012/","cast":"http://api.rottentomatoes.com/api/public/v1.0/movies/771322139/cast.json","clips":"http://api.rottentomatoes.com/api/public/v1.0/movies/771322139/clips.json","reviews":"http://api.rottentomatoes.com/api/public/v1.0/movies/771322139/reviews.json","similar":"http://api.rottentomatoes.com/api/public/v1.0/movies/771322139/similar.json"}},{"id":"771371589","title":"Rob the Mob","year":2014,"mpaa_rating":"R","runtime":104,"release_dates":{"theater":"2014-03-21"},"ratings":{"critics_score":-1,"audience_score":90},"synopsis":"New York City, 1991. Small-time crooks TOMMY (Pitt) and ROSIE (Arianda) have two things in common: a crazy-passionate love for one another and-after they're caught robbing a florist on Valentine's Day-prison records. Trying to go straight, Rosie lands a job at a debt-collection agency and persuades Tommy to join her. But soon Tommy is skipping his shifts to do something much more interesting-attend the landmark trial of Mafia hit man Sammy \"The Bull\" Gravano, whose graphic testimony could finally bring down flamboyant Gambino-family boss John Gotti. (c) Millennium Entertainment","posters":{"thumbnail":"http://content8.flixster.com/movie/11/17/60/11176050_mob.jpg","profile":"http://content8.flixster.com/movie/11/17/60/11176050_pro.jpg","detailed":"http://content8.flixster.com/movie/11/17/60/11176050_det.jpg","original":"http://content8.flixster.com/movie/11/17/60/11176050_ori.jpg"},"abridged_cast":[{"name":"Michael Pitt","id":"326300386"},{"name":"Nina Arianda","id":"771079864"},{"name":"Andy Garcia","id":"162672896"},{"name":"Michael Rispoli","id":"770696986"},{"name":"Samira Wiley","id":"771398467"}],"alternate_ids":{"imdb":"2481480"},"links":{"self":"http://api.rottentomatoes.com/api/public/v1.0/movies/771371589.json","alternate":"http://www.rottentomatoes.com/m/rob_the_mob/","cast":"http://api.rottentomatoes.com/api/public/v1.0/movies/771371589/cast.json","clips":"http://api.rottentomatoes.com/api/public/v1.0/movies/771371589/clips.json","reviews":"http://api.rottentomatoes.com/api/public/v1.0/movies/771371589/reviews.json","similar":"http://api.rottentomatoes.com/api/public/v1.0/movies/771371589/similar.json"}},{"id":"770909937","title":"Alexander and the Terrible, Horrible, No Good, Very Bad Day","year":2014,"mpaa_rating":"Unrated","runtime":29,"release_dates":{"theater":"2014-10-10"},"ratings":{"critics_score":-1,"audience_score":95},"synopsis":"Judith Viorst's acclaimed children's book is brought to the big screen by 20th Century Fox and The Kids Are All Right's Lisa Cholodenko. The tale recounts a day in the life of a grumpy young boy who has everything go wrong, all in one day! Rob Lieber provides the screenplay. ~ Jeremy Wheeler, Rovi","posters":{"thumbnail":"http://images.rottentomatoescdn.com/images/redesign/poster_default.gif","profile":"http://images.rottentomatoescdn.com/images/redesign/poster_default.gif","detailed":"http://images.rottentomatoescdn.com/images/redesign/poster_default.gif","original":"http://images.rottentomatoescdn.com/images/redesign/poster_default.gif"},"abridged_cast":[{"name":"Steve Carell","id":"162652665"},{"name":"Jennifer Garner","id":"162660749"},{"name":"Dylan Minnette","id":"770808601"},{"name":"Ed Oxenbould","id":"771476553"},{"name":"Kerris Dorsey","id":"770791268"}],"links":{"self":"http://api.rottentomatoes.com/api/public/v1.0/movies/770909937.json","alternate":"http://www.rottentomatoes.com/m/alexander_and_the_terrible_horrible_no_good_very_bad_day/","cast":"http://api.rottentomatoes.com/api/public/v1.0/movies/770909937/cast.json","clips":"http://api.rottentomatoes.com/api/public/v1.0/movies/770909937/clips.json","reviews":"http://api.rottentomatoes.com/api/public/v1.0/movies/770909937/reviews.json","similar":"http://api.rottentomatoes.com/api/public/v1.0/movies/770909937/similar.json"}},{"id":"771367711","title":"Alvin and the Chipmunks 4","year":2015,"mpaa_rating":"Unrated","runtime":"","release_dates":{"theater":"2015-12-11"},"ratings":{"critics_score":-1,"audience_score":62},"synopsis":"","posters":{"thumbnail":"http://images.rottentomatoescdn.com/images/redesign/poster_default.gif","profile":"http://images.rottentomatoescdn.com/images/redesign/poster_default.gif","detailed":"http://images.rottentomatoescdn.com/images/redesign/poster_default.gif","original":"http://images.rottentomatoescdn.com/images/redesign/poster_default.gif"},"abridged_cast":[{"name":"Justin Long","id":"162652679"},{"name":"Matthew Gray Gubler","id":"770692119"},{"name":"Amy Poehler","id":"162672465"},{"name":"Jason Lee","id":"162659070"},{"name":"Ross Bagdasarian Jr","id":"364602290"}],"links":{"self":"http://api.rottentomatoes.com/api/public/v1.0/movies/771367711.json","alternate":"http://www.rottentomatoes.com/m/alvin_and_the_chipmunks_4_2015/","cast":"http://api.rottentomatoes.com/api/public/v1.0/movies/771367711/cast.json","clips":"http://api.rottentomatoes.com/api/public/v1.0/movies/771367711/clips.json","reviews":"http://api.rottentomatoes.com/api/public/v1.0/movies/771367711/reviews.json","similar":"http://api.rottentomatoes.com/api/public/v1.0/movies/771367711/similar.json"}},{"id":"771359639","title":"Kill the Messenger","year":2015,"mpaa_rating":"Unrated","runtime":"","release_dates":{"theater":"2014-10-24"},"ratings":{"critics_score":-1,"audience_score":100},"synopsis":"Adapted from author Nick Schou's book Kill the Messenger: How the CIA's Crack-Cocaine Controversy Destroyed Journalist Gary Webb, director Michael Cuestra's fact-based drama stars two-time Oscar nominee Jeremy Renner as the reporter whose life came to an abrupt and particularly suspicious end after revealing the CIA's involvement with the importing of cocaine into the United States in the 1980s. Paz Vega co-stars. ~ Jason Buchanan, Rovi","posters":{"thumbnail":"http://images.rottentomatoescdn.com/images/redesign/poster_default.gif","profile":"http://images.rottentomatoescdn.com/images/redesign/poster_default.gif","detailed":"http://images.rottentomatoescdn.com/images/redesign/poster_default.gif","original":"http://images.rottentomatoescdn.com/images/redesign/poster_default.gif"},"abridged_cast":[{"name":"Jeremy Renner","id":"309973652","characters":["Gary Webb"]},{"name":"Paz Vega","id":"162660742"},{"name":"Mary Elizabeth Winstead","id":"341817661"},{"name":"Joshua Close","id":"186049104"},{"name":"Rosemarie DeWitt","id":"356196984"}],"alternate_ids":{"imdb":"1216491"},"links":{"self":"http://api.rottentomatoes.com/api/public/v1.0/movies/771359639.json","alternate":"http://www.rottentomatoes.com/m/kill_the_messenger_2015/","cast":"http://api.rottentomatoes.com/api/public/v1.0/movies/771359639/cast.json","clips":"http://api.rottentomatoes.com/api/public/v1.0/movies/771359639/clips.json","reviews":"http://api.rottentomatoes.com/api/public/v1.0/movies/771359639/reviews.json","similar":"http://api.rottentomatoes.com/api/public/v1.0/movies/771359639/similar.json"}},{"id":"13101","title":"Enemy of the State","year":1998,"mpaa_rating":"R","runtime":150,"critics_consensus":"An entertaining, topical thriller that finds director Tony Scott on solid form and Will Smith confirming his action headliner status.","release_dates":{"theater":"1998-11-20","dvd":"1999-06-15"},"ratings":{"critics_rating":"Fresh","critics_score":71,"audience_rating":"Upright","audience_score":78},"synopsis":"","posters":{"thumbnail":"http://content9.flixster.com/movie/10/87/15/10871599_mob.jpg","profile":"http://content9.flixster.com/movie/10/87/15/10871599_pro.jpg","detailed":"http://content9.flixster.com/movie/10/87/15/10871599_det.jpg","original":"http://content9.flixster.com/movie/10/87/15/10871599_ori.jpg"},"abridged_cast":[{"name":"Will Smith","id":"162659361","characters":["Robert Clayton Dean"]},{"name":"Gene Hackman","id":"162661704","characters":["Brill"]},{"name":"Jon Voight","id":"162664393","characters":["Reynolds"]},{"name":"Lisa Bonet","id":"672028582","characters":["Rachel Banks"]},{"name":"Regina King","id":"162661859","characters":["Carla Dean"]}],"alternate_ids":{"imdb":"0120660"},"links":{"self":"http://api.rottentomatoes.com/api/public/v1.0/movies/13101.json","alternate":"http://www.rottentomatoes.com/m/enemy_of_the_state/","cast":"http://api.rottentomatoes.com/api/public/v1.0/movies/13101/cast.json","clips":"http://api.rottentomatoes.com/api/public/v1.0/movies/13101/clips.json","reviews":"http://api.rottentomatoes.com/api/public/v1.0/movies/13101/reviews.json","similar":"http://api.rottentomatoes.com/api/public/v1.0/movies/13101/similar.json"}},{"id":"771373077","title":"Rise Of The Planet Of The Apes 3","year":2016,"mpaa_rating":"Unrated","runtime":"","release_dates":{"theater":"2016-07-29"},"ratings":{"critics_score":-1,"audience_score":96},"synopsis":"","posters":{"thumbnail":"http://images.rottentomatoescdn.com/images/redesign/poster_default.gif","profile":"http://images.rottentomatoescdn.com/images/redesign/poster_default.gif","detailed":"http://images.rottentomatoescdn.com/images/redesign/poster_default.gif","original":"http://images.rottentomatoescdn.com/images/redesign/poster_default.gif"},"abridged_cast":[],"links":{"self":"http://api.rottentomatoes.com/api/public/v1.0/movies/771373077.json","alternate":"http://www.rottentomatoes.com/m/rise_of_the_planet_of_the_apes_3/","cast":"http://api.rottentomatoes.com/api/public/v1.0/movies/771373077/cast.json","clips":"http://api.rottentomatoes.com/api/public/v1.0/movies/771373077/clips.json","reviews":"http://api.rottentomatoes.com/api/public/v1.0/movies/771373077/reviews.json","similar":"http://api.rottentomatoes.com/api/public/v1.0/movies/771373077/similar.json"}},{"id":"771269752","title":"In the Blood","year":2013,"mpaa_rating":"R","runtime":108,"release_dates":{"theater":"2014-04-04"},"ratings":{"critics_score":-1,"audience_score":90},"synopsis":"Gina Carano stars as Ava, a trained fighter with a dark past. When her new husband (Cam Gigandet) vanishes during their Caribbean honeymoon, Ava uncovers a violent underworld of conspiracy in the middle of an island paradise. Armed with a deadly set of skills, Ava sets out to discover the truth - and to take down the men she thinks are responsible for his abduction, one by one. (c) Anchor Bay","posters":{"thumbnail":"http://content6.flixster.com/movie/11/17/65/11176576_mob.jpg","profile":"http://content6.flixster.com/movie/11/17/65/11176576_pro.jpg","detailed":"http://content6.flixster.com/movie/11/17/65/11176576_det.jpg","original":"http://content6.flixster.com/movie/11/17/65/11176576_ori.jpg"},"abridged_cast":[{"name":"Gina Carano","id":"770778222","characters":["Ava"]},{"name":"Danny Trejo","id":"358124392","characters":["Big Biz"]},{"name":"Stephen Lang","id":"162662195"},{"name":"Treat Williams","id":"162661877"},{"name":"Luis Guzman","id":"162654309"}],"alternate_ids":{"imdb":"2101570"},"links":{"self":"http://api.rottentomatoes.com/api/public/v1.0/movies/771269752.json","alternate":"http://www.rottentomatoes.com/m/in_the_blood_2013/","cast":"http://api.rottentomatoes.com/api/public/v1.0/movies/771269752/cast.json","clips":"http://api.rottentomatoes.com/api/public/v1.0/movies/771269752/clips.json","reviews":"http://api.rottentomatoes.com/api/public/v1.0/movies/771269752/reviews.json","similar":"http://api.rottentomatoes.com/api/public/v1.0/movies/771269752/similar.json"}},{"id":"771363530","title":"We Are the Best!","year":2014,"mpaa_rating":"Unrated","runtime":102,"release_dates":{"theater":"2014-05-30"},"ratings":{"critics_rating":"Fresh","critics_score":100,"audience_score":92},"synopsis":"An adaptation of the graphic novel written by Lukas Moodysson's wife Coco We Are the Best! revolves around three girls in 1980s Stockholm who decide to form a punk band -- despite not having any instruments and being told by everyone that punk is dead.","posters":{"thumbnail":"http://content7.flixster.com/movie/11/17/63/11176357_mob.jpg","profile":"http://content7.flixster.com/movie/11/17/63/11176357_pro.jpg","detailed":"http://content7.flixster.com/movie/11/17/63/11176357_det.jpg","original":"http://content7.flixster.com/movie/11/17/63/11176357_ori.jpg"},"abridged_cast":[{"name":"Mira Bark Hammar","id":"771464044"},{"name":"Mira Grosin","id":"771464045"},{"name":"Liv LeMoyne","id":"771464046"},{"name":"Alexander Karlsson","id":"771464047"},{"name":"Mira Barkhammar","id":"771470064"}],"alternate_ids":{"imdb":"2364975"},"links":{"self":"http://api.rottentomatoes.com/api/public/v1.0/movies/771363530.json","alternate":"http://www.rottentomatoes.com/m/we_are_the_best/","cast":"http://api.rottentomatoes.com/api/public/v1.0/movies/771363530/cast.json","clips":"http://api.rottentomatoes.com/api/public/v1.0/movies/771363530/clips.json","reviews":"http://api.rottentomatoes.com/api/public/v1.0/movies/771363530/reviews.json","similar":"http://api.rottentomatoes.com/api/public/v1.0/movies/771363530/similar.json"}},{"id":"771355516","title":"Beware the Night","year":2015,"mpaa_rating":"Unrated","runtime":"","release_dates":{"theater":"2014-07-02"},"ratings":{"critics_score":-1,"audience_score":90},"synopsis":"A cop and a priest team up on a case of demonic possession in this Screen Gems horror film. Scott Derrickson directs from a script he wrote with Paul Boardman. Eric Bana, Edgar Ramirez, and Olivia Munn star. ~ Jeremy Wheeler, Rovi","posters":{"thumbnail":"http://images.rottentomatoescdn.com/images/redesign/poster_default.gif","profile":"http://images.rottentomatoescdn.com/images/redesign/poster_default.gif","detailed":"http://images.rottentomatoescdn.com/images/redesign/poster_default.gif","original":"http://images.rottentomatoescdn.com/images/redesign/poster_default.gif"},"abridged_cast":[{"name":"Eric Bana","id":"162662190"},{"name":"Edgar Ramirez","id":"770669707"},{"name":"Olivia Munn","id":"770797421"},{"name":"Sean Harris","id":"162653243"},{"name":"Joel McHale","id":"770792384"}],"links":{"self":"http://api.rottentomatoes.com/api/public/v1.0/movies/771355516.json","alternate":"http://www.rottentomatoes.com/m/beware_the_night/","cast":"http://api.rottentomatoes.com/api/public/v1.0/movies/771355516/cast.json","clips":"http://api.rottentomatoes.com/api/public/v1.0/movies/771355516/clips.json","reviews":"http://api.rottentomatoes.com/api/public/v1.0/movies/771355516/reviews.json","similar":"http://api.rottentomatoes.com/api/public/v1.0/movies/771355516/similar.json"}},{"id":"770863878","title":"The Pirates! Band of Misfits","year":2012,"mpaa_rating":"PG","runtime":87,"critics_consensus":"It may not quite scale Aardman's customary delirious heights, but The Pirates! still represents some of the smartest, most skillfully animated fare that modern cinema has to offer.","release_dates":{"theater":"2012-04-27","dvd":"2012-08-28"},"ratings":{"critics_rating":"Certified Fresh","critics_score":86,"audience_rating":"Upright","audience_score":60},"synopsis":"In The Pirates! Band of Misfits, Hugh Grant stars in his first animated role as the luxuriantly bearded Pirate Captain - a boundlessly enthusiastic, if somewhat less-than-successful, terror of the High Seas. With a rag-tag crew at his side (Martin Freeman, Brendan Gleeson, Russell Tovey, and Ashley Jensen), and seemingly blind to the impossible odds stacked against him, the Captain has one dream: to beat his bitter rivals Black Bellamy (Jeremy Piven) and Cutlass Liz (Salma Hayek) to the much coveted Pirate Of The Year Award. It's a quest that takes our heroes from the shores of exotic Blood Island to the foggy streets of Victorian London. Along the way they battle a diabolical queen (Imelda Staunton) and team up with a haplessly smitten young scientist (David Tennant), but never lose sight of what a pirate loves best: adventure! -- (C) Sony","posters":{"thumbnail":"http://content9.flixster.com/movie/11/16/64/11166427_mob.jpg","profile":"http://content9.flixster.com/movie/11/16/64/11166427_pro.jpg","detailed":"http://content9.flixster.com/movie/11/16/64/11166427_det.jpg","original":"http://content9.flixster.com/movie/11/16/64/11166427_ori.jpg"},"abridged_cast":[{"name":"Hugh Grant","id":"162660188","characters":["Pirate Captain","The Pirate Captain"]},{"name":"Brendan Gleeson","id":"162652243","characters":["The Pirate with Gout"]},{"name":"Martin Freeman","id":"162652296","characters":["The Pirate with a Scarf"]},{"name":"David Tennant","id":"364606822","characters":["Charles Darwin"]},{"name":"Imelda Staunton","id":"162693364","characters":["Queen Victoria"]}],"alternate_ids":{"imdb":"0986253"},"links":{"self":"http://api.rottentomatoes.com/api/public/v1.0/movies/770863878.json","alternate":"http://www.rottentomatoes.com/m/the_pirates_band_of_misfits/","cast":"http://api.rottentomatoes.com/api/public/v1.0/movies/770863878/cast.json","clips":"http://api.rottentomatoes.com/api/public/v1.0/movies/770863878/clips.json","reviews":"http://api.rottentomatoes.com/api/public/v1.0/movies/770863878/reviews.json","similar":"http://api.rottentomatoes.com/api/public/v1.0/movies/770863878/similar.json"}},{"id":"771355303","title":"War of the Worlds: Goliath","year":2014,"mpaa_rating":"PG-13","runtime":85,"release_dates":{"theater":"2014-03-07"},"ratings":{"critics_rating":"Rotten","critics_score":0,"audience_rating":"Spilled","audience_score":50},"synopsis":"In a parallel universe, World War One is imminent as we follow the gripping story of human resistance fighters who march to battle against the second invasion of the Martians. In 1899, the Earth was attacked by ruthless invaders from the planet Mars. The Martians' 80 ft tall, heat-ray spewing, Tripod battle machines laid waste to the planet, but the invaders ultimately fell prey to Earth's tiny bacteria. Fifteen years later, Man has rebuilt his shattered world, in large part by utilizing captured Martian technology. Equipped with giant, steam-powered Tripod battle machines, the international rapid reaction force, is Mankind's first line of defense against the return of the rapacious Martian invaders. And return the Martians do. The rematch finds the multinational battle squad tripod \"Goliath\" on the front-lines of a vicious interplanetary offensive. This time the Martians are using even more advanced alien technology. In the crucible of combat, the young crew helming the mighty Goliath will be tested to the limits of their endurance and courage as they fight for Mankind's very survival under the onslaught of an implacable enemy. (c) Anderson","posters":{"thumbnail":"http://content8.flixster.com/movie/11/17/62/11176238_mob.jpg","profile":"http://content8.flixster.com/movie/11/17/62/11176238_pro.jpg","detailed":"http://content8.flixster.com/movie/11/17/62/11176238_det.jpg","original":"http://content8.flixster.com/movie/11/17/62/11176238_ori.jpg"},"abridged_cast":[{"name":"Peter Wingfield","id":"555790509"},{"name":"Elizabeth Gracen","id":"404305868"},{"name":"Jim Byrnes","id":"259260121"},{"name":"Beau Billingslea","id":"162689134"},{"name":"Tony Eusoff","id":"771444695"}],"alternate_ids":{"imdb":"2320924"},"links":{"self":"http://api.rottentomatoes.com/api/public/v1.0/movies/771355303.json","alternate":"http://www.rottentomatoes.com/m/war_of_the_worlds_goliath/","cast":"http://api.rottentomatoes.com/api/public/v1.0/movies/771355303/cast.json","clips":"http://api.rottentomatoes.com/api/public/v1.0/movies/771355303/clips.json","reviews":"http://api.rottentomatoes.com/api/public/v1.0/movies/771355303/reviews.json","similar":"http://api.rottentomatoes.com/api/public/v1.0/movies/771355303/similar.json"}},{"id":"771368853","title":"National Theatre Live: National Theatre's War Horse","year":2014,"mpaa_rating":"PG-13","runtime":180,"release_dates":{"theater":"2014-02-27"},"ratings":{"critics_score":-1,"audience_rating":"Upright","audience_score":75},"synopsis":"Based on Michael Morpurgo's novel and adapted for the stage by Nick Stafford, War Horse takes audiences on an extraordinary journey from the fields of rural Devon to the trenches of First World War France. Filled with stirring music and songs, this powerfully moving and imaginative drama is a show of phenomenal inventiveness. At its heart are astonishing lifesized puppets by South Africa's Handspring Puppet Company, who bring breathing, galloping, charging horses to thrilling life on stage.","posters":{"thumbnail":"http://images.rottentomatoescdn.com/images/redesign/poster_default.gif","profile":"http://images.rottentomatoescdn.com/images/redesign/poster_default.gif","detailed":"http://images.rottentomatoescdn.com/images/redesign/poster_default.gif","original":"http://images.rottentomatoescdn.com/images/redesign/poster_default.gif"},"abridged_cast":[],"links":{"self":"http://api.rottentomatoes.com/api/public/v1.0/movies/771368853.json","alternate":"http://www.rottentomatoes.com/m/national_theatre_live_national_theatres_war_horse/","cast":"http://api.rottentomatoes.com/api/public/v1.0/movies/771368853/cast.json","clips":"http://api.rottentomatoes.com/api/public/v1.0/movies/771368853/clips.json","reviews":"http://api.rottentomatoes.com/api/public/v1.0/movies/771368853/reviews.json","similar":"http://api.rottentomatoes.com/api/public/v1.0/movies/771368853/similar.json"}},{"id":"9818","title":"Gone With the Wind","year":1939,"mpaa_rating":"G","runtime":222,"critics_consensus":"Filmed and presented on a scale not seen in modern productions, Gone with the Wind is, if not the definitive Hollywood film, then certainly near the top of the list.","release_dates":{"theater":"1939-12-15","dvd":"2000-03-07"},"ratings":{"critics_rating":"Certified Fresh","critics_score":95,"audience_rating":"Upright","audience_score":93},"synopsis":"","posters":{"thumbnail":"http://content6.flixster.com/movie/11/16/80/11168092_mob.jpg","profile":"http://content6.flixster.com/movie/11/16/80/11168092_pro.jpg","detailed":"http://content6.flixster.com/movie/11/16/80/11168092_det.jpg","original":"http://content6.flixster.com/movie/11/16/80/11168092_ori.jpg"},"abridged_cast":[{"name":"Clark Gable","id":"162657893","characters":["Rhett Butler"]},{"name":"Vivien Leigh","id":"162657894","characters":["Scarlett O'Hara"]},{"name":"Leslie Howard","id":"162658545","characters":["Ashley Wilkes"]},{"name":"Olivia de Havilland","id":"162660824","characters":["Melanie Hamilton"]},{"name":"Hattie McDaniel","id":"351527605","characters":["Mammy"]}],"alternate_ids":{"imdb":"0031381"},"links":{"self":"http://api.rottentomatoes.com/api/public/v1.0/movies/9818.json","alternate":"http://www.rottentomatoes.com/m/gone_with_the_wind/","cast":"http://api.rottentomatoes.com/api/public/v1.0/movies/9818/cast.json","clips":"http://api.rottentomatoes.com/api/public/v1.0/movies/9818/clips.json","reviews":"http://api.rottentomatoes.com/api/public/v1.0/movies/9818/reviews.json","similar":"http://api.rottentomatoes.com/api/public/v1.0/movies/9818/similar.json"}},{"id":"770671941","title":"The Fighter","year":2010,"mpaa_rating":"R","runtime":115,"critics_consensus":"Led by a trio of captivating performances from Mark Wahlberg, Christian Bale, and Amy Adams, The Fighter is a solidly entertaining, albeit predictable, entry in the boxing drama genre.","release_dates":{"theater":"2010-12-10","dvd":"2011-03-15"},"ratings":{"critics_rating":"Certified Fresh","critics_score":91,"audience_rating":"Upright","audience_score":89},"synopsis":"Mark Wahlberg stars in Paramount Pictures' inspirational docudrama exploring the remarkable rise of Massachusetts-born, junior welterweight title winner \"Irish\" Micky Ward. A determined pugilist whose career in the ring was shepherded by his loyal half-brother, Dicky (Christian Bale) -- a hard-living boxer-turned-trainer whose own career in the ring was nearly sent down for the count due to drugs and crime -- perennial underdog Irish Micky rebounded from a disheartening series of defeats to win both the WBU Intercontinental Lightweight title and the WBU Light Welterweight title thanks to a fierce combination of determination and hard work. David O. Russell directs from a script by 8 Mile's Scott Silver and Paul Attanasio (The Bourne Ultimatum). ~ Jason Buchanan, Rovi","posters":{"thumbnail":"http://content9.flixster.com/movie/11/16/89/11168939_mob.jpg","profile":"http://content9.flixster.com/movie/11/16/89/11168939_pro.jpg","detailed":"http://content9.flixster.com/movie/11/16/89/11168939_det.jpg","original":"http://content9.flixster.com/movie/11/16/89/11168939_ori.jpg"},"abridged_cast":[{"name":"Mark Wahlberg","id":"162653181","characters":["\"Irish\" Mickey Ward","Micky Ward"]},{"name":"Christian Bale","id":"162652645","characters":["Dicky Eklund","Eklund"]},{"name":"Amy Adams","id":"162653029","characters":["Charlene Fleming"]},{"name":"Melissa Leo","id":"371352682","characters":["Alice Ward"]},{"name":"Jack McGee","id":"770673492","characters":["George Ward"]}],"alternate_ids":{"imdb":"0964517"},"links":{"self":"http://api.rottentomatoes.com/api/public/v1.0/movies/770671941.json","alternate":"http://www.rottentomatoes.com/m/the-fighter/","cast":"http://api.rottentomatoes.com/api/public/v1.0/movies/770671941/cast.json","clips":"http://api.rottentomatoes.com/api/public/v1.0/movies/770671941/clips.json","reviews":"http://api.rottentomatoes.com/api/public/v1.0/movies/770671941/reviews.json","similar":"http://api.rottentomatoes.com/api/public/v1.0/movies/770671941/similar.json"}},{"id":"771252064","title":"Dr. Seuss' How the Grinch Stole Christmas","year":2017,"mpaa_rating":"Unrated","runtime":60,"release_dates":{"theater":"2017-11-17"},"ratings":{"critics_score":-1,"audience_score":84},"synopsis":"Dr. Seuss' beloved Christmas fable arrives on the big screen in this Illumination Entertainment production written by Michael Lesieur and directed by Peter Candeland. ~ Jason Buchanan, Rovi","posters":{"thumbnail":"http://content7.flixster.com/movie/11/15/98/11159837_mob.jpg","profile":"http://content7.flixster.com/movie/11/15/98/11159837_pro.jpg","detailed":"http://content7.flixster.com/movie/11/15/98/11159837_det.jpg","original":"http://content7.flixster.com/movie/11/15/98/11159837_ori.jpg"},"abridged_cast":[],"links":{"self":"http://api.rottentomatoes.com/api/public/v1.0/movies/771252064.json","alternate":"http://www.rottentomatoes.com/m/dr_seuss_how_the_grinch_stole_christmas_2008/","cast":"http://api.rottentomatoes.com/api/public/v1.0/movies/771252064/cast.json","clips":"http://api.rottentomatoes.com/api/public/v1.0/movies/771252064/clips.json","reviews":"http://api.rottentomatoes.com/api/public/v1.0/movies/771252064/reviews.json","similar":"http://api.rottentomatoes.com/api/public/v1.0/movies/771252064/similar.json"}}],"links":{"self":"http://api.rottentomatoes.com/api/public/v1.0/movies.json?q=the&page_limit=50&page=9","next":"http://api.rottentomatoes.com/api/public/v1.0/movies.json?q=the&page_limit=50&page=10","prev":"http://api.rottentomatoes.com/api/public/v1.0/movies.json?q=the&page_limit=50&page=8"},"link_template":"http://api.rottentomatoes.com/api/public/v1.0/movies.json?q={search-term}&page_limit={results-per-page}&page={page-number}"}