
{"total":52485,"movies":[{"id":"16969","title":"The Evil Dead","year":1981,"mpaa_rating":"R","runtime":85,"critics_consensus":"This classic low budget horror film combines just the right amount of gore and black humor, giving The Evil Dead an equal amount of thrills and laughs.","release_dates":{"theater":"1981-10-15","dvd":"1999-01-19"},"ratings":{"critics_rating":"Fresh","critics_score":98,"audience_rating":"Upright","audience_score":84},"synopsis":"","posters":{"thumbnail":"http://content8.flixster.com/movie/11/16/75/11167510_mob.jpg","profile":"http://content8.flixster.com/movie/11/16/75/11167510_pro.jpg","detailed":"http://content8.flixster.com/movie/11/16/75/11167510_det.jpg","original":"http://content8.flixster.com/movie/11/16/75/11167510_ori.jpg"},"abridged_cast":[{"name":"Bruce Campbell","id":"162675598","characters":["Ashley \"Ash\" J. Williams","Ashley J. \"Ash\" Williams"]},{"name":"Ellen Sandweiss","id":"590221625","characters":["Cheryl"]},{"name":"Betsy Baker","id":"590221624","characters":["Linda"]},{"name":"Hal Delrich","id":"770880574","characters":["Scott"]},{"name":"Sarah York","id":"770784515","characters":["Shelly"]}],"alternate_ids":{"imdb":"0083907"},"links":{"self":"http://api.rottentomatoes.com/api/public/v1.0/movies/16969.json","alternate":"http://www.rottentomatoes.com/m/the-evil-dead/","cast":"http://api.rottentomatoes.com/api/public/v1.0/movies/16969/cast.json","clips":"http://api.rottentomatoes.com/api/public/v1.0/movies/16969/clips.json","reviews":"http://api.rottentomatoes.com/api/public/v1.0/movies/16969/reviews.json","similar":"http://api.rottentomatoes.com/api/public/v1.0/movies/16969/similar.json"}},{"id":"2130","title":"March of the Penguins","year":2005,"mpaa_rating":"G","runtime":80,"critics_consensus":"Only the most hardened soul won't be moved by this heartwarming doc.","release_dates":{"theater":"2005-06-24","dvd":"2005-11-29"},"ratings":{"critics_rating":"Certified Fresh","critics_score":94,"audience_rating":"Upright","audience_score":81},"synopsis":"","posters":{"thumbnail":"http://content6.flixster.com/movie/11/16/87/11168704_mob.jpg","profile":"http://content6.flixster.com/movie/11/16/87/11168704_pro.jpg","detailed":"http://content6.flixster.com/movie/11/16/87/11168704_det.jpg","original":"http://content6.flixster.com/movie/11/16/87/11168704_ori.jpg"},"abridged_cast":[{"name":"Morgan Freeman","id":"162652224","characters":["Narrator"]},{"name":"Charles Berling","id":"162696882"},{"name":"Ching-wen Chia","id":"770749645"},{"name":"Hikari Ishida","id":"770675494"},{"name":"Jules Sitruk","id":"416738401"}],"alternate_ids":{"imdb":"0428803"},"links":{"self":"http://api.rottentomatoes.com/api/public/v1.0/movies/2130.json","alternate":"http://www.rottentomatoes.com/m/march_of_the_penguins/","cast":"http://api.rottentomatoes.com/api/public/v1.0/movies/2130/cast.json","clips":"http://api.rottentomatoes.com/api/public/v1.0/movies/2130/clips.json","reviews":"http://api.rottentomatoes.com/api/public/v1.0/movies/2130/reviews.json","similar":"http://api.rottentomatoes.com/api/public/v1.0/movies/2130/similar.json"}},{"id":"9627","title":"The Princess Diaries","year":2001,"mpaa_rating":"G","runtime":114,"critics_consensus":"A charming, if familiar, makeover movie for young teenage girls.","release_dates":{"theater":"2001-07-29","dvd":"2001-12-18"},"ratings":{"critics_rating":"Rotten","critics_score":47,"audience_rating":"Upright","audience_score":68},"synopsis":"","posters":{"thumbnail":"http://content7.flixster.com/movie/11/17/48/11174849_mob.jpg","profile":"http://content7.flixster.com/movie/11/17/48/11174849_pro.jpg","detailed":"http://content7.flixster.com/movie/11/17/48/11174849_det.jpg","original":"http://content7.flixster.com/movie/11/17/48/11174849_ori.jpg"},"abridged_cast":[{"name":"Anne Hathaway","id":"162656190","characters":["Mia Thermopolis"]},{"name":"Julie Andrews","id":"162655749","characters":["Queen Clarisse Renaldi"]},{"name":"Hector Elizondo","id":"162665813","characters":["Joseph"]},{"name":"Heather Matarazzo","id":"162662583","characters":["Lilly Moscovitz"]},{"name":"Mandy Moore","id":"287254074","characters":["Lana Thomas"]}],"alternate_ids":{"imdb":"0247638"},"links":{"self":"http://api.rottentomatoes.com/api/public/v1.0/movies/9627.json","alternate":"http://www.rottentomatoes.com/m/princess_diaries/","cast":"http://api.rottentomatoes.com/api/public/v1.0/movies/9627/cast.json","clips":"http://api.rottentomatoes.com/api/public/v1.0/movies/9627/clips.json","reviews":"http://api.rottentomatoes.com/api/public/v1.0/movies/9627/reviews.json","similar":"http://api.rottentomatoes.com/api/public/v1.0/movies/9627/similar.json"}},{"id":"371352714","title":"The Lives of Others","year":2006,"mpaa_rating":"R","runtime":138,"critics_consensus":"Unlike more traditional spy films,  The Lives of Others doesn't sacrifice character for cloak and dagger chases, and the performances (notably that by the late Ulrich Muhe) stay with you.","release_dates":{"theater":"2006-03-23","dvd":"2007-08-21"},"ratings":{"critics_rating":"Certified Fresh","critics_score":93,"audience_rating":"Upright","audience_score":96},"synopsis":"","posters":{"thumbnail":"http://content7.flixster.com/movie/10/85/44/10854437_mob.jpg","profile":"http://content7.flixster.com/movie/10/85/44/10854437_pro.jpg","detailed":"http://content7.flixster.com/movie/10/85/44/10854437_det.jpg","original":"http://content7.flixster.com/movie/10/85/44/10854437_ori.jpg"},"abridged_cast":[{"name":"Martina Gedeck","id":"162664437","characters":["Christa-Maria Sieland"]},{"name":"Ulrich Muhe","id":"364626940","characters":["Captain Gerd Wiesler"]},{"name":"Sebastian Koch","id":"364644078","characters":["Georg Dreyman"]},{"name":"Ulrich Tukur","id":"162682573","characters":["Lieutenant Colonel Anton Grubitz"]},{"name":"Thomas Thieme","id":"371352715","characters":["Minister Bruno Hempf"]}],"alternate_ids":{"imdb":"0405094"},"links":{"self":"http://api.rottentomatoes.com/api/public/v1.0/movies/371352714.json","alternate":"http://www.rottentomatoes.com/m/the_lives_of_others/","cast":"http://api.rottentomatoes.com/api/public/v1.0/movies/371352714/cast.json","clips":"http://api.rottentomatoes.com/api/public/v1.0/movies/371352714/clips.json","reviews":"http://api.rottentomatoes.com/api/public/v1.0/movies/371352714/reviews.json","similar":"http://api.rottentomatoes.com/api/public/v1.0/movies/371352714/similar.json"}},{"id":"771268582","title":"Trouble with the Curve","year":2012,"mpaa_rating":"PG-13","runtime":110,"critics_consensus":"Though predictable and somewhat dramatically underwhelming, Trouble with the Curve benefits from Clint Eastwood's grizzled charisma and his easy chemistry with a charming Amy Adams.","release_dates":{"theater":"2012-09-21","dvd":"2012-12-21"},"ratings":{"critics_rating":"Rotten","critics_score":51,"audience_rating":"Upright","audience_score":67},"synopsis":"Gus Lobel (Clint Eastwood) has been one of the best scouts in baseball for decades, but, despite his efforts to hide it, age is starting to catch up with him. Nevertheless, Gus-who can tell a pitch just by the crack of the bat-refuses to be benched for what may be the final innings of his career. He may not have a choice. The front office of the Atlanta Braves is starting to question his judgment, especially with the country's hottest batting phenom on deck for the draft. The one person who might be able to help is also the one person Gus would never ask: his daughter, Mickey (Amy Adams), an associate at a high-powered Atlanta law firm whose drive and ambition has put her on the fast track to becoming partner. Against her better judgment, and over Gus's objections, Mickey joins him on his latest scouting trip to North Carolina, jeopardizing her own career to save his. -- (C) Warner Bros.","posters":{"thumbnail":"http://content9.flixster.com/movie/11/16/74/11167431_mob.jpg","profile":"http://content9.flixster.com/movie/11/16/74/11167431_pro.jpg","detailed":"http://content9.flixster.com/movie/11/16/74/11167431_det.jpg","original":"http://content9.flixster.com/movie/11/16/74/11167431_ori.jpg"},"abridged_cast":[{"name":"Clint Eastwood","id":"162659169","characters":["Gus","Gus Lobel"]},{"name":"Amy Adams","id":"162653029","characters":["Mickey"]},{"name":"Justin Timberlake","id":"246212645","characters":["Johnny","Johnny Flanagan"]},{"name":"John Goodman","id":"162655706","characters":["Pete Klein"]},{"name":"Robert Patrick","id":"162655397","characters":["Vince"]}],"alternate_ids":{"imdb":"2083383"},"links":{"self":"http://api.rottentomatoes.com/api/public/v1.0/movies/771268582.json","alternate":"http://www.rottentomatoes.com/m/trouble_with_the_curve/","cast":"http://api.rottentomatoes.com/api/public/v1.0/movies/771268582/cast.json","clips":"http://api.rottentomatoes.com/api/public/v1.0/movies/771268582/clips.json","reviews":"http://api.rottentomatoes.com/api/public/v1.0/movies/771268582/reviews.json","similar":"http://api.rottentomatoes.com/api/public/v1.0/movies/771268582/similar.json"}},{"id":"770676194","title":"Feel the Noise","year":2007,"mpaa_rating":"PG-13","runtime":89,"critics_consensus":"Despite the different musical genre, Feel the Noise is as generic as any music-themed film that has come before it.","release_dates":{"theater":"2007-10-05","dvd":"2008-01-29"},"ratings":{"critics_rating":"Rotten","critics_score":12,"audience_rating":"Spilled","audience_score":42},"synopsis":"","posters":{"thumbnail":"http://content6.flixster.com/movie/10/07/68/10076888_mob.jpg","profile":"http://content6.flixster.com/movie/10/07/68/10076888_pro.jpg","detailed":"http://content6.flixster.com/movie/10/07/68/10076888_det.jpg","original":"http://content6.flixster.com/movie/10/07/68/10076888_ori.jpg"},"abridged_cast":[{"name":"Omarion Grandberry","id":"162662337","characters":["Rob"]},{"name":"Zulay Henao","id":"770682001","characters":["Carol \"CC\" Reyes"]},{"name":"James McCaffrey","id":"770718080","characters":["Jeffrey Skylar"]},{"name":"Kellita Smith","id":"162667849","characters":["Tanya"]},{"name":"Melonie Diaz","id":"351527272","characters":["Mimi"]}],"alternate_ids":{"imdb":"0756703"},"links":{"self":"http://api.rottentomatoes.com/api/public/v1.0/movies/770676194.json","alternate":"http://www.rottentomatoes.com/m/feel_the_noise/","cast":"http://api.rottentomatoes.com/api/public/v1.0/movies/770676194/cast.json","clips":"http://api.rottentomatoes.com/api/public/v1.0/movies/770676194/clips.json","reviews":"http://api.rottentomatoes.com/api/public/v1.0/movies/770676194/reviews.json","similar":"http://api.rottentomatoes.com/api/public/v1.0/movies/770676194/similar.json"}},{"id":"11685","title":"The Iron Giant","year":1999,"mpaa_rating":"PG","runtime":86,"critics_consensus":"Engaging, endearing, affecting and charmingly retro, The Iron Giant tackles touchy subjects and complex relationships with a steady hand and beautiful animation direction from Brad Bird.","release_dates":{"theater":"1999-07-01","dvd":"1999-11-23"},"ratings":{"critics_rating":"Certified Fresh","critics_score":97,"audience_rating":"Upright","audience_score":89},"synopsis":"","posters":{"thumbnail":"http://content8.flixster.com/movie/10/93/88/10938822_mob.jpg","profile":"http://content8.flixster.com/movie/10/93/88/10938822_pro.jpg","detailed":"http://content8.flixster.com/movie/10/93/88/10938822_det.jpg","original":"http://content8.flixster.com/movie/10/93/88/10938822_ori.jpg"},"abridged_cast":[{"name":"Eli Marienthal","id":"162674027","characters":["Hogarth Hughes"]},{"name":"Vin Diesel","id":"162652472","characters":["The Iron Giant"]},{"name":"Jennifer Aniston","id":"162655148","characters":["Annie Hughes"]},{"name":"Harry Connick Jr.","id":"162674026","characters":["Dean McCoppen"]},{"name":"Christopher McDonald","id":"162680629","characters":["Kent Mansley"]}],"alternate_ids":{"imdb":"0129167"},"links":{"self":"http://api.rottentomatoes.com/api/public/v1.0/movies/11685.json","alternate":"http://www.rottentomatoes.com/m/iron_giant/","cast":"http://api.rottentomatoes.com/api/public/v1.0/movies/11685/cast.json","clips":"http://api.rottentomatoes.com/api/public/v1.0/movies/11685/clips.json","reviews":"http://api.rottentomatoes.com/api/public/v1.0/movies/11685/reviews.json","similar":"http://api.rottentomatoes.com/api/public/v1.0/movies/11685/similar.json"}},{"id":"771323738","title":"The Spectacular Now","year":2013,"mpaa_rating":"R","runtime":95,"critics_consensus":"The Spectacular Now is an adroit, sensitive film that avoids typical coming-of-age story trappings.","release_dates":{"theater":"2013-08-02","dvd":"2014-01-14"},"ratings":{"critics_rating":"Certified Fresh","critics_score":92,"audience_rating":"Upright","audience_score":79},"synopsis":"With sly humor and an intensity of feeling, THE SPECTACULAR NOW (directed by James Ponsoldt) creates a vivid, three-dimensional portrait of youth confronting the funny, thrilling and perilous business of modern love and adulthood. This is the tale of Sutter Keely (Miles Teller), a high school senior and effortless charmer, and of how he unexpectedly falls in love with \"the good girl\" Aimee Finecky (Shailene Woodley). What starts as an unlikely romance becomes a sharp-eyed, straight-up snapshot of the heady confusion and haunting passion of youth - one that doesn't look for tidy truths. The film was written by Scott Neustadter and Michael Weber (500) DAYS OF SUMMER and also features wonderful supporting turns from Brie Larson, Kyle Chandler, Jennifer Jason Leigh, and Mary Elizabeth Winstead. (c) a24 Films","posters":{"thumbnail":"http://content6.flixster.com/movie/11/17/20/11172008_mob.jpg","profile":"http://content6.flixster.com/movie/11/17/20/11172008_pro.jpg","detailed":"http://content6.flixster.com/movie/11/17/20/11172008_det.jpg","original":"http://content6.flixster.com/movie/11/17/20/11172008_ori.jpg"},"abridged_cast":[{"name":"Miles Teller","id":"771077409","characters":["Sutter Keely"]},{"name":"Shailene Woodley","id":"770676364","characters":["Aimee Finecky"]},{"name":"Brie Larson","id":"341816562","characters":["Cassidy"]},{"name":"Jennifer Jason Leigh","id":"162666243"},{"name":"Kyle Chandler","id":"770695318","characters":["Thomas Keely"]}],"alternate_ids":{"imdb":"1714206"},"links":{"self":"http://api.rottentomatoes.com/api/public/v1.0/movies/771323738.json","alternate":"http://www.rottentomatoes.com/m/the_spectacular_now/","cast":"http://api.rottentomatoes.com/api/public/v1.0/movies/771323738/cast.json","clips":"http://api.rottentomatoes.com/api/public/v1.0/movies/771323738/clips.json","reviews":"http://api.rottentomatoes.com/api/public/v1.0/movies/771323738/reviews.json","similar":"http://api.rottentomatoes.com/api/public/v1.0/movies/771323738/similar.json"}},{"id":"771249652","title":"The Last Stand","year":2013,"mpaa_rating":"R","runtime":107,"critics_consensus":"There's nothing particularly distinguished about it, but for Schwarzenegger fans The Last Stand provides perfectly undemanding entertainment.","release_dates":{"theater":"2013-01-18","dvd":"2013-05-21"},"ratings":{"critics_rating":"Fresh","critics_score":60,"audience_rating":"Spilled","audience_score":55},"synopsis":"After leaving his LAPD narcotics post following a bungled operation that left him wracked with remorse and regret, Sheriff Ray Owens (Schwarzenegger) moved out of Los Angeles and settled into a life fighting what little crime takes place in sleepy border town Sommerton Junction. But that peaceful existence is shattered when Gabriel Cortez (Eduardo Noriega), the most notorious, wanted drug kingpin in the western hemisphere, makes a deadly yet spectacular escape from an FBI prisoner convoy. (c) Lionsgate","posters":{"thumbnail":"http://content8.flixster.com/movie/11/17/09/11170918_mob.jpg","profile":"http://content8.flixster.com/movie/11/17/09/11170918_pro.jpg","detailed":"http://content8.flixster.com/movie/11/17/09/11170918_det.jpg","original":"http://content8.flixster.com/movie/11/17/09/11170918_ori.jpg"},"abridged_cast":[{"name":"Arnold Schwarzenegger","id":"162662233","characters":["Sheriff Ray Owens"]},{"name":"Peter Stormare","id":"162725032","characters":["Burrell"]},{"name":"Forest Whitaker","id":"162662640","characters":["Agent John Bannister"]},{"name":"Jaimie Alexander","id":"397446196","characters":["Sarah Torrance"]},{"name":"Luis Guzman","id":"162654309","characters":["Mike Figuerola"]}],"alternate_ids":{"imdb":"1549920"},"links":{"self":"http://api.rottentomatoes.com/api/public/v1.0/movies/771249652.json","alternate":"http://www.rottentomatoes.com/m/last_stand_2013/","cast":"http://api.rottentomatoes.com/api/public/v1.0/movies/771249652/cast.json","clips":"http://api.rottentomatoes.com/api/public/v1.0/movies/771249652/clips.json","reviews":"http://api.rottentomatoes.com/api/public/v1.0/movies/771249652/reviews.json","similar":"http://api.rottentomatoes.com/api/public/v1.0/movies/771249652/similar.json"}},{"id":"9432","title":"The Secret Garden","year":1993,"mpaa_rating":"G","runtime":103,"release_dates":{"theater":"1993-03-18","dvd":"2000-01-01"},"ratings":{"critics_rating":"Certified Fresh","critics_score":85,"audience_rating":"Upright","audience_score":80},"synopsis":"","posters":{"thumbnail":"http://content9.flixster.com/movie/11/15/28/11152871_mob.jpg","profile":"http://content9.flixster.com/movie/11/15/28/11152871_pro.jpg","detailed":"http://content9.flixster.com/movie/11/15/28/11152871_det.jpg","original":"http://content9.flixster.com/movie/11/15/28/11152871_ori.jpg"},"abridged_cast":[{"name":"Kate Maberly","id":"162656050","characters":["Mary Lennox"]},{"name":"Heydon Prowse","id":"770701173","characters":["Colin Craven"]},{"name":"Andrew Knott","id":"770701174","characters":["Dickon"]},{"name":"Maggie Smith","id":"162652436","characters":["Mrs. Medlock"]},{"name":"Laura Crossley","id":"770701175","characters":["Martha"]}],"alternate_ids":{"imdb":"0108071"},"links":{"self":"http://api.rottentomatoes.com/api/public/v1.0/movies/9432.json","alternate":"http://www.rottentomatoes.com/m/1045518-secret_garden/","cast":"http://api.rottentomatoes.com/api/public/v1.0/movies/9432/cast.json","clips":"http://api.rottentomatoes.com/api/public/v1.0/movies/9432/clips.json","reviews":"http://api.rottentomatoes.com/api/public/v1.0/movies/9432/reviews.json","similar":"http://api.rottentomatoes.com/api/public/v1.0/movies/9432/similar.json"}},{"id":"770819676","title":"The Kids Are All Right","year":2010,"mpaa_rating":"R","runtime":104,"critics_consensus":"Worthwhile as both a well-acted ensemble piece and as a smart, warm statement on family values, The Kids Are All Right is remarkable.","release_dates":{"theater":"2010-07-09","dvd":"2010-11-16"},"ratings":{"critics_rating":"Certified Fresh","critics_score":93,"audience_rating":"Upright","audience_score":73},"synopsis":"The son of a same-sex couple seeks out the sperm donor who made his birth possible in this comedy from writer/director Lisa Cholodenko. The committed parents of two teenage children, Nic (Annette Bening) and Jules (Julianne Moore), are about to send their daughter, Joni (Mia Wasikowska), off to college when her younger brother, Laser (Josh Hutcherson), asks for her help in tracking down his biological father. Reluctantly inquiring with the sperm bank, Joni leaves her number so the office can pass it along to Laser's father. Enthusiastic at the thought of meeting his long lost offspring, Paul (Mark Ruffalo) musters the courage to reach out, and the family tree grows a new branch. ~ Jason Buchanan, Rovi","posters":{"thumbnail":"http://content7.flixster.com/movie/11/12/19/11121977_mob.jpg","profile":"http://content7.flixster.com/movie/11/12/19/11121977_pro.jpg","detailed":"http://content7.flixster.com/movie/11/12/19/11121977_det.jpg","original":"http://content7.flixster.com/movie/11/12/19/11121977_ori.jpg"},"abridged_cast":[{"name":"Annette Bening","id":"162660402","characters":["Nic"]},{"name":"Julianne Moore","id":"162654248","characters":["Jules"]},{"name":"Mark Ruffalo","id":"162653904","characters":["Paul"]},{"name":"Mia Wasikowska","id":"770688391","characters":["Joni"]},{"name":"Josh Hutcherson","id":"162654356","characters":["Laser"]}],"alternate_ids":{"imdb":"0842926"},"links":{"self":"http://api.rottentomatoes.com/api/public/v1.0/movies/770819676.json","alternate":"http://www.rottentomatoes.com/m/10012141-kids_are_all_right/","cast":"http://api.rottentomatoes.com/api/public/v1.0/movies/770819676/cast.json","clips":"http://api.rottentomatoes.com/api/public/v1.0/movies/770819676/clips.json","reviews":"http://api.rottentomatoes.com/api/public/v1.0/movies/770819676/reviews.json","similar":"http://api.rottentomatoes.com/api/public/v1.0/movies/770819676/similar.json"}},{"id":"16819","title":"Friday the 13th","year":1980,"mpaa_rating":"R","runtime":95,"release_dates":{"theater":"1980-05-09","dvd":"1999-10-19"},"ratings":{"critics_rating":"Rotten","critics_score":59,"audience_rating":"Upright","audience_score":62},"synopsis":"","posters":{"thumbnail":"http://content9.flixster.com/movie/11/17/26/11172607_mob.jpg","profile":"http://content9.flixster.com/movie/11/17/26/11172607_pro.jpg","detailed":"http://content9.flixster.com/movie/11/17/26/11172607_det.jpg","original":"http://content9.flixster.com/movie/11/17/26/11172607_ori.jpg"},"abridged_cast":[{"name":"Betsy Palmer","id":"162747369","characters":["Mrs. Voorhees"]},{"name":"Adrienne King","id":"363427661","characters":["Alice"]},{"name":"Harry Crosby","id":"770678034","characters":["Bill"]},{"name":"Laurie Bartram","id":"770920460","characters":["Brenda"]},{"name":"Robbi Morgan","id":"770708149","characters":["Annie"]}],"alternate_ids":{"imdb":"0080761"},"links":{"self":"http://api.rottentomatoes.com/api/public/v1.0/movies/16819.json","alternate":"http://www.rottentomatoes.com/m/friday_the_13th_part_1/","cast":"http://api.rottentomatoes.com/api/public/v1.0/movies/16819/cast.json","clips":"http://api.rottentomatoes.com/api/public/v1.0/movies/16819/clips.json","reviews":"http://api.rottentomatoes.com/api/public/v1.0/movies/16819/reviews.json","similar":"http://api.rottentomatoes.com/api/public/v1.0/movies/16819/similar.json"}},{"id":"770681834","title":"The Maiden Heist","year":2009,"mpaa_rating":"PG-13","runtime":90,"release_dates":{"theater":"2009-10-27","dvd":"2009-10-27"},"ratings":{"critics_score":-1,"audience_rating":"Spilled","audience_score":37},"synopsis":"","posters":{"thumbnail":"http://content9.flixster.com/movie/10/92/35/10923535_mob.jpg","profile":"http://content9.flixster.com/movie/10/92/35/10923535_pro.jpg","detailed":"http://content9.flixster.com/movie/10/92/35/10923535_det.jpg","original":"http://content9.flixster.com/movie/10/92/35/10923535_ori.jpg"},"abridged_cast":[{"name":"Morgan Freeman","id":"162652224","characters":["Charles"]},{"name":"Christopher Walken","id":"162652837","characters":["Roger"]},{"name":"William H. Macy","id":"162652354","characters":["George"]},{"name":"Marcia Gay Harden","id":"162652892"},{"name":"Breckin Meyer","id":"162652680"}],"alternate_ids":{"imdb":"1107860"},"links":{"self":"http://api.rottentomatoes.com/api/public/v1.0/movies/770681834.json","alternate":"http://www.rottentomatoes.com/m/maiden_heist/","cast":"http://api.rottentomatoes.com/api/public/v1.0/movies/770681834/cast.json","clips":"http://api.rottentomatoes.com/api/public/v1.0/movies/770681834/clips.json","reviews":"http://api.rottentomatoes.com/api/public/v1.0/movies/770681834/reviews.json","similar":"http://api.rottentomatoes.com/api/public/v1.0/movies/770681834/similar.json"}},{"id":"10963","title":"Father of the Bride","year":1991,"mpaa_rating":"PG","runtime":105,"critics_consensus":"While it doesn't quite hit the heights of the original, this remake of the 1950 classic is pleasantly enjoyable, thanks in large part to winning performances from Steve Martin and Martin Short.","release_dates":{"theater":"1991-01-01","dvd":"1999-04-20"},"ratings":{"critics_rating":"Fresh","critics_score":73,"audience_rating":"Upright","audience_score":70},"synopsis":"","posters":{"thumbnail":"http://content9.flixster.com/movie/25/83/258323_mob.jpg","profile":"http://content9.flixster.com/movie/25/83/258323_pro.jpg","detailed":"http://content9.flixster.com/movie/25/83/258323_det.jpg","original":"http://content9.flixster.com/movie/25/83/258323_ori.jpg"},"abridged_cast":[{"name":"Steve Martin","id":"162654836","characters":["George Banks"]},{"name":"Diane Keaton","id":"162660369","characters":["Nina Banks"]},{"name":"Kimberly Williams-Paisley","id":"326392318","characters":["Annie Banks"]},{"name":"Kieran Culkin","id":"162664315","characters":["Matty Banks"]},{"name":"George Newbern","id":"364656170","characters":["Bryan MacKenzie"]}],"alternate_ids":{"imdb":"0101862"},"links":{"self":"http://api.rottentomatoes.com/api/public/v1.0/movies/10963.json","alternate":"http://www.rottentomatoes.com/m/1037864-father_of_the_bride/","cast":"http://api.rottentomatoes.com/api/public/v1.0/movies/10963/cast.json","clips":"http://api.rottentomatoes.com/api/public/v1.0/movies/10963/clips.json","reviews":"http://api.rottentomatoes.com/api/public/v1.0/movies/10963/reviews.json","similar":"http://api.rottentomatoes.com/api/public/v1.0/movies/10963/similar.json"}},{"id":"11861","title":"The Hunt for Red October","year":1990,"mpaa_rating":"PG","runtime":135,"release_dates":{"theater":"1990-03-02","dvd":"1998-12-01"},"ratings":{"critics_rating":"Certified Fresh","critics_score":96,"audience_rating":"Upright","audience_score":89},"synopsis":"","posters":{"thumbnail":"http://content9.flixster.com/movie/11/16/97/11169787_mob.jpg","profile":"http://content9.flixster.com/movie/11/16/97/11169787_pro.jpg","detailed":"http://content9.flixster.com/movie/11/16/97/11169787_det.jpg","original":"http://content9.flixster.com/movie/11/16/97/11169787_ori.jpg"},"abridged_cast":[{"name":"Sean Connery","id":"162656350","characters":["Capt. Marko Ramius"]},{"name":"Alec Baldwin","id":"162656441","characters":["Jack Ryan"]},{"name":"Scott Glenn","id":"162670425","characters":["Capt. Bart Mancuso"]},{"name":"James Earl Jones","id":"162655731","characters":["Admiral James Greer"]},{"name":"Sam Neill","id":"162656850","characters":["Capt. Vasily Borodin"]}],"alternate_ids":{"imdb":"0099810"},"links":{"self":"http://api.rottentomatoes.com/api/public/v1.0/movies/11861.json","alternate":"http://www.rottentomatoes.com/m/hunt_for_red_october/","cast":"http://api.rottentomatoes.com/api/public/v1.0/movies/11861/cast.json","clips":"http://api.rottentomatoes.com/api/public/v1.0/movies/11861/clips.json","reviews":"http://api.rottentomatoes.com/api/public/v1.0/movies/11861/reviews.json","similar":"http://api.rottentomatoes.com/api/public/v1.0/movies/11861/similar.json"}},{"id":"771241143","title":"The Artist","year":2011,"mpaa_rating":"PG-13","runtime":100,"critics_consensus":"A crowd-pleasing tribute to the magic of silent cinema, The Artist is a clever, joyous film with delightful performances and visual style to spare.","release_dates":{"theater":"2011-11-25","dvd":"2012-06-26"},"ratings":{"critics_rating":"Certified Fresh","critics_score":98,"audience_rating":"Upright","audience_score":88},"synopsis":"Hollywood 1927. George Valentin (Jean Dujardin) is a silent movie superstar. The advent of the talkies will sound the death knell for his career and see him fall into oblivion. For young extra Peppy Miller (Berenice Bejo), it seems the sky's the limit - major movie stardom awaits. The Artist tells the story of their interlinked destinies. -- (C) Weinstein","posters":{"thumbnail":"http://content9.flixster.com/movie/11/16/56/11165667_mob.jpg","profile":"http://content9.flixster.com/movie/11/16/56/11165667_pro.jpg","detailed":"http://content9.flixster.com/movie/11/16/56/11165667_det.jpg","original":"http://content9.flixster.com/movie/11/16/56/11165667_ori.jpg"},"abridged_cast":[{"name":"Jean Dujardin","id":"285373792","characters":["George Valentin"]},{"name":"Berenice Bejo","id":"285386770","characters":["Peppy Miller"]},{"name":"John Goodman","id":"162655706","characters":["Al Zimmer","Zimmer"]},{"name":"James Cromwell","id":"162652553","characters":["Clifton"]},{"name":"Penelope Ann Miller","id":"162663545","characters":["Doris"]}],"alternate_ids":{"imdb":"1655442"},"links":{"self":"http://api.rottentomatoes.com/api/public/v1.0/movies/771241143.json","alternate":"http://www.rottentomatoes.com/m/the_artist/","cast":"http://api.rottentomatoes.com/api/public/v1.0/movies/771241143/cast.json","clips":"http://api.rottentomatoes.com/api/public/v1.0/movies/771241143/clips.json","reviews":"http://api.rottentomatoes.com/api/public/v1.0/movies/771241143/reviews.json","similar":"http://api.rottentomatoes.com/api/public/v1.0/movies/771241143/similar.json"}},{"id":"12168","title":"The Fugitive","year":1993,"mpaa_rating":"PG-13","runtime":130,"critics_consensus":"Exhilarating and intense, this high-impact chase thriller is a model of taut and efficient formula filmmaking, and it features Harrison Ford at his frantic best.","release_dates":{"theater":"1993-08-06","dvd":"1998-11-24"},"ratings":{"critics_rating":"Certified Fresh","critics_score":96,"audience_rating":"Upright","audience_score":88},"synopsis":"","posters":{"thumbnail":"http://content9.flixster.com/movie/11/16/80/11168091_mob.jpg","profile":"http://content9.flixster.com/movie/11/16/80/11168091_pro.jpg","detailed":"http://content9.flixster.com/movie/11/16/80/11168091_det.jpg","original":"http://content9.flixster.com/movie/11/16/80/11168091_ori.jpg"},"abridged_cast":[{"name":"Harrison Ford","id":"162661579","characters":["Dr. Richard Kimble"]},{"name":"Tommy Lee Jones","id":"162666788","characters":["Deputy US Marshal Samuel Gerard"]},{"name":"Sela Ward","id":"162694942","characters":["Helen Kimble"]},{"name":"Joe Pantoliano","id":"162686963","characters":["Cosmo Renfro"]},{"name":"Jeroen Krabbe","id":"162682176","characters":["Dr. Charles Nichols"]}],"alternate_ids":{"imdb":"0106977"},"links":{"self":"http://api.rottentomatoes.com/api/public/v1.0/movies/12168.json","alternate":"http://www.rottentomatoes.com/m/1046129-fugitive/","cast":"http://api.rottentomatoes.com/api/public/v1.0/movies/12168/cast.json","clips":"http://api.rottentomatoes.com/api/public/v1.0/movies/12168/clips.json","reviews":"http://api.rottentomatoes.com/api/public/v1.0/movies/12168/reviews.json","similar":"http://api.rottentomatoes.com/api/public/v1.0/movies/12168/similar.json"}},{"id":"771313129","title":"The Big Wedding","year":2013,"mpaa_rating":"R","runtime":89,"critics_consensus":"The Big Wedding's all-star cast is stranded in a contrived, strained plot that features broad stabs at humor but few laughs.","release_dates":{"theater":"2013-04-26","dvd":"2013-08-13"},"ratings":{"critics_rating":"Rotten","critics_score":7,"audience_rating":"Spilled","audience_score":41},"synopsis":"With an all-star cast led by Robert De Niro, Katherine Heigl, Diane Keaton, Amanda Seyfried, Topher Grace, with Susan Sarandon and Robin Williams, THE BIG WEDDING is an uproarious romantic comedy about a charmingly modern family trying to survive a weekend wedding celebration that has the potential to become a full blown family fiasco. To the amusement of their adult children and friends, long divorced couple Don and Ellie Griffin (De Niro and Keaton) are once again forced to play the happy couple for the sake of their adopted son's wedding after his ultra conservative biological mother unexpectedly decides to fly halfway across the world to attend. With all of the wedding guests looking on, the Griffins are hilariously forced to confront their past, present and future - and hopefully avoid killing each other in the process. Screenplay by Justin Zackham. Directed by Justin Zackham. (c) Lionsgate","posters":{"thumbnail":"http://content6.flixster.com/movie/11/17/26/11172648_mob.jpg","profile":"http://content6.flixster.com/movie/11/17/26/11172648_pro.jpg","detailed":"http://content6.flixster.com/movie/11/17/26/11172648_det.jpg","original":"http://content6.flixster.com/movie/11/17/26/11172648_ori.jpg"},"abridged_cast":[{"name":"Robert De Niro","id":"162655521","characters":["Don Griffin"]},{"name":"Diane Keaton","id":"162660369","characters":["Ellie Griffin"]},{"name":"Susan Sarandon","id":"162654579","characters":["Bebe"]},{"name":"Katherine Heigl","id":"162670134","characters":["Lyla"]},{"name":"Amanda Seyfried","id":"364614826","characters":["Missy"]}],"alternate_ids":{"imdb":"1931435"},"links":{"self":"http://api.rottentomatoes.com/api/public/v1.0/movies/771313129.json","alternate":"http://www.rottentomatoes.com/m/the_big_wedding_2013/","cast":"http://api.rottentomatoes.com/api/public/v1.0/movies/771313129/cast.json","clips":"http://api.rottentomatoes.com/api/public/v1.0/movies/771313129/clips.json","reviews":"http://api.rottentomatoes.com/api/public/v1.0/movies/771313129/reviews.json","similar":"http://api.rottentomatoes.com/api/public/v1.0/movies/771313129/similar.json"}},{"id":"770873457","title":"The Next Three Days","year":2010,"mpaa_rating":"PG-13","runtime":133,"critics_consensus":"Russell Crowe and Elizabeth Banks give it their all, but their solid performances aren't quite enough to compensate for The Next Three Days' uneven pace and implausible plot.","release_dates":{"theater":"2010-11-19","dvd":"2011-03-08"},"ratings":{"critics_rating":"Rotten","critics_score":52,"audience_rating":"Upright","audience_score":66},"synopsis":"His wife convicted of a murder she swears she did not commit, a college professor plots to break her out of prison in this thriller starring Russell Crowe and Liam Neeson. John Brennan (Crowe) and his wife, Lara (Elizabeth Banks), were happily married and raising a family when their lives fell apart in the blink of an eye. Lara has been charged with murder, and despite every effort to prove her innocence, the judge sentences her to an extended prison sentence. Meanwhile, on the outside, John files multiple appeals while struggling to raise their children and maintain his career. Lara's future starts to look especially grim, however, after the final appeal is rejected, and she admits that she'd rather commit suicide than spend the rest of her life behind bars. Determined to save his wife after the justice system fails her, John seeks the advice of ex-convict Damon Pennington (Liam Neeson), who staged his own daring prison escape, in order to draw up an airtight plan. Later, John prepares to put his life on the line for the woman he loves, and sets the plan into motion with the knowledge that one false move could be their last. ~ Jason Buchanan, Rovi","posters":{"thumbnail":"http://content6.flixster.com/movie/11/17/37/11173708_mob.jpg","profile":"http://content6.flixster.com/movie/11/17/37/11173708_pro.jpg","detailed":"http://content6.flixster.com/movie/11/17/37/11173708_det.jpg","original":"http://content6.flixster.com/movie/11/17/37/11173708_ori.jpg"},"abridged_cast":[{"name":"Russell Crowe","id":"162652569","characters":["John Brennan"]},{"name":"Elizabeth Banks","id":"162653584","characters":["Lara Brennan"]},{"name":"Liam Neeson","id":"162652242","characters":["Damon Pennington"]},{"name":"Brian Dennehy","id":"162660837","characters":["George Brennan"]},{"name":"Olivia Wilde","id":"326299741","characters":["Nicole"]}],"alternate_ids":{"imdb":"1458175"},"links":{"self":"http://api.rottentomatoes.com/api/public/v1.0/movies/770873457.json","alternate":"http://www.rottentomatoes.com/m/next_three_days/","cast":"http://api.rottentomatoes.com/api/public/v1.0/movies/770873457/cast.json","clips":"http://api.rottentomatoes.com/api/public/v1.0/movies/770873457/clips.json","reviews":"http://api.rottentomatoes.com/api/public/v1.0/movies/770873457/reviews.json","similar":"http://api.rottentomatoes.com/api/public/v1.0/movies/770873457/similar.json"}},{"id":"13301","title":"The Full Monty","year":1997,"mpaa_rating":"R","runtime":91,"release_dates":{"theater":"1997-08-13","dvd":"1999-11-02"},"ratings":{"critics_rating":"Certified Fresh","critics_score":95,"audience_rating":"Upright","audience_score":79},"synopsis":"","posters":{"thumbnail":"http://content7.flixster.com/movie/11/16/47/11164761_mob.jpg","profile":"http://content7.flixster.com/movie/11/16/47/11164761_pro.jpg","detailed":"http://content7.flixster.com/movie/11/16/47/11164761_det.jpg","original":"http://content7.flixster.com/movie/11/16/47/11164761_ori.jpg"},"abridged_cast":[{"name":"Robert Carlyle","id":"162688073","characters":["Gaz"]},{"name":"Tom Wilkinson","id":"162653769","characters":["Gerald"]},{"name":"Mark Addy","id":"162678493","characters":["Dave"]},{"name":"Lesley Sharp","id":"351336439","characters":["Jean"]},{"name":"Emily Woof","id":"326433985","characters":["Mandy"]}],"alternate_ids":{"imdb":"0119164"},"links":{"self":"http://api.rottentomatoes.com/api/public/v1.0/movies/13301.json","alternate":"http://www.rottentomatoes.com/m/full_monty/","cast":"http://api.rottentomatoes.com/api/public/v1.0/movies/13301/cast.json","clips":"http://api.rottentomatoes.com/api/public/v1.0/movies/13301/clips.json","reviews":"http://api.rottentomatoes.com/api/public/v1.0/movies/13301/reviews.json","similar":"http://api.rottentomatoes.com/api/public/v1.0/movies/13301/similar.json"}},{"id":"770805223","title":"Cats & Dogs: The Revenge of Kitty Galore","year":2010,"mpaa_rating":"PG","runtime":82,"critics_consensus":"Dull and unfunny, this inexplicable sequel offers little more than the spectacle of digitally rendered talking animals with celebrity voices.","release_dates":{"theater":"2010-07-30","dvd":"2010-11-16"},"ratings":{"critics_rating":"Rotten","critics_score":14,"audience_rating":"Spilled","audience_score":38},"synopsis":"The epic struggle for control of planet Earth continues in this sequel to the 2001 comedy that confirmed everyone's worst suspicions about our furry four-legged companions. A former top spy for the clandestine feline espionage bureau MEOWS, Kitty Galore is determined to rule the world and finally gain the upper paw over her canine rivals. But when an unforeseen threat appears, cats and dogs must band together to defeat a common foe. Chris O'Donnell and 30 Rock's Jack McBrayer head up the cast of the production, with scripting duties being handled by Brother Bear's Ron J. Friedman and Steve Bencich. ~ Jason Buchanan, Rovi","posters":{"thumbnail":"http://content7.flixster.com/movie/11/12/06/11120621_mob.jpg","profile":"http://content7.flixster.com/movie/11/12/06/11120621_pro.jpg","detailed":"http://content7.flixster.com/movie/11/12/06/11120621_det.jpg","original":"http://content7.flixster.com/movie/11/12/06/11120621_ori.jpg"},"abridged_cast":[{"name":"James Marsden","id":"162684857","characters":["Diggs"]},{"name":"Nick Nolte","id":"162667604","characters":["Butch"]},{"name":"Christina Applegate","id":"162663389","characters":["Catherine"]},{"name":"Katt Williams","id":"770686113","characters":["Seamus"]},{"name":"Bette Midler","id":"162659059","characters":["Kitty Galore"]}],"alternate_ids":{"imdb":"1287468"},"links":{"self":"http://api.rottentomatoes.com/api/public/v1.0/movies/770805223.json","alternate":"http://www.rottentomatoes.com/m/cats_and_dogs_the_revenge_of_kitty_galore/","cast":"http://api.rottentomatoes.com/api/public/v1.0/movies/770805223/cast.json","clips":"http://api.rottentomatoes.com/api/public/v1.0/movies/770805223/clips.json","reviews":"http://api.rottentomatoes.com/api/public/v1.0/movies/770805223/reviews.json","similar":"http://api.rottentomatoes.com/api/public/v1.0/movies/770805223/similar.json"}},{"id":"9370","title":"The Libertine","year":2004,"mpaa_rating":"R","runtime":114,"critics_consensus":"Despite Johnny Depp's zealous performance, muddled direction and murky cinematography hinder The Libertine.","release_dates":{"theater":"2006-03-10","dvd":"2006-07-04"},"ratings":{"critics_rating":"Rotten","critics_score":33,"audience_rating":"Spilled","audience_score":59},"synopsis":"","posters":{"thumbnail":"http://content7.flixster.com/movie/25/06/250617_mob.jpg","profile":"http://content7.flixster.com/movie/25/06/250617_pro.jpg","detailed":"http://content7.flixster.com/movie/25/06/250617_det.jpg","original":"http://content7.flixster.com/movie/25/06/250617_ori.jpg"},"abridged_cast":[{"name":"Johnny Depp","id":"162652817","characters":["John Wilmot Second Earl of Rochester"]},{"name":"John Malkovich","id":"162655610","characters":["King Charles II"]},{"name":"Samantha Morton","id":"162655611","characters":["Elizabeth Berry"]},{"name":"Rosamund Pike","id":"162654705","characters":["Elizabeth Malet"]},{"name":"Tom Hollander","id":"162655612","characters":["Sir George Etherege"]}],"alternate_ids":{"imdb":"0375920"},"links":{"self":"http://api.rottentomatoes.com/api/public/v1.0/movies/9370.json","alternate":"http://www.rottentomatoes.com/m/libertine/","cast":"http://api.rottentomatoes.com/api/public/v1.0/movies/9370/cast.json","clips":"http://api.rottentomatoes.com/api/public/v1.0/movies/9370/clips.json","reviews":"http://api.rottentomatoes.com/api/public/v1.0/movies/9370/reviews.json","similar":"http://api.rottentomatoes.com/api/public/v1.0/movies/9370/similar.json"}},{"id":"770684231","title":"The Edge of Love","year":2008,"mpaa_rating":"R","runtime":111,"critics_consensus":"Despite effective performances from Knightley and Miller, The Edge of Love lacks a coherent narrative.","release_dates":{"theater":"2008-05-15","dvd":"2009-07-14"},"ratings":{"critics_rating":"Rotten","critics_score":35,"audience_rating":"Spilled","audience_score":43},"synopsis":"","posters":{"thumbnail":"http://content7.flixster.com/movie/10/88/25/10882585_mob.jpg","profile":"http://content7.flixster.com/movie/10/88/25/10882585_pro.jpg","detailed":"http://content7.flixster.com/movie/10/88/25/10882585_det.jpg","original":"http://content7.flixster.com/movie/10/88/25/10882585_ori.jpg"},"abridged_cast":[{"name":"Keira Knightley","id":"162654560","characters":["Vera Phillips"]},{"name":"Sienna Miller","id":"335716430","characters":["Caitlin MacNamara"]},{"name":"Matthew Rhys","id":"364605158","characters":["Dylan Thomas"]},{"name":"Cillian Murphy","id":"162653323","characters":["William Killick"]},{"name":"Simon Armstrong","id":"770842073","characters":["Wilfred Hosgood"]}],"alternate_ids":{"imdb":"0819714"},"links":{"self":"http://api.rottentomatoes.com/api/public/v1.0/movies/770684231.json","alternate":"http://www.rottentomatoes.com/m/edge_of_love/","cast":"http://api.rottentomatoes.com/api/public/v1.0/movies/770684231/cast.json","clips":"http://api.rottentomatoes.com/api/public/v1.0/movies/770684231/clips.json","reviews":"http://api.rottentomatoes.com/api/public/v1.0/movies/770684231/reviews.json","similar":"http://api.rottentomatoes.com/api/public/v1.0/movies/770684231/similar.json"}},{"id":"512887037","title":"The Condemned","year":2007,"mpaa_rating":"R","runtime":113,"critics_consensus":"The Condemned is a morally ambiguous, exceedingly violent and mostly forgettable action film.","release_dates":{"theater":"2007-04-27","dvd":"2007-09-17"},"ratings":{"critics_rating":"Rotten","critics_score":15,"audience_rating":"Spilled","audience_score":58},"synopsis":"","posters":{"thumbnail":"http://content9.flixster.com/movie/52/53/61/5253611_mob.jpg","profile":"http://content9.flixster.com/movie/52/53/61/5253611_pro.jpg","detailed":"http://content9.flixster.com/movie/52/53/61/5253611_det.jpg","original":"http://content9.flixster.com/movie/52/53/61/5253611_ori.jpg"},"abridged_cast":[{"name":"Steve Austin","id":"771076060","characters":["Conrad"]},{"name":"Robert Mammone","id":"287403238","characters":["Breckel"]},{"name":"Victoria Mussett","id":"757881961","characters":["Julie"]},{"name":"Manu Bennett","id":"770781199","characters":["Paco"]},{"name":"Madeleine West","id":"770770378","characters":["Sarah"]}],"alternate_ids":{"imdb":"0443473"},"links":{"self":"http://api.rottentomatoes.com/api/public/v1.0/movies/512887037.json","alternate":"http://www.rottentomatoes.com/m/condemned/","cast":"http://api.rottentomatoes.com/api/public/v1.0/movies/512887037/cast.json","clips":"http://api.rottentomatoes.com/api/public/v1.0/movies/512887037/clips.json","reviews":"http://api.rottentomatoes.com/api/public/v1.0/movies/512887037/reviews.json","similar":"http://api.rottentomatoes.com/api/public/v1.0/movies/512887037/similar.json"}},{"id":"10249","title":"James and the Giant Peach","year":1996,"mpaa_rating":"PG","runtime":80,"critics_consensus":"The arresting and dynamic visuals, offbeat details and light-as-air storytelling make James and the Giant Peach solid family entertainment.","release_dates":{"theater":"1996-04-12","dvd":"2000-10-03"},"ratings":{"critics_rating":"Certified Fresh","critics_score":93,"audience_rating":"Upright","audience_score":65},"synopsis":"","posters":{"thumbnail":"http://content6.flixster.com/movie/11/15/62/11156228_mob.jpg","profile":"http://content6.flixster.com/movie/11/15/62/11156228_pro.jpg","detailed":"http://content6.flixster.com/movie/11/15/62/11156228_det.jpg","original":"http://content6.flixster.com/movie/11/15/62/11156228_ori.jpg"},"abridged_cast":[{"name":"Joanna Lumley","id":"162661482","characters":["Aunt Spiker"]},{"name":"Simon Callow","id":"364615226","characters":["Grasshopper"]},{"name":"Richard Dreyfuss","id":"162661009","characters":["Centipede"]},{"name":"Pete Postlethwaite","id":"162652858","characters":["Old Man"]},{"name":"Jane Leeves","id":"770724885","characters":["Ladybug"]}],"alternate_ids":{"imdb":"0116683"},"links":{"self":"http://api.rottentomatoes.com/api/public/v1.0/movies/10249.json","alternate":"http://www.rottentomatoes.com/m/james_and_the_giant_peach/","cast":"http://api.rottentomatoes.com/api/public/v1.0/movies/10249/cast.json","clips":"http://api.rottentomatoes.com/api/public/v1.0/movies/10249/clips.json","reviews":"http://api.rottentomatoes.com/api/public/v1.0/movies/10249/reviews.json","similar":"http://api.rottentomatoes.com/api/public/v1.0/movies/10249/similar.json"}},{"id":"771270972","title":"The Bling Ring","year":2013,"mpaa_rating":"R","runtime":90,"critics_consensus":"While it's certainly timely and beautifully filmed, The Bling Ring suffers from director Sofia Coppola's failure to delve beneath the surface of its shallow protagonists' real-life crimes.","release_dates":{"theater":"2013-06-21","dvd":"2013-09-17"},"ratings":{"critics_rating":"Fresh","critics_score":60,"audience_rating":"Spilled","audience_score":34},"synopsis":"In THE BLING RING, Oscar Winning filmmaker Sofia Coppola takes us inside the world of these teens, where their youthful naivete and excitement is amplified by today's culture of celebrity and luxury brand obsession. The members of the Bling Ring introduce us to temptations that any teenager would find hard to resist. And what starts out as youthful fun spins out of control, revealing a sobering view of our modern culture. (c) A24","posters":{"thumbnail":"http://content9.flixster.com/movie/11/17/34/11173487_mob.jpg","profile":"http://content9.flixster.com/movie/11/17/34/11173487_pro.jpg","detailed":"http://content9.flixster.com/movie/11/17/34/11173487_det.jpg","original":"http://content9.flixster.com/movie/11/17/34/11173487_ori.jpg"},"abridged_cast":[{"name":"Emma Watson","id":"162655378","characters":["Nicki"]},{"name":"Leslie Mann","id":"162664741","characters":["Laurie"]},{"name":"Taissa Farmiga","id":"771378622","characters":["Sam"]},{"name":"Israel Broussard","id":"771088112","characters":["Marc"]},{"name":"Katie Chang","id":"771399391","characters":["Rebecca"]}],"alternate_ids":{"imdb":"2132285"},"links":{"self":"http://api.rottentomatoes.com/api/public/v1.0/movies/771270972.json","alternate":"http://www.rottentomatoes.com/m/the_bling_ring_2013/","cast":"http://api.rottentomatoes.com/api/public/v1.0/movies/771270972/cast.json","clips":"http://api.rottentomatoes.com/api/public/v1.0/movies/771270972/clips.json","reviews":"http://api.rottentomatoes.com/api/public/v1.0/movies/771270972/reviews.json","similar":"http://api.rottentomatoes.com/api/public/v1.0/movies/771270972/similar.json"}},{"id":"16863","title":"The Mexican","year":2001,"mpaa_rating":"R","runtime":123,"critics_consensus":"Though The Mexican makes a good attempt at originality, its ponderous length makes it wear out its welcome. Also, those looking forward to seeing Roberts and Pitt paired up may end up disappointed, as they are kept apart for most of the movie.","release_dates":{"theater":"2001-03-02","dvd":"2001-08-07"},"ratings":{"critics_rating":"Rotten","critics_score":56,"audience_rating":"Spilled","audience_score":44},"synopsis":"","posters":{"thumbnail":"http://content7.flixster.com/movie/28/54/285413_mob.jpg","profile":"http://content7.flixster.com/movie/28/54/285413_pro.jpg","detailed":"http://content7.flixster.com/movie/28/54/285413_det.jpg","original":"http://content7.flixster.com/movie/28/54/285413_ori.jpg"},"abridged_cast":[{"name":"Brad Pitt","id":"162652627","characters":["Jerry Welbach"]},{"name":"Julia Roberts","id":"162659460","characters":["Samantha"]},{"name":"James Gandolfini","id":"162667080","characters":["Leroy"]},{"name":"Bob Balaban","id":"162674438","characters":["Bernie Nayman"]},{"name":"J.K. Simmons","id":"592170459","characters":["Ted"]}],"alternate_ids":{"imdb":"0236493"},"links":{"self":"http://api.rottentomatoes.com/api/public/v1.0/movies/16863.json","alternate":"http://www.rottentomatoes.com/m/mexican/","cast":"http://api.rottentomatoes.com/api/public/v1.0/movies/16863/cast.json","clips":"http://api.rottentomatoes.com/api/public/v1.0/movies/16863/clips.json","reviews":"http://api.rottentomatoes.com/api/public/v1.0/movies/16863/reviews.json","similar":"http://api.rottentomatoes.com/api/public/v1.0/movies/16863/similar.json"}},{"id":"770815529","title":"The Eagle","year":2011,"mpaa_rating":"PG-13","runtime":114,"critics_consensus":"The Eagle has a pleasantly traditional action-adventure appeal, but it's drowned out by Kevin Macdonald's stolid direction and Channing Tatum's uninspired work in the central role.","release_dates":{"theater":"2011-02-11","dvd":"2011-06-21"},"ratings":{"critics_rating":"Rotten","critics_score":39,"audience_rating":"Spilled","audience_score":41},"synopsis":"In 2nd-Century Britain, two men - master and slave - venture beyond the edge of the known world on a dangerous and obsessive quest that will push them beyond the boundaries of loyalty and betrayal, friendship and hatred, deceit and heroism...The Roman epic adventure The Eagle is directed by Kevin Macdonald and produced by Duncan Kenworthy. Jeremy Brock has adapted the scr eenplay from Rosemary Sutcliff's classic novel The Eagle of the Ninth. In 140 AD, the Roman Empire extends all the way to Britain - though its grasp is incomplete, as the rebellious tribes of Caledonia (today's Scotland) hold sway in the far North. Marcus Aquila (Channing Tatum) arrives in Britain, determined to restore the tarnished reputation of his father, Flavius Aquila. It was 20 years earlier that Rome's 5,000-strong Ninth Legion, under the command of Flavius and carrying their golden emblem, the Eagle of the Ninth, marched north into Caledonia. They never returned; Legion and Eagle simply vanished into the mists. Angered, the Roman Emperor Hadrian ordered the building of a wall to seal off the territory; Hadrian's Wall became the northernmost frontier of the Roman Empire - the edge of the known world. Driven to become a brilliant soldier and now given command of a small fort in the southwest, Marcus bravely leads his troops during a siege. Commended by Rome for his bravery, yet discharged from the army because of his severe wounds, Marcus convalesces, demoralized, in the villa of his Uncle Aquila (Donald Sutherland), a retired army man. When Marcus impulsively gets a young Briton's life spared at a gladiatorial contest, Aquila buys the Briton, Esca (Jamie Bell), to be Marcus' slave. Marcus is dismissive of Esca, who harbors a seething hatred of all things Roman. Yet Esca vows to serve the man who has saved his life. Hearing a rumor that the Eagle has been seen in a tribal temple in the far north, Marcus is galvanized into action, and sets off with Esca across Hadrian's Wall. But the highlands of Caledonia are a vast and savage wilderness, and Marcus must rely on his slave to navigate the region. When they encounter ex-Roman soldier Guern (Mark Strong), Marcus realizes that the mystery of his father's disappearance may well be linked to the secret of his own slave's identity and loyalty - a secret all the more pressing when the two come face-to-face with the warriors of the fearsome Seal Prince (Tahar Rahim). A Focus Features presentation in association with Film4 of a Duncan Kenworthy production. Channing Tatum, Jamie Bell. The Eagle. Donald Sutherland, Mark Strong. Casting by Jina Jay. Music by Atli Orvarsson. Costumes by Michael O'Connor. Editor, Justine Wright. Production Designer, Michael Carlin. Director of Photography, Anthony Dod Mantle, BSC, DFF. Co-Producer, Caroline Hewitt. Executive Producers, Tessa Ross, Miles Ketley, Charles Moore. Based on the novel The Eagle of the Ninth by Rosemary Sutcliff. Screenplay by Jeremy Brock. Produced by Duncan Kenworthy. Directed by Kevin Macdonald. A Focus Features Release.-- (C) Focus Features","posters":{"thumbnail":"http://content9.flixster.com/movie/11/15/43/11154303_mob.jpg","profile":"http://content9.flixster.com/movie/11/15/43/11154303_pro.jpg","detailed":"http://content9.flixster.com/movie/11/15/43/11154303_det.jpg","original":"http://content9.flixster.com/movie/11/15/43/11154303_ori.jpg"},"abridged_cast":[{"name":"Channing Tatum","id":"162661835","characters":["Marcus","Marcus Aquila"]},{"name":"Jamie Bell","id":"162653082","characters":["Esca"]},{"name":"Mark Strong","id":"478055173","characters":["Guern"]},{"name":"Tahar Rahim","id":"770839336","characters":["Seal Prince"]},{"name":"Donald Sutherland","id":"162655293","characters":["Aquila","Uncle Aquila"]}],"alternate_ids":{"imdb":"1034389"},"links":{"self":"http://api.rottentomatoes.com/api/public/v1.0/movies/770815529.json","alternate":"http://www.rottentomatoes.com/m/the-eagle-of-the-ninth/","cast":"http://api.rottentomatoes.com/api/public/v1.0/movies/770815529/cast.json","clips":"http://api.rottentomatoes.com/api/public/v1.0/movies/770815529/clips.json","reviews":"http://api.rottentomatoes.com/api/public/v1.0/movies/770815529/reviews.json","similar":"http://api.rottentomatoes.com/api/public/v1.0/movies/770815529/similar.json"}},{"id":"14667","title":"The Sweetest Thing","year":2002,"mpaa_rating":"R","runtime":91,"critics_consensus":"A collection of hit-or-miss gags tied together by a thin plot.","release_dates":{"theater":"2002-04-12","dvd":"2002-08-20"},"ratings":{"critics_rating":"Rotten","critics_score":26,"audience_rating":"Upright","audience_score":66},"synopsis":"","posters":{"thumbnail":"http://content9.flixster.com/movie/58/56/24/5856247_mob.jpg","profile":"http://content9.flixster.com/movie/58/56/24/5856247_pro.jpg","detailed":"http://content9.flixster.com/movie/58/56/24/5856247_det.jpg","original":"http://content9.flixster.com/movie/58/56/24/5856247_ori.jpg"},"abridged_cast":[{"name":"Cameron Diaz","id":"162654443","characters":["Christina Walters"]},{"name":"Christina Applegate","id":"162663389","characters":["Courtney"]},{"name":"Selma Blair","id":"162653281","characters":["Jane Burns"]},{"name":"Thomas Jane","id":"162688276","characters":["Peter Donahue"]},{"name":"Jason Bateman","id":"326298973","characters":["Roger Donahue"]}],"alternate_ids":{"imdb":"0253867"},"links":{"self":"http://api.rottentomatoes.com/api/public/v1.0/movies/14667.json","alternate":"http://www.rottentomatoes.com/m/sweetest_thing/","cast":"http://api.rottentomatoes.com/api/public/v1.0/movies/14667/cast.json","clips":"http://api.rottentomatoes.com/api/public/v1.0/movies/14667/clips.json","reviews":"http://api.rottentomatoes.com/api/public/v1.0/movies/14667/reviews.json","similar":"http://api.rottentomatoes.com/api/public/v1.0/movies/14667/similar.json"}},{"id":"12994","title":"The Deer Hunter","year":1978,"mpaa_rating":"R","runtime":183,"critics_consensus":"Its greatness is blunted by its length and one-sided point of view, but the film's weaknesses are overpowered by Michael Cimino's sympathetic direction and a series of heartbreaking performances from Robert De Niro, Meryl Streep, and Christopher Walken.","release_dates":{"theater":"1978-12-08","dvd":"2005-09-06"},"ratings":{"critics_rating":"Certified Fresh","critics_score":92,"audience_rating":"Upright","audience_score":92},"synopsis":"","posters":{"thumbnail":"http://content6.flixster.com/movie/26/75/267592_mob.jpg","profile":"http://content6.flixster.com/movie/26/75/267592_pro.jpg","detailed":"http://content6.flixster.com/movie/26/75/267592_det.jpg","original":"http://content6.flixster.com/movie/26/75/267592_ori.jpg"},"abridged_cast":[{"name":"Robert De Niro","id":"162655521","characters":["Michael"]},{"name":"John Cazale","id":"162664256","characters":["Stan"]},{"name":"John Savage","id":"162661876","characters":["Steven"]},{"name":"Meryl Streep","id":"162654900","characters":["Linda"]},{"name":"Christopher Walken","id":"162652837","characters":["Nick"]}],"alternate_ids":{"imdb":"0077416"},"links":{"self":"http://api.rottentomatoes.com/api/public/v1.0/movies/12994.json","alternate":"http://www.rottentomatoes.com/m/deer_hunter/","cast":"http://api.rottentomatoes.com/api/public/v1.0/movies/12994/cast.json","clips":"http://api.rottentomatoes.com/api/public/v1.0/movies/12994/clips.json","reviews":"http://api.rottentomatoes.com/api/public/v1.0/movies/12994/reviews.json","similar":"http://api.rottentomatoes.com/api/public/v1.0/movies/12994/similar.json"}},{"id":"11411","title":"Planet of the Apes","year":2001,"mpaa_rating":"PG-13","runtime":243,"critics_consensus":"This remake of Planet of the Apes can't compare to the original in some critics' mind, but the striking visuals and B-movie charms may win you over.","release_dates":{"theater":"2001-07-27","dvd":"2001-11-20"},"ratings":{"critics_rating":"Rotten","critics_score":45,"audience_rating":"Spilled","audience_score":27},"synopsis":"","posters":{"thumbnail":"http://content7.flixster.com/movie/11/16/44/11164477_mob.jpg","profile":"http://content7.flixster.com/movie/11/16/44/11164477_pro.jpg","detailed":"http://content7.flixster.com/movie/11/16/44/11164477_det.jpg","original":"http://content7.flixster.com/movie/11/16/44/11164477_ori.jpg"},"abridged_cast":[{"name":"Mark Wahlberg","id":"162653181","characters":["Leo Davidson"]},{"name":"Tim Roth","id":"162652856","characters":["Thade"]},{"name":"Helena Bonham Carter","id":"162652820","characters":["Ari"]},{"name":"Michael Clarke Duncan","id":"162669487","characters":["Attar"]},{"name":"Kris Kristofferson","id":"162654718","characters":["Karubi"]}],"alternate_ids":{"imdb":"0133152"},"links":{"self":"http://api.rottentomatoes.com/api/public/v1.0/movies/11411.json","alternate":"http://www.rottentomatoes.com/m/1108704-planet_of_the_apes/","cast":"http://api.rottentomatoes.com/api/public/v1.0/movies/11411/cast.json","clips":"http://api.rottentomatoes.com/api/public/v1.0/movies/11411/clips.json","reviews":"http://api.rottentomatoes.com/api/public/v1.0/movies/11411/reviews.json","similar":"http://api.rottentomatoes.com/api/public/v1.0/movies/11411/similar.json"}},{"id":"771041150","title":"The Change-Up","year":2011,"mpaa_rating":"R","runtime":113,"critics_consensus":"There's a certain amount of fun to be had from watching Bateman and Reynolds play against type, but it isn't enough to carry The Change-Up through its crude humor and formulaic plot.","release_dates":{"theater":"2011-08-05","dvd":"2011-11-08"},"ratings":{"critics_rating":"Rotten","critics_score":25,"audience_rating":"Spilled","audience_score":48},"synopsis":"Growing up together, Mitch (Ryan Reynolds) and Dave (Jason Bateman) were inseparable best friends, but as the years have passed they've slowly drifted apart. While Dave is an overworked lawyer, husband and father of three, Mitch has remained a single, quasi-employed man-child who has never met a responsibility he liked. Following a drunken night out together, Mitch and Dave's worlds are turned upside down when they wake up in each other's bodies and proceed to freak the &*#@ out. Despite the freedom from their normal routines and habits, the guys soon discover that each other's lives are nowhere near as rosy as they once seemed. -- (C) Universal Pictures","posters":{"thumbnail":"http://content8.flixster.com/movie/11/15/72/11157218_mob.jpg","profile":"http://content8.flixster.com/movie/11/15/72/11157218_pro.jpg","detailed":"http://content8.flixster.com/movie/11/15/72/11157218_det.jpg","original":"http://content8.flixster.com/movie/11/15/72/11157218_ori.jpg"},"abridged_cast":[{"name":"Ryan Reynolds","id":"162652367","characters":["Mitch","Mitch Planko"]},{"name":"Jason Bateman","id":"326298973","characters":["Dave","Dave Lockwood"]},{"name":"Leslie Mann","id":"162664741","characters":["Jamie","Jamie Lockwood"]},{"name":"Olivia Wilde","id":"326299741","characters":["Sabrina","Sabrina McArdle"]},{"name":"Alan Arkin","id":"162666144","characters":["Mitch's Dad"]}],"alternate_ids":{"imdb":"1488555"},"links":{"self":"http://api.rottentomatoes.com/api/public/v1.0/movies/771041150.json","alternate":"http://www.rottentomatoes.com/m/the_change_up/","cast":"http://api.rottentomatoes.com/api/public/v1.0/movies/771041150/cast.json","clips":"http://api.rottentomatoes.com/api/public/v1.0/movies/771041150/clips.json","reviews":"http://api.rottentomatoes.com/api/public/v1.0/movies/771041150/reviews.json","similar":"http://api.rottentomatoes.com/api/public/v1.0/movies/771041150/similar.json"}},{"id":"10794","title":"The Time Machine","year":2002,"mpaa_rating":"PG-13","runtime":96,"critics_consensus":"This Machine has all the razzle-dazzles of modern special effects, but the movie takes a turn for the worst when it switches from a story about lost love to a confusing action-thriller.","release_dates":{"theater":"2002-03-08","dvd":"2002-07-23"},"ratings":{"critics_rating":"Rotten","critics_score":29,"audience_rating":"Spilled","audience_score":38},"synopsis":"","posters":{"thumbnail":"http://content6.flixster.com/movie/10/91/76/10917636_mob.jpg","profile":"http://content6.flixster.com/movie/10/91/76/10917636_pro.jpg","detailed":"http://content6.flixster.com/movie/10/91/76/10917636_det.jpg","original":"http://content6.flixster.com/movie/10/91/76/10917636_ori.jpg"},"abridged_cast":[{"name":"Guy Pearce","id":"162660324","characters":["Alexander Hartdegen"]},{"name":"Samantha Mumba","id":"351526812","characters":["Mara"]},{"name":"Mark Addy","id":"162678493","characters":["David Philby"]},{"name":"Sienna Guillory","id":"162686458","characters":["Emma"]},{"name":"Phyllida Law","id":"162695632","characters":["Mrs. Watchit"]}],"alternate_ids":{"imdb":"0268695"},"links":{"self":"http://api.rottentomatoes.com/api/public/v1.0/movies/10794.json","alternate":"http://www.rottentomatoes.com/m/1112951-time_machine/","cast":"http://api.rottentomatoes.com/api/public/v1.0/movies/10794/cast.json","clips":"http://api.rottentomatoes.com/api/public/v1.0/movies/10794/clips.json","reviews":"http://api.rottentomatoes.com/api/public/v1.0/movies/10794/reviews.json","similar":"http://api.rottentomatoes.com/api/public/v1.0/movies/10794/similar.json"}},{"id":"528394726","title":"The Children of Huang Shi","year":2008,"mpaa_rating":"R","runtime":125,"critics_consensus":"This beautifully photographed but dramatically flat war drama recounts an important chapter in history with little cinematic freshness.","release_dates":{"theater":"2008-05-23","dvd":"2009-01-20"},"ratings":{"critics_rating":"Rotten","critics_score":30,"audience_rating":"Upright","audience_score":66},"synopsis":"","posters":{"thumbnail":"http://content8.flixster.com/movie/10/91/61/10916194_mob.jpg","profile":"http://content8.flixster.com/movie/10/91/61/10916194_pro.jpg","detailed":"http://content8.flixster.com/movie/10/91/61/10916194_det.jpg","original":"http://content8.flixster.com/movie/10/91/61/10916194_ori.jpg"},"abridged_cast":[{"name":"Jonathan Rhys Meyers","id":"162662253","characters":["George Hogg"]},{"name":"Radha Mitchell","id":"162688762","characters":["Lee Pearson"]},{"name":"Yun-Fat Chow","id":"770846078","characters":["Jack Chen"]},{"name":"Michelle Yeoh","id":"162661586","characters":["Madame Wang"]},{"name":"David Wenham","id":"326395611","characters":["Barnes"]}],"alternate_ids":{"imdb":"0889588"},"links":{"self":"http://api.rottentomatoes.com/api/public/v1.0/movies/528394726.json","alternate":"http://www.rottentomatoes.com/m/children_of_huang_shi/","cast":"http://api.rottentomatoes.com/api/public/v1.0/movies/528394726/cast.json","clips":"http://api.rottentomatoes.com/api/public/v1.0/movies/528394726/clips.json","reviews":"http://api.rottentomatoes.com/api/public/v1.0/movies/528394726/reviews.json","similar":"http://api.rottentomatoes.com/api/public/v1.0/movies/528394726/similar.json"}},{"id":"10432","title":"The Outsiders","year":1983,"mpaa_rating":"PG","runtime":92,"release_dates":{"theater":"1983-03-25","dvd":"1999-11-30"},"ratings":{"critics_rating":"Fresh","critics_score":65,"audience_rating":"Upright","audience_score":83},"synopsis":"","posters":{"thumbnail":"http://content9.flixster.com/movie/11/17/00/11170063_mob.jpg","profile":"http://content9.flixster.com/movie/11/17/00/11170063_pro.jpg","detailed":"http://content9.flixster.com/movie/11/17/00/11170063_det.jpg","original":"http://content9.flixster.com/movie/11/17/00/11170063_ori.jpg"},"abridged_cast":[{"name":"C. Thomas Howell","id":"162662324","characters":["Ponyboy Curtis"]},{"name":"Matt Dillon","id":"162652207","characters":["Dallas Winston"]},{"name":"Ralph Macchio","id":"162663374","characters":["Johnny Cade"]},{"name":"Patrick Swayze","id":"162660861","characters":["Darrel Curtis"]},{"name":"Rob Lowe","id":"162663375","characters":["Sodapop Curtis"]}],"alternate_ids":{"imdb":"0086066"},"links":{"self":"http://api.rottentomatoes.com/api/public/v1.0/movies/10432.json","alternate":"http://www.rottentomatoes.com/m/outsiders/","cast":"http://api.rottentomatoes.com/api/public/v1.0/movies/10432/cast.json","clips":"http://api.rottentomatoes.com/api/public/v1.0/movies/10432/clips.json","reviews":"http://api.rottentomatoes.com/api/public/v1.0/movies/10432/reviews.json","similar":"http://api.rottentomatoes.com/api/public/v1.0/movies/10432/similar.json"}},{"id":"771253894","title":"The Raid: Redemption","year":2012,"mpaa_rating":"R","runtime":100,"critics_consensus":"No frills and all thrills, The Raid: Redemption is an inventive action film expertly paced and edited for maximum entertainment.","release_dates":{"theater":"2012-03-23","dvd":"2012-08-14"},"ratings":{"critics_rating":"Certified Fresh","critics_score":85,"audience_rating":"Upright","audience_score":86},"synopsis":"As a rookie member of an elite special-forces team, Rama (Iko Uwais) is instructed to hang back during a covert mission involving the extraction of a brutal crime lord from a rundown fifteen-story apartment block. But when a spotter blows their cover, boss Tama (Ray Sahetaphy) offers lifelong sanctuary to every every killer, gangster, and thief in the building in exchange fortheir heads. Now Rama must stand in for the team's fallen leader (Joe Taslim) and use every iota of his fighting strength - winding through every floor and every room to complete the mission and escape with his life. -- (C) Sony","posters":{"thumbnail":"http://content7.flixster.com/movie/11/16/62/11166201_mob.jpg","profile":"http://content7.flixster.com/movie/11/16/62/11166201_pro.jpg","detailed":"http://content7.flixster.com/movie/11/16/62/11166201_det.jpg","original":"http://content7.flixster.com/movie/11/16/62/11166201_ori.jpg"},"abridged_cast":[{"name":"Iko Uwais","id":"770840061","characters":["Rama"]},{"name":"Joe Taslim","id":"771381023","characters":["Jaka"]},{"name":"Doni Alamsyah","id":"706723451","characters":["Andi"]},{"name":"Yahan Ruhian","id":"771091810","characters":["Mad Dog"]},{"name":"Pierre Gruno","id":"771393315","characters":["Wahyu"]}],"alternate_ids":{"imdb":"1899353"},"links":{"self":"http://api.rottentomatoes.com/api/public/v1.0/movies/771253894.json","alternate":"http://www.rottentomatoes.com/m/the_raid_redemption/","cast":"http://api.rottentomatoes.com/api/public/v1.0/movies/771253894/cast.json","clips":"http://api.rottentomatoes.com/api/public/v1.0/movies/771253894/clips.json","reviews":"http://api.rottentomatoes.com/api/public/v1.0/movies/771253894/reviews.json","similar":"http://api.rottentomatoes.com/api/public/v1.0/movies/771253894/similar.json"}},{"id":"771204355","title":"The Sitter","year":2011,"mpaa_rating":"R","runtime":81,"critics_consensus":"With its recycled plot, misguided gags, and formula performance from Jonah Hill, The Sitter adds up to another disappointing entry from director David Gordon Green.","release_dates":{"theater":"2011-12-09","dvd":"2012-03-20"},"ratings":{"critics_rating":"Rotten","critics_score":21,"audience_rating":"Spilled","audience_score":40},"synopsis":"When the world's most irresponsible babysitter takes three of the world's worst kids on an unforgettable overnight adventure through the streets of New York City, it's anyone's guess who's going to make it home in one piece. The Sitter is a new level of twisted and debauched hilarity from the director of Pineapple Express, starring Jonah Hill. -- (C) Official Site","posters":{"thumbnail":"http://content6.flixster.com/movie/11/16/25/11162580_mob.jpg","profile":"http://content6.flixster.com/movie/11/16/25/11162580_pro.jpg","detailed":"http://content6.flixster.com/movie/11/16/25/11162580_det.jpg","original":"http://content6.flixster.com/movie/11/16/25/11162580_ori.jpg"},"abridged_cast":[{"name":"Jonah Hill","id":"326297850","characters":["Noah"]},{"name":"Sam Rockwell","id":"162652298","characters":["Karl"]},{"name":"Ari Graynor","id":"528342686","characters":["Marisa","Marisa Lewis"]},{"name":"Max Records","id":"770818760","characters":["Slater"]},{"name":"Landry Bender","id":"771391136","characters":["Blithe"]}],"alternate_ids":{"imdb":"1366344"},"links":{"self":"http://api.rottentomatoes.com/api/public/v1.0/movies/771204355.json","alternate":"http://www.rottentomatoes.com/m/the_sitter_2011/","cast":"http://api.rottentomatoes.com/api/public/v1.0/movies/771204355/cast.json","clips":"http://api.rottentomatoes.com/api/public/v1.0/movies/771204355/clips.json","reviews":"http://api.rottentomatoes.com/api/public/v1.0/movies/771204355/reviews.json","similar":"http://api.rottentomatoes.com/api/public/v1.0/movies/771204355/similar.json"}},{"id":"12970","title":"The Rock","year":1996,"mpaa_rating":"R","runtime":136,"critics_consensus":"For visceral thrills, it can't be beat. Just don't expect The Rock to engage your brain.","release_dates":{"theater":"1996-06-07","dvd":"1997-12-02"},"ratings":{"critics_rating":"Fresh","critics_score":67,"audience_rating":"Upright","audience_score":86},"synopsis":"","posters":{"thumbnail":"http://content6.flixster.com/movie/10/87/70/10877064_mob.jpg","profile":"http://content6.flixster.com/movie/10/87/70/10877064_pro.jpg","detailed":"http://content6.flixster.com/movie/10/87/70/10877064_det.jpg","original":"http://content6.flixster.com/movie/10/87/70/10877064_ori.jpg"},"abridged_cast":[{"name":"Nicolas Cage","id":"162653923","characters":["Stanley Goodspeed"]},{"name":"Sean Connery","id":"162656350","characters":["John Patrick Mason"]},{"name":"Ed Harris","id":"162654543","characters":["Gen. Francis X. Hummel"]},{"name":"Michael Biehn","id":"162681092","characters":["Commander Anderson"]},{"name":"William Forsythe","id":"162653015","characters":["Eddie Paxton"]}],"alternate_ids":{"imdb":"0117500"},"links":{"self":"http://api.rottentomatoes.com/api/public/v1.0/movies/12970.json","alternate":"http://www.rottentomatoes.com/m/1072011-rock/","cast":"http://api.rottentomatoes.com/api/public/v1.0/movies/12970/cast.json","clips":"http://api.rottentomatoes.com/api/public/v1.0/movies/12970/clips.json","reviews":"http://api.rottentomatoes.com/api/public/v1.0/movies/12970/reviews.json","similar":"http://api.rottentomatoes.com/api/public/v1.0/movies/12970/similar.json"}},{"id":"770670770","title":"The Pirates Who Don't Do Anything: A VeggieTales Movie","year":2007,"mpaa_rating":"G","runtime":85,"critics_consensus":"This Veggietale should please the youngest crowds, but the silly script will tire the more discerning viewer.","release_dates":{"theater":"2008-01-11","dvd":"2008-10-14"},"ratings":{"critics_rating":"Rotten","critics_score":39,"audience_rating":"Upright","audience_score":62},"synopsis":"","posters":{"thumbnail":"http://content8.flixster.com/movie/10/80/70/10807062_mob.jpg","profile":"http://content8.flixster.com/movie/10/80/70/10807062_pro.jpg","detailed":"http://content8.flixster.com/movie/10/80/70/10807062_det.jpg","original":"http://content8.flixster.com/movie/10/80/70/10807062_ori.jpg"},"abridged_cast":[{"name":"Phil Vischer","id":"162656232","characters":["Bob the Tomato","George","Mr. Hibbing","Pirate Philippe Pea","Pirate Spy","Sedgewick","Sir Frederick","Willory"]},{"name":"Mike Nawrocki","id":"162656231","characters":["Elliot","Pirate Jean Claude Pea","Pirate Spy Sidekick","Pirate With Dummy","Rock Monster Father","Theater Foe"]},{"name":"Cam Clarke","id":"410145938","characters":["Robert the Terrible","The King"]},{"name":"Laura Gerow","id":"771051209","characters":["Eloise"]},{"name":"Yuri Lowenthal","id":"351525225","characters":["Alexander"]}],"alternate_ids":{"imdb":"0475998"},"links":{"self":"http://api.rottentomatoes.com/api/public/v1.0/movies/770670770.json","alternate":"http://www.rottentomatoes.com/m/pirates_who_dont_do_anything_a_veggietales_movie/","cast":"http://api.rottentomatoes.com/api/public/v1.0/movies/770670770/cast.json","clips":"http://api.rottentomatoes.com/api/public/v1.0/movies/770670770/clips.json","reviews":"http://api.rottentomatoes.com/api/public/v1.0/movies/770670770/reviews.json","similar":"http://api.rottentomatoes.com/api/public/v1.0/movies/770670770/similar.json"}},{"id":"770789467","title":"The Hurt Locker","year":2008,"mpaa_rating":"R","runtime":131,"critics_consensus":"A well-acted, intensely shot, action filled war epic, Kathryn Bigelow's The Hurt Locker is thus far the best of the recent dramatizations of the Iraq War.","release_dates":{"theater":"2009-06-26","dvd":"2010-01-12"},"ratings":{"critics_rating":"Certified Fresh","critics_score":97,"audience_rating":"Upright","audience_score":84},"synopsis":"","posters":{"thumbnail":"http://content7.flixster.com/movie/11/17/57/11175773_mob.jpg","profile":"http://content7.flixster.com/movie/11/17/57/11175773_pro.jpg","detailed":"http://content7.flixster.com/movie/11/17/57/11175773_det.jpg","original":"http://content7.flixster.com/movie/11/17/57/11175773_ori.jpg"},"abridged_cast":[{"name":"Jeremy Renner","id":"309973652","characters":["Staff Sgt. William James"]},{"name":"Anthony Mackie","id":"162653786","characters":["Sgt J.T. Sanborn"]},{"name":"Brian Geraghty","id":"364606993","characters":["Specialist Owen Eldridge"]},{"name":"Guy Pearce","id":"162660324","characters":["Sgt. Matt Thompson"]},{"name":"Ralph Fiennes","id":"162653681","characters":["Contractor Team Leader"]}],"alternate_ids":{"imdb":"0887912"},"links":{"self":"http://api.rottentomatoes.com/api/public/v1.0/movies/770789467.json","alternate":"http://www.rottentomatoes.com/m/hurt_locker/","cast":"http://api.rottentomatoes.com/api/public/v1.0/movies/770789467/cast.json","clips":"http://api.rottentomatoes.com/api/public/v1.0/movies/770789467/clips.json","reviews":"http://api.rottentomatoes.com/api/public/v1.0/movies/770789467/reviews.json","similar":"http://api.rottentomatoes.com/api/public/v1.0/movies/770789467/similar.json"}},{"id":"13516","title":"The Cell","year":2000,"mpaa_rating":"R","runtime":106,"critics_consensus":"The Cell offers disturbing, stunning eye candy, but it is undermined by a weak and shallow plotline that offers nothing new.","release_dates":{"theater":"2000-08-18","dvd":"2000-12-19"},"ratings":{"critics_rating":"Rotten","critics_score":45,"audience_rating":"Spilled","audience_score":57},"synopsis":"","posters":{"thumbnail":"http://content6.flixster.com/movie/27/01/270120_mob.jpg","profile":"http://content6.flixster.com/movie/27/01/270120_pro.jpg","detailed":"http://content6.flixster.com/movie/27/01/270120_det.jpg","original":"http://content6.flixster.com/movie/27/01/270120_ori.jpg"},"abridged_cast":[{"name":"Jennifer Lopez","id":"162652167","characters":["Catherine Deane"]},{"name":"Vince Vaughn","id":"162652630","characters":["Agent Peter Novak"]},{"name":"Vincent D'Onofrio","id":"162654048","characters":["Carl Stargher"]},{"name":"Jake Weber","id":"162727373","characters":["Agent Gordon Ramsey"]},{"name":"Dylan Baker","id":"162670635","characters":["Henry West"]}],"alternate_ids":{"imdb":"0209958"},"links":{"self":"http://api.rottentomatoes.com/api/public/v1.0/movies/13516.json","alternate":"http://www.rottentomatoes.com/m/the_cell_2000/","cast":"http://api.rottentomatoes.com/api/public/v1.0/movies/13516/cast.json","clips":"http://api.rottentomatoes.com/api/public/v1.0/movies/13516/clips.json","reviews":"http://api.rottentomatoes.com/api/public/v1.0/movies/13516/reviews.json","similar":"http://api.rottentomatoes.com/api/public/v1.0/movies/13516/similar.json"}},{"id":"14462","title":"A Nightmare on Elm Street 4 - The Dream Master","year":1988,"mpaa_rating":"R","runtime":93,"release_dates":{"theater":"1988-08-19","dvd":"2001-08-21"},"ratings":{"critics_rating":"Rotten","critics_score":56,"audience_rating":"Spilled","audience_score":45},"synopsis":"","posters":{"thumbnail":"http://content6.flixster.com/movie/10/95/40/10954012_mob.jpg","profile":"http://content6.flixster.com/movie/10/95/40/10954012_pro.jpg","detailed":"http://content6.flixster.com/movie/10/95/40/10954012_det.jpg","original":"http://content6.flixster.com/movie/10/95/40/10954012_ori.jpg"},"abridged_cast":[{"name":"Robert Englund","id":"162686758","characters":["Freddy Krueger"]},{"name":"Lisa Wilcox","id":"694921153","characters":["Alice"]},{"name":"Rodney Eastman","id":"162708218","characters":["Joey"]},{"name":"Danny Hassel","id":"770712396","characters":["Danny"]},{"name":"Andras Jones","id":"770690154","characters":["Rick"]}],"alternate_ids":{"imdb":"0095742"},"links":{"self":"http://api.rottentomatoes.com/api/public/v1.0/movies/14462.json","alternate":"http://www.rottentomatoes.com/m/nightmare_on_elm_street_4_the_dream_master/","cast":"http://api.rottentomatoes.com/api/public/v1.0/movies/14462/cast.json","clips":"http://api.rottentomatoes.com/api/public/v1.0/movies/14462/clips.json","reviews":"http://api.rottentomatoes.com/api/public/v1.0/movies/14462/reviews.json","similar":"http://api.rottentomatoes.com/api/public/v1.0/movies/14462/similar.json"}},{"id":"771354446","title":"The Nut Job","year":2014,"mpaa_rating":"PG","runtime":86,"critics_consensus":"Hampered by an unlikable central character and source material stretched too thin to cover its brief running time, The Nut Job will provoke an allergic reaction in all but the least demanding moviegoers.","release_dates":{"theater":"2014-01-17","dvd":"2014-04-15"},"ratings":{"critics_rating":"Rotten","critics_score":11,"audience_rating":"Spilled","audience_score":50},"synopsis":"In animated 3D, THE NUT JOB is an action-packed comedy in fictional Oakton that follows the travails of Surly (voiced by Will Arnett), a mischievous squirrel, and his rat friend Buddy, who plan a nut store heist of outrageous proportions and unwittingly find themselves embroiled in a much more complicated and hilarious adventure. (c) Open Road","posters":{"thumbnail":"http://content6.flixster.com/movie/11/17/48/11174840_mob.jpg","profile":"http://content6.flixster.com/movie/11/17/48/11174840_pro.jpg","detailed":"http://content6.flixster.com/movie/11/17/48/11174840_det.jpg","original":"http://content6.flixster.com/movie/11/17/48/11174840_ori.jpg"},"abridged_cast":[{"name":"Will Arnett","id":"335717464","characters":["Surly"]},{"name":"Brendan Fraser","id":"162662763","characters":["Grayson"]},{"name":"Liam Neeson","id":"162652242","characters":["Raccoon"]},{"name":"Katherine Heigl","id":"162670134","characters":["Andie"]},{"name":"Stephen Lang","id":"162662195","characters":["King"]}],"alternate_ids":{"imdb":"1821658"},"links":{"self":"http://api.rottentomatoes.com/api/public/v1.0/movies/771354446.json","alternate":"http://www.rottentomatoes.com/m/the_nut_job/","cast":"http://api.rottentomatoes.com/api/public/v1.0/movies/771354446/cast.json","clips":"http://api.rottentomatoes.com/api/public/v1.0/movies/771354446/clips.json","reviews":"http://api.rottentomatoes.com/api/public/v1.0/movies/771354446/reviews.json","similar":"http://api.rottentomatoes.com/api/public/v1.0/movies/771354446/similar.json"}},{"id":"18521","title":"The Animatrix","year":2003,"mpaa_rating":"PG-13","runtime":102,"release_dates":{"theater":"2003-06-03","dvd":"2003-06-03"},"ratings":{"critics_rating":"Fresh","critics_score":88,"audience_rating":"Upright","audience_score":78},"synopsis":"","posters":{"thumbnail":"http://content7.flixster.com/movie/11/16/96/11169649_mob.jpg","profile":"http://content7.flixster.com/movie/11/16/96/11169649_pro.jpg","detailed":"http://content7.flixster.com/movie/11/16/96/11169649_det.jpg","original":"http://content7.flixster.com/movie/11/16/96/11169649_ori.jpg"},"abridged_cast":[{"name":"Akio Otsuka","id":"162661735"},{"name":"Clayton Watson","id":"224819508"},{"name":"Pamela Adlon","id":"770673448"},{"name":"Hedy Burress","id":"162687662"},{"name":"Terrence 'T.C.' Carson","id":"162750790"}],"alternate_ids":{"imdb":"0328832"},"links":{"self":"http://api.rottentomatoes.com/api/public/v1.0/movies/18521.json","alternate":"http://www.rottentomatoes.com/m/animatrix/","cast":"http://api.rottentomatoes.com/api/public/v1.0/movies/18521/cast.json","clips":"http://api.rottentomatoes.com/api/public/v1.0/movies/18521/clips.json","reviews":"http://api.rottentomatoes.com/api/public/v1.0/movies/18521/reviews.json","similar":"http://api.rottentomatoes.com/api/public/v1.0/movies/18521/similar.json"}},{"id":"770799342","title":"The Grudge 3","year":2009,"mpaa_rating":"R","runtime":91,"release_dates":{"theater":"2009-03-24","dvd":"2009-05-12"},"ratings":{"critics_score":-1,"audience_rating":"Spilled","audience_score":28},"synopsis":"","posters":{"thumbnail":"http://content7.flixster.com/movie/10/87/50/10875097_mob.jpg","profile":"http://content7.flixster.com/movie/10/87/50/10875097_pro.jpg","detailed":"http://content7.flixster.com/movie/10/87/50/10875097_det.jpg","original":"http://content7.flixster.com/movie/10/87/50/10875097_ori.jpg"},"abridged_cast":[{"name":"Marina Sirtis","id":"162675226"},{"name":"Shawnee Smith","id":"162704691","characters":["Dr. Sullivan"]},{"name":"Matthew Knight","id":"347990465"},{"name":"Beau Mirchoff","id":"770781201"},{"name":"Johanna E. Braddy","id":"770695885"}],"alternate_ids":{"imdb":"1053859"},"links":{"self":"http://api.rottentomatoes.com/api/public/v1.0/movies/770799342.json","alternate":"http://www.rottentomatoes.com/m/grudge_3/","cast":"http://api.rottentomatoes.com/api/public/v1.0/movies/770799342/cast.json","clips":"http://api.rottentomatoes.com/api/public/v1.0/movies/770799342/clips.json","reviews":"http://api.rottentomatoes.com/api/public/v1.0/movies/770799342/reviews.json","similar":"http://api.rottentomatoes.com/api/public/v1.0/movies/770799342/similar.json"}},{"id":"770782767","title":"Conan the Barbarian","year":2011,"mpaa_rating":"R","runtime":112,"critics_consensus":"While its relentless, gory violence is more faithful to the Robert E. Howard books, Conan the Barbarian forsakes three-dimensional characters, dialogue, and acting in favor of unnecessary 3D effects.","release_dates":{"theater":"2011-08-19","dvd":"2011-11-22"},"ratings":{"critics_rating":"Rotten","critics_score":24,"audience_rating":"Spilled","audience_score":30},"synopsis":"A quest that begins as a personal vendetta for the fierce Cimmerian warrior soon turns into an epic battle against hulking rivals, horrific monsters, and impossible odds, as Conan (Jason Momoa) realizes he is the only hope of saving the great nations of Hyboria from an encroaching reign of supernatural evil. -- (C) Lionsgate","posters":{"thumbnail":"http://content6.flixster.com/movie/11/17/30/11173040_mob.jpg","profile":"http://content6.flixster.com/movie/11/17/30/11173040_pro.jpg","detailed":"http://content6.flixster.com/movie/11/17/30/11173040_det.jpg","original":"http://content6.flixster.com/movie/11/17/30/11173040_ori.jpg"},"abridged_cast":[{"name":"Jason Momoa","id":"448571481","characters":["Conan"]},{"name":"Stephen Lang","id":"162662195","characters":["Khalar Singh","Khalar Zym"]},{"name":"Rachel Nichols","id":"162652371","characters":["Tamara"]},{"name":"Ron Perlman","id":"162664018","characters":["Corin"]},{"name":"Rose McGowan","id":"162705076","characters":["Marique"]}],"alternate_ids":{"imdb":"0816462"},"links":{"self":"http://api.rottentomatoes.com/api/public/v1.0/movies/770782767.json","alternate":"http://www.rottentomatoes.com/m/conan_the_barbarian_2011/","cast":"http://api.rottentomatoes.com/api/public/v1.0/movies/770782767/cast.json","clips":"http://api.rottentomatoes.com/api/public/v1.0/movies/770782767/clips.json","reviews":"http://api.rottentomatoes.com/api/public/v1.0/movies/770782767/reviews.json","similar":"http://api.rottentomatoes.com/api/public/v1.0/movies/770782767/similar.json"}},{"id":"2133","title":"The Devil's Rejects","year":2005,"mpaa_rating":"R","runtime":109,"critics_consensus":"Zombie has improved as a filmmaker since \"House of 1000 Corpses\" and will please fans of the genre, but beware -- the horror is nasty, relentless, and sadistic.","release_dates":{"theater":"2005-07-22","dvd":"2005-11-08"},"ratings":{"critics_rating":"Rotten","critics_score":53,"audience_rating":"Upright","audience_score":79},"synopsis":"","posters":{"thumbnail":"http://content7.flixster.com/movie/24/99/249905_mob.jpg","profile":"http://content7.flixster.com/movie/24/99/249905_pro.jpg","detailed":"http://content7.flixster.com/movie/24/99/249905_det.jpg","original":"http://content7.flixster.com/movie/24/99/249905_ori.jpg"},"abridged_cast":[{"name":"Sid Haig","id":"162653011","characters":["Captain Spaulding"]},{"name":"Bill Moseley","id":"368451839","characters":["Otis"]},{"name":"Sheri Moon Zombie","id":"770902639","characters":["Baby"]},{"name":"Ken Foree","id":"343307742","characters":["Charlie Altamont"]},{"name":"Matthew McGrory","id":"162653014","characters":["Tiny Firefly"]}],"alternate_ids":{"imdb":"0395584"},"links":{"self":"http://api.rottentomatoes.com/api/public/v1.0/movies/2133.json","alternate":"http://www.rottentomatoes.com/m/devils_rejects/","cast":"http://api.rottentomatoes.com/api/public/v1.0/movies/2133/cast.json","clips":"http://api.rottentomatoes.com/api/public/v1.0/movies/2133/clips.json","reviews":"http://api.rottentomatoes.com/api/public/v1.0/movies/2133/reviews.json","similar":"http://api.rottentomatoes.com/api/public/v1.0/movies/2133/similar.json"}},{"id":"10125","title":"Master and Commander: The Far Side of the World","year":2003,"mpaa_rating":"PG-13","runtime":137,"critics_consensus":"Russell Crowe's rough charm is put to good use in this masterful adaptation of Patrick O'Brian's novel.","release_dates":{"theater":"2003-11-14","dvd":"2004-04-20"},"ratings":{"critics_rating":"Certified Fresh","critics_score":85,"audience_rating":"Upright","audience_score":80},"synopsis":"","posters":{"thumbnail":"http://content8.flixster.com/movie/25/41/254198_mob.jpg","profile":"http://content8.flixster.com/movie/25/41/254198_pro.jpg","detailed":"http://content8.flixster.com/movie/25/41/254198_det.jpg","original":"http://content8.flixster.com/movie/25/41/254198_ori.jpg"},"abridged_cast":[{"name":"Russell Crowe","id":"162652569","characters":["Captain Jack Aubrey"]},{"name":"Paul Bettany","id":"162660360","characters":["Dr. Stephen Maturin"]},{"name":"Billy Boyd","id":"162660362","characters":["Barrett Bonden"]},{"name":"James D'Arcy","id":"162660361","characters":["1st Lt. Tom Pullings"]},{"name":"Lee Ingleby","id":"313841004","characters":["Hollom Midshipman"]}],"alternate_ids":{"imdb":"0311113"},"links":{"self":"http://api.rottentomatoes.com/api/public/v1.0/movies/10125.json","alternate":"http://www.rottentomatoes.com/m/master_and_commander_the_far_side_of_the_world/","cast":"http://api.rottentomatoes.com/api/public/v1.0/movies/10125/cast.json","clips":"http://api.rottentomatoes.com/api/public/v1.0/movies/10125/clips.json","reviews":"http://api.rottentomatoes.com/api/public/v1.0/movies/10125/reviews.json","similar":"http://api.rottentomatoes.com/api/public/v1.0/movies/10125/similar.json"}},{"id":"152552156","title":"Akeelah and the Bee","year":2006,"mpaa_rating":"PG","runtime":112,"critics_consensus":"Although predictable in every way, a winning performance from its young star Keke Palmer and the rest of the cast makes it difficult not to cheer for the little heroine of Akeelah and the Bee. Sort of like Rocky for the middle school nerd set, Akeelah is a warm, family-friendly underdog story, featuring terrific supporting performances from Laurence Fishburne and Angela Bassett.","release_dates":{"theater":"2006-04-28","dvd":"2006-08-29"},"ratings":{"critics_rating":"Certified Fresh","critics_score":84,"audience_rating":"Upright","audience_score":81},"synopsis":"","posters":{"thumbnail":"http://content8.flixster.com/movie/10/84/08/10840854_mob.jpg","profile":"http://content8.flixster.com/movie/10/84/08/10840854_pro.jpg","detailed":"http://content8.flixster.com/movie/10/84/08/10840854_det.jpg","original":"http://content8.flixster.com/movie/10/84/08/10840854_ori.jpg"},"abridged_cast":[{"name":"Laurence Fishburne","id":"162669090","characters":["Dr. Larabee"]},{"name":"Angela Bassett","id":"162652631","characters":["Tanya"]},{"name":"Keke Palmer","id":"335286335","characters":["Akeelah Anderson"]},{"name":"Curtis Armstrong","id":"364599258","characters":["Mr. Welch"]},{"name":"Tzi Ma","id":"326395906","characters":["Mr. Chiu"]}],"alternate_ids":{"imdb":"0437800"},"links":{"self":"http://api.rottentomatoes.com/api/public/v1.0/movies/152552156.json","alternate":"http://www.rottentomatoes.com/m/akeelah_and_the_bee/","cast":"http://api.rottentomatoes.com/api/public/v1.0/movies/152552156/cast.json","clips":"http://api.rottentomatoes.com/api/public/v1.0/movies/152552156/clips.json","reviews":"http://api.rottentomatoes.com/api/public/v1.0/movies/152552156/reviews.json","similar":"http://api.rottentomatoes.com/api/public/v1.0/movies/152552156/similar.json"}},{"id":"11123","title":"The Nutty Professor","year":1996,"mpaa_rating":"PG-13","runtime":95,"release_dates":{"theater":"1996-06-28","dvd":"1998-01-20"},"ratings":{"critics_rating":"Fresh","critics_score":65,"audience_rating":"Spilled","audience_score":44},"synopsis":"","posters":{"thumbnail":"http://content8.flixster.com/movie/25/91/259122_mob.jpg","profile":"http://content8.flixster.com/movie/25/91/259122_pro.jpg","detailed":"http://content8.flixster.com/movie/25/91/259122_det.jpg","original":"http://content8.flixster.com/movie/25/91/259122_ori.jpg"},"abridged_cast":[{"name":"Eddie Murphy","id":"162657430","characters":["Buddy Love","Lance Perkins","Mama Klump","Papa Klump","Sherman Klump"]},{"name":"Jada Pinkett Smith","id":"162673877","characters":["Carla Purty"]},{"name":"James Coburn","id":"162667873","characters":["Harlan Hartley"]},{"name":"Larry Miller","id":"162673291","characters":["Dean Richmond"]},{"name":"Dave Chappelle","id":"162673701","characters":["Reggie Warrington"]}],"alternate_ids":{"imdb":"0117218"},"links":{"self":"http://api.rottentomatoes.com/api/public/v1.0/movies/11123.json","alternate":"http://www.rottentomatoes.com/m/1071708-nutty_professor/","cast":"http://api.rottentomatoes.com/api/public/v1.0/movies/11123/cast.json","clips":"http://api.rottentomatoes.com/api/public/v1.0/movies/11123/clips.json","reviews":"http://api.rottentomatoes.com/api/public/v1.0/movies/11123/reviews.json","similar":"http://api.rottentomatoes.com/api/public/v1.0/movies/11123/similar.json"}}],"links":{"self":"http://api.rottentomatoes.com/api/public/v1.0/movies.json?q=the&page_limit=50&page=15","next":"http://api.rottentomatoes.com/api/public/v1.0/movies.json?q=the&page_limit=50&page=16","prev":"http://api.rottentomatoes.com/api/public/v1.0/movies.json?q=the&page_limit=50&page=14"},"link_template":"http://api.rottentomatoes.com/api/public/v1.0/movies.json?q={search-term}&page_limit={results-per-page}&page={page-number}"}