

{"total":52485,"movies":[{"id":"18139","title":"The Grapes of Wrath","year":1940,"mpaa_rating":"Unrated","runtime":129,"critics_consensus":"A potent drama that is as socially important today as when it was made, The Grapes of Wrath is affecting, moving, and deservedly considered an American classic.","release_dates":{"theater":"1940-03-15","dvd":"2004-04-06"},"ratings":{"critics_rating":"Certified Fresh","critics_score":100,"audience_rating":"Upright","audience_score":88},"synopsis":"","posters":{"thumbnail":"http://content9.flixster.com/movie/10/85/60/10856083_mob.jpg","profile":"http://content9.flixster.com/movie/10/85/60/10856083_pro.jpg","detailed":"http://content9.flixster.com/movie/10/85/60/10856083_det.jpg","original":"http://content9.flixster.com/movie/10/85/60/10856083_ori.jpg"},"abridged_cast":[{"name":"Henry Fonda","id":"162656556","characters":["Tom Joad"]},{"name":"Jane Darwell","id":"364657364","characters":["Ma Joad"]},{"name":"John Carradine","id":"184529961","characters":["Jim Casey"]},{"name":"Charles Grapewin","id":"770924407","characters":["Grandpa Joad"]},{"name":"Doris Bowden","id":"770724034","characters":["Rosasharn"]}],"alternate_ids":{"imdb":"0032551"},"links":{"self":"http://api.rottentomatoes.com/api/public/v1.0/movies/18139.json","alternate":"http://www.rottentomatoes.com/m/grapes_of_wrath/","cast":"http://api.rottentomatoes.com/api/public/v1.0/movies/18139/cast.json","clips":"http://api.rottentomatoes.com/api/public/v1.0/movies/18139/clips.json","reviews":"http://api.rottentomatoes.com/api/public/v1.0/movies/18139/reviews.json","similar":"http://api.rottentomatoes.com/api/public/v1.0/movies/18139/similar.json"}},{"id":"10173","title":"The Importance of Being Earnest","year":2002,"mpaa_rating":"PG","runtime":93,"critics_consensus":"Oliver Parker's adaptation of Oscar Wilde's classic play is breezy entertainment, helped by an impressive cast, but it also suffers from some peculiar directorial choices that ultimately dampen the film's impact.","release_dates":{"theater":"2002-05-31","dvd":"2002-11-12"},"ratings":{"critics_rating":"Rotten","critics_score":58,"audience_rating":"Upright","audience_score":73},"synopsis":"","posters":{"thumbnail":"http://content7.flixster.com/movie/25/44/254413_mob.jpg","profile":"http://content7.flixster.com/movie/25/44/254413_pro.jpg","detailed":"http://content7.flixster.com/movie/25/44/254413_det.jpg","original":"http://content7.flixster.com/movie/25/44/254413_ori.jpg"},"abridged_cast":[{"name":"Rupert Everett","id":"162653375","characters":["Algernon Moncrieff"]},{"name":"Colin Firth","id":"162654659","characters":["Jack Worthing/Earnest"]},{"name":"Frances O'Connor","id":"326397496","characters":["Gwendolyn Fairfax"]},{"name":"Reese Witherspoon","id":"162653903","characters":["Cecily Cardew"]},{"name":"Judi Dench","id":"162652435","characters":["Lady Bracknell"]}],"alternate_ids":{"imdb":"0278500"},"links":{"self":"http://api.rottentomatoes.com/api/public/v1.0/movies/10173.json","alternate":"http://www.rottentomatoes.com/m/importance_of_being_earnest/","cast":"http://api.rottentomatoes.com/api/public/v1.0/movies/10173/cast.json","clips":"http://api.rottentomatoes.com/api/public/v1.0/movies/10173/clips.json","reviews":"http://api.rottentomatoes.com/api/public/v1.0/movies/10173/reviews.json","similar":"http://api.rottentomatoes.com/api/public/v1.0/movies/10173/similar.json"}},{"id":"10690","title":"The Hudsucker Proxy","year":1994,"mpaa_rating":"PG","runtime":110,"release_dates":{"theater":"1994-01-01","dvd":"1999-05-18"},"ratings":{"critics_rating":"Rotten","critics_score":58,"audience_rating":"Upright","audience_score":80},"synopsis":"","posters":{"thumbnail":"http://content9.flixster.com/movie/10/87/85/10878555_mob.jpg","profile":"http://content9.flixster.com/movie/10/87/85/10878555_pro.jpg","detailed":"http://content9.flixster.com/movie/10/87/85/10878555_det.jpg","original":"http://content9.flixster.com/movie/10/87/85/10878555_ori.jpg"},"abridged_cast":[{"name":"Tim Robbins","id":"162655168","characters":["Norville Barnes"]},{"name":"Jennifer Jason Leigh","id":"162666243","characters":["Amy Archer"]},{"name":"Paul Newman","id":"162660114","characters":["Sidney J. Mussburger"]},{"name":"Charles Durning","id":"162653601","characters":["Waring Hudsucker"]},{"name":"John Mahoney","id":"162697602","characters":["Chief"]}],"alternate_ids":{"imdb":"0110074"},"links":{"self":"http://api.rottentomatoes.com/api/public/v1.0/movies/10690.json","alternate":"http://www.rottentomatoes.com/m/hudsucker_proxy/","cast":"http://api.rottentomatoes.com/api/public/v1.0/movies/10690/cast.json","clips":"http://api.rottentomatoes.com/api/public/v1.0/movies/10690/clips.json","reviews":"http://api.rottentomatoes.com/api/public/v1.0/movies/10690/reviews.json","similar":"http://api.rottentomatoes.com/api/public/v1.0/movies/10690/similar.json"}},{"id":"10304","title":"Under the Tuscan Sun","year":2003,"mpaa_rating":"PG-13","runtime":113,"critics_consensus":"Though formulaic and superficial, Under the Tuscan Sun is redeemed by Lane's vibrant performance.","release_dates":{"theater":"2003-09-26","dvd":"2004-02-03"},"ratings":{"critics_rating":"Fresh","critics_score":61,"audience_rating":"Upright","audience_score":79},"synopsis":"","posters":{"thumbnail":"http://content9.flixster.com/movie/25/50/255095_mob.jpg","profile":"http://content9.flixster.com/movie/25/50/255095_pro.jpg","detailed":"http://content9.flixster.com/movie/25/50/255095_det.jpg","original":"http://content9.flixster.com/movie/25/50/255095_ori.jpg"},"abridged_cast":[{"name":"Diane Lane","id":"162652926","characters":["Frances Mayes"]},{"name":"Sandra Oh","id":"162661882","characters":["Patti"]},{"name":"Lindsay Duncan","id":"162759546","characters":["Katherine"]},{"name":"Raoul Bova","id":"162660193","characters":["Marcello"]},{"name":"Vincent Riotta","id":"400111660","characters":["Mr. Martini"]}],"alternate_ids":{"imdb":"0328589"},"links":{"self":"http://api.rottentomatoes.com/api/public/v1.0/movies/10304.json","alternate":"http://www.rottentomatoes.com/m/under_the_tuscan_sun/","cast":"http://api.rottentomatoes.com/api/public/v1.0/movies/10304/cast.json","clips":"http://api.rottentomatoes.com/api/public/v1.0/movies/10304/clips.json","reviews":"http://api.rottentomatoes.com/api/public/v1.0/movies/10304/reviews.json","similar":"http://api.rottentomatoes.com/api/public/v1.0/movies/10304/similar.json"}},{"id":"771035581","title":"The Devil's Double","year":2011,"mpaa_rating":"R","runtime":108,"release_dates":{"theater":"2011-07-29","dvd":"2011-11-22"},"ratings":{"critics_rating":"Rotten","critics_score":52,"audience_rating":"Upright","audience_score":65},"synopsis":"Summoned from the frontline to Saddam Hussein's palace, Iraqi army lieutenant Latif Yahia (Dominic Cooper) is thrust into the highest echelons of the \"royal family\" when he's ordered to become the 'fiday' - or body double - to Saddam's son, the notorious \"Black Prince\" Uday Hussein (also Dominic Cooper), a reckless, sadistic party-boy with a rabid hunger for sex and brutality. With his and his family's lives at stake, Latif must surrender his former self forever as he learns to walk, talk and act like Uday. But nothing could have prepared him for the horror of the Black Prince's psychotic, drug-addled life of fast cars, easy women and impulsive violence. -- (C) Lionsgate","posters":{"thumbnail":"http://content8.flixster.com/movie/11/15/70/11157034_mob.jpg","profile":"http://content8.flixster.com/movie/11/15/70/11157034_pro.jpg","detailed":"http://content8.flixster.com/movie/11/15/70/11157034_det.jpg","original":"http://content8.flixster.com/movie/11/15/70/11157034_ori.jpg"},"abridged_cast":[{"name":"Dominic Cooper","id":"349219113","characters":["Latif Yahia","Uday Hussein"]},{"name":"Ludivine Sagnier","id":"162721700","characters":["Sarrab"]},{"name":"Raad Rawi","id":"770790629","characters":["Munem"]},{"name":"Philip Quast","id":"770709353","characters":["Faoaz","Saddam Hussein"]},{"name":"Mimoun Oaissa","id":"519117979","characters":["Ali"]}],"alternate_ids":{"imdb":"1270262"},"links":{"self":"http://api.rottentomatoes.com/api/public/v1.0/movies/771035581.json","alternate":"http://www.rottentomatoes.com/m/the_devils_double/","cast":"http://api.rottentomatoes.com/api/public/v1.0/movies/771035581/cast.json","clips":"http://api.rottentomatoes.com/api/public/v1.0/movies/771035581/clips.json","reviews":"http://api.rottentomatoes.com/api/public/v1.0/movies/771035581/reviews.json","similar":"http://api.rottentomatoes.com/api/public/v1.0/movies/771035581/similar.json"}},{"id":"13469","title":"The Last Boy Scout","year":1991,"mpaa_rating":"R","runtime":105,"release_dates":{"theater":"1991-12-13","dvd":"1998-05-26"},"ratings":{"critics_rating":"Rotten","critics_score":44,"audience_rating":"Upright","audience_score":69},"synopsis":"","posters":{"thumbnail":"http://content6.flixster.com/movie/11/17/39/11173936_mob.jpg","profile":"http://content6.flixster.com/movie/11/17/39/11173936_pro.jpg","detailed":"http://content6.flixster.com/movie/11/17/39/11173936_det.jpg","original":"http://content6.flixster.com/movie/11/17/39/11173936_ori.jpg"},"abridged_cast":[{"name":"Bruce Willis","id":"162652509","characters":["Joe Hallenbeck"]},{"name":"Damon Wayans","id":"162666095","characters":["Jimmy Dix"]},{"name":"Chelsea Field","id":"358187115","characters":["Sarah Hallenbeck"]},{"name":"Noble Willingham","id":"563408971","characters":["Sheldon Marcone"]},{"name":"Taylor Negron","id":"364636405","characters":["Milo"]}],"alternate_ids":{"imdb":"0102266"},"links":{"self":"http://api.rottentomatoes.com/api/public/v1.0/movies/13469.json","alternate":"http://www.rottentomatoes.com/m/last_boy_scout/","cast":"http://api.rottentomatoes.com/api/public/v1.0/movies/13469/cast.json","clips":"http://api.rottentomatoes.com/api/public/v1.0/movies/13469/clips.json","reviews":"http://api.rottentomatoes.com/api/public/v1.0/movies/13469/reviews.json","similar":"http://api.rottentomatoes.com/api/public/v1.0/movies/13469/similar.json"}},{"id":"392466834","title":"Home of the Brave","year":2006,"mpaa_rating":"R","runtime":105,"critics_consensus":"The ensemble cast works hard, but hammy direction and a script lacking in nuance ruins this movie's noble intentions.","release_dates":{"theater":"2006-12-15","dvd":"2007-10-23"},"ratings":{"critics_rating":"Rotten","critics_score":23,"audience_rating":"Spilled","audience_score":47},"synopsis":"","posters":{"thumbnail":"http://content8.flixster.com/movie/11/17/01/11170134_mob.jpg","profile":"http://content8.flixster.com/movie/11/17/01/11170134_pro.jpg","detailed":"http://content8.flixster.com/movie/11/17/01/11170134_det.jpg","original":"http://content8.flixster.com/movie/11/17/01/11170134_ori.jpg"},"abridged_cast":[{"name":"Samuel L. Jackson","id":"162652156","characters":["Will Marsh"]},{"name":"Jessica Biel","id":"162652974","characters":["Vanessa Price"]},{"name":"Brian Presley","id":"357424978","characters":["Tommy Yates"]},{"name":"Curtis Jackson","id":"771046841","characters":["Jamal Aiken"]},{"name":"Victoria Rowell","id":"770674575","characters":["Penelope Marsh"]}],"alternate_ids":{"imdb":"0763840"},"links":{"self":"http://api.rottentomatoes.com/api/public/v1.0/movies/392466834.json","alternate":"http://www.rottentomatoes.com/m/home_of_the_brave/","cast":"http://api.rottentomatoes.com/api/public/v1.0/movies/392466834/cast.json","clips":"http://api.rottentomatoes.com/api/public/v1.0/movies/392466834/clips.json","reviews":"http://api.rottentomatoes.com/api/public/v1.0/movies/392466834/reviews.json","similar":"http://api.rottentomatoes.com/api/public/v1.0/movies/392466834/similar.json"}},{"id":"771355926","title":"The Last Days On Mars","year":2013,"mpaa_rating":"R","runtime":91,"critics_consensus":"Neither intelligent enough to work as thought-provoking sci-fi nor trashy enough to provide B-movie thrills, The Last Days on Mars proves as cinematically barren as the titular planet.","release_dates":{"theater":"2013-12-06","dvd":"2014-03-04"},"ratings":{"critics_rating":"Rotten","critics_score":16,"audience_rating":"Spilled","audience_score":26},"synopsis":"On the last day of the first manned mission to Mars, a crew member of Tantalus Base believes he has made an astounding discovery - fossilized evidence of bacterial life. Unwilling to let the relief crew claim all the glory, he disobeys orders to pack up and goes out on an unauthorized expedition to collect further samples. But a routine excavation turns to disaster when the porous ground collapses, and he falls into a deep crevice and near certain death. His devastated colleagues attempt to recover his body. However, when another vanishes they start to suspect that the life-form they have discovered is not yet dead. As the group begins to fall apart it seems their only hope is the imminent arrival of the relief ship Aurora. (c) Magnolia","posters":{"thumbnail":"http://content9.flixster.com/movie/11/17/35/11173567_mob.jpg","profile":"http://content9.flixster.com/movie/11/17/35/11173567_pro.jpg","detailed":"http://content9.flixster.com/movie/11/17/35/11173567_det.jpg","original":"http://content9.flixster.com/movie/11/17/35/11173567_ori.jpg"},"abridged_cast":[{"name":"Liev Schreiber","id":"162653994","characters":["Vincent Campbell"]},{"name":"Romola Garai","id":"162663835","characters":["Rebecca Lane"]},{"name":"Elias Koteas","id":"162654218","characters":["Charles Brunel"]},{"name":"Olivia Williams","id":"162662296","characters":["Kim Aldrich"]},{"name":"Johnny Harris","id":"385329965","characters":["Robert Irwin"]}],"alternate_ids":{"imdb":"1709143"},"links":{"self":"http://api.rottentomatoes.com/api/public/v1.0/movies/771355926.json","alternate":"http://www.rottentomatoes.com/m/the_last_days_on_mars/","cast":"http://api.rottentomatoes.com/api/public/v1.0/movies/771355926/cast.json","clips":"http://api.rottentomatoes.com/api/public/v1.0/movies/771355926/clips.json","reviews":"http://api.rottentomatoes.com/api/public/v1.0/movies/771355926/reviews.json","similar":"http://api.rottentomatoes.com/api/public/v1.0/movies/771355926/similar.json"}},{"id":"17057","title":"The Hustler","year":1961,"mpaa_rating":"Unrated","runtime":134,"critics_consensus":"Paul Newman and Jackie Gleason give iconic performances in this dark, morally complex tale of redemption.","release_dates":{"theater":"1961-09-25","dvd":"2002-06-04"},"ratings":{"critics_rating":"Certified Fresh","critics_score":98,"audience_rating":"Upright","audience_score":93},"synopsis":"","posters":{"thumbnail":"http://content9.flixster.com/movie/11/16/49/11164943_mob.jpg","profile":"http://content9.flixster.com/movie/11/16/49/11164943_pro.jpg","detailed":"http://content9.flixster.com/movie/11/16/49/11164943_det.jpg","original":"http://content9.flixster.com/movie/11/16/49/11164943_ori.jpg"},"abridged_cast":[{"name":"Paul Newman","id":"162660114","characters":["\"Fast\" Eddie Felson"]},{"name":"Jackie Gleason","id":"162670404","characters":["Minnesota Fats"]},{"name":"Piper Laurie","id":"162675397","characters":["Sarah Packard"]},{"name":"George C. Scott","id":"162658741","characters":["Bert Gordon"]},{"name":"Myron McCormick","id":"554008501","characters":["Charlie Bums"]}],"alternate_ids":{"imdb":"0054997"},"links":{"self":"http://api.rottentomatoes.com/api/public/v1.0/movies/17057.json","alternate":"http://www.rottentomatoes.com/m/hustler/","cast":"http://api.rottentomatoes.com/api/public/v1.0/movies/17057/cast.json","clips":"http://api.rottentomatoes.com/api/public/v1.0/movies/17057/clips.json","reviews":"http://api.rottentomatoes.com/api/public/v1.0/movies/17057/reviews.json","similar":"http://api.rottentomatoes.com/api/public/v1.0/movies/17057/similar.json"}},{"id":"13893","title":"The Peacemaker","year":1997,"mpaa_rating":"R","runtime":124,"release_dates":{"theater":"1997-09-26","dvd":"2000-10-24"},"ratings":{"critics_rating":"Rotten","critics_score":41,"audience_rating":"Spilled","audience_score":40},"synopsis":"","posters":{"thumbnail":"http://content8.flixster.com/movie/10/88/49/10884906_mob.jpg","profile":"http://content8.flixster.com/movie/10/88/49/10884906_pro.jpg","detailed":"http://content8.flixster.com/movie/10/88/49/10884906_det.jpg","original":"http://content8.flixster.com/movie/10/88/49/10884906_ori.jpg"},"abridged_cast":[{"name":"George Clooney","id":"162654528","characters":["Thomas Devoe"]},{"name":"Nicole Kidman","id":"162652279","characters":["Julia Kelly"]},{"name":"Marcel Iures","id":"331415529","characters":["Dusan Gavrich"]},{"name":"Alexander Baluev","id":"770811990","characters":["Alexsander Kodoroff"]},{"name":"Rene Medvesek","id":"770678821","characters":["Vlado Mirich"]}],"alternate_ids":{"imdb":"0119874"},"links":{"self":"http://api.rottentomatoes.com/api/public/v1.0/movies/13893.json","alternate":"http://www.rottentomatoes.com/m/1079516-peacemaker/","cast":"http://api.rottentomatoes.com/api/public/v1.0/movies/13893/cast.json","clips":"http://api.rottentomatoes.com/api/public/v1.0/movies/13893/clips.json","reviews":"http://api.rottentomatoes.com/api/public/v1.0/movies/13893/reviews.json","similar":"http://api.rottentomatoes.com/api/public/v1.0/movies/13893/similar.json"}},{"id":"9731","title":"The Muppet Movie","year":1979,"mpaa_rating":"G","runtime":98,"critics_consensus":"The Muppet Movie, the big-screen debut of Jim Henson's plush creations, is smart, lighthearted, and fun for all ages.","release_dates":{"theater":"1979-01-01","dvd":"2001-06-05"},"ratings":{"critics_rating":"Fresh","critics_score":89,"audience_rating":"Upright","audience_score":88},"synopsis":"","posters":{"thumbnail":"http://content8.flixster.com/movie/10/88/15/10881570_mob.jpg","profile":"http://content8.flixster.com/movie/10/88/15/10881570_pro.jpg","detailed":"http://content8.flixster.com/movie/10/88/15/10881570_det.jpg","original":"http://content8.flixster.com/movie/10/88/15/10881570_ori.jpg"},"abridged_cast":[{"name":"Jim Henson","id":"162656297","characters":["Dr. Teeth","Kermit the Frog","Rowlf","Waldorf"]},{"name":"Frank Oz","id":"162656296","characters":["Animal","Fozzie Bear","Miss Piggy","Sam the Eagle"]},{"name":"Charles Durning","id":"162653601","characters":["Doc Hopper"]},{"name":"Dave Goelz","id":"162656591","characters":["Dr. Bunsen Honeydew","Great Gonzo","Zoot"]},{"name":"Edgar Bergen","id":"770682969","characters":["Himself"]}],"alternate_ids":{"imdb":"0079588"},"links":{"self":"http://api.rottentomatoes.com/api/public/v1.0/movies/9731.json","alternate":"http://www.rottentomatoes.com/m/muppet_movie/","cast":"http://api.rottentomatoes.com/api/public/v1.0/movies/9731/cast.json","clips":"http://api.rottentomatoes.com/api/public/v1.0/movies/9731/clips.json","reviews":"http://api.rottentomatoes.com/api/public/v1.0/movies/9731/reviews.json","similar":"http://api.rottentomatoes.com/api/public/v1.0/movies/9731/similar.json"}},{"id":"11327","title":"The Man Without a Face","year":1993,"mpaa_rating":"PG-13","runtime":114,"release_dates":{"theater":"1993-08-25","dvd":"2004-02-24"},"ratings":{"critics_rating":"Fresh","critics_score":67,"audience_rating":"Upright","audience_score":65},"synopsis":"","posters":{"thumbnail":"http://content8.flixster.com/movie/10/88/44/10884478_mob.jpg","profile":"http://content8.flixster.com/movie/10/88/44/10884478_pro.jpg","detailed":"http://content8.flixster.com/movie/10/88/44/10884478_det.jpg","original":"http://content8.flixster.com/movie/10/88/44/10884478_ori.jpg"},"abridged_cast":[{"name":"Mel Gibson","id":"162655785","characters":["Justin McLeod"]},{"name":"Nick Stahl","id":"162686939","characters":["Chuck"]},{"name":"Margaret Whitton","id":"162681562","characters":["Catherine"]},{"name":"Fay Masterson","id":"162667623","characters":["Gloria"]},{"name":"Gaby Hoffmann","id":"162709080","characters":["Megan"]}],"alternate_ids":{"imdb":"0107501"},"links":{"self":"http://api.rottentomatoes.com/api/public/v1.0/movies/11327.json","alternate":"http://www.rottentomatoes.com/m/man_without_a_face/","cast":"http://api.rottentomatoes.com/api/public/v1.0/movies/11327/cast.json","clips":"http://api.rottentomatoes.com/api/public/v1.0/movies/11327/clips.json","reviews":"http://api.rottentomatoes.com/api/public/v1.0/movies/11327/reviews.json","similar":"http://api.rottentomatoes.com/api/public/v1.0/movies/11327/similar.json"}},{"id":"18119","title":"The Lion, the Witch, and the Wardrobe","year":1979,"mpaa_rating":"Unrated","runtime":95,"release_dates":{"theater":"1979-04-01","dvd":"2004-11-02"},"ratings":{"critics_score":-1,"audience_rating":"Upright","audience_score":69},"synopsis":"","posters":{"thumbnail":"http://content7.flixster.com/movie/13/62/82/1362825_mob.jpg","profile":"http://content7.flixster.com/movie/13/62/82/1362825_pro.jpg","detailed":"http://content7.flixster.com/movie/13/62/82/1362825_det.jpg","original":"http://content7.flixster.com/movie/13/62/82/1362825_ori.jpg"},"abridged_cast":[{"name":"Arthur Lowe","id":"162728029"},{"name":"Sesame Workshop","id":"364644994"}],"alternate_ids":{"imdb":"0079474"},"links":{"self":"http://api.rottentomatoes.com/api/public/v1.0/movies/18119.json","alternate":"http://www.rottentomatoes.com/m/lion_the_witch_and_the_wardrobe/","cast":"http://api.rottentomatoes.com/api/public/v1.0/movies/18119/cast.json","clips":"http://api.rottentomatoes.com/api/public/v1.0/movies/18119/clips.json","reviews":"http://api.rottentomatoes.com/api/public/v1.0/movies/18119/reviews.json","similar":"http://api.rottentomatoes.com/api/public/v1.0/movies/18119/similar.json"}},{"id":"17260","title":"The Island of Dr. Moreau","year":1996,"mpaa_rating":"PG-13","runtime":95,"release_dates":{"theater":"1996-08-23","dvd":"1997-08-28"},"ratings":{"critics_rating":"Rotten","critics_score":23,"audience_rating":"Spilled","audience_score":20},"synopsis":"","posters":{"thumbnail":"http://content7.flixster.com/movie/28/70/287025_mob.jpg","profile":"http://content7.flixster.com/movie/28/70/287025_pro.jpg","detailed":"http://content7.flixster.com/movie/28/70/287025_det.jpg","original":"http://content7.flixster.com/movie/28/70/287025_ori.jpg"},"abridged_cast":[{"name":"Marlon Brando","id":"162660428","characters":["Dr. Moreau"]},{"name":"Val Kilmer","id":"162652314","characters":["Montgomery"]},{"name":"David Thewlis","id":"162656526","characters":["Douglas"]},{"name":"Fairuza Balk","id":"162731353","characters":["Aissa"]},{"name":"Ron Perlman","id":"162664018","characters":["Sayer Of The Law"]}],"alternate_ids":{"imdb":"0116654"},"links":{"self":"http://api.rottentomatoes.com/api/public/v1.0/movies/17260.json","alternate":"http://www.rottentomatoes.com/m/1072156-island_of_dr_moreau/","cast":"http://api.rottentomatoes.com/api/public/v1.0/movies/17260/cast.json","clips":"http://api.rottentomatoes.com/api/public/v1.0/movies/17260/clips.json","reviews":"http://api.rottentomatoes.com/api/public/v1.0/movies/17260/reviews.json","similar":"http://api.rottentomatoes.com/api/public/v1.0/movies/17260/similar.json"}},{"id":"190813085","title":"The Long Weekend","year":2004,"mpaa_rating":"R","runtime":89,"release_dates":{"theater":"2006-06-09","dvd":"2007-07-24"},"ratings":{"critics_score":-1,"audience_rating":"Spilled","audience_score":38},"synopsis":"","posters":{"thumbnail":"http://content6.flixster.com/movie/78/59/785948_mob.jpg","profile":"http://content6.flixster.com/movie/78/59/785948_pro.jpg","detailed":"http://content6.flixster.com/movie/78/59/785948_det.jpg","original":"http://content6.flixster.com/movie/78/59/785948_ori.jpg"},"abridged_cast":[{"name":"Chris Klein","id":"162655495","characters":["Cooper Waxman"]},{"name":"Brendan Fehr","id":"162710887","characters":["Ed Waxman"]},{"name":"Chandra West","id":"298567449","characters":["Kim"]},{"name":"Craig Fairbrass","id":"364659251","characters":["Frank"]},{"name":"Paul Campbell VIII","id":"770857015","characters":["Roger"]}],"alternate_ids":{"imdb":"0419295"},"links":{"self":"http://api.rottentomatoes.com/api/public/v1.0/movies/190813085.json","alternate":"http://www.rottentomatoes.com/m/10007156-long_weekend/","cast":"http://api.rottentomatoes.com/api/public/v1.0/movies/190813085/cast.json","clips":"http://api.rottentomatoes.com/api/public/v1.0/movies/190813085/clips.json","reviews":"http://api.rottentomatoes.com/api/public/v1.0/movies/190813085/reviews.json","similar":"http://api.rottentomatoes.com/api/public/v1.0/movies/190813085/similar.json"}},{"id":"17244","title":"The 39 Steps","year":1935,"mpaa_rating":"PG","runtime":87,"critics_consensus":"Packed with twists and turns, this essential early Alfred Hitchcock feature hints at the dazzling heights he'd reach later in his career.","release_dates":{"theater":"1935-08-01","dvd":"1999-07-20"},"ratings":{"critics_rating":"Fresh","critics_score":98,"audience_rating":"Upright","audience_score":86},"synopsis":"","posters":{"thumbnail":"http://content9.flixster.com/movie/11/15/46/11154619_mob.jpg","profile":"http://content9.flixster.com/movie/11/15/46/11154619_pro.jpg","detailed":"http://content9.flixster.com/movie/11/15/46/11154619_det.jpg","original":"http://content9.flixster.com/movie/11/15/46/11154619_ori.jpg"},"abridged_cast":[{"name":"Robert Donat","id":"364630610","characters":["Richard Hannay"]},{"name":"Madeleine Carroll","id":"364639150","characters":["Pamela"]},{"name":"Godfrey Tearle","id":"770677336","characters":["Prof. Jordan"]},{"name":"Peggy Ashcroft","id":"162667657","characters":["Margaret"]},{"name":"Lucie Mannheim","id":"770695687","characters":["Miss Smith/Annabella"]}],"alternate_ids":{"imdb":"0026029"},"links":{"self":"http://api.rottentomatoes.com/api/public/v1.0/movies/17244.json","alternate":"http://www.rottentomatoes.com/m/1000121-39_steps/","cast":"http://api.rottentomatoes.com/api/public/v1.0/movies/17244/cast.json","clips":"http://api.rottentomatoes.com/api/public/v1.0/movies/17244/clips.json","reviews":"http://api.rottentomatoes.com/api/public/v1.0/movies/17244/reviews.json","similar":"http://api.rottentomatoes.com/api/public/v1.0/movies/17244/similar.json"}},{"id":"770680229","title":"Shrek the Halls","year":2007,"mpaa_rating":"G","runtime":22,"release_dates":{"theater":"2007-11-28","dvd":"2008-11-04"},"ratings":{"critics_score":-1,"audience_rating":"Upright","audience_score":64},"synopsis":"","posters":{"thumbnail":"http://content6.flixster.com/movie/11/15/44/11154488_mob.jpg","profile":"http://content6.flixster.com/movie/11/15/44/11154488_pro.jpg","detailed":"http://content6.flixster.com/movie/11/15/44/11154488_det.jpg","original":"http://content6.flixster.com/movie/11/15/44/11154488_ori.jpg"},"abridged_cast":[{"name":"Mike Myers","id":"162659399","characters":["Shrek"]},{"name":"Eddie Murphy","id":"162657430","characters":["Donkey"]},{"name":"Cameron Diaz","id":"162654443","characters":["Princess Fiona"]},{"name":"Antonio Banderas","id":"162654885","characters":["Puss In Boots"]}],"alternate_ids":{"imdb":"0897387"},"links":{"self":"http://api.rottentomatoes.com/api/public/v1.0/movies/770680229.json","alternate":"http://www.rottentomatoes.com/m/shrek_the_halls/","cast":"http://api.rottentomatoes.com/api/public/v1.0/movies/770680229/cast.json","clips":"http://api.rottentomatoes.com/api/public/v1.0/movies/770680229/clips.json","reviews":"http://api.rottentomatoes.com/api/public/v1.0/movies/770680229/reviews.json","similar":"http://api.rottentomatoes.com/api/public/v1.0/movies/770680229/similar.json"}},{"id":"14254","title":"The Object of My Affection","year":1998,"mpaa_rating":"R","runtime":112,"release_dates":{"theater":"1998-04-17","dvd":"2002-01-08"},"ratings":{"critics_rating":"Rotten","critics_score":49,"audience_rating":"Spilled","audience_score":53},"synopsis":"","posters":{"thumbnail":"http://content9.flixster.com/movie/11/16/50/11165083_mob.jpg","profile":"http://content9.flixster.com/movie/11/16/50/11165083_pro.jpg","detailed":"http://content9.flixster.com/movie/11/16/50/11165083_det.jpg","original":"http://content9.flixster.com/movie/11/16/50/11165083_ori.jpg"},"abridged_cast":[{"name":"Jennifer Aniston","id":"162655148","characters":["Nina Borowski"]},{"name":"Paul Rudd","id":"162653309","characters":["George Hanson"]},{"name":"Alan Alda","id":"162660526","characters":["Sidney Miller"]},{"name":"Nigel Hawthorne","id":"162657054","characters":["Rodney Fraser"]},{"name":"John Pankow","id":"162728845","characters":["Vince McBride"]}],"alternate_ids":{"imdb":"0120772"},"links":{"self":"http://api.rottentomatoes.com/api/public/v1.0/movies/14254.json","alternate":"http://www.rottentomatoes.com/m/object_of_my_affection/","cast":"http://api.rottentomatoes.com/api/public/v1.0/movies/14254/cast.json","clips":"http://api.rottentomatoes.com/api/public/v1.0/movies/14254/clips.json","reviews":"http://api.rottentomatoes.com/api/public/v1.0/movies/14254/reviews.json","similar":"http://api.rottentomatoes.com/api/public/v1.0/movies/14254/similar.json"}},{"id":"18661","title":"Lord of the Flies","year":1965,"mpaa_rating":"Unrated","runtime":92,"release_dates":{"theater":"1963-08-13","dvd":"2000-03-14"},"ratings":{"critics_rating":"Fresh","critics_score":100,"audience_rating":"Upright","audience_score":62},"synopsis":"","posters":{"thumbnail":"http://content8.flixster.com/movie/10/91/65/10916590_mob.jpg","profile":"http://content8.flixster.com/movie/10/91/65/10916590_pro.jpg","detailed":"http://content8.flixster.com/movie/10/91/65/10916590_det.jpg","original":"http://content8.flixster.com/movie/10/91/65/10916590_ori.jpg"},"abridged_cast":[{"name":"James Aubrey","id":"364659014","characters":["Ralph"]},{"name":"Tom Chapin","id":"770730535","characters":["Jack"]},{"name":"Hugh Edwards","id":"770730533","characters":["Piggy"]},{"name":"Roger Elwin","id":"770730534","characters":["Roger"]},{"name":"Tom Gaman","id":"770730536","characters":["Simon"]}],"alternate_ids":{"imdb":"0057261"},"links":{"self":"http://api.rottentomatoes.com/api/public/v1.0/movies/18661.json","alternate":"http://www.rottentomatoes.com/m/1012710-lord_of_the_flies/","cast":"http://api.rottentomatoes.com/api/public/v1.0/movies/18661/cast.json","clips":"http://api.rottentomatoes.com/api/public/v1.0/movies/18661/clips.json","reviews":"http://api.rottentomatoes.com/api/public/v1.0/movies/18661/reviews.json","similar":"http://api.rottentomatoes.com/api/public/v1.0/movies/18661/similar.json"}},{"id":"771354932","title":"The Past","year":2013,"mpaa_rating":"PG-13","runtime":130,"critics_consensus":"Beautifully written, sensitively directed, and powerfully acted, The Past serves as another compelling testament to Asghar Farhadi's gift for finely layered drama.","release_dates":{"theater":"2013-12-20","dvd":"2014-03-25"},"ratings":{"critics_rating":"Certified Fresh","critics_score":95,"audience_rating":"Upright","audience_score":85},"synopsis":"An Iranian man reunites with his estranged wife (Berenice Bejo) in Paris to finalize their divorce, which is soon complicated by a shocking revelation by her daughter from a previous marriage. ~ Jason Buchanan, Rovi","posters":{"thumbnail":"http://content7.flixster.com/movie/11/17/12/11171245_mob.jpg","profile":"http://content7.flixster.com/movie/11/17/12/11171245_pro.jpg","detailed":"http://content7.flixster.com/movie/11/17/12/11171245_det.jpg","original":"http://content7.flixster.com/movie/11/17/12/11171245_ori.jpg"},"abridged_cast":[{"name":"Berenice Bejo","id":"285386770","characters":["Marie"]},{"name":"Tahar Rahim","id":"770839336","characters":["Samir"]},{"name":"Ali Mosaffa","id":"770711545","characters":["Ahmad"]},{"name":"Pauline Burlet","id":"770919611","characters":["Lucie"]},{"name":"Elyes Aguis","id":"771443924","characters":["Fouad"]}],"alternate_ids":{"imdb":"2404461"},"links":{"self":"http://api.rottentomatoes.com/api/public/v1.0/movies/771354932.json","alternate":"http://www.rottentomatoes.com/m/le_passe/","cast":"http://api.rottentomatoes.com/api/public/v1.0/movies/771354932/cast.json","clips":"http://api.rottentomatoes.com/api/public/v1.0/movies/771354932/clips.json","reviews":"http://api.rottentomatoes.com/api/public/v1.0/movies/771354932/reviews.json","similar":"http://api.rottentomatoes.com/api/public/v1.0/movies/771354932/similar.json"}},{"id":"10613","title":"The Poseidon Adventure","year":1972,"mpaa_rating":"PG","runtime":117,"release_dates":{"theater":"1972-12-12","dvd":"2001-12-18"},"ratings":{"critics_rating":"Fresh","critics_score":79,"audience_rating":"Upright","audience_score":75},"synopsis":"","posters":{"thumbnail":"http://content7.flixster.com/movie/11/16/47/11164725_mob.jpg","profile":"http://content7.flixster.com/movie/11/16/47/11164725_pro.jpg","detailed":"http://content7.flixster.com/movie/11/16/47/11164725_det.jpg","original":"http://content7.flixster.com/movie/11/16/47/11164725_ori.jpg"},"abridged_cast":[{"name":"Gene Hackman","id":"162661704","characters":["Rev. Frank Scott"]},{"name":"Ernest Borgnine","id":"162656224","characters":["Mike Rogo"]},{"name":"Red Buttons","id":"377419458","characters":["James Martin"]},{"name":"Carol Lynley","id":"364601591","characters":["Nonnie Parry"]},{"name":"Roddy McDowall","id":"162655857","characters":["Acres"]}],"alternate_ids":{"imdb":"0069113"},"links":{"self":"http://api.rottentomatoes.com/api/public/v1.0/movies/10613.json","alternate":"http://www.rottentomatoes.com/m/1016584-poseidon_adventure/","cast":"http://api.rottentomatoes.com/api/public/v1.0/movies/10613/cast.json","clips":"http://api.rottentomatoes.com/api/public/v1.0/movies/10613/clips.json","reviews":"http://api.rottentomatoes.com/api/public/v1.0/movies/10613/reviews.json","similar":"http://api.rottentomatoes.com/api/public/v1.0/movies/10613/similar.json"}},{"id":"11448","title":"The New Guy","year":2002,"mpaa_rating":"PG-13","runtime":82,"critics_consensus":"Incoherent, silly, and unoriginal, The New Guy offers up the same old teen gross-out comedy cliches.","release_dates":{"theater":"2002-05-07","dvd":"2002-08-13"},"ratings":{"critics_rating":"Rotten","critics_score":8,"audience_rating":"Spilled","audience_score":55},"synopsis":"","posters":{"thumbnail":"http://content7.flixster.com/movie/26/07/260721_mob.jpg","profile":"http://content7.flixster.com/movie/26/07/260721_pro.jpg","detailed":"http://content7.flixster.com/movie/26/07/260721_det.jpg","original":"http://content7.flixster.com/movie/26/07/260721_ori.jpg"},"abridged_cast":[{"name":"D.J. Qualls","id":"364608585","characters":["Dizzy Harrison/Gil Harris"]},{"name":"Eliza Dushku","id":"162663514","characters":["Danielle"]},{"name":"Zooey Deschanel","id":"162652299","characters":["Nora"]},{"name":"Lyle Lovett","id":"162672146","characters":["Bear Harrison"]},{"name":"Jerod Mixon","id":"770724367","characters":["Kirk"]}],"alternate_ids":{"imdb":"0241760"},"links":{"self":"http://api.rottentomatoes.com/api/public/v1.0/movies/11448.json","alternate":"http://www.rottentomatoes.com/m/1112617-new_guy/","cast":"http://api.rottentomatoes.com/api/public/v1.0/movies/11448/cast.json","clips":"http://api.rottentomatoes.com/api/public/v1.0/movies/11448/clips.json","reviews":"http://api.rottentomatoes.com/api/public/v1.0/movies/11448/reviews.json","similar":"http://api.rottentomatoes.com/api/public/v1.0/movies/11448/similar.json"}},{"id":"770677982","title":"The Flash","year":2012,"mpaa_rating":"Unrated","runtime":"","release_dates":{},"ratings":{"critics_score":-1,"audience_score":51},"synopsis":"Wedding Crashers' David Dobkin brings the world's fastest man to the big screen with The Flash, the story of Wally West, the DC Comics' character that Warner Bros. is fast-tracking for this solo feature. ~ Jeremy Wheeler, Rovi","posters":{"thumbnail":"http://content6.flixster.com/movie/10/27/06/10270608_mob.jpg","profile":"http://content6.flixster.com/movie/10/27/06/10270608_pro.jpg","detailed":"http://content6.flixster.com/movie/10/27/06/10270608_det.jpg","original":"http://content6.flixster.com/movie/10/27/06/10270608_ori.jpg"},"abridged_cast":[],"alternate_ids":{"imdb":"0439572"},"links":{"self":"http://api.rottentomatoes.com/api/public/v1.0/movies/770677982.json","alternate":"http://www.rottentomatoes.com/m/the-flash-2008/","cast":"http://api.rottentomatoes.com/api/public/v1.0/movies/770677982/cast.json","clips":"http://api.rottentomatoes.com/api/public/v1.0/movies/770677982/clips.json","reviews":"http://api.rottentomatoes.com/api/public/v1.0/movies/770677982/reviews.json","similar":"http://api.rottentomatoes.com/api/public/v1.0/movies/770677982/similar.json"}},{"id":"771240596","title":"The Bay","year":2012,"mpaa_rating":"R","runtime":85,"critics_consensus":"Barry Levinson's eco-horror flick cleverly utilizes familiar found-footage methods in service of a gruesome yet atmospheric chiller.","release_dates":{"theater":"2012-11-02","dvd":"2013-03-05"},"ratings":{"critics_rating":"Certified Fresh","critics_score":77,"audience_rating":"Spilled","audience_score":44},"synopsis":"Two million fish washed ashore. One thousand blackbirds dropped from the sky. On July 4, 2009 a deadly menace swept through the quaint seaside town of Claridge, Maryland, but the harrowing story of what happened that Independence Day has never been told - until now. The authorities believed they had buried the truth about the tragedy that claimed over 700 human lives. Now, three years later, a reporter has emerged with footage revealing the cover-up and an unimaginable killer: a mysterious parasitic outbreak. Told from the perspective of those who were there and saw what happened, The Bay unfolds over 24 hours though people's iPhones, Androids, 911 calls, web cams, and whatever else could be used to document the nightmare in Claridge. -- (C) Official Site","posters":{"thumbnail":"http://content9.flixster.com/movie/11/16/66/11166679_mob.jpg","profile":"http://content9.flixster.com/movie/11/16/66/11166679_pro.jpg","detailed":"http://content9.flixster.com/movie/11/16/66/11166679_det.jpg","original":"http://content9.flixster.com/movie/11/16/66/11166679_ori.jpg"},"abridged_cast":[{"name":"Nansi Aluka","id":"771105809","characters":["Jaquline"]},{"name":"Christopher Denham","id":"364640570","characters":["Sam"]},{"name":"Stephen Kunken","id":"770779731","characters":["Dr. Abram","Dr. Abrams"]},{"name":"Frank Deal","id":"770680748","characters":["Mayor Stockman"]},{"name":"Kether Donohue","id":"770671630","characters":["Donna"]}],"alternate_ids":{"imdb":"1713476"},"links":{"self":"http://api.rottentomatoes.com/api/public/v1.0/movies/771240596.json","alternate":"http://www.rottentomatoes.com/m/the_bay_2012/","cast":"http://api.rottentomatoes.com/api/public/v1.0/movies/771240596/cast.json","clips":"http://api.rottentomatoes.com/api/public/v1.0/movies/771240596/clips.json","reviews":"http://api.rottentomatoes.com/api/public/v1.0/movies/771240596/reviews.json","similar":"http://api.rottentomatoes.com/api/public/v1.0/movies/771240596/similar.json"}},{"id":"771354117","title":"Behind the Candelabra","year":2013,"mpaa_rating":"Unrated","runtime":118,"critics_consensus":"Affectionate without sacrificing honesty, Behind the Candelabra couples award-worthy performances from Michael Douglas and Matt Damon with some typically sharp direction from Steven Soderbergh.","release_dates":{"theater":"2013-05-26","dvd":"2013-09-17"},"ratings":{"critics_rating":"Certified Fresh","critics_score":95,"audience_rating":"Upright","audience_score":71},"synopsis":"Before Elvis, before Elton John, Madonna and Lady Gaga, there was Liberace: virtuoso pianist, outrageous entertainer and flamboyant star of stage and television. A name synonymous with showmanship, extravagance and candelabras, he was a world-renowned performer with a flair that endeared him to his audiences and created a loyal fan base spanning his 40-year career. Liberace lived lavishly and embraced a lifestyle of excess both on and off stage. In summer 1977, handsome young stranger Scott Thorson walked into his dressing room and, despite their age difference and seemingly different worlds, the two embarked on a secretive five-year love affair. BEHIND THE CANDELABRA takes a behind-the-scenes look at their tempestuous relationship - from their first meeting backstage at the Las Vegas Hilton to their bitter and public break-up. -- Official Site","posters":{"thumbnail":"http://content8.flixster.com/movie/11/17/30/11173002_mob.jpg","profile":"http://content8.flixster.com/movie/11/17/30/11173002_pro.jpg","detailed":"http://content8.flixster.com/movie/11/17/30/11173002_det.jpg","original":"http://content8.flixster.com/movie/11/17/30/11173002_ori.jpg"},"abridged_cast":[{"name":"Matt Damon","id":"162653499"},{"name":"Michael Douglas","id":"162660400"},{"name":"Rob Lowe","id":"162663375"},{"name":"Dan Aykroyd","id":"162664389"},{"name":"Robert Boyd Holbrook","id":"771061616"}],"links":{"self":"http://api.rottentomatoes.com/api/public/v1.0/movies/771354117.json","alternate":"http://www.rottentomatoes.com/m/behind_the_candelabra/","cast":"http://api.rottentomatoes.com/api/public/v1.0/movies/771354117/cast.json","clips":"http://api.rottentomatoes.com/api/public/v1.0/movies/771354117/clips.json","reviews":"http://api.rottentomatoes.com/api/public/v1.0/movies/771354117/reviews.json","similar":"http://api.rottentomatoes.com/api/public/v1.0/movies/771354117/similar.json"}},{"id":"13070","title":"The Ghost and the Darkness","year":1996,"mpaa_rating":"R","runtime":109,"release_dates":{"theater":"1996-10-11","dvd":"1998-12-01"},"ratings":{"critics_rating":"Rotten","critics_score":50,"audience_rating":"Upright","audience_score":73},"synopsis":"","posters":{"thumbnail":"http://content9.flixster.com/movie/10/86/46/10864623_mob.jpg","profile":"http://content9.flixster.com/movie/10/86/46/10864623_pro.jpg","detailed":"http://content9.flixster.com/movie/10/86/46/10864623_det.jpg","original":"http://content9.flixster.com/movie/10/86/46/10864623_ori.jpg"},"abridged_cast":[{"name":"Michael Douglas","id":"162660400","characters":["Charles Remington"]},{"name":"Val Kilmer","id":"162652314","characters":["Col. John Henry Patterson"]},{"name":"Tom Wilkinson","id":"162653769","characters":["John Beaumont"]},{"name":"John Kani","id":"770688825","characters":["Samuel"]},{"name":"Om Puri","id":"162705440","characters":["Abdullah"]}],"alternate_ids":{"imdb":"0116409"},"links":{"self":"http://api.rottentomatoes.com/api/public/v1.0/movies/13070.json","alternate":"http://www.rottentomatoes.com/m/ghost_and_the_darkness/","cast":"http://api.rottentomatoes.com/api/public/v1.0/movies/13070/cast.json","clips":"http://api.rottentomatoes.com/api/public/v1.0/movies/13070/clips.json","reviews":"http://api.rottentomatoes.com/api/public/v1.0/movies/13070/reviews.json","similar":"http://api.rottentomatoes.com/api/public/v1.0/movies/13070/similar.json"}},{"id":"16195","title":"The Adventures of Priscilla, Queen of the Desert","year":1994,"mpaa_rating":"R","runtime":102,"critics_consensus":"While its premise is ripe for comedy -- and it certainly delivers its fair share of laughs -- Priscilla is also a surprisingly tender and thoughtful road movie with some outstanding performances.","release_dates":{"theater":"1994-08-10","dvd":"1997-11-24"},"ratings":{"critics_rating":"Fresh","critics_score":93,"audience_rating":"Upright","audience_score":88},"synopsis":"","posters":{"thumbnail":"http://content8.flixster.com/movie/11/15/32/11153218_mob.jpg","profile":"http://content8.flixster.com/movie/11/15/32/11153218_pro.jpg","detailed":"http://content8.flixster.com/movie/11/15/32/11153218_det.jpg","original":"http://content8.flixster.com/movie/11/15/32/11153218_ori.jpg"},"abridged_cast":[{"name":"Terence Stamp","id":"162701660","characters":["Bernadette"]},{"name":"Hugo Weaving","id":"162709905","characters":["Tick/Mitzi"]},{"name":"Guy Pearce","id":"162660324","characters":["Adam/Felicia"]},{"name":"Bill Hunter","id":"162686452","characters":["Bob"]},{"name":"Sarah Chadwick","id":"548172546","characters":["Marion"]}],"alternate_ids":{"imdb":"0109045"},"links":{"self":"http://api.rottentomatoes.com/api/public/v1.0/movies/16195.json","alternate":"http://www.rottentomatoes.com/m/adventures_of_priscilla_queen_of_the_desert/","cast":"http://api.rottentomatoes.com/api/public/v1.0/movies/16195/cast.json","clips":"http://api.rottentomatoes.com/api/public/v1.0/movies/16195/clips.json","reviews":"http://api.rottentomatoes.com/api/public/v1.0/movies/16195/reviews.json","similar":"http://api.rottentomatoes.com/api/public/v1.0/movies/16195/similar.json"}},{"id":"9431","title":"Homeward Bound - The Incredible Journey","year":1993,"mpaa_rating":"G","runtime":85,"critics_consensus":"Disney's remake of The Incredible Journey successfully replicates, and in some ways improves upon, the simple charms of the original, with its cross-country animal odyssey sure to delight kids.","release_dates":{"theater":"1993-02-03","dvd":"1997-12-02"},"ratings":{"critics_rating":"Fresh","critics_score":88,"audience_rating":"Upright","audience_score":70},"synopsis":"","posters":{"thumbnail":"http://content8.flixster.com/movie/10/91/53/10915370_mob.jpg","profile":"http://content8.flixster.com/movie/10/91/53/10915370_pro.jpg","detailed":"http://content8.flixster.com/movie/10/91/53/10915370_det.jpg","original":"http://content8.flixster.com/movie/10/91/53/10915370_ori.jpg"},"abridged_cast":[{"name":"Robert Hays","id":"162662915","characters":["Bob"]},{"name":"Kim Greist","id":"162692498","characters":["Laura"]},{"name":"Jean Smart","id":"359853341","characters":["Kate"]},{"name":"Michael J. Fox","id":"162656043","characters":["Chance--The Bulldog"]},{"name":"Benji Thall","id":"770944209","characters":["Peter"]}],"alternate_ids":{"imdb":"0107131"},"links":{"self":"http://api.rottentomatoes.com/api/public/v1.0/movies/9431.json","alternate":"http://www.rottentomatoes.com/m/homeward_bound_the_incredible_journey/","cast":"http://api.rottentomatoes.com/api/public/v1.0/movies/9431/cast.json","clips":"http://api.rottentomatoes.com/api/public/v1.0/movies/9431/clips.json","reviews":"http://api.rottentomatoes.com/api/public/v1.0/movies/9431/reviews.json","similar":"http://api.rottentomatoes.com/api/public/v1.0/movies/9431/similar.json"}},{"id":"19166","title":"The Blob","year":1958,"mpaa_rating":"PG","runtime":94,"release_dates":{"theater":"1958-09-12","dvd":"2000-11-14"},"ratings":{"critics_rating":"Fresh","critics_score":69,"audience_rating":"Spilled","audience_score":52},"synopsis":"","posters":{"thumbnail":"http://content8.flixster.com/movie/29/58/295818_mob.jpg","profile":"http://content8.flixster.com/movie/29/58/295818_pro.jpg","detailed":"http://content8.flixster.com/movie/29/58/295818_det.jpg","original":"http://content8.flixster.com/movie/29/58/295818_ori.jpg"},"abridged_cast":[{"name":"Steve McQueen","id":"162656253","characters":["Steve Andrews"]},{"name":"Aneta Corsaut","id":"770725225","characters":["Jane Martin"]},{"name":"Earl Rowe","id":"770879444","characters":["Dave"]},{"name":"Olin Howland","id":"770749644","characters":["Old Man"]},{"name":"Alden 'Stephen' Chase","id":"770677217","characters":["Dr. Hallen"]}],"alternate_ids":{"imdb":"0051418"},"links":{"self":"http://api.rottentomatoes.com/api/public/v1.0/movies/19166.json","alternate":"http://www.rottentomatoes.com/m/the-blob/","cast":"http://api.rottentomatoes.com/api/public/v1.0/movies/19166/cast.json","clips":"http://api.rottentomatoes.com/api/public/v1.0/movies/19166/clips.json","reviews":"http://api.rottentomatoes.com/api/public/v1.0/movies/19166/reviews.json","similar":"http://api.rottentomatoes.com/api/public/v1.0/movies/19166/similar.json"}},{"id":"16493","title":"Bringing Out the Dead","year":1999,"mpaa_rating":"R","runtime":118,"critics_consensus":"Stunning and compelling, Scorsese and Cage succeed at satisfying the audience.","release_dates":{"theater":"1999-10-22","dvd":"2000-05-09"},"ratings":{"critics_rating":"Certified Fresh","critics_score":71,"audience_rating":"Upright","audience_score":71},"synopsis":"","posters":{"thumbnail":"http://content6.flixster.com/movie/28/40/284016_mob.jpg","profile":"http://content6.flixster.com/movie/28/40/284016_pro.jpg","detailed":"http://content6.flixster.com/movie/28/40/284016_det.jpg","original":"http://content6.flixster.com/movie/28/40/284016_ori.jpg"},"abridged_cast":[{"name":"Nicolas Cage","id":"162653923","characters":["Frank Pierce"]},{"name":"Patricia Arquette","id":"162670129","characters":["Mary Burke"]},{"name":"John Goodman","id":"162655706","characters":["Larry"]},{"name":"Ving Rhames","id":"162693220","characters":["Marcus"]},{"name":"Tom Sizemore","id":"162695570","characters":["Tom Wolls"]}],"alternate_ids":{"imdb":"0163988"},"links":{"self":"http://api.rottentomatoes.com/api/public/v1.0/movies/16493.json","alternate":"http://www.rottentomatoes.com/m/bringing_out_the_dead/","cast":"http://api.rottentomatoes.com/api/public/v1.0/movies/16493/cast.json","clips":"http://api.rottentomatoes.com/api/public/v1.0/movies/16493/clips.json","reviews":"http://api.rottentomatoes.com/api/public/v1.0/movies/16493/reviews.json","similar":"http://api.rottentomatoes.com/api/public/v1.0/movies/16493/similar.json"}},{"id":"13001","title":"The Station Agent","year":2003,"mpaa_rating":"R","runtime":90,"critics_consensus":"A sweet and quirky film about a dwarf, a refreshment stand operator, and a reclusive artist connecting with one another.","release_dates":{"theater":"2003-10-03","dvd":"2004-06-15"},"ratings":{"critics_rating":"Certified Fresh","critics_score":95,"audience_rating":"Upright","audience_score":90},"synopsis":"","posters":{"thumbnail":"http://content7.flixster.com/movie/26/76/267605_mob.jpg","profile":"http://content7.flixster.com/movie/26/76/267605_pro.jpg","detailed":"http://content7.flixster.com/movie/26/76/267605_det.jpg","original":"http://content7.flixster.com/movie/26/76/267605_ori.jpg"},"abridged_cast":[{"name":"Peter Dinklage","id":"162653586","characters":["Finbar McBride"]},{"name":"Patricia Clarkson","id":"162654530","characters":["Olivia Harris"]},{"name":"Bobby Cannavale","id":"162685850","characters":["Joe Oramas"]},{"name":"Raven Goodwin","id":"770677213","characters":["Cleo"]},{"name":"Paul Benjamin","id":"770698527","characters":["Henry Styles"]}],"alternate_ids":{"imdb":"0340377"},"links":{"self":"http://api.rottentomatoes.com/api/public/v1.0/movies/13001.json","alternate":"http://www.rottentomatoes.com/m/station_agent/","cast":"http://api.rottentomatoes.com/api/public/v1.0/movies/13001/cast.json","clips":"http://api.rottentomatoes.com/api/public/v1.0/movies/13001/clips.json","reviews":"http://api.rottentomatoes.com/api/public/v1.0/movies/13001/reviews.json","similar":"http://api.rottentomatoes.com/api/public/v1.0/movies/13001/similar.json"}},{"id":"10429","title":"The Remains of the Day","year":1993,"mpaa_rating":"PG","runtime":134,"critics_consensus":"Smart, elegant, and blessed with impeccable performances from Anthony Hopkins and Emma Thompson, The Remains of the Day is a Merchant-Ivory classic.","release_dates":{"theater":"1993-11-05","dvd":"2001-11-06"},"ratings":{"critics_rating":"Fresh","critics_score":97,"audience_rating":"Upright","audience_score":90},"synopsis":"","posters":{"thumbnail":"http://content6.flixster.com/movie/11/17/38/11173856_mob.jpg","profile":"http://content6.flixster.com/movie/11/17/38/11173856_pro.jpg","detailed":"http://content6.flixster.com/movie/11/17/38/11173856_det.jpg","original":"http://content6.flixster.com/movie/11/17/38/11173856_ori.jpg"},"abridged_cast":[{"name":"Anthony Hopkins","id":"162653967","characters":["Stevens"]},{"name":"Emma Thompson","id":"162659389","characters":["Miss Kenton"]},{"name":"James Fox","id":"162656129","characters":["Lord Darlington"]},{"name":"Christopher Reeve","id":"162665907","characters":["Lewis"]},{"name":"Peter Vaughan","id":"496438221","characters":["Mr. Stevens Sr."]}],"alternate_ids":{"imdb":"0107943"},"links":{"self":"http://api.rottentomatoes.com/api/public/v1.0/movies/10429.json","alternate":"http://www.rottentomatoes.com/m/remains_of_the_day/","cast":"http://api.rottentomatoes.com/api/public/v1.0/movies/10429/cast.json","clips":"http://api.rottentomatoes.com/api/public/v1.0/movies/10429/clips.json","reviews":"http://api.rottentomatoes.com/api/public/v1.0/movies/10429/reviews.json","similar":"http://api.rottentomatoes.com/api/public/v1.0/movies/10429/similar.json"}},{"id":"18253","title":"The Treasure of the Sierra Madre","year":1948,"mpaa_rating":"Unrated","runtime":126,"critics_consensus":"Remade but never duplicated, this darkly humorous morality tale represents John Huston at his finest.","release_dates":{"theater":"1948-01-07","dvd":"2003-09-30"},"ratings":{"critics_rating":"Certified Fresh","critics_score":100,"audience_rating":"Upright","audience_score":93},"synopsis":"","posters":{"thumbnail":"http://content9.flixster.com/movie/11/16/80/11168087_mob.jpg","profile":"http://content9.flixster.com/movie/11/16/80/11168087_pro.jpg","detailed":"http://content9.flixster.com/movie/11/16/80/11168087_det.jpg","original":"http://content9.flixster.com/movie/11/16/80/11168087_ori.jpg"},"abridged_cast":[{"name":"Humphrey Bogart","id":"162659524","characters":["Fred C. Dobbs"]},{"name":"Walter Huston","id":"351527884","characters":["Howard"]},{"name":"Tim Holt","id":"351527883","characters":["Curtin"]},{"name":"Bruce Bennett","id":"364616732","characters":["Cody"]},{"name":"Barton MacLane","id":"364608205","characters":["McCormick"]}],"alternate_ids":{"imdb":"0040897"},"links":{"self":"http://api.rottentomatoes.com/api/public/v1.0/movies/18253.json","alternate":"http://www.rottentomatoes.com/m/treasure_of_the_sierra_madre/","cast":"http://api.rottentomatoes.com/api/public/v1.0/movies/18253/cast.json","clips":"http://api.rottentomatoes.com/api/public/v1.0/movies/18253/clips.json","reviews":"http://api.rottentomatoes.com/api/public/v1.0/movies/18253/reviews.json","similar":"http://api.rottentomatoes.com/api/public/v1.0/movies/18253/similar.json"}},{"id":"10734","title":"Divine Secrets of the Ya-Ya Sisterhood","year":2002,"mpaa_rating":"PG-13","runtime":116,"critics_consensus":"Divine Secrets of the Ya-Ya Sisterhood is more melodramatic than emotionally truthful, and uneven in its mixture of time periods, actresses, laughter and tears.","release_dates":{"theater":"2002-06-07","dvd":"2002-11-05"},"ratings":{"critics_rating":"Rotten","critics_score":44,"audience_rating":"Upright","audience_score":65},"synopsis":"","posters":{"thumbnail":"http://content9.flixster.com/movie/11/17/36/11173691_mob.jpg","profile":"http://content9.flixster.com/movie/11/17/36/11173691_pro.jpg","detailed":"http://content9.flixster.com/movie/11/17/36/11173691_det.jpg","original":"http://content9.flixster.com/movie/11/17/36/11173691_ori.jpg"},"abridged_cast":[{"name":"Sandra Bullock","id":"162652205","characters":["Sidda Lee Walker"]},{"name":"Ellen Burstyn","id":"162660525","characters":["Vivi Abbott Walker"]},{"name":"Ashley Judd","id":"162662542","characters":["Younger Vivi Abbott Walker"]},{"name":"Fionnula Flanagan","id":"364634096","characters":["Teensy"]},{"name":"Maggie Smith","id":"162652436","characters":["Caro"]}],"alternate_ids":{"imdb":"0279778"},"links":{"self":"http://api.rottentomatoes.com/api/public/v1.0/movies/10734.json","alternate":"http://www.rottentomatoes.com/m/divine_secrets_of_the_yaya_sisterhood/","cast":"http://api.rottentomatoes.com/api/public/v1.0/movies/10734/cast.json","clips":"http://api.rottentomatoes.com/api/public/v1.0/movies/10734/clips.json","reviews":"http://api.rottentomatoes.com/api/public/v1.0/movies/10734/reviews.json","similar":"http://api.rottentomatoes.com/api/public/v1.0/movies/10734/similar.json"}},{"id":"771325073","title":"We Steal Secrets: The Story Of Wikileaks","year":2013,"mpaa_rating":"R","runtime":130,"critics_consensus":"As fascinating as it is provocative, We Steal Secrets: The Story of Wikileaks presents another documentary triumph for director Alex Gibney, as well as a troubling look at one of the more meaningful issues of our time.","release_dates":{"theater":"2013-05-24","dvd":"2013-10-07"},"ratings":{"critics_rating":"Certified Fresh","critics_score":93,"audience_rating":"Upright","audience_score":77},"synopsis":"Acclaimed documentarian Alex Gibney (Enron: The Smartest Guys in the Room) takes the reins for this no-holds-barred look at one of the most unusual phenomena of early 21st century media. In 2006, an Iceland-based outfit called The Sunshine Press launched the website WikiLeaks.org. As run by Australian Internet activist Julian Assange, the site's mandate involved regularly publishing top-secret documents and covert information, often regarding governments and their respective military operations. As might be expected, this set off a firestorm between those who admired the organization's bravado and resourcefulness, and those who argued, not unjustly, that the dissemination of data regarding such events as the U.S. war in Afghanistan could put untold numbers of lives at risk. In We Steal Secrets, Gibney relays the story of the WikiLeaks website from the inside, and moves beyond black and white to penetrate a complex network of activity guided by courage and idealism but also allegedly guilty of ethical insensitivity and hypocrisy. ~ Nathan Southern, Rovi","posters":{"thumbnail":"http://content6.flixster.com/movie/11/17/04/11170464_mob.jpg","profile":"http://content6.flixster.com/movie/11/17/04/11170464_pro.jpg","detailed":"http://content6.flixster.com/movie/11/17/04/11170464_det.jpg","original":"http://content6.flixster.com/movie/11/17/04/11170464_ori.jpg"},"abridged_cast":[{"name":"Julian Assange","id":"771095570"},{"name":"Bradley Manning","id":"771434108"},{"name":"James Ball","id":"770985427"},{"name":"Michael Hayden","id":"770676446"},{"name":"J. William Leonard","id":"771447027"}],"alternate_ids":{"imdb":"1824254"},"links":{"self":"http://api.rottentomatoes.com/api/public/v1.0/movies/771325073.json","alternate":"http://www.rottentomatoes.com/m/we_steal_secrets_the_story_of_wikileaks_2013/","cast":"http://api.rottentomatoes.com/api/public/v1.0/movies/771325073/cast.json","clips":"http://api.rottentomatoes.com/api/public/v1.0/movies/771325073/clips.json","reviews":"http://api.rottentomatoes.com/api/public/v1.0/movies/771325073/reviews.json","similar":"http://api.rottentomatoes.com/api/public/v1.0/movies/771325073/similar.json"}},{"id":"10318","title":"Jingle All the Way","year":1996,"mpaa_rating":"PG","runtime":88,"release_dates":{"theater":"1997-06-01","dvd":"1998-11-03"},"ratings":{"critics_rating":"Rotten","critics_score":17,"audience_rating":"Spilled","audience_score":37},"synopsis":"","posters":{"thumbnail":"http://content9.flixster.com/movie/11/16/47/11164775_mob.jpg","profile":"http://content9.flixster.com/movie/11/16/47/11164775_pro.jpg","detailed":"http://content9.flixster.com/movie/11/16/47/11164775_det.jpg","original":"http://content9.flixster.com/movie/11/16/47/11164775_ori.jpg"},"abridged_cast":[{"name":"Arnold Schwarzenegger","id":"162662233","characters":["Howard Langston"]},{"name":"Sinbad","id":"162662235","characters":["Myron Larabee"]},{"name":"Phil Hartman","id":"162671879","characters":["Ted Maltin"]},{"name":"Rita Wilson","id":"162721330","characters":["Liz Langston"]},{"name":"Robert Conrad","id":"417267660","characters":["Officer Hummell"]}],"alternate_ids":{"imdb":"0116705"},"links":{"self":"http://api.rottentomatoes.com/api/public/v1.0/movies/10318.json","alternate":"http://www.rottentomatoes.com/m/jingle_all_the_way/","cast":"http://api.rottentomatoes.com/api/public/v1.0/movies/10318/cast.json","clips":"http://api.rottentomatoes.com/api/public/v1.0/movies/10318/clips.json","reviews":"http://api.rottentomatoes.com/api/public/v1.0/movies/10318/reviews.json","similar":"http://api.rottentomatoes.com/api/public/v1.0/movies/10318/similar.json"}},{"id":"18021","title":"The African Queen","year":1952,"mpaa_rating":"PG","runtime":105,"release_dates":{"theater":"1951-12-23","dvd":"2004-07-09"},"ratings":{"critics_rating":"Fresh","critics_score":100,"audience_rating":"Upright","audience_score":87},"synopsis":"","posters":{"thumbnail":"http://content7.flixster.com/movie/20/48/78/2048785_mob.jpg","profile":"http://content7.flixster.com/movie/20/48/78/2048785_pro.jpg","detailed":"http://content7.flixster.com/movie/20/48/78/2048785_det.jpg","original":"http://content7.flixster.com/movie/20/48/78/2048785_ori.jpg"},"abridged_cast":[{"name":"Humphrey Bogart","id":"162659524","characters":["Charlie Allnut"]},{"name":"Katharine Hepburn","id":"162661451","characters":["Rose Sayer"]},{"name":"Robert Morley","id":"287588652","characters":["Rev. Samuel Sayer"]},{"name":"Peter Bull","id":"473154182","characters":["Captain of Louisa"]},{"name":"Theodore Bikel","id":"326392794","characters":["First Officer"]}],"alternate_ids":{"imdb":"0043265"},"links":{"self":"http://api.rottentomatoes.com/api/public/v1.0/movies/18021.json","alternate":"http://www.rottentomatoes.com/m/african_queen/","cast":"http://api.rottentomatoes.com/api/public/v1.0/movies/18021/cast.json","clips":"http://api.rottentomatoes.com/api/public/v1.0/movies/18021/clips.json","reviews":"http://api.rottentomatoes.com/api/public/v1.0/movies/18021/reviews.json","similar":"http://api.rottentomatoes.com/api/public/v1.0/movies/18021/similar.json"}},{"id":"130559491","title":"The Return of Jafar (Aladdin 2)","year":1994,"mpaa_rating":"G","runtime":66,"release_dates":{"theater":"1994-05-20","dvd":"2005-01-18"},"ratings":{"critics_rating":"Rotten","critics_score":27,"audience_rating":"Spilled","audience_score":40},"synopsis":"","posters":{"thumbnail":"http://content7.flixster.com/movie/10/93/64/10936425_mob.jpg","profile":"http://content7.flixster.com/movie/10/93/64/10936425_pro.jpg","detailed":"http://content7.flixster.com/movie/10/93/64/10936425_det.jpg","original":"http://content7.flixster.com/movie/10/93/64/10936425_ori.jpg"},"abridged_cast":[{"name":"John Freeman","id":"770924495","characters":["Jafar"]},{"name":"Gilbert Gottfried","id":"162653464","characters":["Iago"]},{"name":"Jason Alexander","id":"162657411","characters":["Abis Mal"]},{"name":"Scott Weinger","id":"162655716","characters":["Aladdin"]},{"name":"Linda Larkin","id":"162655717","characters":["Jasmine"]}],"alternate_ids":{"imdb":"0107952"},"links":{"self":"http://api.rottentomatoes.com/api/public/v1.0/movies/130559491.json","alternate":"http://www.rottentomatoes.com/m/return_of_jafar/","cast":"http://api.rottentomatoes.com/api/public/v1.0/movies/130559491/cast.json","clips":"http://api.rottentomatoes.com/api/public/v1.0/movies/130559491/clips.json","reviews":"http://api.rottentomatoes.com/api/public/v1.0/movies/130559491/reviews.json","similar":"http://api.rottentomatoes.com/api/public/v1.0/movies/130559491/similar.json"}},{"id":"9479","title":"The Straight Story","year":1999,"mpaa_rating":"G","runtime":111,"critics_consensus":"Slow-paced but heart-warming.","release_dates":{"theater":"1999-10-15","dvd":"2000-11-07"},"ratings":{"critics_rating":"Certified Fresh","critics_score":96,"audience_rating":"Upright","audience_score":91},"synopsis":"","posters":{"thumbnail":"http://content8.flixster.com/movie/10/92/38/10923814_mob.jpg","profile":"http://content8.flixster.com/movie/10/92/38/10923814_pro.jpg","detailed":"http://content8.flixster.com/movie/10/92/38/10923814_det.jpg","original":"http://content8.flixster.com/movie/10/92/38/10923814_ori.jpg"},"abridged_cast":[{"name":"Richard Farnsworth","id":"162656326","characters":["Alvin Straight"]},{"name":"Sissy Spacek","id":"162654735","characters":["Rose"]},{"name":"Harry Dean Stanton","id":"162685483","characters":["Lyle"]},{"name":"Jane Galloway Heitz","id":"395114788","characters":["Dorothy"]},{"name":"Everett McGill","id":"162686436","characters":["Tom The Dealer"]}],"alternate_ids":{"imdb":"0166896"},"links":{"self":"http://api.rottentomatoes.com/api/public/v1.0/movies/9479.json","alternate":"http://www.rottentomatoes.com/m/straight_story/","cast":"http://api.rottentomatoes.com/api/public/v1.0/movies/9479/cast.json","clips":"http://api.rottentomatoes.com/api/public/v1.0/movies/9479/clips.json","reviews":"http://api.rottentomatoes.com/api/public/v1.0/movies/9479/reviews.json","similar":"http://api.rottentomatoes.com/api/public/v1.0/movies/9479/similar.json"}},{"id":"10410","title":"The Saint","year":1997,"mpaa_rating":"PG-13","runtime":116,"critics_consensus":"The Saint is watchable thanks to Kilmer and Shue, but the muddled screenplay stretches credulity.","release_dates":{"theater":"1997-04-04","dvd":"1998-10-06"},"ratings":{"critics_rating":"Rotten","critics_score":30,"audience_rating":"Upright","audience_score":64},"synopsis":"","posters":{"thumbnail":"http://content6.flixster.com/movie/10/86/88/10868812_mob.jpg","profile":"http://content6.flixster.com/movie/10/86/88/10868812_pro.jpg","detailed":"http://content6.flixster.com/movie/10/86/88/10868812_det.jpg","original":"http://content6.flixster.com/movie/10/86/88/10868812_ori.jpg"},"abridged_cast":[{"name":"Val Kilmer","id":"162652314","characters":["Simon Templer"]},{"name":"Elisabeth Shue","id":"162654719","characters":["Dr. Emma Russell"]},{"name":"Rade Serbedzija","id":"162654597","characters":["Ivan Tretiak"]},{"name":"Valery Nikolaev","id":"770745621","characters":["Ilya Tretiak"]},{"name":"Henry Goodman","id":"770709930","characters":["Dr. Lev Botvin"]}],"alternate_ids":{"imdb":"0120053"},"links":{"self":"http://api.rottentomatoes.com/api/public/v1.0/movies/10410.json","alternate":"http://www.rottentomatoes.com/m/saint/","cast":"http://api.rottentomatoes.com/api/public/v1.0/movies/10410/cast.json","clips":"http://api.rottentomatoes.com/api/public/v1.0/movies/10410/clips.json","reviews":"http://api.rottentomatoes.com/api/public/v1.0/movies/10410/reviews.json","similar":"http://api.rottentomatoes.com/api/public/v1.0/movies/10410/similar.json"}},{"id":"14441","title":"The Order (The Sin Eater)","year":2003,"mpaa_rating":"R","runtime":102,"critics_consensus":"A religious thriller that's more lethargic and silly than thrilling.","release_dates":{"theater":"2003-09-05","dvd":"2003-12-30"},"ratings":{"critics_rating":"Rotten","critics_score":8,"audience_rating":"Spilled","audience_score":39},"synopsis":"","posters":{"thumbnail":"http://content9.flixster.com/movie/27/46/274619_mob.jpg","profile":"http://content9.flixster.com/movie/27/46/274619_pro.jpg","detailed":"http://content9.flixster.com/movie/27/46/274619_det.jpg","original":"http://content9.flixster.com/movie/27/46/274619_ori.jpg"},"abridged_cast":[{"name":"Heath Ledger","id":"162652588","characters":["Father Alex Bernier"]},{"name":"Shannyn Sossamon","id":"162653564","characters":["Mara Sinclair"]},{"name":"Benno Furmann","id":"162699998","characters":["The Sin Eater"]},{"name":"Mark Addy","id":"162678493","characters":["Father Thomas Garrett"]},{"name":"Peter Weller","id":"162661568","characters":["Driscoll"]}],"alternate_ids":{"imdb":"0304711"},"links":{"self":"http://api.rottentomatoes.com/api/public/v1.0/movies/14441.json","alternate":"http://www.rottentomatoes.com/m/order/","cast":"http://api.rottentomatoes.com/api/public/v1.0/movies/14441/cast.json","clips":"http://api.rottentomatoes.com/api/public/v1.0/movies/14441/clips.json","reviews":"http://api.rottentomatoes.com/api/public/v1.0/movies/14441/reviews.json","similar":"http://api.rottentomatoes.com/api/public/v1.0/movies/14441/similar.json"}},{"id":"10545","title":"The Neverending Story II: The Next Chapter","year":1990,"mpaa_rating":"PG","runtime":89,"release_dates":{"theater":"1991-06-01","dvd":"2001-09-04"},"ratings":{"critics_rating":"Rotten","critics_score":0,"audience_rating":"Spilled","audience_score":41},"synopsis":"","posters":{"thumbnail":"http://content8.flixster.com/movie/11/16/02/11160282_mob.jpg","profile":"http://content8.flixster.com/movie/11/16/02/11160282_pro.jpg","detailed":"http://content8.flixster.com/movie/11/16/02/11160282_det.jpg","original":"http://content8.flixster.com/movie/11/16/02/11160282_ori.jpg"},"abridged_cast":[{"name":"Jonathan Brandis","id":"162664624","characters":["Bastian Bux"]},{"name":"Kenny Morrison","id":"162664625","characters":["Atreyu"]},{"name":"Clarissa Burt","id":"770728013","characters":["Xayide"]},{"name":"Alexandra Johnes","id":"770728012","characters":["Childlike Empress"]},{"name":"Martin Umbach","id":"770728014","characters":["Nimbly"]}],"alternate_ids":{"imdb":"0100240"},"links":{"self":"http://api.rottentomatoes.com/api/public/v1.0/movies/10545.json","alternate":"http://www.rottentomatoes.com/m/the_neverending_story_ii_the_next_chapter_1990/","cast":"http://api.rottentomatoes.com/api/public/v1.0/movies/10545/cast.json","clips":"http://api.rottentomatoes.com/api/public/v1.0/movies/10545/clips.json","reviews":"http://api.rottentomatoes.com/api/public/v1.0/movies/10545/reviews.json","similar":"http://api.rottentomatoes.com/api/public/v1.0/movies/10545/similar.json"}},{"id":"13229","title":"The Woodsman","year":2004,"mpaa_rating":"R","runtime":85,"critics_consensus":"Kevin Bacon's performance as a pedophile who is trying to start fresh has drawn raves from critics, who have praised the Woodsman as compelling, creepy, complex and well-crafted.","release_dates":{"theater":"2004-12-24","dvd":"2005-04-12"},"ratings":{"critics_rating":"Certified Fresh","critics_score":88,"audience_rating":"Upright","audience_score":78},"synopsis":"","posters":{"thumbnail":"http://content9.flixster.com/movie/26/87/268719_mob.jpg","profile":"http://content9.flixster.com/movie/26/87/268719_pro.jpg","detailed":"http://content9.flixster.com/movie/26/87/268719_det.jpg","original":"http://content9.flixster.com/movie/26/87/268719_ori.jpg"},"abridged_cast":[{"name":"Kevin Bacon","id":"162654658","characters":["Walter"]},{"name":"Kyra Sedgwick","id":"162663789","characters":["Vickie"]},{"name":"Eve","id":"770669856","characters":["Mary-Kay"]},{"name":"Mos Def","id":"162652297","characters":["Det. Lucas"]},{"name":"David Alan Grier","id":"162671457","characters":["Bob"]}],"alternate_ids":{"imdb":"0361127"},"links":{"self":"http://api.rottentomatoes.com/api/public/v1.0/movies/13229.json","alternate":"http://www.rottentomatoes.com/m/woodsman/","cast":"http://api.rottentomatoes.com/api/public/v1.0/movies/13229/cast.json","clips":"http://api.rottentomatoes.com/api/public/v1.0/movies/13229/clips.json","reviews":"http://api.rottentomatoes.com/api/public/v1.0/movies/13229/reviews.json","similar":"http://api.rottentomatoes.com/api/public/v1.0/movies/13229/similar.json"}},{"id":"10885","title":"The Skulls","year":2000,"mpaa_rating":"PG-13","runtime":106,"critics_consensus":"The Skulls is full of nonsense and empty of good script and plot.","release_dates":{"theater":"2000-04-01","dvd":"2000-10-24"},"ratings":{"critics_rating":"Rotten","critics_score":9,"audience_rating":"Spilled","audience_score":44},"synopsis":"","posters":{"thumbnail":"http://content6.flixster.com/movie/25/79/257928_mob.jpg","profile":"http://content6.flixster.com/movie/25/79/257928_pro.jpg","detailed":"http://content6.flixster.com/movie/25/79/257928_det.jpg","original":"http://content6.flixster.com/movie/25/79/257928_ori.jpg"},"abridged_cast":[{"name":"Joshua Jackson","id":"162655084","characters":["Luke McNamara"]},{"name":"Paul Walker","id":"162654234","characters":["Caleb Mandrake"]},{"name":"Hill Harper","id":"162725646","characters":["Will Beckford"]},{"name":"Leslie Bibb","id":"563122407","characters":["Chloe"]},{"name":"Christopher McDonald","id":"162680629","characters":["Martin Lombard"]}],"alternate_ids":{"imdb":"0192614"},"links":{"self":"http://api.rottentomatoes.com/api/public/v1.0/movies/10885.json","alternate":"http://www.rottentomatoes.com/m/skulls/","cast":"http://api.rottentomatoes.com/api/public/v1.0/movies/10885/cast.json","clips":"http://api.rottentomatoes.com/api/public/v1.0/movies/10885/clips.json","reviews":"http://api.rottentomatoes.com/api/public/v1.0/movies/10885/reviews.json","similar":"http://api.rottentomatoes.com/api/public/v1.0/movies/10885/similar.json"}},{"id":"770671945","title":"The Oxford Murders","year":2008,"mpaa_rating":"R","runtime":110,"release_dates":{"theater":"2010-08-06","dvd":"2010-10-05"},"ratings":{"critics_rating":"Rotten","critics_score":10,"audience_rating":"Spilled","audience_score":33},"synopsis":"","posters":{"thumbnail":"http://content6.flixster.com/movie/11/14/87/11148760_mob.jpg","profile":"http://content6.flixster.com/movie/11/14/87/11148760_pro.jpg","detailed":"http://content6.flixster.com/movie/11/14/87/11148760_det.jpg","original":"http://content6.flixster.com/movie/11/14/87/11148760_ori.jpg"},"abridged_cast":[{"name":"Elijah Wood","id":"162652512","characters":["Martin"]},{"name":"John Hurt","id":"162653221","characters":["Arthur Seldom"]},{"name":"Leonor Watling","id":"162688254","characters":["Lorna"]},{"name":"Julie Cox","id":"405856826","characters":["Beth"]},{"name":"Jim Carter","id":"162693267","characters":["Inspector Petersen"]}],"alternate_ids":{"imdb":"0488604"},"links":{"self":"http://api.rottentomatoes.com/api/public/v1.0/movies/770671945.json","alternate":"http://www.rottentomatoes.com/m/10008924-oxford_murders/","cast":"http://api.rottentomatoes.com/api/public/v1.0/movies/770671945/cast.json","clips":"http://api.rottentomatoes.com/api/public/v1.0/movies/770671945/clips.json","reviews":"http://api.rottentomatoes.com/api/public/v1.0/movies/770671945/reviews.json","similar":"http://api.rottentomatoes.com/api/public/v1.0/movies/770671945/similar.json"}},{"id":"11502","title":"The Pink Panther Strikes Again","year":1976,"mpaa_rating":"PG","runtime":103,"release_dates":{"theater":"1976-12-15","dvd":"2001-08-15"},"ratings":{"critics_rating":"Fresh","critics_score":83,"audience_rating":"Upright","audience_score":84},"synopsis":"","posters":{"thumbnail":"http://content6.flixster.com/movie/10/87/22/10872252_mob.jpg","profile":"http://content6.flixster.com/movie/10/87/22/10872252_pro.jpg","detailed":"http://content6.flixster.com/movie/10/87/22/10872252_det.jpg","original":"http://content6.flixster.com/movie/10/87/22/10872252_ori.jpg"},"abridged_cast":[{"name":"Peter Sellers","id":"162656841","characters":["Inspector Jacques Clouseau"]},{"name":"Herbert Lom","id":"162672446","characters":["Dreyfus"]},{"name":"Colin Blakely","id":"385329708","characters":["Alec Drummond"]},{"name":"Leonard Rossiter","id":"162736439","characters":["Inspector Quinlan"]},{"name":"Lesley-Anne Down","id":"162669023","characters":["Olga"]}],"alternate_ids":{"imdb":"0075066"},"links":{"self":"http://api.rottentomatoes.com/api/public/v1.0/movies/11502.json","alternate":"http://www.rottentomatoes.com/m/pink_panther_strikes_again/","cast":"http://api.rottentomatoes.com/api/public/v1.0/movies/11502/cast.json","clips":"http://api.rottentomatoes.com/api/public/v1.0/movies/11502/clips.json","reviews":"http://api.rottentomatoes.com/api/public/v1.0/movies/11502/reviews.json","similar":"http://api.rottentomatoes.com/api/public/v1.0/movies/11502/similar.json"}},{"id":"10861","title":"The King of Comedy","year":1983,"mpaa_rating":"PG","runtime":109,"critics_consensus":"Largely misunderstood upon its release, The King of Comedy today looks eerily prescient, and features a fine performance by Robert DeNiro as a strangely sympathetic psychopath.","release_dates":{"theater":"1983-01-01","dvd":"2002-12-17"},"ratings":{"critics_rating":"Certified Fresh","critics_score":93,"audience_rating":"Upright","audience_score":89},"synopsis":"","posters":{"thumbnail":"http://content7.flixster.com/movie/25/78/257817_mob.jpg","profile":"http://content7.flixster.com/movie/25/78/257817_pro.jpg","detailed":"http://content7.flixster.com/movie/25/78/257817_det.jpg","original":"http://content7.flixster.com/movie/25/78/257817_ori.jpg"},"abridged_cast":[{"name":"Robert De Niro","id":"162655521","characters":["Rupert Pupkin"]},{"name":"Jerry Lewis","id":"162667534","characters":["Jerry Langford"]},{"name":"Diahnne Abbott","id":"387088818","characters":["Rita"]},{"name":"Sandra Bernhard","id":"162702627","characters":["Marsha"]},{"name":"Shelley Hack","id":"364602809","characters":["Cathy"]}],"alternate_ids":{"imdb":"0085794"},"links":{"self":"http://api.rottentomatoes.com/api/public/v1.0/movies/10861.json","alternate":"http://www.rottentomatoes.com/m/1011623-king_of_comedy/","cast":"http://api.rottentomatoes.com/api/public/v1.0/movies/10861/cast.json","clips":"http://api.rottentomatoes.com/api/public/v1.0/movies/10861/clips.json","reviews":"http://api.rottentomatoes.com/api/public/v1.0/movies/10861/reviews.json","similar":"http://api.rottentomatoes.com/api/public/v1.0/movies/10861/similar.json"}},{"id":"9436","title":"The Odd Couple","year":1968,"mpaa_rating":"PG","runtime":105,"release_dates":{"theater":"1968-01-01","dvd":"2000-12-12"},"ratings":{"critics_rating":"Fresh","critics_score":100,"audience_rating":"Upright","audience_score":89},"synopsis":"","posters":{"thumbnail":"http://content6.flixster.com/movie/11/14/28/11142856_mob.jpg","profile":"http://content6.flixster.com/movie/11/14/28/11142856_pro.jpg","detailed":"http://content6.flixster.com/movie/11/14/28/11142856_det.jpg","original":"http://content6.flixster.com/movie/11/14/28/11142856_ori.jpg"},"abridged_cast":[{"name":"Jack Lemmon","id":"162656072","characters":["Felix Unger"]},{"name":"Walter Matthau","id":"162656073","characters":["Oscar Madison"]},{"name":"John Fiedler","id":"162656753","characters":["Vinnie"]},{"name":"Herb Edelman","id":"770689383","characters":["Murray"]},{"name":"David Sheiner","id":"770674545","characters":["Roy"]}],"alternate_ids":{"imdb":"0063374"},"links":{"self":"http://api.rottentomatoes.com/api/public/v1.0/movies/9436.json","alternate":"http://www.rottentomatoes.com/m/1015380-odd_couple/","cast":"http://api.rottentomatoes.com/api/public/v1.0/movies/9436/cast.json","clips":"http://api.rottentomatoes.com/api/public/v1.0/movies/9436/clips.json","reviews":"http://api.rottentomatoes.com/api/public/v1.0/movies/9436/reviews.json","similar":"http://api.rottentomatoes.com/api/public/v1.0/movies/9436/similar.json"}},{"id":"10244","title":"The Other Sister","year":1999,"mpaa_rating":"PG-13","runtime":129,"critics_consensus":"Made-for-tv drama evokes anything but real emotion.","release_dates":{"theater":"1999-02-26","dvd":"2001-04-17"},"ratings":{"critics_rating":"Rotten","critics_score":29,"audience_rating":"Upright","audience_score":72},"synopsis":"","posters":{"thumbnail":"http://content9.flixster.com/movie/10/85/05/10850507_mob.jpg","profile":"http://content9.flixster.com/movie/10/85/05/10850507_pro.jpg","detailed":"http://content9.flixster.com/movie/10/85/05/10850507_det.jpg","original":"http://content9.flixster.com/movie/10/85/05/10850507_ori.jpg"},"abridged_cast":[{"name":"Juliette Lewis","id":"162654115","characters":["Carla"]},{"name":"Diane Keaton","id":"162660369","characters":["Elizabeth"]},{"name":"Tom Skerritt","id":"162692852","characters":["Radley"]},{"name":"Giovanni Ribisi","id":"162655082","characters":["Danny"]},{"name":"Poppy Montgomery","id":"238447169","characters":["Caroline"]}],"alternate_ids":{"imdb":"0123209"},"links":{"self":"http://api.rottentomatoes.com/api/public/v1.0/movies/10244.json","alternate":"http://www.rottentomatoes.com/m/other_sister/","cast":"http://api.rottentomatoes.com/api/public/v1.0/movies/10244/cast.json","clips":"http://api.rottentomatoes.com/api/public/v1.0/movies/10244/clips.json","reviews":"http://api.rottentomatoes.com/api/public/v1.0/movies/10244/reviews.json","similar":"http://api.rottentomatoes.com/api/public/v1.0/movies/10244/similar.json"}},{"id":"13358","title":"The Killing Fields","year":1984,"mpaa_rating":"R","runtime":143,"release_dates":{"theater":"1984-11-02","dvd":"2001-03-13"},"ratings":{"critics_rating":"Fresh","critics_score":92,"audience_rating":"Upright","audience_score":92},"synopsis":"","posters":{"thumbnail":"http://content7.flixster.com/movie/26/93/269393_mob.jpg","profile":"http://content7.flixster.com/movie/26/93/269393_pro.jpg","detailed":"http://content7.flixster.com/movie/26/93/269393_det.jpg","original":"http://content7.flixster.com/movie/26/93/269393_ori.jpg"},"abridged_cast":[{"name":"Sam Waterston","id":"162669019","characters":["Sydney Schanberg"]},{"name":"Dr. Haing S. Ngor","id":"770925062","characters":["Dith Pran"]},{"name":"John Malkovich","id":"162655610","characters":["Al Rockoff"]},{"name":"Julian Sands","id":"162668964","characters":["Jon Swain"]},{"name":"Craig T. Nelson","id":"162659067","characters":["Military Attache"]}],"alternate_ids":{"imdb":"0087553"},"links":{"self":"http://api.rottentomatoes.com/api/public/v1.0/movies/13358.json","alternate":"http://www.rottentomatoes.com/m/killing_fields/","cast":"http://api.rottentomatoes.com/api/public/v1.0/movies/13358/cast.json","clips":"http://api.rottentomatoes.com/api/public/v1.0/movies/13358/clips.json","reviews":"http://api.rottentomatoes.com/api/public/v1.0/movies/13358/reviews.json","similar":"http://api.rottentomatoes.com/api/public/v1.0/movies/13358/similar.json"}}],"links":{"self":"http://api.rottentomatoes.com/api/public/v1.0/movies.json?q=the&page_limit=50&page=25","next":"http://api.rottentomatoes.com/api/public/v1.0/movies.json?q=the&page_limit=50&page=26","prev":"http://api.rottentomatoes.com/api/public/v1.0/movies.json?q=the&page_limit=50&page=24"},"link_template":"http://api.rottentomatoes.com/api/public/v1.0/movies.json?q={search-term}&page_limit={results-per-page}&page={page-number}"}