

{"total":52485,"movies":[{"id":"12326","title":"The Flintstones","year":1994,"mpaa_rating":"PG","runtime":92,"release_dates":{"theater":"1994-05-25","dvd":"1999-03-16"},"ratings":{"critics_rating":"Rotten","critics_score":22,"audience_rating":"Spilled","audience_score":24},"synopsis":"","posters":{"thumbnail":"http://content7.flixster.com/movie/10/87/96/10879629_mob.jpg","profile":"http://content7.flixster.com/movie/10/87/96/10879629_pro.jpg","detailed":"http://content7.flixster.com/movie/10/87/96/10879629_det.jpg","original":"http://content7.flixster.com/movie/10/87/96/10879629_ori.jpg"},"abridged_cast":[{"name":"John Goodman","id":"162655706","characters":["Fred Flintstone"]},{"name":"Elizabeth Perkins","id":"162652928","characters":["Wilma Flintstone"]},{"name":"Rick Moranis","id":"162658706","characters":["Barney Rubble"]},{"name":"Rosie O'Donnell","id":"162670098","characters":["Betty Rubble"]},{"name":"Kyle MacLachlan","id":"162667394","characters":["Cliff Vandercave"]}],"alternate_ids":{"imdb":"0109813"},"links":{"self":"http://api.rottentomatoes.com/api/public/v1.0/movies/12326.json","alternate":"http://www.rottentomatoes.com/m/1051663-flintstones/","cast":"http://api.rottentomatoes.com/api/public/v1.0/movies/12326/cast.json","clips":"http://api.rottentomatoes.com/api/public/v1.0/movies/12326/clips.json","reviews":"http://api.rottentomatoes.com/api/public/v1.0/movies/12326/reviews.json","similar":"http://api.rottentomatoes.com/api/public/v1.0/movies/12326/similar.json"}},{"id":"13854","title":"The Last Castle","year":2001,"mpaa_rating":"R","runtime":131,"critics_consensus":"The Last Castle is well acted and rousing for the most part, but the story can't stand up to close scrutiny.","release_dates":{"theater":"2001-10-19","dvd":"2002-03-05"},"ratings":{"critics_rating":"Rotten","critics_score":52,"audience_rating":"Upright","audience_score":75},"synopsis":"","posters":{"thumbnail":"http://content9.flixster.com/movie/10/83/84/10838491_mob.jpg","profile":"http://content9.flixster.com/movie/10/83/84/10838491_pro.jpg","detailed":"http://content9.flixster.com/movie/10/83/84/10838491_det.jpg","original":"http://content9.flixster.com/movie/10/83/84/10838491_ori.jpg"},"abridged_cast":[{"name":"Robert Redford","id":"162653875","characters":["Gen. Eugene Irwin"]},{"name":"James Gandolfini","id":"162667080","characters":["Col. Winter"]},{"name":"Mark Ruffalo","id":"162653904","characters":["Yates"]},{"name":"Delroy Lindo","id":"162666406","characters":["Gen. Jim Wheeler"]},{"name":"Clifton Collins Jr.","id":"162654290","characters":["Aguilar"]}],"alternate_ids":{"imdb":"0272020"},"links":{"self":"http://api.rottentomatoes.com/api/public/v1.0/movies/13854.json","alternate":"http://www.rottentomatoes.com/m/last_castle/","cast":"http://api.rottentomatoes.com/api/public/v1.0/movies/13854/cast.json","clips":"http://api.rottentomatoes.com/api/public/v1.0/movies/13854/clips.json","reviews":"http://api.rottentomatoes.com/api/public/v1.0/movies/13854/reviews.json","similar":"http://api.rottentomatoes.com/api/public/v1.0/movies/13854/similar.json"}},{"id":"770810539","title":"The Last Rites of Ransom Pride","year":2009,"mpaa_rating":"R","runtime":83,"release_dates":{"theater":"2010-09-10","dvd":"2010-10-05"},"ratings":{"critics_score":-1,"audience_rating":"Spilled","audience_score":35},"synopsis":"","posters":{"thumbnail":"http://content8.flixster.com/movie/10/95/29/10952938_mob.jpg","profile":"http://content8.flixster.com/movie/10/95/29/10952938_pro.jpg","detailed":"http://content8.flixster.com/movie/10/95/29/10952938_det.jpg","original":"http://content8.flixster.com/movie/10/95/29/10952938_ori.jpg"},"abridged_cast":[{"name":"Lizzy Caplan","id":"347990526","characters":["Juliette"]},{"name":"Peter Dinklage","id":"162653586","characters":["The Dwarf"]},{"name":"Dwight Yoakam","id":"162694731","characters":["Rev. Pride"]},{"name":"Jon Foster","id":"162687234","characters":["Champ Pride"]},{"name":"Jason Priestley","id":"162683628","characters":["John"]}],"alternate_ids":{"imdb":"1268970"},"links":{"self":"http://api.rottentomatoes.com/api/public/v1.0/movies/770810539.json","alternate":"http://www.rottentomatoes.com/m/the-last-rites-of-ransom-pride/","cast":"http://api.rottentomatoes.com/api/public/v1.0/movies/770810539/cast.json","clips":"http://api.rottentomatoes.com/api/public/v1.0/movies/770810539/clips.json","reviews":"http://api.rottentomatoes.com/api/public/v1.0/movies/770810539/reviews.json","similar":"http://api.rottentomatoes.com/api/public/v1.0/movies/770810539/similar.json"}},{"id":"771266152","title":"The Queen of Versailles","year":2012,"mpaa_rating":"PG","runtime":100,"critics_consensus":"The Queen of Versailles is a timely, engaging, and richly drawn portrait of the American Dream improbably composed of equal parts compassion and schadenfreude.","release_dates":{"theater":"2012-07-20","dvd":"2012-11-13"},"ratings":{"critics_rating":"Certified Fresh","critics_score":95,"audience_rating":"Upright","audience_score":74},"synopsis":"The Queen of Versailles is a character-driven documentary about a billionaire family and their financial challenges in the wake of the economic crisis. With epic proportions of Shakespearean tragedy, the film follows two unique characters, whose rags-to-riches success stories reveal the innate virtues and flaws of the American Dream. The film begins with the family triumphantly constructing the biggest house in America, a 90,000 sq. ft. palace. Over the next two years, their sprawling empire, fueled by the real estate bubble and cheap money, falters due to the economic crisis. Major changes in lifestyle and character ensue within the cross-cultural household of family members and domestic staff. -- (C) Magnolia","posters":{"thumbnail":"http://content6.flixster.com/movie/11/16/75/11167572_mob.jpg","profile":"http://content6.flixster.com/movie/11/16/75/11167572_pro.jpg","detailed":"http://content6.flixster.com/movie/11/16/75/11167572_det.jpg","original":"http://content6.flixster.com/movie/11/16/75/11167572_ori.jpg"},"abridged_cast":[{"name":"David Siegel","id":"162655198","characters":["David Siegel"]},{"name":"Jackie Siegel","id":"771414790","characters":["Jackie Siegel"]},{"name":"Virginia Nebel","id":"771414791","characters":["Virginia Nebel"]}],"alternate_ids":{"imdb":"2125666"},"links":{"self":"http://api.rottentomatoes.com/api/public/v1.0/movies/771266152.json","alternate":"http://www.rottentomatoes.com/m/the_queen_of_versailles/","cast":"http://api.rottentomatoes.com/api/public/v1.0/movies/771266152/cast.json","clips":"http://api.rottentomatoes.com/api/public/v1.0/movies/771266152/clips.json","reviews":"http://api.rottentomatoes.com/api/public/v1.0/movies/771266152/reviews.json","similar":"http://api.rottentomatoes.com/api/public/v1.0/movies/771266152/similar.json"}},{"id":"13909","title":"The Good Son","year":1993,"mpaa_rating":"R","runtime":87,"release_dates":{"theater":"1993-09-24","dvd":"2004-02-03"},"ratings":{"critics_rating":"Rotten","critics_score":24,"audience_rating":"Spilled","audience_score":55},"synopsis":"","posters":{"thumbnail":"http://content7.flixster.com/movie/11/16/50/11165069_mob.jpg","profile":"http://content7.flixster.com/movie/11/16/50/11165069_pro.jpg","detailed":"http://content7.flixster.com/movie/11/16/50/11165069_det.jpg","original":"http://content7.flixster.com/movie/11/16/50/11165069_ori.jpg"},"abridged_cast":[{"name":"Macaulay Culkin","id":"162657088","characters":["Henry Evans"]},{"name":"Elijah Wood","id":"162652512","characters":["Mark Evans"]},{"name":"Wendy Crewson","id":"162656175","characters":["Susan Evans"]},{"name":"David Morse","id":"162676381","characters":["Jack"]},{"name":"Daniel Hugh Kelly","id":"162721066","characters":["Wallace"]}],"alternate_ids":{"imdb":"0107034"},"links":{"self":"http://api.rottentomatoes.com/api/public/v1.0/movies/13909.json","alternate":"http://www.rottentomatoes.com/m/good_son/","cast":"http://api.rottentomatoes.com/api/public/v1.0/movies/13909/cast.json","clips":"http://api.rottentomatoes.com/api/public/v1.0/movies/13909/clips.json","reviews":"http://api.rottentomatoes.com/api/public/v1.0/movies/13909/reviews.json","similar":"http://api.rottentomatoes.com/api/public/v1.0/movies/13909/similar.json"}},{"id":"13087","title":"Mad Max 2: The Road Warrior","year":1981,"mpaa_rating":"R","runtime":96,"critics_consensus":"The Road Warrior is everything a bigger-budgeted Mad Max sequel with should be: bigger, faster, louder, but definitely not dumber.","release_dates":{"theater":"1981-12-24","dvd":"1997-09-25"},"ratings":{"critics_rating":"Fresh","critics_score":100,"audience_rating":"Upright","audience_score":85},"synopsis":"","posters":{"thumbnail":"http://content9.flixster.com/movie/11/17/26/11172643_mob.jpg","profile":"http://content9.flixster.com/movie/11/17/26/11172643_pro.jpg","detailed":"http://content9.flixster.com/movie/11/17/26/11172643_det.jpg","original":"http://content9.flixster.com/movie/11/17/26/11172643_ori.jpg"},"abridged_cast":[{"name":"Mel Gibson","id":"162655785","characters":["Mad Max"]},{"name":"Virginia Hey","id":"770670390","characters":["Warrior Woman"]},{"name":"Syd Heylen","id":"770962274","characters":["Curmudgeon"]},{"name":"Emil Minty","id":"364660719","characters":["Feral Kid"]},{"name":"Kjell Nilsson","id":"770670389","characters":["Humungus"]}],"alternate_ids":{"imdb":"0082694"},"links":{"self":"http://api.rottentomatoes.com/api/public/v1.0/movies/13087.json","alternate":"http://www.rottentomatoes.com/m/mad_max_2_the_road_warrior_1981/","cast":"http://api.rottentomatoes.com/api/public/v1.0/movies/13087/cast.json","clips":"http://api.rottentomatoes.com/api/public/v1.0/movies/13087/clips.json","reviews":"http://api.rottentomatoes.com/api/public/v1.0/movies/13087/reviews.json","similar":"http://api.rottentomatoes.com/api/public/v1.0/movies/13087/similar.json"}},{"id":"12967","title":"The Name of the Rose (Der Name der Rose)","year":1986,"mpaa_rating":"R","runtime":130,"release_dates":{"theater":"1986-09-24","dvd":"2004-07-06"},"ratings":{"critics_rating":"Fresh","critics_score":76,"audience_rating":"Upright","audience_score":85},"synopsis":"","posters":{"thumbnail":"http://content6.flixster.com/movie/10/87/20/10872096_mob.jpg","profile":"http://content6.flixster.com/movie/10/87/20/10872096_pro.jpg","detailed":"http://content6.flixster.com/movie/10/87/20/10872096_det.jpg","original":"http://content6.flixster.com/movie/10/87/20/10872096_ori.jpg"},"abridged_cast":[{"name":"Sean Connery","id":"162656350","characters":["William of Baskerville"]},{"name":"F Murray Abraham","id":"377006663","characters":["Bernardo Gui"]},{"name":"Christian Slater","id":"162652316","characters":["Adso of Melk"]},{"name":"Michel Lonsdale","id":"770730711","characters":["The Abbot"]},{"name":"Elya Baskin","id":"770669294","characters":["Severinus"]}],"alternate_ids":{"imdb":"0091605"},"links":{"self":"http://api.rottentomatoes.com/api/public/v1.0/movies/12967.json","alternate":"http://www.rottentomatoes.com/m/the_name_of_the_rose_1986/","cast":"http://api.rottentomatoes.com/api/public/v1.0/movies/12967/cast.json","clips":"http://api.rottentomatoes.com/api/public/v1.0/movies/12967/clips.json","reviews":"http://api.rottentomatoes.com/api/public/v1.0/movies/12967/reviews.json","similar":"http://api.rottentomatoes.com/api/public/v1.0/movies/12967/similar.json"}},{"id":"13269","title":"Dancer in the Dark","year":2000,"mpaa_rating":"R","runtime":137,"critics_consensus":"Dancer in Dark can be grim, dull, and difficult to watch, but even so, it has a powerful and moving performance from Bjork and is something quite new and visionary.","release_dates":{"theater":"2000-09-23","dvd":"2001-03-20"},"ratings":{"critics_rating":"Fresh","critics_score":68,"audience_rating":"Upright","audience_score":92},"synopsis":"","posters":{"thumbnail":"http://content6.flixster.com/movie/26/89/268916_mob.jpg","profile":"http://content6.flixster.com/movie/26/89/268916_pro.jpg","detailed":"http://content6.flixster.com/movie/26/89/268916_det.jpg","original":"http://content6.flixster.com/movie/26/89/268916_ori.jpg"},"abridged_cast":[{"name":"Bjork","id":"162689751","characters":["Selma"]},{"name":"Catherine Deneuve","id":"162667804","characters":["Kathy"]},{"name":"David Morse","id":"162676381","characters":["Bill"]},{"name":"Peter Stormare","id":"162725032","characters":["Jeff"]},{"name":"Joel Grey","id":"162668189","characters":["Oldrich Novy"]}],"alternate_ids":{"imdb":"0168629"},"links":{"self":"http://api.rottentomatoes.com/api/public/v1.0/movies/13269.json","alternate":"http://www.rottentomatoes.com/m/dancer_in_the_dark/","cast":"http://api.rottentomatoes.com/api/public/v1.0/movies/13269/cast.json","clips":"http://api.rottentomatoes.com/api/public/v1.0/movies/13269/clips.json","reviews":"http://api.rottentomatoes.com/api/public/v1.0/movies/13269/reviews.json","similar":"http://api.rottentomatoes.com/api/public/v1.0/movies/13269/similar.json"}},{"id":"9475","title":"The Tigger Movie","year":2000,"mpaa_rating":"G","runtime":77,"critics_consensus":"Tigger Movie may lack the technological flash and underlying adult sophistication of other recent animated movies, but it's fun and charming.","release_dates":{"theater":"2000-02-11","dvd":"2000-08-22"},"ratings":{"critics_rating":"Fresh","critics_score":62,"audience_rating":"Upright","audience_score":62},"synopsis":"","posters":{"thumbnail":"http://content9.flixster.com/movie/11/12/43/11124383_mob.jpg","profile":"http://content9.flixster.com/movie/11/12/43/11124383_pro.jpg","detailed":"http://content9.flixster.com/movie/11/12/43/11124383_det.jpg","original":"http://content9.flixster.com/movie/11/12/43/11124383_ori.jpg"},"abridged_cast":[{"name":"Jim Cummings","id":"162655841","characters":["Tigger","Winnie the Pooh"]},{"name":"Nikita Hopkins","id":"770671892","characters":["Roo"]},{"name":"Ken Sansom","id":"162656755","characters":["Rabbit"]},{"name":"John Fiedler","id":"162656753","characters":["Piglet"]},{"name":"Peter Cullen","id":"162656754","characters":["Eeyore"]}],"alternate_ids":{"imdb":"0220099"},"links":{"self":"http://api.rottentomatoes.com/api/public/v1.0/movies/9475.json","alternate":"http://www.rottentomatoes.com/m/the-tigger-movie/","cast":"http://api.rottentomatoes.com/api/public/v1.0/movies/9475/cast.json","clips":"http://api.rottentomatoes.com/api/public/v1.0/movies/9475/clips.json","reviews":"http://api.rottentomatoes.com/api/public/v1.0/movies/9475/reviews.json","similar":"http://api.rottentomatoes.com/api/public/v1.0/movies/9475/similar.json"}},{"id":"10133","title":"The Horse Whisperer","year":1998,"mpaa_rating":"PG-13","runtime":168,"critics_consensus":"It might be a bit too eager to tug the heartstrings, but The Horse Whisperer is typically graceful, well-crafted Redford -- on both sides of the camera.","release_dates":{"theater":"1998-05-15","dvd":"2001-10-30"},"ratings":{"critics_rating":"Fresh","critics_score":73,"audience_rating":"Upright","audience_score":72},"synopsis":"","posters":{"thumbnail":"http://content8.flixster.com/movie/10/87/81/10878142_mob.jpg","profile":"http://content8.flixster.com/movie/10/87/81/10878142_pro.jpg","detailed":"http://content8.flixster.com/movie/10/87/81/10878142_det.jpg","original":"http://content8.flixster.com/movie/10/87/81/10878142_ori.jpg"},"abridged_cast":[{"name":"Robert Redford","id":"162653875","characters":["Tom Booker"]},{"name":"Kristin Scott Thomas","id":"162655863","characters":["Annie MacLean"]},{"name":"Sam Neill","id":"162656850","characters":["Robert McLean"]},{"name":"Dianne Wiest","id":"162664793","characters":["Diane Booker"]},{"name":"Scarlett Johansson","id":"162652872","characters":["Grace MacLean"]}],"alternate_ids":{"imdb":"0119314"},"links":{"self":"http://api.rottentomatoes.com/api/public/v1.0/movies/10133.json","alternate":"http://www.rottentomatoes.com/m/horse_whisperer/","cast":"http://api.rottentomatoes.com/api/public/v1.0/movies/10133/cast.json","clips":"http://api.rottentomatoes.com/api/public/v1.0/movies/10133/clips.json","reviews":"http://api.rottentomatoes.com/api/public/v1.0/movies/10133/reviews.json","similar":"http://api.rottentomatoes.com/api/public/v1.0/movies/10133/similar.json"}},{"id":"770785473","title":"The Informers","year":2009,"mpaa_rating":"R","runtime":98,"critics_consensus":"As miserable and insipid as its protagonists, The Informers fails to provide anything to think about after the sheen of fake blond is gone.","release_dates":{"theater":"2009-04-24","dvd":"2009-08-25"},"ratings":{"critics_rating":"Rotten","critics_score":13,"audience_rating":"Spilled","audience_score":17},"synopsis":"","posters":{"thumbnail":"http://content8.flixster.com/movie/10/88/73/10887390_mob.jpg","profile":"http://content8.flixster.com/movie/10/88/73/10887390_pro.jpg","detailed":"http://content8.flixster.com/movie/10/88/73/10887390_det.jpg","original":"http://content8.flixster.com/movie/10/88/73/10887390_ori.jpg"},"abridged_cast":[{"name":"Billy Bob Thornton","id":"162652889","characters":["William Sloan"]},{"name":"Kim Basinger","id":"162664684","characters":["Laura Sloan"]},{"name":"Winona Ryder","id":"162659115","characters":["Cheryl Moore"]},{"name":"Jon Foster","id":"162687234","characters":["Graham Sloan"]},{"name":"Amber Heard","id":"770673718","characters":["Christie"]}],"alternate_ids":{"imdb":"0865554"},"links":{"self":"http://api.rottentomatoes.com/api/public/v1.0/movies/770785473.json","alternate":"http://www.rottentomatoes.com/m/10008991-informers/","cast":"http://api.rottentomatoes.com/api/public/v1.0/movies/770785473/cast.json","clips":"http://api.rottentomatoes.com/api/public/v1.0/movies/770785473/clips.json","reviews":"http://api.rottentomatoes.com/api/public/v1.0/movies/770785473/reviews.json","similar":"http://api.rottentomatoes.com/api/public/v1.0/movies/770785473/similar.json"}},{"id":"770673355","title":"The Jane Austen Book Club","year":2007,"mpaa_rating":"PG-13","runtime":106,"critics_consensus":"Though at times formulaic and sentimental, Jane Austen Book Club succeeds on the strength of its likable ensemble cast. Even those not familiar with Jane Austen's work may find much to enjoy this lighthearted romance.","release_dates":{"theater":"2007-10-05","dvd":"2008-02-05"},"ratings":{"critics_rating":"Fresh","critics_score":65,"audience_rating":"Upright","audience_score":67},"synopsis":"","posters":{"thumbnail":"http://content9.flixster.com/movie/10/89/34/10893419_mob.jpg","profile":"http://content9.flixster.com/movie/10/89/34/10893419_pro.jpg","detailed":"http://content9.flixster.com/movie/10/89/34/10893419_det.jpg","original":"http://content9.flixster.com/movie/10/89/34/10893419_ori.jpg"},"abridged_cast":[{"name":"Kathy Baker","id":"162654642","characters":["Bernadette"]},{"name":"Maria Bello","id":"162654542","characters":["Jocelyn"]},{"name":"Emily Blunt","id":"162685827","characters":["Prudie"]},{"name":"Amy Brenneman","id":"162654643","characters":["Sylvia"]},{"name":"Hugh Dancy","id":"359854978","characters":["Grigg"]}],"alternate_ids":{"imdb":"0866437"},"links":{"self":"http://api.rottentomatoes.com/api/public/v1.0/movies/770673355.json","alternate":"http://www.rottentomatoes.com/m/1175178-jane_austen_book_club/","cast":"http://api.rottentomatoes.com/api/public/v1.0/movies/770673355/cast.json","clips":"http://api.rottentomatoes.com/api/public/v1.0/movies/770673355/clips.json","reviews":"http://api.rottentomatoes.com/api/public/v1.0/movies/770673355/reviews.json","similar":"http://api.rottentomatoes.com/api/public/v1.0/movies/770673355/similar.json"}},{"id":"10128","title":"The Triplets of Belleville","year":2003,"mpaa_rating":"PG-13","runtime":81,"critics_consensus":"Richly detailed and loaded with surreal touches, The Triplets of Belleville is an odd, delightful charmer.","release_dates":{"theater":"2003-11-26","dvd":"2004-05-04"},"ratings":{"critics_rating":"Certified Fresh","critics_score":94,"audience_rating":"Upright","audience_score":90},"synopsis":"","posters":{"thumbnail":"http://content8.flixster.com/movie/11/13/26/11132682_mob.jpg","profile":"http://content8.flixster.com/movie/11/13/26/11132682_pro.jpg","detailed":"http://content8.flixster.com/movie/11/13/26/11132682_det.jpg","original":"http://content8.flixster.com/movie/11/13/26/11132682_ori.jpg"},"abridged_cast":[{"name":"Jean-Claude Donda","id":"162660386"},{"name":"Michel Robin","id":"162660390"},{"name":"Monica Vegas","id":"771028700"},{"name":"Michele Caucheteux","id":"162660388"}],"links":{"self":"http://api.rottentomatoes.com/api/public/v1.0/movies/10128.json","alternate":"http://www.rottentomatoes.com/m/the_triplets_of_belleville/","cast":"http://api.rottentomatoes.com/api/public/v1.0/movies/10128/cast.json","clips":"http://api.rottentomatoes.com/api/public/v1.0/movies/10128/clips.json","reviews":"http://api.rottentomatoes.com/api/public/v1.0/movies/10128/reviews.json","similar":"http://api.rottentomatoes.com/api/public/v1.0/movies/10128/similar.json"}},{"id":"770871812","title":"The Killer Inside Me","year":2010,"mpaa_rating":"R","runtime":108,"critics_consensus":"The Killer Inside Me is stylish and beautifully shot, but Michael Winterbottom's distance from his characters robs this often brutally violent film of crucial emotional context.","release_dates":{"theater":"2010-06-18","dvd":"2010-09-28"},"ratings":{"critics_rating":"Rotten","critics_score":54,"audience_rating":"Spilled","audience_score":40},"synopsis":"The second feature-length adaptation of author Jim Thompson's acclaimed 1952 crime novel, Michael Winterbottom's unflinching, psychosexual post-noir stars Casey Affleck as Deputy Sheriff Lou Ford, a stoic small-town lawman leading a secret life as a serial killer. His West Texas jurisdiction plagued by a series of unsolved murders, Deputy Sheriff Ford does his best to maintain a cool facade while working to deflect the suspicions of the locals. When those suspicions grow too strong to ignore, the psychotic sheriff begins to buckle under the pressure. ~ Jason Buchanan, Rovi","posters":{"thumbnail":"http://content9.flixster.com/movie/11/15/13/11151359_mob.jpg","profile":"http://content9.flixster.com/movie/11/15/13/11151359_pro.jpg","detailed":"http://content9.flixster.com/movie/11/15/13/11151359_det.jpg","original":"http://content9.flixster.com/movie/11/15/13/11151359_ori.jpg"},"abridged_cast":[{"name":"Casey Affleck","id":"162706324","characters":["Lou Ford","Sherrif Lou Ford"]},{"name":"Kate Hudson","id":"162653218","characters":["Amy Stanton"]},{"name":"Jessica Alba","id":"162652782","characters":["Joyce Lakeland"]},{"name":"Ned Beatty","id":"162672460","characters":["Chester Conway"]},{"name":"Elias Koteas","id":"162654218","characters":["Joe Rothman"]}],"alternate_ids":{"imdb":"0954947"},"links":{"self":"http://api.rottentomatoes.com/api/public/v1.0/movies/770871812.json","alternate":"http://www.rottentomatoes.com/m/the_killer_inside_me/","cast":"http://api.rottentomatoes.com/api/public/v1.0/movies/770871812/cast.json","clips":"http://api.rottentomatoes.com/api/public/v1.0/movies/770871812/clips.json","reviews":"http://api.rottentomatoes.com/api/public/v1.0/movies/770871812/reviews.json","similar":"http://api.rottentomatoes.com/api/public/v1.0/movies/770871812/similar.json"}},{"id":"155654880","title":"Down in the Valley","year":2005,"mpaa_rating":"R","runtime":125,"critics_consensus":"The premise of Old West clashing with modern suburbia is fresh and initially intriguing, but the second act degenerates into a clumsy jumble of events which strain credibility.","release_dates":{"theater":"2005-06-16","dvd":"2006-09-26"},"ratings":{"critics_rating":"Rotten","critics_score":52,"audience_rating":"Spilled","audience_score":54},"synopsis":"","posters":{"thumbnail":"http://content8.flixster.com/movie/10/90/59/10905930_mob.jpg","profile":"http://content8.flixster.com/movie/10/90/59/10905930_pro.jpg","detailed":"http://content8.flixster.com/movie/10/90/59/10905930_det.jpg","original":"http://content8.flixster.com/movie/10/90/59/10905930_ori.jpg"},"abridged_cast":[{"name":"Edward Norton","id":"162660884","characters":["Harlan"]},{"name":"David Morse","id":"162676381","characters":["Wade"]},{"name":"Evan Rachel Wood","id":"162653277","characters":["Tobe"]},{"name":"Rory Culkin","id":"162653085","characters":["Lonnie"]},{"name":"John Diehl","id":"162716099","characters":["Steve"]}],"alternate_ids":{"imdb":"0398027"},"links":{"self":"http://api.rottentomatoes.com/api/public/v1.0/movies/155654880.json","alternate":"http://www.rottentomatoes.com/m/down_in_the_valley/","cast":"http://api.rottentomatoes.com/api/public/v1.0/movies/155654880/cast.json","clips":"http://api.rottentomatoes.com/api/public/v1.0/movies/155654880/clips.json","reviews":"http://api.rottentomatoes.com/api/public/v1.0/movies/155654880/reviews.json","similar":"http://api.rottentomatoes.com/api/public/v1.0/movies/155654880/similar.json"}},{"id":"287864858","title":"The Quiet","year":2005,"mpaa_rating":"R","runtime":87,"critics_consensus":"This psychological thriller's talented cast is undercut by leaden pacing and a problematic plot.","release_dates":{"theater":"2006-08-25","dvd":"2007-02-13"},"ratings":{"critics_rating":"Rotten","critics_score":21,"audience_rating":"Spilled","audience_score":52},"synopsis":"","posters":{"thumbnail":"http://content8.flixster.com/movie/10/90/98/10909862_mob.jpg","profile":"http://content8.flixster.com/movie/10/90/98/10909862_pro.jpg","detailed":"http://content8.flixster.com/movie/10/90/98/10909862_det.jpg","original":"http://content8.flixster.com/movie/10/90/98/10909862_ori.jpg"},"abridged_cast":[{"name":"Elisha Cuthbert","id":"162652258","characters":["Nina"]},{"name":"Camilla Belle","id":"162653083","characters":["Dot"]},{"name":"Edie Falco","id":"162678334","characters":["Olivia"]},{"name":"Martin Donovan","id":"162720263","characters":["Paul"]},{"name":"Katy Mixon","id":"770692485","characters":["Michelle"]}],"alternate_ids":{"imdb":"0414951"},"links":{"self":"http://api.rottentomatoes.com/api/public/v1.0/movies/287864858.json","alternate":"http://www.rottentomatoes.com/m/the_quiet/","cast":"http://api.rottentomatoes.com/api/public/v1.0/movies/287864858/cast.json","clips":"http://api.rottentomatoes.com/api/public/v1.0/movies/287864858/clips.json","reviews":"http://api.rottentomatoes.com/api/public/v1.0/movies/287864858/reviews.json","similar":"http://api.rottentomatoes.com/api/public/v1.0/movies/287864858/similar.json"}},{"id":"10428","title":"The 'Burbs","year":1989,"mpaa_rating":"PG","runtime":101,"release_dates":{"theater":"1989-01-01","dvd":"1999-05-04"},"ratings":{"critics_rating":"Rotten","critics_score":46,"audience_rating":"Upright","audience_score":73},"synopsis":"","posters":{"thumbnail":"http://content8.flixster.com/movie/55/12/57/5512574_mob.jpg","profile":"http://content8.flixster.com/movie/55/12/57/5512574_pro.jpg","detailed":"http://content8.flixster.com/movie/55/12/57/5512574_det.jpg","original":"http://content8.flixster.com/movie/55/12/57/5512574_ori.jpg"},"abridged_cast":[{"name":"Tom Hanks","id":"162655641","characters":["Ray Peterson"]},{"name":"Bruce Dern","id":"162658850","characters":["Mark Rumsfield"]},{"name":"Carrie Fisher","id":"162663355","characters":["Carol Peterson"]},{"name":"Rick Ducommun","id":"770699467","characters":["Art Weingartner"]},{"name":"Corey Feldman","id":"162661544","characters":["Ricky Butler"]}],"alternate_ids":{"imdb":"0096734"},"links":{"self":"http://api.rottentomatoes.com/api/public/v1.0/movies/10428.json","alternate":"http://www.rottentomatoes.com/m/burbs/","cast":"http://api.rottentomatoes.com/api/public/v1.0/movies/10428/cast.json","clips":"http://api.rottentomatoes.com/api/public/v1.0/movies/10428/clips.json","reviews":"http://api.rottentomatoes.com/api/public/v1.0/movies/10428/reviews.json","similar":"http://api.rottentomatoes.com/api/public/v1.0/movies/10428/similar.json"}},{"id":"14949","title":"The Red Violin (Le violon rouge)","year":1998,"mpaa_rating":"R","runtime":130,"release_dates":{"theater":"1999-06-11","dvd":"1999-12-14"},"ratings":{"critics_rating":"Fresh","critics_score":73,"audience_rating":"Upright","audience_score":92},"synopsis":"","posters":{"thumbnail":"http://content9.flixster.com/movie/11/15/43/11154371_mob.jpg","profile":"http://content9.flixster.com/movie/11/15/43/11154371_pro.jpg","detailed":"http://content9.flixster.com/movie/11/15/43/11154371_det.jpg","original":"http://content9.flixster.com/movie/11/15/43/11154371_ori.jpg"},"abridged_cast":[{"name":"Samuel L. Jackson","id":"162652156","characters":["Charles Morritz"]},{"name":"Don McKellar","id":"162703154","characters":["Evan Williams"]},{"name":"Carlo Cecchi","id":"162714406","characters":["Nicolo Bussotti"]},{"name":"Irene Grazioli","id":"563562912","characters":["Anna Bussotti"]},{"name":"Jean-Luc Bideau","id":"162714407","characters":["Georges Poussin"]}],"alternate_ids":{"imdb":"0120802"},"links":{"self":"http://api.rottentomatoes.com/api/public/v1.0/movies/14949.json","alternate":"http://www.rottentomatoes.com/m/the_red_violin/","cast":"http://api.rottentomatoes.com/api/public/v1.0/movies/14949/cast.json","clips":"http://api.rottentomatoes.com/api/public/v1.0/movies/14949/clips.json","reviews":"http://api.rottentomatoes.com/api/public/v1.0/movies/14949/reviews.json","similar":"http://api.rottentomatoes.com/api/public/v1.0/movies/14949/similar.json"}},{"id":"771252631","title":"The Sorcerer and the White Snake","year":2013,"mpaa_rating":"PG-13","runtime":99,"release_dates":{"theater":"2013-02-08","dvd":"2013-04-09"},"ratings":{"critics_rating":"Rotten","critics_score":27,"audience_rating":"Spilled","audience_score":49},"synopsis":"Action director Ching Siu-Tung helms this fantasy film based on an old Chinese legend about an herbalist who falls in love with a thousand-year-old White Snake disguised as a woman. Jet Li stars as a sorcerer who discovers her true identity and battles to save the man's soul. (c) Magnolia","posters":{"thumbnail":"http://content7.flixster.com/movie/11/16/83/11168317_mob.jpg","profile":"http://content7.flixster.com/movie/11/16/83/11168317_pro.jpg","detailed":"http://content7.flixster.com/movie/11/16/83/11168317_det.jpg","original":"http://content7.flixster.com/movie/11/16/83/11168317_ori.jpg"},"abridged_cast":[{"name":"Jet Li","id":"162652223","characters":["Abott Fahai"]},{"name":"Eva Huang","id":"771058538","characters":["White Snake"]},{"name":"Raymond Lam Fung","id":"771082173","characters":["Xu Xian"]},{"name":"Charlene Choi","id":"162744971","characters":["Green Snake"]},{"name":"Vivian Hsu","id":"335719060","characters":["Ice Harpy"]}],"alternate_ids":{"imdb":"1857913"},"links":{"self":"http://api.rottentomatoes.com/api/public/v1.0/movies/771252631.json","alternate":"http://www.rottentomatoes.com/m/the_sorcerer_and_the_white_snake/","cast":"http://api.rottentomatoes.com/api/public/v1.0/movies/771252631/cast.json","clips":"http://api.rottentomatoes.com/api/public/v1.0/movies/771252631/clips.json","reviews":"http://api.rottentomatoes.com/api/public/v1.0/movies/771252631/reviews.json","similar":"http://api.rottentomatoes.com/api/public/v1.0/movies/771252631/similar.json"}},{"id":"13371","title":"The Edge","year":1997,"mpaa_rating":"R","runtime":117,"release_dates":{"theater":"1997-09-26","dvd":"1999-05-25"},"ratings":{"critics_rating":"Fresh","critics_score":60,"audience_rating":"Upright","audience_score":70},"synopsis":"","posters":{"thumbnail":"http://content6.flixster.com/movie/11/16/47/11164760_mob.jpg","profile":"http://content6.flixster.com/movie/11/16/47/11164760_pro.jpg","detailed":"http://content6.flixster.com/movie/11/16/47/11164760_det.jpg","original":"http://content6.flixster.com/movie/11/16/47/11164760_ori.jpg"},"abridged_cast":[{"name":"Anthony Hopkins","id":"162653967","characters":["Charles Morse"]},{"name":"Alec Baldwin","id":"162656441","characters":["Robert Green"]},{"name":"Elle Macpherson","id":"162692951","characters":["Mickey Morse"]},{"name":"Harold Perrineau Jr.","id":"770745298","characters":["Stephen"]},{"name":"L.Q. Jones","id":"162692784","characters":["Styles"]}],"alternate_ids":{"imdb":"0119051"},"links":{"self":"http://api.rottentomatoes.com/api/public/v1.0/movies/13371.json","alternate":"http://www.rottentomatoes.com/m/edge/","cast":"http://api.rottentomatoes.com/api/public/v1.0/movies/13371/cast.json","clips":"http://api.rottentomatoes.com/api/public/v1.0/movies/13371/clips.json","reviews":"http://api.rottentomatoes.com/api/public/v1.0/movies/13371/reviews.json","similar":"http://api.rottentomatoes.com/api/public/v1.0/movies/13371/similar.json"}},{"id":"770767607","title":"The Descent 2","year":2009,"mpaa_rating":"R","runtime":93,"release_dates":{"theater":"2009-08-24","dvd":"2010-04-27"},"ratings":{"critics_rating":"Rotten","critics_score":55,"audience_rating":"Spilled","audience_score":34},"synopsis":"","posters":{"thumbnail":"http://content6.flixster.com/movie/11/14/69/11146932_mob.jpg","profile":"http://content6.flixster.com/movie/11/14/69/11146932_pro.jpg","detailed":"http://content6.flixster.com/movie/11/14/69/11146932_det.jpg","original":"http://content6.flixster.com/movie/11/14/69/11146932_ori.jpg"},"abridged_cast":[{"name":"Shauna MacDonald","id":"162653137","characters":["Sarah"]},{"name":"Natalie Jackson Mendoza","id":"326300164","characters":["Juno"]},{"name":"Krysten Cummings","id":"770850729","characters":["Deputy Rios","Rio"]},{"name":"Douglas Hodge","id":"617256782","characters":["Dan"]},{"name":"Gavan O'Herlihy","id":"770670085","characters":["Sheriff Vaines"]}],"alternate_ids":{"imdb":"1073105"},"links":{"self":"http://api.rottentomatoes.com/api/public/v1.0/movies/770767607.json","alternate":"http://www.rottentomatoes.com/m/the_descent_2/","cast":"http://api.rottentomatoes.com/api/public/v1.0/movies/770767607/cast.json","clips":"http://api.rottentomatoes.com/api/public/v1.0/movies/770767607/clips.json","reviews":"http://api.rottentomatoes.com/api/public/v1.0/movies/770767607/reviews.json","similar":"http://api.rottentomatoes.com/api/public/v1.0/movies/770767607/similar.json"}},{"id":"13237","title":"Wag the Dog","year":1997,"mpaa_rating":"R","runtime":97,"critics_consensus":"Smart, well-acted, and uncomfortably prescient political satire from director Barry Levinson and and all-star cast.","release_dates":{"theater":"1997-12-25","dvd":"1998-07-28"},"ratings":{"critics_rating":"Certified Fresh","critics_score":85,"audience_rating":"Upright","audience_score":77},"synopsis":"","posters":{"thumbnail":"http://content9.flixster.com/movie/11/15/99/11159991_mob.jpg","profile":"http://content9.flixster.com/movie/11/15/99/11159991_pro.jpg","detailed":"http://content9.flixster.com/movie/11/15/99/11159991_det.jpg","original":"http://content9.flixster.com/movie/11/15/99/11159991_ori.jpg"},"abridged_cast":[{"name":"Dustin Hoffman","id":"162659372","characters":["Stanley Motss"]},{"name":"Robert De Niro","id":"162655521","characters":["Conrad Brean"]},{"name":"Anne Heche","id":"162666510","characters":["Winifred Ames"]},{"name":"Woody Harrelson","id":"162654250","characters":["Sgt. William Schumann"]},{"name":"Denis Leary","id":"162659182","characters":["Fad King"]}],"alternate_ids":{"imdb":"0120885"},"links":{"self":"http://api.rottentomatoes.com/api/public/v1.0/movies/13237.json","alternate":"http://www.rottentomatoes.com/m/wag_the_dog/","cast":"http://api.rottentomatoes.com/api/public/v1.0/movies/13237/cast.json","clips":"http://api.rottentomatoes.com/api/public/v1.0/movies/13237/clips.json","reviews":"http://api.rottentomatoes.com/api/public/v1.0/movies/13237/reviews.json","similar":"http://api.rottentomatoes.com/api/public/v1.0/movies/13237/similar.json"}},{"id":"93101506","title":"Ask the Dust","year":2006,"mpaa_rating":"R","runtime":117,"critics_consensus":"Though Hayek is luminous, Farrell seems miscast, and the film fails to capture the gritty, lively edginess of the book upon which it's based.","release_dates":{"theater":"2006-03-10","dvd":"2006-07-25"},"ratings":{"critics_rating":"Rotten","critics_score":35,"audience_rating":"Spilled","audience_score":41},"synopsis":"","posters":{"thumbnail":"http://content7.flixster.com/movie/10/89/83/10898381_mob.jpg","profile":"http://content7.flixster.com/movie/10/89/83/10898381_pro.jpg","detailed":"http://content7.flixster.com/movie/10/89/83/10898381_det.jpg","original":"http://content7.flixster.com/movie/10/89/83/10898381_ori.jpg"},"abridged_cast":[{"name":"Colin Farrell","id":"162665297","characters":["Arturo Bandini"]},{"name":"Salma Hayek","id":"162673418","characters":["Camilla"]},{"name":"Donald Sutherland","id":"162655293","characters":["Hellfrick"]},{"name":"Eileen Atkins","id":"162663863","characters":["Mrs. Hargraves"]},{"name":"Idina Menzel","id":"162655508","characters":["Vera Rivkin"]}],"alternate_ids":{"imdb":"0384814"},"links":{"self":"http://api.rottentomatoes.com/api/public/v1.0/movies/93101506.json","alternate":"http://www.rottentomatoes.com/m/ask_the_dust/","cast":"http://api.rottentomatoes.com/api/public/v1.0/movies/93101506/cast.json","clips":"http://api.rottentomatoes.com/api/public/v1.0/movies/93101506/clips.json","reviews":"http://api.rottentomatoes.com/api/public/v1.0/movies/93101506/reviews.json","similar":"http://api.rottentomatoes.com/api/public/v1.0/movies/93101506/similar.json"}},{"id":"14176","title":"The People Under The Stairs","year":1991,"mpaa_rating":"R","runtime":102,"release_dates":{"theater":"1991-11-01","dvd":"2003-10-07"},"ratings":{"critics_rating":"Rotten","critics_score":58,"audience_rating":"Spilled","audience_score":58},"synopsis":"","posters":{"thumbnail":"http://content7.flixster.com/movie/11/16/88/11168893_mob.jpg","profile":"http://content7.flixster.com/movie/11/16/88/11168893_pro.jpg","detailed":"http://content7.flixster.com/movie/11/16/88/11168893_det.jpg","original":"http://content7.flixster.com/movie/11/16/88/11168893_ori.jpg"},"abridged_cast":[{"name":"Brandon Quintin Adams","id":"162702925","characters":["Fool"]},{"name":"Everett McGill","id":"162686436","characters":["Daddy"]},{"name":"Wendy Robie","id":"538588086","characters":["Mommy"]},{"name":"AJ Langer","id":"364632862","characters":["Alice"]},{"name":"Ving Rhames","id":"162693220","characters":["Leroy"]}],"alternate_ids":{"imdb":"0105121"},"links":{"self":"http://api.rottentomatoes.com/api/public/v1.0/movies/14176.json","alternate":"http://www.rottentomatoes.com/m/people_under_the_stairs/","cast":"http://api.rottentomatoes.com/api/public/v1.0/movies/14176/cast.json","clips":"http://api.rottentomatoes.com/api/public/v1.0/movies/14176/clips.json","reviews":"http://api.rottentomatoes.com/api/public/v1.0/movies/14176/reviews.json","similar":"http://api.rottentomatoes.com/api/public/v1.0/movies/14176/similar.json"}},{"id":"15988","title":"Cradle 2 the Grave","year":2003,"mpaa_rating":"R","runtime":99,"critics_consensus":"Dumb and by-the-numbers, but serviceable.","release_dates":{"theater":"2003-02-28","dvd":"2003-08-12"},"ratings":{"critics_rating":"Rotten","critics_score":26,"audience_rating":"Spilled","audience_score":53},"synopsis":"","posters":{"thumbnail":"http://content8.flixster.com/movie/55/35/18/5535186_mob.jpg","profile":"http://content8.flixster.com/movie/55/35/18/5535186_pro.jpg","detailed":"http://content8.flixster.com/movie/55/35/18/5535186_det.jpg","original":"http://content8.flixster.com/movie/55/35/18/5535186_ori.jpg"},"abridged_cast":[{"name":"Jet Li","id":"162652223","characters":["Su"]},{"name":"DMX","id":"162699728","characters":["Tony Fait"]},{"name":"Mark Dacascos","id":"162664320","characters":["Ling"]},{"name":"Kelly Hu","id":"162653739","characters":["Sona"]},{"name":"Anthony Anderson","id":"162652995","characters":["Tommy"]}],"alternate_ids":{"imdb":"0306685"},"links":{"self":"http://api.rottentomatoes.com/api/public/v1.0/movies/15988.json","alternate":"http://www.rottentomatoes.com/m/cradle_2_the_grave/","cast":"http://api.rottentomatoes.com/api/public/v1.0/movies/15988/cast.json","clips":"http://api.rottentomatoes.com/api/public/v1.0/movies/15988/clips.json","reviews":"http://api.rottentomatoes.com/api/public/v1.0/movies/15988/reviews.json","similar":"http://api.rottentomatoes.com/api/public/v1.0/movies/15988/similar.json"}},{"id":"9518","title":"The Rookie","year":2002,"mpaa_rating":"G","runtime":127,"critics_consensus":"A heart-warming sports flick, The Rookie greatly benefits from understated direction and the emotional honesty Dennis Quaid brings to the role of Jim Morris.","release_dates":{"theater":"2002-03-29","dvd":"2002-08-27"},"ratings":{"critics_rating":"Certified Fresh","critics_score":84,"audience_rating":"Upright","audience_score":69},"synopsis":"","posters":{"thumbnail":"http://content7.flixster.com/movie/25/13/251397_mob.jpg","profile":"http://content7.flixster.com/movie/25/13/251397_pro.jpg","detailed":"http://content7.flixster.com/movie/25/13/251397_det.jpg","original":"http://content7.flixster.com/movie/25/13/251397_ori.jpg"},"abridged_cast":[{"name":"Dennis Quaid","id":"162655527","characters":["Jim Morris"]},{"name":"Rachel Griffiths","id":"162686453","characters":["Lorri Morris"]},{"name":"Jay Hernandez","id":"162654305","characters":["Joaquin \"Wack\" Campos"]},{"name":"Beth Grant","id":"359853495","characters":["Olline Morris"]},{"name":"Angus T. Jones","id":"770694171","characters":["Hunter"]}],"alternate_ids":{"imdb":"0265662"},"links":{"self":"http://api.rottentomatoes.com/api/public/v1.0/movies/9518.json","alternate":"http://www.rottentomatoes.com/m/1112954-rookie/","cast":"http://api.rottentomatoes.com/api/public/v1.0/movies/9518/cast.json","clips":"http://api.rottentomatoes.com/api/public/v1.0/movies/9518/clips.json","reviews":"http://api.rottentomatoes.com/api/public/v1.0/movies/9518/reviews.json","similar":"http://api.rottentomatoes.com/api/public/v1.0/movies/9518/similar.json"}},{"id":"528367173","title":"Under the Same Moon","year":2008,"mpaa_rating":"PG-13","runtime":109,"critics_consensus":"If Under the Same Moon is often manipulative, it is also heartfelt, and features strong performances from its leads.","release_dates":{"theater":"2008-03-19","dvd":"2008-06-17"},"ratings":{"critics_rating":"Fresh","critics_score":72,"audience_rating":"Upright","audience_score":82},"synopsis":"","posters":{"thumbnail":"http://content7.flixster.com/movie/11/16/48/11164841_mob.jpg","profile":"http://content7.flixster.com/movie/11/16/48/11164841_pro.jpg","detailed":"http://content7.flixster.com/movie/11/16/48/11164841_det.jpg","original":"http://content7.flixster.com/movie/11/16/48/11164841_ori.jpg"},"abridged_cast":[{"name":"Adrian Alonso","id":"528367174","characters":["Carlos Reyes"]},{"name":"Kate del Castillo","id":"497685690","characters":["Rosario"]},{"name":"Eugenio Derbez","id":"770680381","characters":["Enrique"]},{"name":"Maya Zapata","id":"351527630","characters":["Alicia"]},{"name":"Carmen Salinas","id":"381422072","characters":["DoA?a Carmen","Dona Carmen","Do?a Carmen"]}],"alternate_ids":{"imdb":"0796307"},"links":{"self":"http://api.rottentomatoes.com/api/public/v1.0/movies/528367173.json","alternate":"http://www.rottentomatoes.com/m/under_the_same_moon_2008/","cast":"http://api.rottentomatoes.com/api/public/v1.0/movies/528367173/cast.json","clips":"http://api.rottentomatoes.com/api/public/v1.0/movies/528367173/clips.json","reviews":"http://api.rottentomatoes.com/api/public/v1.0/movies/528367173/reviews.json","similar":"http://api.rottentomatoes.com/api/public/v1.0/movies/528367173/similar.json"}},{"id":"13322","title":"The Long Kiss Goodnight","year":1996,"mpaa_rating":"R","runtime":120,"release_dates":{"theater":"1996-10-11","dvd":"2001-02-06"},"ratings":{"critics_rating":"Fresh","critics_score":67,"audience_rating":"Upright","audience_score":71},"synopsis":"","posters":{"thumbnail":"http://content8.flixster.com/movie/59/86/77/5986778_mob.jpg","profile":"http://content8.flixster.com/movie/59/86/77/5986778_pro.jpg","detailed":"http://content8.flixster.com/movie/59/86/77/5986778_det.jpg","original":"http://content8.flixster.com/movie/59/86/77/5986778_ori.jpg"},"abridged_cast":[{"name":"Geena Davis","id":"162659514","characters":["Samantha Caine (Charly)"]},{"name":"Samuel L. Jackson","id":"162652156","characters":["Mitch Henessey"]},{"name":"Patrick Malahide","id":"721512738","characters":["Perkins"]},{"name":"Craig Bierko","id":"162694648","characters":["Timothy"]},{"name":"Brian Cox","id":"162653324","characters":["Nathan"]}],"alternate_ids":{"imdb":"0116908"},"links":{"self":"http://api.rottentomatoes.com/api/public/v1.0/movies/13322.json","alternate":"http://www.rottentomatoes.com/m/long_kiss_goodnight/","cast":"http://api.rottentomatoes.com/api/public/v1.0/movies/13322/cast.json","clips":"http://api.rottentomatoes.com/api/public/v1.0/movies/13322/clips.json","reviews":"http://api.rottentomatoes.com/api/public/v1.0/movies/13322/reviews.json","similar":"http://api.rottentomatoes.com/api/public/v1.0/movies/13322/similar.json"}},{"id":"15264","title":"The Crying Game","year":1992,"mpaa_rating":"R","runtime":112,"release_dates":{"theater":"1992-11-25","dvd":"1998-01-13"},"ratings":{"critics_rating":"Certified Fresh","critics_score":100,"audience_rating":"Upright","audience_score":79},"synopsis":"","posters":{"thumbnail":"http://content7.flixster.com/movie/11/17/61/11176189_mob.jpg","profile":"http://content7.flixster.com/movie/11/17/61/11176189_pro.jpg","detailed":"http://content7.flixster.com/movie/11/17/61/11176189_det.jpg","original":"http://content7.flixster.com/movie/11/17/61/11176189_ori.jpg"},"abridged_cast":[{"name":"Stephen Rea","id":"162655349","characters":["Fergus"]},{"name":"Jaye Davidson","id":"162720708","characters":["Dil"]},{"name":"Miranda Richardson","id":"162657484","characters":["Jude"]},{"name":"Forest Whitaker","id":"162662640","characters":["Jody"]},{"name":"Jim Broadbent","id":"162653369","characters":["Col"]}],"alternate_ids":{"imdb":"0104036"},"links":{"self":"http://api.rottentomatoes.com/api/public/v1.0/movies/15264.json","alternate":"http://www.rottentomatoes.com/m/crying_game/","cast":"http://api.rottentomatoes.com/api/public/v1.0/movies/15264/cast.json","clips":"http://api.rottentomatoes.com/api/public/v1.0/movies/15264/clips.json","reviews":"http://api.rottentomatoes.com/api/public/v1.0/movies/15264/reviews.json","similar":"http://api.rottentomatoes.com/api/public/v1.0/movies/15264/similar.json"}},{"id":"771225880","title":"The Art of Getting By","year":2011,"mpaa_rating":"PG-13","runtime":83,"critics_consensus":"A sitcom-level twee mess that bakes in the typical manic pixie dream girl and boring, withdrawn boy hero.","release_dates":{"theater":"2011-06-17","dvd":"2011-11-29"},"ratings":{"critics_rating":"Rotten","critics_score":18,"audience_rating":"Spilled","audience_score":47},"synopsis":"The Art of Getting By stars Freddie Highmore (Finding Neverland, Charlie and the Chocolate Factory) as George, a lonely and fatalistic teen who's made it all the way to his senior year without ever having done a real day of work, who is befriended by Sally (Emma Roberts - Scream 4), a beautiful and complicated girl who recognizes in him a kindred spirit. -- (C) Fox Searchlight","posters":{"thumbnail":"http://content9.flixster.com/movie/11/15/74/11157427_mob.jpg","profile":"http://content9.flixster.com/movie/11/15/74/11157427_pro.jpg","detailed":"http://content9.flixster.com/movie/11/15/74/11157427_det.jpg","original":"http://content9.flixster.com/movie/11/15/74/11157427_ori.jpg"},"abridged_cast":[{"name":"Freddie Highmore","id":"162652818","characters":["George Zinavoy"]},{"name":"Emma Roberts","id":"326298386","characters":["Sally Howe"]},{"name":"Michael Angarano","id":"162652944","characters":["Dustin"]},{"name":"Elizabeth Reaser","id":"162654750","characters":["Charlotte Howe"]},{"name":"Sam Robards","id":"162674360","characters":["Jack Sargent"]}],"alternate_ids":{"imdb":"1645080"},"links":{"self":"http://api.rottentomatoes.com/api/public/v1.0/movies/771225880.json","alternate":"http://www.rottentomatoes.com/m/the_art_of_getting_by/","cast":"http://api.rottentomatoes.com/api/public/v1.0/movies/771225880/cast.json","clips":"http://api.rottentomatoes.com/api/public/v1.0/movies/771225880/clips.json","reviews":"http://api.rottentomatoes.com/api/public/v1.0/movies/771225880/reviews.json","similar":"http://api.rottentomatoes.com/api/public/v1.0/movies/771225880/similar.json"}},{"id":"770801988","title":"The Private Lives of Pippa Lee","year":2009,"mpaa_rating":"R","runtime":100,"critics_consensus":"Reverential and offbeat, the road trip film Private lives of Pippa Lee takes emotional detours and is elevated by great performances, particularly that of Robin Wright-Penn.","release_dates":{"theater":"2009-11-27","dvd":"2010-03-02"},"ratings":{"critics_rating":"Fresh","critics_score":68,"audience_rating":"Spilled","audience_score":50},"synopsis":"","posters":{"thumbnail":"http://content8.flixster.com/movie/10/92/43/10924394_mob.jpg","profile":"http://content8.flixster.com/movie/10/92/43/10924394_pro.jpg","detailed":"http://content8.flixster.com/movie/10/92/43/10924394_det.jpg","original":"http://content8.flixster.com/movie/10/92/43/10924394_ori.jpg"},"abridged_cast":[{"name":"Robin Wright","id":"162659319","characters":["Pippa Lee"]},{"name":"Blake Lively","id":"162652609","characters":["Young Pippa"]},{"name":"Alan Arkin","id":"162666144","characters":["Herb Lee"]},{"name":"Keanu Reeves","id":"162654049","characters":["Chris Nadeau"]},{"name":"Maria Bello","id":"162654542","characters":["Suky Sarkissian"]}],"alternate_ids":{"imdb":"1134629"},"links":{"self":"http://api.rottentomatoes.com/api/public/v1.0/movies/770801988.json","alternate":"http://www.rottentomatoes.com/m/private_life_of_pippa_lee/","cast":"http://api.rottentomatoes.com/api/public/v1.0/movies/770801988/cast.json","clips":"http://api.rottentomatoes.com/api/public/v1.0/movies/770801988/clips.json","reviews":"http://api.rottentomatoes.com/api/public/v1.0/movies/770801988/reviews.json","similar":"http://api.rottentomatoes.com/api/public/v1.0/movies/770801988/similar.json"}},{"id":"10442","title":"Airplane 2 - The Sequel","year":1982,"mpaa_rating":"PG","runtime":84,"release_dates":{"theater":"1982-12-10","dvd":"2000-10-24"},"ratings":{"critics_rating":"Rotten","critics_score":39,"audience_rating":"Spilled","audience_score":51},"synopsis":"","posters":{"thumbnail":"http://content9.flixster.com/movie/11/16/91/11169195_mob.jpg","profile":"http://content9.flixster.com/movie/11/16/91/11169195_pro.jpg","detailed":"http://content9.flixster.com/movie/11/16/91/11169195_det.jpg","original":"http://content9.flixster.com/movie/11/16/91/11169195_ori.jpg"},"abridged_cast":[{"name":"Robert Hays","id":"162662915","characters":["Ted Striker"]},{"name":"Julie Hagerty","id":"162662916","characters":["Elaine Dickinson"]},{"name":"Lloyd Bridges","id":"162657649","characters":["McCroskey"]},{"name":"Peter Graves","id":"162656619","characters":["Capt. Oveur"]},{"name":"William Shatner","id":"162661860","characters":["Buck Murdock"]}],"alternate_ids":{"imdb":"0083530"},"links":{"self":"http://api.rottentomatoes.com/api/public/v1.0/movies/10442.json","alternate":"http://www.rottentomatoes.com/m/airplane_2_the_sequel/","cast":"http://api.rottentomatoes.com/api/public/v1.0/movies/10442/cast.json","clips":"http://api.rottentomatoes.com/api/public/v1.0/movies/10442/clips.json","reviews":"http://api.rottentomatoes.com/api/public/v1.0/movies/10442/reviews.json","similar":"http://api.rottentomatoes.com/api/public/v1.0/movies/10442/similar.json"}},{"id":"17595","title":"Nutty Professor II - The Klumps","year":2000,"mpaa_rating":"PG-13","runtime":107,"critics_consensus":"While Eddie Murphy is still hilarious as the entire Klump family, the movie falls apart because of uneven pacing, a poor script, and skits that rely on being gross rather than funny.","release_dates":{"theater":"2000-07-28","dvd":"2000-12-05"},"ratings":{"critics_rating":"Rotten","critics_score":26,"audience_rating":"Spilled","audience_score":33},"synopsis":"","posters":{"thumbnail":"http://content8.flixster.com/movie/28/85/288598_mob.jpg","profile":"http://content8.flixster.com/movie/28/85/288598_pro.jpg","detailed":"http://content8.flixster.com/movie/28/85/288598_det.jpg","original":"http://content8.flixster.com/movie/28/85/288598_ori.jpg"},"abridged_cast":[{"name":"Eddie Murphy","id":"162657430","characters":["Buddy Love","Ernie Klump","Granny Klump","Lance Perkins","Mama Klump","Papa Klump","Sherman Klump","Young Papa Klump"]},{"name":"Janet Jackson","id":"162692347","characters":["Denise Gaines"]},{"name":"Larry Miller","id":"162673291","characters":["Dean Richmond"]},{"name":"John Ales","id":"770679921","characters":["Jason"]},{"name":"Richard Gant","id":"566051691","characters":["Denise's Father"]}],"alternate_ids":{"imdb":"0144528"},"links":{"self":"http://api.rottentomatoes.com/api/public/v1.0/movies/17595.json","alternate":"http://www.rottentomatoes.com/m/nutty_professor_ii_the_klumps/","cast":"http://api.rottentomatoes.com/api/public/v1.0/movies/17595/cast.json","clips":"http://api.rottentomatoes.com/api/public/v1.0/movies/17595/clips.json","reviews":"http://api.rottentomatoes.com/api/public/v1.0/movies/17595/reviews.json","similar":"http://api.rottentomatoes.com/api/public/v1.0/movies/17595/similar.json"}},{"id":"10403","title":"Flight of the Phoenix","year":2004,"mpaa_rating":"PG-13","runtime":112,"critics_consensus":"What this update lacks in tension, it makes up for with generic action.","release_dates":{"theater":"2004-12-17","dvd":"2005-03-01"},"ratings":{"critics_rating":"Rotten","critics_score":30,"audience_rating":"Spilled","audience_score":41},"synopsis":"","posters":{"thumbnail":"http://content7.flixster.com/movie/10/87/00/10870025_mob.jpg","profile":"http://content7.flixster.com/movie/10/87/00/10870025_pro.jpg","detailed":"http://content7.flixster.com/movie/10/87/00/10870025_det.jpg","original":"http://content7.flixster.com/movie/10/87/00/10870025_ori.jpg"},"abridged_cast":[{"name":"Dennis Quaid","id":"162655527","characters":["Capt. Frank Towns"]},{"name":"Tyrese Gibson","id":"162653183","characters":["AJ"]},{"name":"Giovanni Ribisi","id":"162655082","characters":["Elliott"]},{"name":"Miranda Otto","id":"162652765","characters":["Kelly"]},{"name":"Tony Curran","id":"162662241","characters":["Rodney"]}],"alternate_ids":{"imdb":"0377062"},"links":{"self":"http://api.rottentomatoes.com/api/public/v1.0/movies/10403.json","alternate":"http://www.rottentomatoes.com/m/flight_of_the_phoenix/","cast":"http://api.rottentomatoes.com/api/public/v1.0/movies/10403/cast.json","clips":"http://api.rottentomatoes.com/api/public/v1.0/movies/10403/clips.json","reviews":"http://api.rottentomatoes.com/api/public/v1.0/movies/10403/reviews.json","similar":"http://api.rottentomatoes.com/api/public/v1.0/movies/10403/similar.json"}},{"id":"13263","title":"The War of the Roses","year":1989,"mpaa_rating":"R","runtime":116,"release_dates":{"theater":"1989-12-08","dvd":"2001-12-18"},"ratings":{"critics_rating":"Fresh","critics_score":82,"audience_rating":"Upright","audience_score":70},"synopsis":"","posters":{"thumbnail":"http://content7.flixster.com/movie/11/16/49/11164969_mob.jpg","profile":"http://content7.flixster.com/movie/11/16/49/11164969_pro.jpg","detailed":"http://content7.flixster.com/movie/11/16/49/11164969_det.jpg","original":"http://content7.flixster.com/movie/11/16/49/11164969_ori.jpg"},"abridged_cast":[{"name":"Michael Douglas","id":"162660400","characters":["Oliver Rose"]},{"name":"Kathleen Turner","id":"162658757","characters":["Barbara Rose"]},{"name":"Danny DeVito","id":"162664270","characters":["Gavin D'Amato"]},{"name":"Marianne Sagebrecht","id":"162665771","characters":["Susan"]},{"name":"Sean Astin","id":"162659177","characters":["Josh Age 17"]}],"alternate_ids":{"imdb":"0098621"},"links":{"self":"http://api.rottentomatoes.com/api/public/v1.0/movies/13263.json","alternate":"http://www.rottentomatoes.com/m/war_of_the_roses/","cast":"http://api.rottentomatoes.com/api/public/v1.0/movies/13263/cast.json","clips":"http://api.rottentomatoes.com/api/public/v1.0/movies/13263/clips.json","reviews":"http://api.rottentomatoes.com/api/public/v1.0/movies/13263/reviews.json","similar":"http://api.rottentomatoes.com/api/public/v1.0/movies/13263/similar.json"}},{"id":"10115","title":"The Witches","year":1990,"mpaa_rating":"PG","runtime":91,"critics_consensus":"With a deliciously wicked performance from Angelica Huston and imaginative puppetry by Jim Henson's creature shop, Nicolas Roeg's dark and witty movie captures the spirit of Roald Dahl's writing like few other adaptations.","release_dates":{"theater":"1990-02-16","dvd":"1999-06-22"},"ratings":{"critics_rating":"Fresh","critics_score":100,"audience_rating":"Upright","audience_score":69},"synopsis":"","posters":{"thumbnail":"http://content9.flixster.com/movie/11/15/31/11153119_mob.jpg","profile":"http://content9.flixster.com/movie/11/15/31/11153119_pro.jpg","detailed":"http://content9.flixster.com/movie/11/15/31/11153119_det.jpg","original":"http://content9.flixster.com/movie/11/15/31/11153119_ori.jpg"},"abridged_cast":[{"name":"Anjelica Huston","id":"162660306","characters":["Mrs. Ernst/ Grand High Witch"]},{"name":"Mai Zetterling","id":"162660307","characters":["Helga"]},{"name":"Jasen Fisher","id":"381422332","characters":["Luke"]},{"name":"Rowan Atkinson","id":"162669051","characters":["Mr. Stringer"]},{"name":"Bill Paterson","id":"397236426","characters":["Mr. Jenkins"]}],"alternate_ids":{"imdb":"0100944"},"links":{"self":"http://api.rottentomatoes.com/api/public/v1.0/movies/10115.json","alternate":"http://www.rottentomatoes.com/m/1029830-witches/","cast":"http://api.rottentomatoes.com/api/public/v1.0/movies/10115/cast.json","clips":"http://api.rottentomatoes.com/api/public/v1.0/movies/10115/clips.json","reviews":"http://api.rottentomatoes.com/api/public/v1.0/movies/10115/reviews.json","similar":"http://api.rottentomatoes.com/api/public/v1.0/movies/10115/similar.json"}},{"id":"11159","title":"The Living Daylights","year":1987,"mpaa_rating":"PG","runtime":130,"critics_consensus":"In The Living Daylights, newcomer Timothy Dalton plays James Bond with more debonair seriousness than preceding installments, and the result, is energetic, exciting, and occasionally weighty.","release_dates":{"theater":"1987-06-29","dvd":"2000-10-17"},"ratings":{"critics_rating":"Fresh","critics_score":75,"audience_rating":"Upright","audience_score":65},"synopsis":"","posters":{"thumbnail":"http://content9.flixster.com/movie/25/93/259311_mob.jpg","profile":"http://content9.flixster.com/movie/25/93/259311_pro.jpg","detailed":"http://content9.flixster.com/movie/25/93/259311_det.jpg","original":"http://content9.flixster.com/movie/25/93/259311_ori.jpg"},"abridged_cast":[{"name":"Timothy Dalton","id":"162669781","characters":["James Bond"]},{"name":"Maryam d'Abo","id":"162669782","characters":["Kara Malovy"]},{"name":"Jeroen Krabbe","id":"162682176","characters":["Gen. Georgi Koskov"]},{"name":"Joe Don Baker","id":"162661730","characters":["Brad Whitaker"]},{"name":"John Rhys-Davies","id":"265861635","characters":["Gen. Leonid Pushkin"]}],"alternate_ids":{"imdb":"0093428"},"links":{"self":"http://api.rottentomatoes.com/api/public/v1.0/movies/11159.json","alternate":"http://www.rottentomatoes.com/m/living_daylights/","cast":"http://api.rottentomatoes.com/api/public/v1.0/movies/11159/cast.json","clips":"http://api.rottentomatoes.com/api/public/v1.0/movies/11159/clips.json","reviews":"http://api.rottentomatoes.com/api/public/v1.0/movies/11159/reviews.json","similar":"http://api.rottentomatoes.com/api/public/v1.0/movies/11159/similar.json"}},{"id":"16619","title":"The General's Daughter","year":1999,"mpaa_rating":"R","runtime":116,"critics_consensus":"Contrived performances and over-the-top sequences offer little real drama.","release_dates":{"theater":"1999-06-18","dvd":"1999-12-14"},"ratings":{"critics_rating":"Rotten","critics_score":22,"audience_rating":"Spilled","audience_score":47},"synopsis":"","posters":{"thumbnail":"http://content6.flixster.com/movie/28/45/284516_mob.jpg","profile":"http://content6.flixster.com/movie/28/45/284516_pro.jpg","detailed":"http://content6.flixster.com/movie/28/45/284516_det.jpg","original":"http://content6.flixster.com/movie/28/45/284516_ori.jpg"},"abridged_cast":[{"name":"John Travolta","id":"162658692","characters":["Paul Brenner"]},{"name":"Madeleine Stowe","id":"162673205","characters":["Sara Sunhill"]},{"name":"James Cromwell","id":"162652553","characters":["Gen. Joe Campbell"]},{"name":"Timothy Hutton","id":"162671778","characters":["Col. Kent"]},{"name":"Leslie Stefanson","id":"421520976","characters":["Elisabeth Campbell"]}],"alternate_ids":{"imdb":"0144214"},"links":{"self":"http://api.rottentomatoes.com/api/public/v1.0/movies/16619.json","alternate":"http://www.rottentomatoes.com/m/generals_daughter/","cast":"http://api.rottentomatoes.com/api/public/v1.0/movies/16619/cast.json","clips":"http://api.rottentomatoes.com/api/public/v1.0/movies/16619/clips.json","reviews":"http://api.rottentomatoes.com/api/public/v1.0/movies/16619/reviews.json","similar":"http://api.rottentomatoes.com/api/public/v1.0/movies/16619/similar.json"}},{"id":"18152","title":"The Searchers","year":1956,"mpaa_rating":"PG","runtime":119,"release_dates":{"theater":"1956-03-13","dvd":"1999-05-18"},"ratings":{"critics_rating":"Certified Fresh","critics_score":100,"audience_rating":"Upright","audience_score":89},"synopsis":"","posters":{"thumbnail":"http://content9.flixster.com/movie/11/17/12/11171299_mob.jpg","profile":"http://content9.flixster.com/movie/11/17/12/11171299_pro.jpg","detailed":"http://content9.flixster.com/movie/11/17/12/11171299_det.jpg","original":"http://content9.flixster.com/movie/11/17/12/11171299_ori.jpg"},"abridged_cast":[{"name":"John Wayne","id":"162656287","characters":["Ethan Edwards"]},{"name":"Jeffrey Hunter","id":"162668708","characters":["Martin Pawley"]},{"name":"Vera Miles","id":"162656079","characters":["Laurie Jorgensen"]},{"name":"Ward Bond","id":"341817568","characters":["Capt. Reverend Clayton"]},{"name":"Natalie Wood","id":"162667579","characters":["Debbie Edwards older"]}],"alternate_ids":{"imdb":"0049730"},"links":{"self":"http://api.rottentomatoes.com/api/public/v1.0/movies/18152.json","alternate":"http://www.rottentomatoes.com/m/searchers/","cast":"http://api.rottentomatoes.com/api/public/v1.0/movies/18152/cast.json","clips":"http://api.rottentomatoes.com/api/public/v1.0/movies/18152/clips.json","reviews":"http://api.rottentomatoes.com/api/public/v1.0/movies/18152/reviews.json","similar":"http://api.rottentomatoes.com/api/public/v1.0/movies/18152/similar.json"}},{"id":"152552647","title":"The Lost City","year":2005,"mpaa_rating":"R","runtime":143,"critics_consensus":"Its heart is in the right place, but what starts as a promising exercise devolves into an overlong, unevenly directed disappointment.","release_dates":{"theater":"2005-09-03","dvd":"2006-08-08"},"ratings":{"critics_rating":"Rotten","critics_score":25,"audience_rating":"Upright","audience_score":64},"synopsis":"","posters":{"thumbnail":"http://content6.flixster.com/movie/11/14/23/11142384_mob.jpg","profile":"http://content6.flixster.com/movie/11/14/23/11142384_pro.jpg","detailed":"http://content6.flixster.com/movie/11/14/23/11142384_det.jpg","original":"http://content6.flixster.com/movie/11/14/23/11142384_ori.jpg"},"abridged_cast":[{"name":"Andy Garcia","id":"162672896","characters":["Fico Fellove"]},{"name":"Dustin Hoffman","id":"162659372","characters":["Meyer Lansky"]},{"name":"Bill Murray","id":"162653064","characters":["The Writer"]},{"name":"Ines Sastre","id":"162722640","characters":["Aurore Fellove"]},{"name":"Lorena Feijoo","id":"326394010","characters":["Leonela"]}],"alternate_ids":{"imdb":"0343996"},"links":{"self":"http://api.rottentomatoes.com/api/public/v1.0/movies/152552647.json","alternate":"http://www.rottentomatoes.com/m/10002516-lost_city/","cast":"http://api.rottentomatoes.com/api/public/v1.0/movies/152552647/cast.json","clips":"http://api.rottentomatoes.com/api/public/v1.0/movies/152552647/clips.json","reviews":"http://api.rottentomatoes.com/api/public/v1.0/movies/152552647/reviews.json","similar":"http://api.rottentomatoes.com/api/public/v1.0/movies/152552647/similar.json"}},{"id":"13330","title":"The Postman","year":1997,"mpaa_rating":"R","runtime":177,"release_dates":{"theater":"1997-12-25","dvd":"1998-06-23"},"ratings":{"critics_rating":"Rotten","critics_score":9,"audience_rating":"Spilled","audience_score":49},"synopsis":"","posters":{"thumbnail":"http://content7.flixster.com/movie/11/17/13/11171301_mob.jpg","profile":"http://content7.flixster.com/movie/11/17/13/11171301_pro.jpg","detailed":"http://content7.flixster.com/movie/11/17/13/11171301_det.jpg","original":"http://content7.flixster.com/movie/11/17/13/11171301_ori.jpg"},"abridged_cast":[{"name":"Kevin Costner","id":"162662350","characters":["The Postman"]},{"name":"Will Patton","id":"162690561","characters":["Bethlehem"]},{"name":"Larenz Tate","id":"162688981","characters":["Ford"]},{"name":"Olivia Williams","id":"162662296","characters":["Abby"]},{"name":"James Russo","id":"162715906","characters":["Idaho"]}],"alternate_ids":{"imdb":"0119925"},"links":{"self":"http://api.rottentomatoes.com/api/public/v1.0/movies/13330.json","alternate":"http://www.rottentomatoes.com/m/postman/","cast":"http://api.rottentomatoes.com/api/public/v1.0/movies/13330/cast.json","clips":"http://api.rottentomatoes.com/api/public/v1.0/movies/13330/clips.json","reviews":"http://api.rottentomatoes.com/api/public/v1.0/movies/13330/reviews.json","similar":"http://api.rottentomatoes.com/api/public/v1.0/movies/13330/similar.json"}},{"id":"13634","title":"The Ice Storm","year":1997,"mpaa_rating":"R","runtime":113,"critics_consensus":"Director Ang Lee revisits the ennui-laden decadence of 1970s suburban America with deft humor and gripping pathos.","release_dates":{"theater":"1997-09-26","dvd":"1998-05-13"},"ratings":{"critics_rating":"Certified Fresh","critics_score":84,"audience_rating":"Upright","audience_score":83},"synopsis":"","posters":{"thumbnail":"http://content8.flixster.com/movie/11/16/47/11164762_mob.jpg","profile":"http://content8.flixster.com/movie/11/16/47/11164762_pro.jpg","detailed":"http://content8.flixster.com/movie/11/16/47/11164762_det.jpg","original":"http://content8.flixster.com/movie/11/16/47/11164762_ori.jpg"},"abridged_cast":[{"name":"Kevin Kline","id":"162660419","characters":["Ben Hood"]},{"name":"Joan Allen","id":"162660057","characters":["Elena Hood"]},{"name":"Sigourney Weaver","id":"162660903","characters":["Janey Carver"]},{"name":"Tobey Maguire","id":"162660340","characters":["Paul Hood"]},{"name":"Christina Ricci","id":"162664405","characters":["Wendy Hood"]}],"alternate_ids":{"imdb":"0119349"},"links":{"self":"http://api.rottentomatoes.com/api/public/v1.0/movies/13634.json","alternate":"http://www.rottentomatoes.com/m/ice_storm/","cast":"http://api.rottentomatoes.com/api/public/v1.0/movies/13634/cast.json","clips":"http://api.rottentomatoes.com/api/public/v1.0/movies/13634/clips.json","reviews":"http://api.rottentomatoes.com/api/public/v1.0/movies/13634/reviews.json","similar":"http://api.rottentomatoes.com/api/public/v1.0/movies/13634/similar.json"}},{"id":"22253","title":"The 400 Blows (Les Quatre cents coups)","year":1959,"mpaa_rating":"Unrated","runtime":97,"critics_consensus":"A seminal French New Wave film that offers an honest, sympathetic, and wholly heartbreaking observation of adolescence without trite nostalgia.","release_dates":{"theater":"1959-11-16","dvd":"1998-03-24"},"ratings":{"critics_rating":"Certified Fresh","critics_score":100,"audience_rating":"Upright","audience_score":94},"synopsis":"","posters":{"thumbnail":"http://content6.flixster.com/movie/93/87/90/9387900_mob.jpg","profile":"http://content6.flixster.com/movie/93/87/90/9387900_pro.jpg","detailed":"http://content6.flixster.com/movie/93/87/90/9387900_det.jpg","original":"http://content6.flixster.com/movie/93/87/90/9387900_ori.jpg"},"abridged_cast":[{"name":"Jean-Pierre Leaud","id":"162678299","characters":["Antoine Doinel"]},{"name":"Robert Beauvais","id":"770750680","characters":["School Director"]},{"name":"Claire Maurier","id":"770677342","characters":["Mme. Doinel"]},{"name":"Albert Remy","id":"351333888","characters":["M. Doinel"]},{"name":"Guy Decomble","id":"711004559","characters":["The French Teacher"]}],"alternate_ids":{"imdb":"0053198"},"links":{"self":"http://api.rottentomatoes.com/api/public/v1.0/movies/22253.json","alternate":"http://www.rottentomatoes.com/m/400_blows/","cast":"http://api.rottentomatoes.com/api/public/v1.0/movies/22253/cast.json","clips":"http://api.rottentomatoes.com/api/public/v1.0/movies/22253/clips.json","reviews":"http://api.rottentomatoes.com/api/public/v1.0/movies/22253/reviews.json","similar":"http://api.rottentomatoes.com/api/public/v1.0/movies/22253/similar.json"}},{"id":"11891","title":"The Revenge of the Pink Panther","year":1978,"mpaa_rating":"PG","runtime":99,"release_dates":{"theater":"1978-07-21","dvd":"2001-08-15"},"ratings":{"critics_rating":"Fresh","critics_score":82,"audience_rating":"Upright","audience_score":71},"synopsis":"","posters":{"thumbnail":"http://content6.flixster.com/movie/10/87/22/10872256_mob.jpg","profile":"http://content6.flixster.com/movie/10/87/22/10872256_pro.jpg","detailed":"http://content6.flixster.com/movie/10/87/22/10872256_det.jpg","original":"http://content6.flixster.com/movie/10/87/22/10872256_ori.jpg"},"abridged_cast":[{"name":"Peter Sellers","id":"162656841","characters":["Inspector Jacques Clouseau"]},{"name":"Herbert Lom","id":"162672446","characters":["Chief Insp. Dreyfus"]},{"name":"Dyan Cannon","id":"162669269","characters":["Simone Legree"]},{"name":"Robert Webber","id":"364662065","characters":["Philippe Douvier"]},{"name":"Burt Kwouk","id":"770672455","characters":["Cato Fong"]}],"alternate_ids":{"imdb":"0078163"},"links":{"self":"http://api.rottentomatoes.com/api/public/v1.0/movies/11891.json","alternate":"http://www.rottentomatoes.com/m/revenge_of_the_pink_panther/","cast":"http://api.rottentomatoes.com/api/public/v1.0/movies/11891/cast.json","clips":"http://api.rottentomatoes.com/api/public/v1.0/movies/11891/clips.json","reviews":"http://api.rottentomatoes.com/api/public/v1.0/movies/11891/reviews.json","similar":"http://api.rottentomatoes.com/api/public/v1.0/movies/11891/similar.json"}},{"id":"491975117","title":"Aqua Teen Hunger Force Colon Movie Film for Theatres","year":2007,"mpaa_rating":"R","runtime":86,"critics_consensus":"The non sequitur humor of Aqua Teen Hunger Force will surely appeal to its built-in fanbase, but for the uninitiated, the premise wears thin.","release_dates":{"theater":"2007-04-13","dvd":"2007-08-14"},"ratings":{"critics_rating":"Rotten","critics_score":48,"audience_rating":"Upright","audience_score":68},"synopsis":"","posters":{"thumbnail":"http://content7.flixster.com/movie/61/11/86/6111861_mob.jpg","profile":"http://content7.flixster.com/movie/61/11/86/6111861_pro.jpg","detailed":"http://content7.flixster.com/movie/61/11/86/6111861_det.jpg","original":"http://content7.flixster.com/movie/61/11/86/6111861_ori.jpg"},"abridged_cast":[{"name":"Dana Snyder","id":"491975129","characters":["Master Shake"]},{"name":"Dave Willis","id":"738723721","characters":["Carl","Ignignokt","Meatwad","Video Game Voice"]},{"name":"Carey Means","id":"738723725","characters":["Frylock"]},{"name":"Andy Merrill","id":"491975119","characters":["Oglethorpe"]},{"name":"Mike Schatz","id":"738723726","characters":["Emory"]}],"alternate_ids":{"imdb":"0455326"},"links":{"self":"http://api.rottentomatoes.com/api/public/v1.0/movies/491975117.json","alternate":"http://www.rottentomatoes.com/m/aqua_teen_hunger_force_colon_movie_film_for_theatres/","cast":"http://api.rottentomatoes.com/api/public/v1.0/movies/491975117/cast.json","clips":"http://api.rottentomatoes.com/api/public/v1.0/movies/491975117/clips.json","reviews":"http://api.rottentomatoes.com/api/public/v1.0/movies/491975117/reviews.json","similar":"http://api.rottentomatoes.com/api/public/v1.0/movies/491975117/similar.json"}},{"id":"14072","title":"The Texas Chainsaw Massacre 2","year":1986,"mpaa_rating":"R","runtime":90,"release_dates":{"theater":"1986-08-22","dvd":"2000-08-01"},"ratings":{"critics_rating":"Rotten","critics_score":42,"audience_rating":"Spilled","audience_score":45},"synopsis":"","posters":{"thumbnail":"http://content8.flixster.com/movie/11/13/31/11133146_mob.jpg","profile":"http://content8.flixster.com/movie/11/13/31/11133146_pro.jpg","detailed":"http://content8.flixster.com/movie/11/13/31/11133146_det.jpg","original":"http://content8.flixster.com/movie/11/13/31/11133146_ori.jpg"},"abridged_cast":[{"name":"Dennis Hopper","id":"162652697","characters":["Lt. \"Lefty\" Enright"]},{"name":"Caroline Williams","id":"162701651","characters":["Vanita \"Stretch\" Brock"]},{"name":"Bill Johnson","id":"351527752","characters":["Leatherface"]},{"name":"Jim Siedow","id":"351527751","characters":["Drayton Sawyer the Cook"]},{"name":"Bill Moseley","id":"368451839","characters":["Chop-Top"]}],"alternate_ids":{"imdb":"0092076"},"links":{"self":"http://api.rottentomatoes.com/api/public/v1.0/movies/14072.json","alternate":"http://www.rottentomatoes.com/m/texas_chainsaw_massacre_2/","cast":"http://api.rottentomatoes.com/api/public/v1.0/movies/14072/cast.json","clips":"http://api.rottentomatoes.com/api/public/v1.0/movies/14072/clips.json","reviews":"http://api.rottentomatoes.com/api/public/v1.0/movies/14072/reviews.json","similar":"http://api.rottentomatoes.com/api/public/v1.0/movies/14072/similar.json"}},{"id":"287865314","title":"The U.S. vs. John Lennon","year":2006,"mpaa_rating":"PG-13","runtime":96,"critics_consensus":"Though it glosses over anything negative about Lennon, this documentary offers a lot of fascinating archival footage, plus its political issues still have relevance for today.","release_dates":{"theater":"2006-09-29","dvd":"2007-02-13"},"ratings":{"critics_rating":"Certified Fresh","critics_score":77,"audience_rating":"Upright","audience_score":80},"synopsis":"","posters":{"thumbnail":"http://content6.flixster.com/movie/25/04/33/2504336_mob.jpg","profile":"http://content6.flixster.com/movie/25/04/33/2504336_pro.jpg","detailed":"http://content6.flixster.com/movie/25/04/33/2504336_det.jpg","original":"http://content6.flixster.com/movie/25/04/33/2504336_ori.jpg"},"abridged_cast":[{"name":"Stew Albert","id":"771043066"},{"name":"John Lennon","id":"162655869"},{"name":"Tariq Ait Ben Ali","id":"771034680"},{"name":"Carl Bernstein","id":"770751764"},{"name":"Robin Blackburn","id":"771043067"}],"alternate_ids":{"imdb":"0478049"},"links":{"self":"http://api.rottentomatoes.com/api/public/v1.0/movies/287865314.json","alternate":"http://www.rottentomatoes.com/m/us_vs_john_lennon/","cast":"http://api.rottentomatoes.com/api/public/v1.0/movies/287865314/cast.json","clips":"http://api.rottentomatoes.com/api/public/v1.0/movies/287865314/clips.json","reviews":"http://api.rottentomatoes.com/api/public/v1.0/movies/287865314/reviews.json","similar":"http://api.rottentomatoes.com/api/public/v1.0/movies/287865314/similar.json"}},{"id":"18600","title":"Dark Fury - The Chronicles of Riddick","year":2004,"mpaa_rating":"Unrated","runtime":35,"release_dates":{"theater":"2004-06-15","dvd":"2004-06-15"},"ratings":{"critics_score":-1,"audience_rating":"Spilled","audience_score":54},"synopsis":"","posters":{"thumbnail":"http://content8.flixster.com/movie/29/31/293102_mob.jpg","profile":"http://content8.flixster.com/movie/29/31/293102_pro.jpg","detailed":"http://content8.flixster.com/movie/29/31/293102_det.jpg","original":"http://content8.flixster.com/movie/29/31/293102_ori.jpg"},"abridged_cast":[{"name":"Vin Diesel","id":"162652472","characters":["Richard Riddick"]},{"name":"Nick Chinlund","id":"162654888","characters":["Toombs"]},{"name":"Keith David","id":"162691693","characters":["Imam"]},{"name":"Rhiana Griffith","id":"421792016","characters":["Jack"]}],"alternate_ids":{"imdb":"0407658"},"links":{"self":"http://api.rottentomatoes.com/api/public/v1.0/movies/18600.json","alternate":"http://www.rottentomatoes.com/m/chronicles_of_riddick_dark_fury/","cast":"http://api.rottentomatoes.com/api/public/v1.0/movies/18600/cast.json","clips":"http://api.rottentomatoes.com/api/public/v1.0/movies/18600/clips.json","reviews":"http://api.rottentomatoes.com/api/public/v1.0/movies/18600/reviews.json","similar":"http://api.rottentomatoes.com/api/public/v1.0/movies/18600/similar.json"}},{"id":"14216","title":"Return of the Dragon (The Way of the Dragon)","year":1973,"mpaa_rating":"R","runtime":90,"release_dates":{"theater":"1974-08-07","dvd":"2001-07-03"},"ratings":{"critics_rating":"Fresh","critics_score":100,"audience_rating":"Upright","audience_score":87},"synopsis":"","posters":{"thumbnail":"http://content8.flixster.com/movie/10/93/76/10937650_mob.jpg","profile":"http://content8.flixster.com/movie/10/93/76/10937650_pro.jpg","detailed":"http://content8.flixster.com/movie/10/93/76/10937650_det.jpg","original":"http://content8.flixster.com/movie/10/93/76/10937650_ori.jpg"},"abridged_cast":[{"name":"Bruce Lee","id":"162688510","characters":["Tang Lung"]},{"name":"Nora Miao","id":"162754625","characters":["Chen Ching Hua"]},{"name":"Chuck Norris","id":"162670654","characters":["Colt"]},{"name":"Malisa Longo","id":"770672034"},{"name":"Robert Wall","id":"770782344","characters":["Fred"]}],"alternate_ids":{"imdb":"0068935"},"links":{"self":"http://api.rottentomatoes.com/api/public/v1.0/movies/14216.json","alternate":"http://www.rottentomatoes.com/m/return_of_the_dragon/","cast":"http://api.rottentomatoes.com/api/public/v1.0/movies/14216/cast.json","clips":"http://api.rottentomatoes.com/api/public/v1.0/movies/14216/clips.json","reviews":"http://api.rottentomatoes.com/api/public/v1.0/movies/14216/reviews.json","similar":"http://api.rottentomatoes.com/api/public/v1.0/movies/14216/similar.json"}},{"id":"771201462","title":"The Way","year":2011,"mpaa_rating":"PG-13","runtime":115,"critics_consensus":"It may be a little too deliberately paced for more impatient viewers, but The Way is a worthy effort from writer/director Emilio Estevez, balancing heartfelt emotion with clear-eyed drama that resists cheap sentiment.","release_dates":{"theater":"2011-10-07"},"ratings":{"critics_rating":"Certified Fresh","critics_score":82,"audience_rating":"Upright","audience_score":83},"synopsis":"The Way is a powerful and inspirational story about family, friends, and the challenges we face while navigating this ever changing and complicated world. Martin Sheen plays Tom, an irascible American doctor who comes to St. Jean Pied de Port, France to collect the remains of his adult son (played by Emilio Estevez), killed in the Pyrenees in a storm while walking The Camino de Santiago, also known as The Way of Saint James. Rather than return home, Tom decides embark on the historical pilgrimage to honor his son's desire to finish the journey. What Tom doesn't plan on, is the profound impact the journey will have on him and his \"California Bubble Life\". Inexperienced as a trekker, Tom soon discovers that he will not be alone on this journey. -- (C) Icon","posters":{"thumbnail":"http://content9.flixster.com/movie/11/15/92/11159275_mob.jpg","profile":"http://content9.flixster.com/movie/11/15/92/11159275_pro.jpg","detailed":"http://content9.flixster.com/movie/11/15/92/11159275_det.jpg","original":"http://content9.flixster.com/movie/11/15/92/11159275_ori.jpg"},"abridged_cast":[{"name":"Martin Sheen","id":"162660009","characters":["Tom"]},{"name":"Emilio Estevez","id":"162663376","characters":["Daniel"]},{"name":"Deborah Kara Unger","id":"162670678","characters":["Sarah"]},{"name":"Yorick van Wageningen","id":"770726271","characters":["Joost"]},{"name":"James Nesbitt","id":"162652490","characters":["Jack"]}],"alternate_ids":{"imdb":"1441912"},"links":{"self":"http://api.rottentomatoes.com/api/public/v1.0/movies/771201462.json","alternate":"http://www.rottentomatoes.com/m/the_way_2011/","cast":"http://api.rottentomatoes.com/api/public/v1.0/movies/771201462/cast.json","clips":"http://api.rottentomatoes.com/api/public/v1.0/movies/771201462/clips.json","reviews":"http://api.rottentomatoes.com/api/public/v1.0/movies/771201462/reviews.json","similar":"http://api.rottentomatoes.com/api/public/v1.0/movies/771201462/similar.json"}}],"links":{"self":"http://api.rottentomatoes.com/api/public/v1.0/movies.json?q=the&page_limit=50&page=24","next":"http://api.rottentomatoes.com/api/public/v1.0/movies.json?q=the&page_limit=50&page=25","prev":"http://api.rottentomatoes.com/api/public/v1.0/movies.json?q=the&page_limit=50&page=23"},"link_template":"http://api.rottentomatoes.com/api/public/v1.0/movies.json?q={search-term}&page_limit={results-per-page}&page={page-number}"}