
{"total":52485,"movies":[{"id":"10015","title":"The Notebook","year":2004,"mpaa_rating":"PG-13","runtime":124,"critics_consensus":"It's hard not to admire its unabashed sentimentality, but The Notebook is too clumsily manipulative to rise above its melodramatic cliches.","release_dates":{"theater":"2004-06-25","dvd":"2005-02-08"},"ratings":{"critics_rating":"Rotten","critics_score":52,"audience_rating":"Upright","audience_score":85},"synopsis":"","posters":{"thumbnail":"http://content7.flixster.com/movie/11/15/95/11159565_mob.jpg","profile":"http://content7.flixster.com/movie/11/15/95/11159565_pro.jpg","detailed":"http://content7.flixster.com/movie/11/15/95/11159565_det.jpg","original":"http://content7.flixster.com/movie/11/15/95/11159565_ori.jpg"},"abridged_cast":[{"name":"Ryan Gosling","id":"162654751","characters":["Noah"]},{"name":"Rachel McAdams","id":"162652838","characters":["Allie"]},{"name":"James Garner","id":"162657112","characters":["Noah Calhoun"]},{"name":"Gena Rowlands","id":"162653219","characters":["Allie Calhoun"]},{"name":"James Marsden","id":"162684857","characters":["Lon Hammond"]}],"links":{"self":"http://api.rottentomatoes.com/api/public/v1.0/movies/10015.json","alternate":"http://www.rottentomatoes.com/m/notebook/","cast":"http://api.rottentomatoes.com/api/public/v1.0/movies/10015/cast.json","clips":"http://api.rottentomatoes.com/api/public/v1.0/movies/10015/clips.json","reviews":"http://api.rottentomatoes.com/api/public/v1.0/movies/10015/reviews.json","similar":"http://api.rottentomatoes.com/api/public/v1.0/movies/10015/similar.json"}},{"id":"1789","title":"War of the Worlds","year":2005,"mpaa_rating":"PG-13","runtime":117,"critics_consensus":"Steven Spielberg's adaptation of War of the Worlds delivers on the thrill and paranoia of H.G. Wells' classic novel while impressively updating the action and effects for modern audiences.","release_dates":{"theater":"2005-06-29","dvd":"2005-11-22"},"ratings":{"critics_rating":"Fresh","critics_score":74,"audience_rating":"Spilled","audience_score":41},"synopsis":"","posters":{"thumbnail":"http://content8.flixster.com/movie/10/86/82/10868202_mob.jpg","profile":"http://content8.flixster.com/movie/10/86/82/10868202_pro.jpg","detailed":"http://content8.flixster.com/movie/10/86/82/10868202_det.jpg","original":"http://content8.flixster.com/movie/10/86/82/10868202_ori.jpg"},"abridged_cast":[{"name":"Tom Cruise","id":"162652763","characters":["Ray Ferrier"]},{"name":"Dakota Fanning","id":"162652764","characters":["Rachel Ferrier"]},{"name":"Miranda Otto","id":"162652765","characters":["Mary Ann"]},{"name":"Justin Chatwin","id":"162652766","characters":["Robbie Ferrier"]},{"name":"Tim Robbins","id":"162655168","characters":["Ogilvy"]}],"alternate_ids":{"imdb":"0407304"},"links":{"self":"http://api.rottentomatoes.com/api/public/v1.0/movies/1789.json","alternate":"http://www.rottentomatoes.com/m/war_of_the_worlds/","cast":"http://api.rottentomatoes.com/api/public/v1.0/movies/1789/cast.json","clips":"http://api.rottentomatoes.com/api/public/v1.0/movies/1789/clips.json","reviews":"http://api.rottentomatoes.com/api/public/v1.0/movies/1789/reviews.json","similar":"http://api.rottentomatoes.com/api/public/v1.0/movies/1789/similar.json"}},{"id":"669","title":"The Longest Yard","year":2005,"mpaa_rating":"PG-13","runtime":113,"critics_consensus":"This Yard has some laughs but missing from this remake is the edginess of the original.","release_dates":{"theater":"2005-05-27","dvd":"2004-08-03"},"ratings":{"critics_rating":"Rotten","critics_score":31,"audience_rating":"Upright","audience_score":62},"synopsis":"","posters":{"thumbnail":"http://content6.flixster.com/movie/11/16/89/11168956_mob.jpg","profile":"http://content6.flixster.com/movie/11/16/89/11168956_pro.jpg","detailed":"http://content6.flixster.com/movie/11/16/89/11168956_det.jpg","original":"http://content6.flixster.com/movie/11/16/89/11168956_ori.jpg"},"abridged_cast":[{"name":"Adam Sandler","id":"162652550","characters":["Paul \"Wrecking\" Crewe"]},{"name":"Chris Rock","id":"162652551","characters":["Caretaker"]},{"name":"Burt Reynolds","id":"162652552","characters":["Nate Scarborough"]},{"name":"Nelly","id":"590603264","characters":["Meggert"]},{"name":"James Cromwell","id":"162652553","characters":["Warden Hazen"]}],"alternate_ids":{"imdb":"0398165"},"links":{"self":"http://api.rottentomatoes.com/api/public/v1.0/movies/669.json","alternate":"http://www.rottentomatoes.com/m/longest_yard/","cast":"http://api.rottentomatoes.com/api/public/v1.0/movies/669/cast.json","clips":"http://api.rottentomatoes.com/api/public/v1.0/movies/669/clips.json","reviews":"http://api.rottentomatoes.com/api/public/v1.0/movies/669/reviews.json","similar":"http://api.rottentomatoes.com/api/public/v1.0/movies/669/similar.json"}},{"id":"24214","title":"The Chronicles of Narnia: The Lion, The Witch and The Wardrobe","year":2005,"mpaa_rating":"PG","runtime":139,"critics_consensus":"With first-rate special effects and compelling storytelling, this adaptation stays faithful to its source material and will please moviegoers of all ages.","release_dates":{"theater":"2005-12-09","dvd":"2006-04-04"},"ratings":{"critics_rating":"Certified Fresh","critics_score":76,"audience_rating":"Upright","audience_score":61},"synopsis":"","posters":{"thumbnail":"http://content8.flixster.com/movie/10/91/87/10918786_mob.jpg","profile":"http://content8.flixster.com/movie/10/91/87/10918786_pro.jpg","detailed":"http://content8.flixster.com/movie/10/91/87/10918786_det.jpg","original":"http://content8.flixster.com/movie/10/91/87/10918786_ori.jpg"},"abridged_cast":[{"name":"Georgie Henley","id":"284340695","characters":["Lucy Pevensie"]},{"name":"Skandar Keynes","id":"326299532","characters":["Edmund Pevensie"]},{"name":"William Moseley","id":"376791694","characters":["Peter Pevensie"]},{"name":"Anna Popplewell","id":"284340694","characters":["Susan Pevensie"]},{"name":"Tilda Swinton","id":"162654047","characters":["Jadis the White Witch"]}],"alternate_ids":{"imdb":"0363771"},"links":{"self":"http://api.rottentomatoes.com/api/public/v1.0/movies/24214.json","alternate":"http://www.rottentomatoes.com/m/chronicles_of_narnia_lion_witch_wardrobe/","cast":"http://api.rottentomatoes.com/api/public/v1.0/movies/24214/cast.json","clips":"http://api.rottentomatoes.com/api/public/v1.0/movies/24214/clips.json","reviews":"http://api.rottentomatoes.com/api/public/v1.0/movies/24214/reviews.json","similar":"http://api.rottentomatoes.com/api/public/v1.0/movies/24214/similar.json"}},{"id":"10154","title":"The Day After Tomorrow","year":2004,"mpaa_rating":"PG-13","runtime":124,"critics_consensus":"A ludicrous popcorn flick filled with clunky dialogues, but spectacular visuals save it from being a total disaster.","release_dates":{"theater":"2004-05-28","dvd":"2004-10-12"},"ratings":{"critics_rating":"Rotten","critics_score":45,"audience_rating":"Spilled","audience_score":50},"synopsis":"","posters":{"thumbnail":"http://content7.flixster.com/movie/25/43/254313_mob.jpg","profile":"http://content7.flixster.com/movie/25/43/254313_pro.jpg","detailed":"http://content7.flixster.com/movie/25/43/254313_det.jpg","original":"http://content7.flixster.com/movie/25/43/254313_ori.jpg"},"abridged_cast":[{"name":"Dennis Quaid","id":"162655527","characters":["Jack Hall"]},{"name":"Jake Gyllenhaal","id":"162653968","characters":["Sam Hall"]},{"name":"Ian Holm","id":"162653927","characters":["Terry Rapson"]},{"name":"Emmy Rossum","id":"162659103","characters":["Laura Chapman"]},{"name":"Sela Ward","id":"162694942","characters":["Lucy Hall"]}],"alternate_ids":{"imdb":"0319262"},"links":{"self":"http://api.rottentomatoes.com/api/public/v1.0/movies/10154.json","alternate":"http://www.rottentomatoes.com/m/day_after_tomorrow/","cast":"http://api.rottentomatoes.com/api/public/v1.0/movies/10154/cast.json","clips":"http://api.rottentomatoes.com/api/public/v1.0/movies/10154/clips.json","reviews":"http://api.rottentomatoes.com/api/public/v1.0/movies/10154/reviews.json","similar":"http://api.rottentomatoes.com/api/public/v1.0/movies/10154/similar.json"}},{"id":"10398","title":"Save the Last Dance","year":2001,"mpaa_rating":"PG-13","runtime":112,"critics_consensus":"This teen romance flick feels like a predictable rehashing of other movies.","release_dates":{"theater":"2001-01-12","dvd":"2001-06-19"},"ratings":{"critics_rating":"Rotten","critics_score":53,"audience_rating":"Spilled","audience_score":59},"synopsis":"","posters":{"thumbnail":"http://content6.flixster.com/movie/16/90/48/1690480_mob.jpg","profile":"http://content6.flixster.com/movie/16/90/48/1690480_pro.jpg","detailed":"http://content6.flixster.com/movie/16/90/48/1690480_det.jpg","original":"http://content6.flixster.com/movie/16/90/48/1690480_ori.jpg"},"abridged_cast":[{"name":"Julia Stiles","id":"162660056","characters":["Sara Johnson"]},{"name":"Sean Patrick Thomas","id":"162662807","characters":["Derek"]},{"name":"Kerry Washington","id":"162682773","characters":["Chenille"]},{"name":"Fredro Starr","id":"371353026","characters":["Malakai"]},{"name":"Terry Kinney","id":"326391349","characters":["Roy"]}],"links":{"self":"http://api.rottentomatoes.com/api/public/v1.0/movies/10398.json","alternate":"http://www.rottentomatoes.com/m/save_the_last_dance/","cast":"http://api.rottentomatoes.com/api/public/v1.0/movies/10398/cast.json","clips":"http://api.rottentomatoes.com/api/public/v1.0/movies/10398/clips.json","reviews":"http://api.rottentomatoes.com/api/public/v1.0/movies/10398/reviews.json","similar":"http://api.rottentomatoes.com/api/public/v1.0/movies/10398/similar.json"}},{"id":"9272","title":"Harry Potter and the Goblet of Fire","year":2005,"mpaa_rating":"PG-13","runtime":157,"critics_consensus":"The main characters are maturing, and the filmmakers are likewise improving on their craft; vibrant special effects and assured performances add up to what is the most complex yet of the Harry Potter films.","release_dates":{"theater":"2005-11-18","dvd":"2006-03-07"},"ratings":{"critics_rating":"Certified Fresh","critics_score":88,"audience_rating":"Upright","audience_score":73},"synopsis":"","posters":{"thumbnail":"http://content7.flixster.com/movie/11/16/88/11168873_mob.jpg","profile":"http://content7.flixster.com/movie/11/16/88/11168873_pro.jpg","detailed":"http://content7.flixster.com/movie/11/16/88/11168873_det.jpg","original":"http://content7.flixster.com/movie/11/16/88/11168873_ori.jpg"},"abridged_cast":[{"name":"Daniel Radcliffe","id":"162655375","characters":["Harry Potter"]},{"name":"Rupert Grint","id":"162655376","characters":["Ron Weasley"]},{"name":"Emma Watson","id":"162655378","characters":["Hermione Granger"]},{"name":"Robbie Coltrane","id":"162655379","characters":["Rubeus Hagrid"]},{"name":"Ralph Fiennes","id":"162653681","characters":["Lord Voldemort"]}],"alternate_ids":{"imdb":"0330373"},"links":{"self":"http://api.rottentomatoes.com/api/public/v1.0/movies/9272.json","alternate":"http://www.rottentomatoes.com/m/harry_potter_and_the_goblet_of_fire/","cast":"http://api.rottentomatoes.com/api/public/v1.0/movies/9272/cast.json","clips":"http://api.rottentomatoes.com/api/public/v1.0/movies/9272/clips.json","reviews":"http://api.rottentomatoes.com/api/public/v1.0/movies/9272/reviews.json","similar":"http://api.rottentomatoes.com/api/public/v1.0/movies/9272/similar.json"}},{"id":"17462","title":"There's Something About Mary","year":1998,"mpaa_rating":"R","runtime":118,"critics_consensus":"There's Something About Mary proves that unrelentingly, unabashedly peurile humor doesn't necessarily come at the expense of a film's heart.","release_dates":{"theater":"1998-07-15","dvd":"1999-08-03"},"ratings":{"critics_rating":"Certified Fresh","critics_score":83,"audience_rating":"Upright","audience_score":60},"synopsis":"","posters":{"thumbnail":"http://content8.flixster.com/movie/11/16/47/11164726_mob.jpg","profile":"http://content8.flixster.com/movie/11/16/47/11164726_pro.jpg","detailed":"http://content8.flixster.com/movie/11/16/47/11164726_det.jpg","original":"http://content8.flixster.com/movie/11/16/47/11164726_ori.jpg"},"abridged_cast":[{"name":"Ben Stiller","id":"162659371","characters":["Ted Stroehmann"]},{"name":"Cameron Diaz","id":"162654443","characters":["Mary Jenson"]},{"name":"Matt Dillon","id":"162652207","characters":["Pat Healy"]},{"name":"Lee Evans","id":"162675465","characters":["Tucker"]},{"name":"Chris Elliott","id":"162672928","characters":["Dom"]}],"links":{"self":"http://api.rottentomatoes.com/api/public/v1.0/movies/17462.json","alternate":"http://www.rottentomatoes.com/m/theres_something_about_mary/","cast":"http://api.rottentomatoes.com/api/public/v1.0/movies/17462/cast.json","clips":"http://api.rottentomatoes.com/api/public/v1.0/movies/17462/clips.json","reviews":"http://api.rottentomatoes.com/api/public/v1.0/movies/17462/reviews.json","similar":"http://api.rottentomatoes.com/api/public/v1.0/movies/17462/similar.json"}},{"id":"10020","title":"Pirates of the Caribbean: The Curse of the Black Pearl","year":2003,"mpaa_rating":"PG-13","runtime":143,"critics_consensus":"May leave you exhausted like the theme park ride that inspired it; however, you'll have a good time when it's over.","release_dates":{"theater":"2003-06-28","dvd":"2003-12-02"},"ratings":{"critics_rating":"Certified Fresh","critics_score":79,"audience_rating":"Upright","audience_score":86},"synopsis":"","posters":{"thumbnail":"http://content9.flixster.com/movie/11/15/76/11157635_mob.jpg","profile":"http://content9.flixster.com/movie/11/15/76/11157635_pro.jpg","detailed":"http://content9.flixster.com/movie/11/15/76/11157635_det.jpg","original":"http://content9.flixster.com/movie/11/15/76/11157635_ori.jpg"},"abridged_cast":[{"name":"Johnny Depp","id":"162652817","characters":["Jack Sparrow"]},{"name":"Geoffrey Rush","id":"162659119","characters":["Captain Barbossa"]},{"name":"Orlando Bloom","id":"162652240","characters":["Will Turner"]},{"name":"Keira Knightley","id":"162654560","characters":["Elizabeth Swann"]},{"name":"Jack Davenport","id":"162659479","characters":["Norrington"]}],"alternate_ids":{"imdb":"0325980"},"links":{"self":"http://api.rottentomatoes.com/api/public/v1.0/movies/10020.json","alternate":"http://www.rottentomatoes.com/m/pirates_of_the_caribbean_the_curse_of_the_black_pearl/","cast":"http://api.rottentomatoes.com/api/public/v1.0/movies/10020/cast.json","clips":"http://api.rottentomatoes.com/api/public/v1.0/movies/10020/clips.json","reviews":"http://api.rottentomatoes.com/api/public/v1.0/movies/10020/reviews.json","similar":"http://api.rottentomatoes.com/api/public/v1.0/movies/10020/similar.json"}},{"id":"10041","title":"Meet The Fockers","year":2004,"mpaa_rating":"PG-13","runtime":118,"critics_consensus":"Talented cast is wasted as the movie is content with recycling jokes from its predecessor, Meet the Parents.","release_dates":{"theater":"2004-12-22","dvd":"2005-04-26"},"ratings":{"critics_rating":"Rotten","critics_score":38,"audience_rating":"Spilled","audience_score":58},"synopsis":"","posters":{"thumbnail":"http://content6.flixster.com/movie/10/86/10/10861012_mob.jpg","profile":"http://content6.flixster.com/movie/10/86/10/10861012_pro.jpg","detailed":"http://content6.flixster.com/movie/10/86/10/10861012_det.jpg","original":"http://content6.flixster.com/movie/10/86/10/10861012_ori.jpg"},"abridged_cast":[{"name":"Robert De Niro","id":"162655521","characters":["Jack Byrnes"]},{"name":"Ben Stiller","id":"162659371","characters":["Greg Focker"]},{"name":"Dustin Hoffman","id":"162659372","characters":["Bernie Focker"]},{"name":"Barbra Streisand","id":"162655994","characters":["Roz Focker"]},{"name":"Blythe Danner","id":"162659375","characters":["Dina Byrnes"]}],"alternate_ids":{"imdb":"0290002"},"links":{"self":"http://api.rottentomatoes.com/api/public/v1.0/movies/10041.json","alternate":"http://www.rottentomatoes.com/m/meet_the_fockers/","cast":"http://api.rottentomatoes.com/api/public/v1.0/movies/10041/cast.json","clips":"http://api.rottentomatoes.com/api/public/v1.0/movies/10041/clips.json","reviews":"http://api.rottentomatoes.com/api/public/v1.0/movies/10041/reviews.json","similar":"http://api.rottentomatoes.com/api/public/v1.0/movies/10041/similar.json"}},{"id":"1965","title":"Charlie and the Chocolate Factory","year":2005,"mpaa_rating":"PG","runtime":130,"critics_consensus":"Closer to the source material than 1971's Willy Wonka & the Chocolate Factory, Charlie and the Chocolate Factory is for people who like their Chocolate visually appealing and dark.","release_dates":{"theater":"2005-07-15","dvd":"2005-11-07"},"ratings":{"critics_rating":"Certified Fresh","critics_score":82,"audience_rating":"Spilled","audience_score":51},"synopsis":"","posters":{"thumbnail":"http://content7.flixster.com/movie/11/17/64/11176489_mob.jpg","profile":"http://content7.flixster.com/movie/11/17/64/11176489_pro.jpg","detailed":"http://content7.flixster.com/movie/11/17/64/11176489_det.jpg","original":"http://content7.flixster.com/movie/11/17/64/11176489_ori.jpg"},"abridged_cast":[{"name":"Johnny Depp","id":"162652817","characters":["Willy Wonka"]},{"name":"Freddie Highmore","id":"162652818","characters":["Charlie Bucket"]},{"name":"David Kelly","id":"162652819","characters":["Grandpa Joe"]},{"name":"Helena Bonham Carter","id":"162652820","characters":["Mrs. Bucket"]},{"name":"Noah Taylor","id":"162708662","characters":["Mr. Bucket"]}],"alternate_ids":{"imdb":"0367594"},"links":{"self":"http://api.rottentomatoes.com/api/public/v1.0/movies/1965.json","alternate":"http://www.rottentomatoes.com/m/charlie_and_the_chocolate_factory/","cast":"http://api.rottentomatoes.com/api/public/v1.0/movies/1965/cast.json","clips":"http://api.rottentomatoes.com/api/public/v1.0/movies/1965/clips.json","reviews":"http://api.rottentomatoes.com/api/public/v1.0/movies/1965/reviews.json","similar":"http://api.rottentomatoes.com/api/public/v1.0/movies/1965/similar.json"}},{"id":"10437","title":"The Ring","year":2002,"mpaa_rating":"PG-13","runtime":115,"critics_consensus":"With little gore and a lot of creepy visuals, The Ring gets under your skin, thanks to director Gore Verbinski's haunting sense of atmosphere and an impassioned performance from Naomi Watts.","release_dates":{"theater":"2002-10-18","dvd":"2003-03-04"},"ratings":{"critics_rating":"Fresh","critics_score":71,"audience_rating":"Spilled","audience_score":48},"synopsis":"","posters":{"thumbnail":"http://content8.flixster.com/movie/10/86/94/10869458_mob.jpg","profile":"http://content8.flixster.com/movie/10/86/94/10869458_pro.jpg","detailed":"http://content8.flixster.com/movie/10/86/94/10869458_det.jpg","original":"http://content8.flixster.com/movie/10/86/94/10869458_ori.jpg"},"abridged_cast":[{"name":"Naomi Watts","id":"162654749","characters":["Rachel Keller"]},{"name":"Martin Henderson","id":"162659577","characters":["Noah"]},{"name":"David Dorfman","id":"162660316","characters":["Aidan"]},{"name":"Brian Cox","id":"162653324","characters":["Richard Morgan"]},{"name":"Jane Alexander","id":"162668123","characters":["Dr. Grasnik"]}],"alternate_ids":{"imdb":"0298130"},"links":{"self":"http://api.rottentomatoes.com/api/public/v1.0/movies/10437.json","alternate":"http://www.rottentomatoes.com/m/ring/","cast":"http://api.rottentomatoes.com/api/public/v1.0/movies/10437/cast.json","clips":"http://api.rottentomatoes.com/api/public/v1.0/movies/10437/clips.json","reviews":"http://api.rottentomatoes.com/api/public/v1.0/movies/10437/reviews.json","similar":"http://api.rottentomatoes.com/api/public/v1.0/movies/10437/similar.json"}},{"id":"10011","title":"The Incredibles","year":2004,"mpaa_rating":"PG","runtime":115,"critics_consensus":"Even though The Incredibles is more violent than previous Pixar offerings, it still a witty and fun-filled adventure that almost lives up to its name.","release_dates":{"theater":"2004-11-05","dvd":"2005-03-15"},"ratings":{"critics_rating":"Certified Fresh","critics_score":97,"audience_rating":"Upright","audience_score":74},"synopsis":"","posters":{"thumbnail":"http://content9.flixster.com/movie/10/93/90/10939047_mob.jpg","profile":"http://content9.flixster.com/movie/10/93/90/10939047_pro.jpg","detailed":"http://content9.flixster.com/movie/10/93/90/10939047_det.jpg","original":"http://content9.flixster.com/movie/10/93/90/10939047_ori.jpg"},"abridged_cast":[{"name":"Craig T. Nelson","id":"162659067","characters":["Bob Parr / Mr. Incredible"]},{"name":"Holly Hunter","id":"162659069","characters":["Helen Parr / Elastigirl"]},{"name":"Samuel L. Jackson","id":"162652156","characters":["Lucius Best / Frozone"]},{"name":"Jason Lee","id":"162659070","characters":["Syndrome"]},{"name":"Wallace Shawn","id":"162671862","characters":["Gilbert Huph"]}],"links":{"self":"http://api.rottentomatoes.com/api/public/v1.0/movies/10011.json","alternate":"http://www.rottentomatoes.com/m/incredibles/","cast":"http://api.rottentomatoes.com/api/public/v1.0/movies/10011/cast.json","clips":"http://api.rottentomatoes.com/api/public/v1.0/movies/10011/clips.json","reviews":"http://api.rottentomatoes.com/api/public/v1.0/movies/10011/reviews.json","similar":"http://api.rottentomatoes.com/api/public/v1.0/movies/10011/similar.json"}},{"id":"9","title":"Star Wars: Episode III - Revenge of the Sith 3D","year":2005,"mpaa_rating":"PG-13","runtime":140,"critics_consensus":"This sixth and final installment of George Lucas' epic space opera will please die-hard fanatics and non-believers alike -- largely due to awesome digital effects and the sheer power of the mythology.","release_dates":{"theater":"2005-05-19","dvd":"2005-11-01"},"ratings":{"critics_rating":"Certified Fresh","critics_score":80,"audience_rating":"Upright","audience_score":65},"synopsis":"","posters":{"thumbnail":"http://content8.flixster.com/movie/10/94/47/10944718_mob.jpg","profile":"http://content8.flixster.com/movie/10/94/47/10944718_pro.jpg","detailed":"http://content8.flixster.com/movie/10/94/47/10944718_det.jpg","original":"http://content8.flixster.com/movie/10/94/47/10944718_ori.jpg"},"abridged_cast":[{"name":"Hayden Christensen","id":"162652153","characters":["Anakin Skywalker/Darth Vader"]},{"name":"Ewan McGregor","id":"162652152","characters":["Obi-Wan Kenobi"]},{"name":"Kenny Baker","id":"418638213","characters":["R2-D2"]},{"name":"Graeme Blundell","id":"548155708","characters":["Ruwee Naberrie"]},{"name":"Jeremy Bulloch","id":"358317901","characters":["Captain Colton"]}],"alternate_ids":{"imdb":"0121766"},"links":{"self":"http://api.rottentomatoes.com/api/public/v1.0/movies/9.json","alternate":"http://www.rottentomatoes.com/m/star_wars_episode_iii_revenge_of_the_sith_3d/","cast":"http://api.rottentomatoes.com/api/public/v1.0/movies/9/cast.json","clips":"http://api.rottentomatoes.com/api/public/v1.0/movies/9/clips.json","reviews":"http://api.rottentomatoes.com/api/public/v1.0/movies/9/reviews.json","similar":"http://api.rottentomatoes.com/api/public/v1.0/movies/9/similar.json"}},{"id":"10156","title":"The Lord of the Rings: The Return of the King","year":2003,"mpaa_rating":"PG-13","runtime":201,"critics_consensus":"Visually breathtaking and emotionally powerful,  The Lord of the Rings - The Return of the King is a moving and satisfying conclusion to a great trilogy.","release_dates":{"theater":"2003-12-17","dvd":"2004-05-25"},"ratings":{"critics_rating":"Certified Fresh","critics_score":94,"audience_rating":"Upright","audience_score":86},"synopsis":"","posters":{"thumbnail":"http://content9.flixster.com/movie/11/16/64/11166423_mob.jpg","profile":"http://content9.flixster.com/movie/11/16/64/11166423_pro.jpg","detailed":"http://content9.flixster.com/movie/11/16/64/11166423_det.jpg","original":"http://content9.flixster.com/movie/11/16/64/11166423_ori.jpg"},"abridged_cast":[{"name":"Elijah Wood","id":"162652512","characters":["Frodo Baggins"]},{"name":"Ian McKellen","id":"162653241","characters":["Gandalf"]},{"name":"Viggo Mortensen","id":"162654541","characters":["Aragorn"]},{"name":"Sean Astin","id":"162659177","characters":["Samwise Gamgee"]},{"name":"Orlando Bloom","id":"162652240","characters":["Legolas"]}],"alternate_ids":{"imdb":"0167260"},"links":{"self":"http://api.rottentomatoes.com/api/public/v1.0/movies/10156.json","alternate":"http://www.rottentomatoes.com/m/the_lord_of_the_rings_the_return_of_the_king/","cast":"http://api.rottentomatoes.com/api/public/v1.0/movies/10156/cast.json","clips":"http://api.rottentomatoes.com/api/public/v1.0/movies/10156/clips.json","reviews":"http://api.rottentomatoes.com/api/public/v1.0/movies/10156/reviews.json","similar":"http://api.rottentomatoes.com/api/public/v1.0/movies/10156/similar.json"}},{"id":"12897","title":"The Matrix","year":1999,"mpaa_rating":"R","runtime":136,"critics_consensus":"An ingenious combination of Hong Kong action, ground-breaking Hollywood FX, and an imaginative vision.","release_dates":{"theater":"1999-03-31","dvd":"1999-09-21"},"ratings":{"critics_rating":"Certified Fresh","critics_score":87,"audience_rating":"Upright","audience_score":85},"synopsis":"","posters":{"thumbnail":"http://content6.flixster.com/movie/11/16/80/11168096_mob.jpg","profile":"http://content6.flixster.com/movie/11/16/80/11168096_pro.jpg","detailed":"http://content6.flixster.com/movie/11/16/80/11168096_det.jpg","original":"http://content6.flixster.com/movie/11/16/80/11168096_ori.jpg"},"abridged_cast":[{"name":"Keanu Reeves","id":"162654049","characters":["Neo"]},{"name":"Laurence Fishburne","id":"162669090","characters":["Morpheus"]},{"name":"Carrie-Anne Moss","id":"162669130","characters":["Trinity"]},{"name":"Hugo Weaving","id":"162709905","characters":["Agent Smith"]},{"name":"Gloria Foster","id":"364627698","characters":["The Oracle"]}],"alternate_ids":{"imdb":"0133093"},"links":{"self":"http://api.rottentomatoes.com/api/public/v1.0/movies/12897.json","alternate":"http://www.rottentomatoes.com/m/matrix/","cast":"http://api.rottentomatoes.com/api/public/v1.0/movies/12897/cast.json","clips":"http://api.rottentomatoes.com/api/public/v1.0/movies/12897/clips.json","reviews":"http://api.rottentomatoes.com/api/public/v1.0/movies/12897/reviews.json","similar":"http://api.rottentomatoes.com/api/public/v1.0/movies/12897/similar.json"}},{"id":"10489","title":"E.T. The Extra-Terrestrial","year":1982,"mpaa_rating":"PG","runtime":114,"critics_consensus":"Playing as both an exciting sci-fi adventure and a remarkable portrait of childhood, Steven Spielberg's touching tale of a homesick alien remains a piece of movie magic for young and old.","release_dates":{"theater":"1982-06-11","dvd":"2002-10-22"},"ratings":{"critics_rating":"Certified Fresh","critics_score":98,"audience_rating":"Upright","audience_score":71},"synopsis":"","posters":{"thumbnail":"http://content6.flixster.com/movie/11/16/67/11166788_mob.jpg","profile":"http://content6.flixster.com/movie/11/16/67/11166788_pro.jpg","detailed":"http://content6.flixster.com/movie/11/16/67/11166788_det.jpg","original":"http://content6.flixster.com/movie/11/16/67/11166788_ori.jpg"},"abridged_cast":[{"name":"Henry Thomas","id":"162661716","characters":["Elliott"]},{"name":"Dee Wallace","id":"341816138","characters":["Mary"]},{"name":"Peter Coyote","id":"162663977","characters":["Keys"]},{"name":"Robert MacNaughton","id":"341816137","characters":["Michael"]},{"name":"Drew Barrymore","id":"162652402","characters":["Gertie"]}],"alternate_ids":{"imdb":"0083866"},"links":{"self":"http://api.rottentomatoes.com/api/public/v1.0/movies/10489.json","alternate":"http://www.rottentomatoes.com/m/et_the_extraterrestrial/","cast":"http://api.rottentomatoes.com/api/public/v1.0/movies/10489/cast.json","clips":"http://api.rottentomatoes.com/api/public/v1.0/movies/10489/clips.json","reviews":"http://api.rottentomatoes.com/api/public/v1.0/movies/10489/reviews.json","similar":"http://api.rottentomatoes.com/api/public/v1.0/movies/10489/similar.json"}},{"id":"770676429","title":"Transformers: Revenge of the Fallen","year":2009,"mpaa_rating":"PG-13","runtime":149,"critics_consensus":"Transformers: Revenge of the Fallen is a noisy, underplotted, and overlong special effects extravaganza that lacks a human touch.","release_dates":{"theater":"2009-06-24","dvd":"2009-10-20"},"ratings":{"critics_rating":"Rotten","critics_score":20,"audience_rating":"Spilled","audience_score":58},"synopsis":"","posters":{"thumbnail":"http://content7.flixster.com/movie/11/17/66/11176669_mob.jpg","profile":"http://content7.flixster.com/movie/11/17/66/11176669_pro.jpg","detailed":"http://content7.flixster.com/movie/11/17/66/11176669_det.jpg","original":"http://content7.flixster.com/movie/11/17/66/11176669_ori.jpg"},"abridged_cast":[{"name":"Shia LaBeouf","id":"162654215","characters":["Sam Witwicky"]},{"name":"Megan Fox","id":"162665778","characters":["Mikaela Banes"]},{"name":"Josh Duhamel","id":"162669304","characters":["Major Lennox"]},{"name":"Tyrese Gibson","id":"162653183","characters":["USAF Tech Sergeant Epps"]},{"name":"Kevin Dunn","id":"162664658","characters":["Ron Witwicky"]}],"alternate_ids":{"imdb":"1055369"},"links":{"self":"http://api.rottentomatoes.com/api/public/v1.0/movies/770676429.json","alternate":"http://www.rottentomatoes.com/m/transformers_revenge_of_the_fallen/","cast":"http://api.rottentomatoes.com/api/public/v1.0/movies/770676429/cast.json","clips":"http://api.rottentomatoes.com/api/public/v1.0/movies/770676429/clips.json","reviews":"http://api.rottentomatoes.com/api/public/v1.0/movies/770676429/reviews.json","similar":"http://api.rottentomatoes.com/api/public/v1.0/movies/770676429/similar.json"}},{"id":"358189806","title":"The Bourne Ultimatum","year":2007,"mpaa_rating":"PG-13","runtime":115,"critics_consensus":"The Bourne Ultimatum is an intelligent, finely tuned non-stop thrill ride. Another strong performance from Matt Damon and sharp camerawork from Paul Greengrass make this the finest installment of the Bourne trilogy.","release_dates":{"theater":"2007-08-03","dvd":"2007-12-11"},"ratings":{"critics_rating":"Certified Fresh","critics_score":94,"audience_rating":"Upright","audience_score":91},"synopsis":"","posters":{"thumbnail":"http://content7.flixster.com/movie/11/17/16/11171613_mob.jpg","profile":"http://content7.flixster.com/movie/11/17/16/11171613_pro.jpg","detailed":"http://content7.flixster.com/movie/11/17/16/11171613_det.jpg","original":"http://content7.flixster.com/movie/11/17/16/11171613_ori.jpg"},"abridged_cast":[{"name":"Matt Damon","id":"162653499","characters":["Jason Bourne"]},{"name":"Julia Stiles","id":"162660056","characters":["Nicky Parsons"]},{"name":"David Strathairn","id":"162654527","characters":["Noah Vosen"]},{"name":"Scott Glenn","id":"162670425","characters":["Ezra Kramer"]},{"name":"Paddy Considine","id":"162652573","characters":["Simon Ross"]}],"alternate_ids":{"imdb":"0440963"},"links":{"self":"http://api.rottentomatoes.com/api/public/v1.0/movies/358189806.json","alternate":"http://www.rottentomatoes.com/m/bourne_ultimatum/","cast":"http://api.rottentomatoes.com/api/public/v1.0/movies/358189806/cast.json","clips":"http://api.rottentomatoes.com/api/public/v1.0/movies/358189806/clips.json","reviews":"http://api.rottentomatoes.com/api/public/v1.0/movies/358189806/reviews.json","similar":"http://api.rottentomatoes.com/api/public/v1.0/movies/358189806/similar.json"}},{"id":"387569635","title":"Harry Potter and the Order of the Phoenix","year":2007,"mpaa_rating":"PG-13","runtime":138,"critics_consensus":"It's not easy to take the longest Harry Potter book and streamline it into the shortest HP movie, but director David Yates does a bang up job of it, creating an Order of the Phoenix that's entertaining and action-packed.","release_dates":{"theater":"2007-07-11","dvd":"2007-11-11"},"ratings":{"critics_rating":"Certified Fresh","critics_score":79,"audience_rating":"Upright","audience_score":81},"synopsis":"","posters":{"thumbnail":"http://content6.flixster.com/movie/11/16/88/11168876_mob.jpg","profile":"http://content6.flixster.com/movie/11/16/88/11168876_pro.jpg","detailed":"http://content6.flixster.com/movie/11/16/88/11168876_det.jpg","original":"http://content6.flixster.com/movie/11/16/88/11168876_ori.jpg"},"abridged_cast":[{"name":"Daniel Radcliffe","id":"162655375","characters":["Harry Potter"]},{"name":"Rupert Grint","id":"162655376","characters":["Ron Weasley"]},{"name":"Emma Watson","id":"162655378","characters":["Hermione Granger"]},{"name":"Michael Gambon","id":"162676818","characters":["Albus Dumbledore"]},{"name":"Ralph Fiennes","id":"162653681","characters":["Lord Voldemort"]}],"alternate_ids":{"imdb":"0373889"},"links":{"self":"http://api.rottentomatoes.com/api/public/v1.0/movies/387569635.json","alternate":"http://www.rottentomatoes.com/m/harry_potter_and_the_order_of_the_phoenix/","cast":"http://api.rottentomatoes.com/api/public/v1.0/movies/387569635/cast.json","clips":"http://api.rottentomatoes.com/api/public/v1.0/movies/387569635/clips.json","reviews":"http://api.rottentomatoes.com/api/public/v1.0/movies/387569635/reviews.json","similar":"http://api.rottentomatoes.com/api/public/v1.0/movies/387569635/similar.json"}},{"id":"406923403","title":"The Simpsons Movie","year":2007,"mpaa_rating":"PG-13","runtime":86,"critics_consensus":"The Simpsons Movie contains the hearty laughs, biting satire, and honest portrayal of an American family that makes the show so popular. And it boasts slicker animation and polished writing that hearkens back to the show's glory days.","release_dates":{"theater":"2007-07-27","dvd":"2007-12-18"},"ratings":{"critics_rating":"Certified Fresh","critics_score":90,"audience_rating":"Upright","audience_score":77},"synopsis":"","posters":{"thumbnail":"http://content7.flixster.com/movie/10/84/37/10843725_mob.jpg","profile":"http://content7.flixster.com/movie/10/84/37/10843725_pro.jpg","detailed":"http://content7.flixster.com/movie/10/84/37/10843725_det.jpg","original":"http://content7.flixster.com/movie/10/84/37/10843725_ori.jpg"},"abridged_cast":[{"name":"Dan Castellaneta","id":"292632063","characters":["Barney","Bear","Boy on Phone","EPA Official","Grampa","Homer","Kissing Cop","Krusty the Clown","Mayor Quimby","Mayor's Aide","Mr. Teeny","Multi-Eyed Squirrel","NSA Worker","Officer","Panicky Man","Santa's Little Helper","Sideshow Mel","Squeaky-Voiced Teen","Stage Manager"]},{"name":"Julie Kavner","id":"406923405","characters":["Marge"]},{"name":"Yeardley Smith","id":"408823130","characters":["Lisa"]},{"name":"Nancy Cartwright","id":"406923407","characters":["Maggie","Nelson","Ralph","Todd Flanders","TV Daughter","Woman on Phone"]},{"name":"Harry Shearer","id":"162658996","characters":["Dr. Hibbert","Guard","Kang","Kent Brockman","Lenny","Mr. Burns","Ned Flanders","Otto","President Arnold Schwarzenegger","Principal Skinner","Rev. Lovejoy","Scratchy","Skull","Smithers","Toll Booth Man"]}],"alternate_ids":{"imdb":"0462538"},"links":{"self":"http://api.rottentomatoes.com/api/public/v1.0/movies/406923403.json","alternate":"http://www.rottentomatoes.com/m/simpsons_movie/","cast":"http://api.rottentomatoes.com/api/public/v1.0/movies/406923403/cast.json","clips":"http://api.rottentomatoes.com/api/public/v1.0/movies/406923403/clips.json","reviews":"http://api.rottentomatoes.com/api/public/v1.0/movies/406923403/reviews.json","similar":"http://api.rottentomatoes.com/api/public/v1.0/movies/406923403/similar.json"}},{"id":"387253026","title":"Shrek the Third","year":2007,"mpaa_rating":"PG","runtime":92,"critics_consensus":"Shrek the Third has pop culture potshots galore, but at the expense of the heart, charm, and wit that made the first two Shreks classics.","release_dates":{"theater":"2007-05-18","dvd":"2007-11-13"},"ratings":{"critics_rating":"Rotten","critics_score":40,"audience_rating":"Spilled","audience_score":53},"synopsis":"","posters":{"thumbnail":"http://content9.flixster.com/movie/59/86/40/5986403_mob.jpg","profile":"http://content9.flixster.com/movie/59/86/40/5986403_pro.jpg","detailed":"http://content9.flixster.com/movie/59/86/40/5986403_det.jpg","original":"http://content9.flixster.com/movie/59/86/40/5986403_ori.jpg"},"abridged_cast":[{"name":"Mike Myers","id":"162659399","characters":["Shrek"]},{"name":"Eddie Murphy","id":"162657430","characters":["Donkey"]},{"name":"Cameron Diaz","id":"162654443","characters":["Princess Fiona"]},{"name":"Antonio Banderas","id":"162654885","characters":["Puss in Boots"]},{"name":"Julie Andrews","id":"162655749","characters":["Queen"]}],"alternate_ids":{"imdb":"0413267"},"links":{"self":"http://api.rottentomatoes.com/api/public/v1.0/movies/387253026.json","alternate":"http://www.rottentomatoes.com/m/shrek_3/","cast":"http://api.rottentomatoes.com/api/public/v1.0/movies/387253026/cast.json","clips":"http://api.rottentomatoes.com/api/public/v1.0/movies/387253026/clips.json","reviews":"http://api.rottentomatoes.com/api/public/v1.0/movies/387253026/reviews.json","similar":"http://api.rottentomatoes.com/api/public/v1.0/movies/387253026/similar.json"}},{"id":"770672301","title":"Sweeney Todd: The Demon Barber of Fleet Street","year":2007,"mpaa_rating":"R","runtime":116,"critics_consensus":"Full of pith and Grand Guignol grossness, this macabre musical is perfectly helmed and highly entertaining. Tim Burton masterfully stages the musical in a way that will make you think he has done this many times before.","release_dates":{"theater":"2007-12-21","dvd":"2008-04-01"},"ratings":{"critics_rating":"Certified Fresh","critics_score":86,"audience_rating":"Upright","audience_score":81},"synopsis":"","posters":{"thumbnail":"http://content7.flixster.com/movie/11/12/52/11125277_mob.jpg","profile":"http://content7.flixster.com/movie/11/12/52/11125277_pro.jpg","detailed":"http://content7.flixster.com/movie/11/12/52/11125277_det.jpg","original":"http://content7.flixster.com/movie/11/12/52/11125277_ori.jpg"},"abridged_cast":[{"name":"Johnny Depp","id":"162652817","characters":["Sweeney Todd"]},{"name":"Helena Bonham Carter","id":"162652820","characters":["Mrs. Nellie Lovett"]},{"name":"Alan Rickman","id":"162666132","characters":["Judge Turpin"]},{"name":"Timothy Spall","id":"162698684","characters":["Beadle Bamford"]},{"name":"Sacha Baron Cohen","id":"162652531","characters":["Adolfo Pirelli"]}],"alternate_ids":{"imdb":"0408236"},"links":{"self":"http://api.rottentomatoes.com/api/public/v1.0/movies/770672301.json","alternate":"http://www.rottentomatoes.com/m/1183955-1183955-sweeney_todd_the_demon_barber_of_fleet_street/","cast":"http://api.rottentomatoes.com/api/public/v1.0/movies/770672301/cast.json","clips":"http://api.rottentomatoes.com/api/public/v1.0/movies/770672301/clips.json","reviews":"http://api.rottentomatoes.com/api/public/v1.0/movies/770672301/reviews.json","similar":"http://api.rottentomatoes.com/api/public/v1.0/movies/770672301/similar.json"}},{"id":"358174817","title":"Pirates of the Caribbean: At Worlds End","year":2007,"mpaa_rating":"PG-13","runtime":169,"critics_consensus":"POTC: AWE provides the thrilling action scenes, but mixes in too many characters with too many incomprehensible plot threads.","release_dates":{"theater":"2007-05-25","dvd":"2007-12-04"},"ratings":{"critics_rating":"Rotten","critics_score":44,"audience_rating":"Upright","audience_score":72},"synopsis":"","posters":{"thumbnail":"http://content6.flixster.com/movie/10/95/55/10955508_mob.jpg","profile":"http://content6.flixster.com/movie/10/95/55/10955508_pro.jpg","detailed":"http://content6.flixster.com/movie/10/95/55/10955508_det.jpg","original":"http://content6.flixster.com/movie/10/95/55/10955508_ori.jpg"},"abridged_cast":[{"name":"Johnny Depp","id":"162652817","characters":["Jack Sparrow"]},{"name":"Geoffrey Rush","id":"162659119","characters":["Captain Barbossa"]},{"name":"Orlando Bloom","id":"162652240","characters":["Will Turner"]},{"name":"Keira Knightley","id":"162654560","characters":["Elizabeth Swann"]},{"name":"Jack Davenport","id":"162659479","characters":["Norrington"]}],"alternate_ids":{"imdb":"0449088"},"links":{"self":"http://api.rottentomatoes.com/api/public/v1.0/movies/358174817.json","alternate":"http://www.rottentomatoes.com/m/pirates_of_the_caribbean_3/","cast":"http://api.rottentomatoes.com/api/public/v1.0/movies/358174817/cast.json","clips":"http://api.rottentomatoes.com/api/public/v1.0/movies/358174817/clips.json","reviews":"http://api.rottentomatoes.com/api/public/v1.0/movies/358174817/reviews.json","similar":"http://api.rottentomatoes.com/api/public/v1.0/movies/358174817/similar.json"}},{"id":"770672988","title":"Harry Potter and the Half-Blood Prince","year":2009,"mpaa_rating":"PG","runtime":154,"critics_consensus":"Dark, thrilling, and occasionally quite funny, Harry Potter and the Half-Blood Prince is also visually stunning and emotionally satisfying.","release_dates":{"theater":"2009-07-15","dvd":"2009-12-08"},"ratings":{"critics_rating":"Certified Fresh","critics_score":84,"audience_rating":"Upright","audience_score":77},"synopsis":"","posters":{"thumbnail":"http://content9.flixster.com/movie/11/16/39/11163943_mob.jpg","profile":"http://content9.flixster.com/movie/11/16/39/11163943_pro.jpg","detailed":"http://content9.flixster.com/movie/11/16/39/11163943_det.jpg","original":"http://content9.flixster.com/movie/11/16/39/11163943_ori.jpg"},"abridged_cast":[{"name":"Daniel Radcliffe","id":"162655375","characters":["Harry Potter"]},{"name":"Rupert Grint","id":"162655376","characters":["Ron Weasley"]},{"name":"Emma Watson","id":"162655378","characters":["Hermione Granger"]},{"name":"Helena Bonham Carter","id":"162652820","characters":["Bellatrix Lestrange"]},{"name":"Jim Broadbent","id":"162653369","characters":["Horace Slughorn"]}],"alternate_ids":{"imdb":"0417741"},"links":{"self":"http://api.rottentomatoes.com/api/public/v1.0/movies/770672988.json","alternate":"http://www.rottentomatoes.com/m/harry_potter_and_the_half_blood_prince/","cast":"http://api.rottentomatoes.com/api/public/v1.0/movies/770672988/cast.json","clips":"http://api.rottentomatoes.com/api/public/v1.0/movies/770672988/clips.json","reviews":"http://api.rottentomatoes.com/api/public/v1.0/movies/770672988/reviews.json","similar":"http://api.rottentomatoes.com/api/public/v1.0/movies/770672988/similar.json"}},{"id":"769964099","title":"Indiana Jones and the Kingdom of the Crystal Skull","year":2008,"mpaa_rating":"PG-13","runtime":122,"critics_consensus":"Though the plot elements are certainly familiar, Indiana Jones and the Kingdom of the Crystal Skull still delivers the thrills and Harrison Ford's return in the title role is more than welcome.","release_dates":{"theater":"2008-05-22","dvd":"2008-10-14"},"ratings":{"critics_rating":"Certified Fresh","critics_score":78,"audience_rating":"Spilled","audience_score":54},"synopsis":"","posters":{"thumbnail":"http://content6.flixster.com/movie/10/86/88/10868884_mob.jpg","profile":"http://content6.flixster.com/movie/10/86/88/10868884_pro.jpg","detailed":"http://content6.flixster.com/movie/10/86/88/10868884_det.jpg","original":"http://content6.flixster.com/movie/10/86/88/10868884_ori.jpg"},"abridged_cast":[{"name":"Harrison Ford","id":"162661579","characters":["Indiana Jones"]},{"name":"Cate Blanchett","id":"162659162","characters":["Irina Spalko"]},{"name":"Karen Allen","id":"162666714","characters":["Marion Ravenwood"]},{"name":"Ray Winstone","id":"162693523","characters":["George \"Mac\" McHale"]},{"name":"John Hurt","id":"162653221","characters":["Professor Oxley"]}],"alternate_ids":{"imdb":"0367882"},"links":{"self":"http://api.rottentomatoes.com/api/public/v1.0/movies/769964099.json","alternate":"http://www.rottentomatoes.com/m/indiana_jones_and_the_kingdom_of_the_crystal_skull/","cast":"http://api.rottentomatoes.com/api/public/v1.0/movies/769964099/cast.json","clips":"http://api.rottentomatoes.com/api/public/v1.0/movies/769964099/clips.json","reviews":"http://api.rottentomatoes.com/api/public/v1.0/movies/769964099/reviews.json","similar":"http://api.rottentomatoes.com/api/public/v1.0/movies/769964099/similar.json"}},{"id":"771041731","title":"The Dark Knight Rises","year":2012,"mpaa_rating":"PG-13","runtime":165,"critics_consensus":"The Dark Knight Rises is an ambitious, thoughtful, and potent action film that concludes Christopher Nolan's franchise in spectacular fashion.","release_dates":{"theater":"2012-07-20","dvd":"2012-12-04"},"ratings":{"critics_rating":"Certified Fresh","critics_score":88,"audience_rating":"Upright","audience_score":90},"synopsis":"It has been eight years since Batman vanished into the night, turning, in that instant, from hero to fugitive. Assuming the blame for the death of D.A. Harvey Dent, the Dark Knight sacrificed everything for what he and Commissioner Gordon both hoped was the greater good. For a time the lie worked, as criminal activity in Gotham City was crushed under the weight of the anti-crime Dent Act. But everything will change with the arrival of a cunning cat burglar with a mysterious agenda. Far more dangerous, however, is the emergence of Bane, a masked terrorist whose ruthless plans for Gotham drive Bruce out of his self-imposed exile. But even if he dons the cape and cowl again, Batman may be no match for Bane.. -- (C) Warner Bros.","posters":{"thumbnail":"http://content9.flixster.com/movie/11/16/78/11167835_mob.jpg","profile":"http://content9.flixster.com/movie/11/16/78/11167835_pro.jpg","detailed":"http://content9.flixster.com/movie/11/16/78/11167835_det.jpg","original":"http://content9.flixster.com/movie/11/16/78/11167835_ori.jpg"},"abridged_cast":[{"name":"Christian Bale","id":"162652645","characters":["Bruce Wayne/Batman"]},{"name":"Anne Hathaway","id":"162656190","characters":["Selina","Selina Kyle"]},{"name":"Tom Hardy","id":"391527059","characters":["Bane"]},{"name":"Marion Cotillard","id":"162688286","characters":["Miranda","Miranda Tate"]},{"name":"Joseph Gordon-Levitt","id":"162666960","characters":["Blake","John Blake"]}],"alternate_ids":{"imdb":"1345836"},"links":{"self":"http://api.rottentomatoes.com/api/public/v1.0/movies/771041731.json","alternate":"http://www.rottentomatoes.com/m/the_dark_knight_rises/","cast":"http://api.rottentomatoes.com/api/public/v1.0/movies/771041731/cast.json","clips":"http://api.rottentomatoes.com/api/public/v1.0/movies/771041731/clips.json","reviews":"http://api.rottentomatoes.com/api/public/v1.0/movies/771041731/reviews.json","similar":"http://api.rottentomatoes.com/api/public/v1.0/movies/771041731/similar.json"}},{"id":"770771659","title":"The Amazing Spider-Man","year":2012,"mpaa_rating":"PG-13","runtime":136,"critics_consensus":"A well-chosen cast and sure-handed direction allow The Amazing Spider-Man to thrill, despite revisiting many of the same plot points from 2002's Spider-Man.","release_dates":{"theater":"2012-07-03","dvd":"2012-11-09"},"ratings":{"critics_rating":"Certified Fresh","critics_score":73,"audience_rating":"Upright","audience_score":77},"synopsis":"The Amazing Spider-Man is the story of Peter Parker (Garfield), an outcast high schooler who was abandoned by his parents as a boy, leaving him to be raised by his Uncle Ben (Sheen) and Aunt May (Field). Like most teenagers, Peter is trying to figure out who he is and how he got to be the person he is today. As Peter discovers a mysterious briefcase that belonged to his father, he begins a quest to understand his parents' disappearance - leading him directly to Oscorp and the lab of Dr. Curt Connors (Ifans), his father's former partner. As Spider-Man is set on a collision course with Connors' alter-ego, The Lizard, Peter will make life-altering choices to use his powers and shape his destiny to become a hero. -- (C) Sony","posters":{"thumbnail":"http://content8.flixster.com/movie/11/16/74/11167406_mob.jpg","profile":"http://content8.flixster.com/movie/11/16/74/11167406_pro.jpg","detailed":"http://content8.flixster.com/movie/11/16/74/11167406_det.jpg","original":"http://content8.flixster.com/movie/11/16/74/11167406_ori.jpg"},"abridged_cast":[{"name":"Andrew Garfield","id":"770779702","characters":["Peter Parker/Spider-Man"]},{"name":"Emma Stone","id":"770683296","characters":["Gwen Stacy"]},{"name":"Rhys Ifans","id":"162669070","characters":["Dr. Curt Connors","The Lizard/Dr. Curt Connors"]},{"name":"Denis Leary","id":"162659182","characters":["Captain Stacy","George Stacy"]},{"name":"Martin Sheen","id":"162660009","characters":["Ben Parker","Uncle Ben"]}],"alternate_ids":{"imdb":"0948470"},"links":{"self":"http://api.rottentomatoes.com/api/public/v1.0/movies/770771659.json","alternate":"http://www.rottentomatoes.com/m/the_amazing_spider_man/","cast":"http://api.rottentomatoes.com/api/public/v1.0/movies/770771659/cast.json","clips":"http://api.rottentomatoes.com/api/public/v1.0/movies/770771659/clips.json","reviews":"http://api.rottentomatoes.com/api/public/v1.0/movies/770771659/reviews.json","similar":"http://api.rottentomatoes.com/api/public/v1.0/movies/770771659/similar.json"}},{"id":"770789184","title":"The Ugly Truth","year":2009,"mpaa_rating":"R","runtime":96,"critics_consensus":"Despite the best efforts of Butler and Heigl, The Ugly Truth suffers from a weak script that relies on romantic comedy formula, with little charm or comedic payoff.","release_dates":{"theater":"2009-07-24","dvd":"2009-11-10"},"ratings":{"critics_rating":"Rotten","critics_score":13,"audience_rating":"Upright","audience_score":61},"synopsis":"","posters":{"thumbnail":"http://content6.flixster.com/movie/11/16/99/11169900_mob.jpg","profile":"http://content6.flixster.com/movie/11/16/99/11169900_pro.jpg","detailed":"http://content6.flixster.com/movie/11/16/99/11169900_det.jpg","original":"http://content6.flixster.com/movie/11/16/99/11169900_ori.jpg"},"abridged_cast":[{"name":"Katherine Heigl","id":"162670134","characters":["Abby Richter"]},{"name":"Gerard Butler","id":"162659102","characters":["Mike Chadway"]},{"name":"Bree Turner","id":"163464954","characters":["Joy"]},{"name":"Eric Winter","id":"770707022","characters":["Colin"]},{"name":"Nick Searcy","id":"385328962","characters":["Stuart"]}],"alternate_ids":{"imdb":"1142988"},"links":{"self":"http://api.rottentomatoes.com/api/public/v1.0/movies/770789184.json","alternate":"http://www.rottentomatoes.com/m/ugly_truth/","cast":"http://api.rottentomatoes.com/api/public/v1.0/movies/770789184/cast.json","clips":"http://api.rottentomatoes.com/api/public/v1.0/movies/770789184/clips.json","reviews":"http://api.rottentomatoes.com/api/public/v1.0/movies/770789184/reviews.json","similar":"http://api.rottentomatoes.com/api/public/v1.0/movies/770789184/similar.json"}},{"id":"771190618","title":"The Hunger Games","year":2012,"mpaa_rating":"PG-13","runtime":142,"critics_consensus":"Thrilling and superbly acted, The Hunger Games captures the dramatic violence, raw emotion, and ambitious scope of its source novel.","release_dates":{"theater":"2012-03-23","dvd":"2012-08-18"},"ratings":{"critics_rating":"Certified Fresh","critics_score":84,"audience_rating":"Upright","audience_score":81},"synopsis":"Every year in the ruins of what was once North America, the evil Capitol of the nation of Panem forces each of its twelve districts to send a teenage boy and girl to compete in the Hunger Games. A twisted punishment for a past uprising and an ongoing government intimidation tactic, The Hunger Games are a nationally televised event in which \"Tributes\" must fight with one another until one survivor remains. Pitted against highly-trained Tributes who have prepared for these Games their entire lives, Katniss is forced to rely upon her sharp instincts as well as the mentorship of drunken former victor Haymitch Abernathy. If she's ever to return home to District 12, Katniss must make impossible choices in the arena that weigh survival against humanity and life against love. -- (C) Lionsgate","posters":{"thumbnail":"http://content9.flixster.com/movie/11/17/36/11173667_mob.jpg","profile":"http://content9.flixster.com/movie/11/17/36/11173667_pro.jpg","detailed":"http://content9.flixster.com/movie/11/17/36/11173667_det.jpg","original":"http://content9.flixster.com/movie/11/17/36/11173667_ori.jpg"},"abridged_cast":[{"name":"Jennifer Lawrence","id":"770800260","characters":["Katniss Everdeen"]},{"name":"Josh Hutcherson","id":"162654356","characters":["Peeta Mellark"]},{"name":"Liam Hemsworth","id":"770833479","characters":["Gale Hawthorne"]},{"name":"Woody Harrelson","id":"162654250","characters":["Haymitch Abernathy"]},{"name":"Elizabeth Banks","id":"162653584","characters":["Effie Trinket"]}],"alternate_ids":{"imdb":"1392170"},"links":{"self":"http://api.rottentomatoes.com/api/public/v1.0/movies/771190618.json","alternate":"http://www.rottentomatoes.com/m/the_hunger_games/","cast":"http://api.rottentomatoes.com/api/public/v1.0/movies/771190618/cast.json","clips":"http://api.rottentomatoes.com/api/public/v1.0/movies/771190618/clips.json","reviews":"http://api.rottentomatoes.com/api/public/v1.0/movies/771190618/reviews.json","similar":"http://api.rottentomatoes.com/api/public/v1.0/movies/771190618/similar.json"}},{"id":"770740154","title":"Marvel's The Avengers","year":2012,"mpaa_rating":"PG-13","runtime":142,"critics_consensus":"With a script that never forgets its heroes' humanity and no shortage of superpowered set pieces, The Avengers lives up to its hype -- and raises the bar for Marvel at the movies.","release_dates":{"theater":"2012-05-04","dvd":"2012-09-25"},"ratings":{"critics_rating":"Certified Fresh","critics_score":92,"audience_rating":"Upright","audience_score":91},"synopsis":"Marvel Studios presents Marvel's The Avengers-the Super Hero team up of a lifetime, featuring iconic Marvel Super Heroes Iron Man, The Incredible Hulk, Thor, Captain America, Hawkeye and Black Widow. When an unexpected enemy emerges that threatens global safety and security, Nick Fury, Director of the international peacekeeping agency known as S.H.I.E.L.D., finds himself in need of a team to pull the world back from the brink of disaster. Spanning the globe, a daring recruitment effort begins. -- (C) Marvel","posters":{"thumbnail":"http://content8.flixster.com/movie/11/16/38/11163886_mob.jpg","profile":"http://content8.flixster.com/movie/11/16/38/11163886_pro.jpg","detailed":"http://content8.flixster.com/movie/11/16/38/11163886_det.jpg","original":"http://content8.flixster.com/movie/11/16/38/11163886_ori.jpg"},"abridged_cast":[{"name":"Robert Downey Jr.","id":"162654529","characters":["Tony Stark","Tony Stark/Iron Man"]},{"name":"Chris Evans","id":"162652784","characters":["Captain America","Steve Rogers/Captain America"]},{"name":"Mark Ruffalo","id":"162653904","characters":["Bruce Banner/The Hulk"]},{"name":"Chris Hemsworth","id":"770829335","characters":["Thor"]},{"name":"Scarlett Johansson","id":"162652872","characters":["Black Widow","Natasha Romanoff/Black Widow"]}],"alternate_ids":{"imdb":"0848228"},"links":{"self":"http://api.rottentomatoes.com/api/public/v1.0/movies/770740154.json","alternate":"http://www.rottentomatoes.com/m/marvels_the_avengers/","cast":"http://api.rottentomatoes.com/api/public/v1.0/movies/770740154/cast.json","clips":"http://api.rottentomatoes.com/api/public/v1.0/movies/770740154/clips.json","reviews":"http://api.rottentomatoes.com/api/public/v1.0/movies/770740154/reviews.json","similar":"http://api.rottentomatoes.com/api/public/v1.0/movies/770740154/similar.json"}},{"id":"770680255","title":"The Time Traveler's Wife","year":2009,"mpaa_rating":"PG-13","runtime":108,"critics_consensus":"Though it may satisfy fans of the novel, The Time Traveler's Wife's plot contrivances and illogical narrative hamper its big screen effectiveness.","release_dates":{"theater":"2009-08-14","dvd":"2010-02-09"},"ratings":{"critics_rating":"Rotten","critics_score":37,"audience_rating":"Upright","audience_score":60},"synopsis":"","posters":{"thumbnail":"http://content9.flixster.com/movie/11/17/00/11170083_mob.jpg","profile":"http://content9.flixster.com/movie/11/17/00/11170083_pro.jpg","detailed":"http://content9.flixster.com/movie/11/17/00/11170083_det.jpg","original":"http://content9.flixster.com/movie/11/17/00/11170083_ori.jpg"},"abridged_cast":[{"name":"Rachel McAdams","id":"162652838","characters":["Clare"]},{"name":"Eric Bana","id":"162662190","characters":["Henry"]},{"name":"Arliss Howard","id":"162654516","characters":["Richard DeTamble"]},{"name":"Ron Livingston","id":"162653278","characters":["Gomez"]},{"name":"Stephen Tobolowsky","id":"162660810","characters":["Dr. David Kendrick"]}],"alternate_ids":{"imdb":"0452694"},"links":{"self":"http://api.rottentomatoes.com/api/public/v1.0/movies/770680255.json","alternate":"http://www.rottentomatoes.com/m/time_travelers_wife/","cast":"http://api.rottentomatoes.com/api/public/v1.0/movies/770680255/cast.json","clips":"http://api.rottentomatoes.com/api/public/v1.0/movies/770680255/clips.json","reviews":"http://api.rottentomatoes.com/api/public/v1.0/movies/770680255/reviews.json","similar":"http://api.rottentomatoes.com/api/public/v1.0/movies/770680255/similar.json"}},{"id":"770677827","title":"G.I. Joe: The Rise of Cobra","year":2009,"mpaa_rating":"PG-13","runtime":118,"critics_consensus":"While fans of the Hasbro toy franchise may revel in a bit of nostalgia, G.I. Joe: The Rise of Cobra is largely a cartoonish, over-the-top action fest propelled by silly writing, inconsistent visual effects, and merely passable performances.","release_dates":{"theater":"2009-08-07","dvd":"2009-11-03"},"ratings":{"critics_rating":"Rotten","critics_score":35,"audience_rating":"Spilled","audience_score":50},"synopsis":"","posters":{"thumbnail":"http://content8.flixster.com/movie/11/16/97/11169782_mob.jpg","profile":"http://content8.flixster.com/movie/11/16/97/11169782_pro.jpg","detailed":"http://content8.flixster.com/movie/11/16/97/11169782_det.jpg","original":"http://content8.flixster.com/movie/11/16/97/11169782_ori.jpg"},"abridged_cast":[{"name":"Dennis Quaid","id":"162655527","characters":["General Hawk"]},{"name":"Channing Tatum","id":"162661835","characters":["Duke Hauser"]},{"name":"Adewale Akinnuoye-Agbaje","id":"405589153","characters":["Heavy Duty"]},{"name":"Marlon Wayans","id":"162682781","characters":["Ripcord"]},{"name":"Joseph Gordon-Levitt","id":"162666960","characters":["The Doctor/Rex"]}],"alternate_ids":{"imdb":"1046173"},"links":{"self":"http://api.rottentomatoes.com/api/public/v1.0/movies/770677827.json","alternate":"http://www.rottentomatoes.com/m/gi_joe_the_rise_of_cobra/","cast":"http://api.rottentomatoes.com/api/public/v1.0/movies/770677827/cast.json","clips":"http://api.rottentomatoes.com/api/public/v1.0/movies/770677827/clips.json","reviews":"http://api.rottentomatoes.com/api/public/v1.0/movies/770677827/reviews.json","similar":"http://api.rottentomatoes.com/api/public/v1.0/movies/770677827/similar.json"}},{"id":"770785598","title":"The Proposal","year":2009,"mpaa_rating":"PG-13","runtime":107,"critics_consensus":"Sandra Bullock and Ryan Reynolds exhibit plenty of chemistry, but they're let down by The Proposal's devotion to formula.","release_dates":{"theater":"2009-06-19","dvd":"2009-10-13"},"ratings":{"critics_rating":"Rotten","critics_score":44,"audience_rating":"Upright","audience_score":68},"synopsis":"","posters":{"thumbnail":"http://content7.flixster.com/movie/11/15/35/11153537_mob.jpg","profile":"http://content7.flixster.com/movie/11/15/35/11153537_pro.jpg","detailed":"http://content7.flixster.com/movie/11/15/35/11153537_det.jpg","original":"http://content7.flixster.com/movie/11/15/35/11153537_ori.jpg"},"abridged_cast":[{"name":"Sandra Bullock","id":"162652205","characters":["Margaret Tate"]},{"name":"Ryan Reynolds","id":"162652367","characters":["Andrew Paxton"]},{"name":"Mary Steenburgen","id":"162663795","characters":["Grace Paxton"]},{"name":"Craig T. Nelson","id":"162659067","characters":["Joe Paxton"]},{"name":"Betty White","id":"454007836","characters":["Grandma Annie"]}],"alternate_ids":{"imdb":"1041829"},"links":{"self":"http://api.rottentomatoes.com/api/public/v1.0/movies/770785598.json","alternate":"http://www.rottentomatoes.com/m/10010458-proposal/","cast":"http://api.rottentomatoes.com/api/public/v1.0/movies/770785598/cast.json","clips":"http://api.rottentomatoes.com/api/public/v1.0/movies/770785598/clips.json","reviews":"http://api.rottentomatoes.com/api/public/v1.0/movies/770785598/reviews.json","similar":"http://api.rottentomatoes.com/api/public/v1.0/movies/770785598/similar.json"}},{"id":"364517593","title":"Fantastic Four: Rise of the Silver Surfer","year":2007,"mpaa_rating":"PG","runtime":92,"critics_consensus":"While an improvement on its predecessor, Fantastic Four: Rise of the Silver Surfer is nevertheless a juvenile, simplistic picture that has little benefit beyond its special effects.","release_dates":{"theater":"2007-06-15","dvd":"2007-10-02"},"ratings":{"critics_rating":"Rotten","critics_score":37,"audience_rating":"Spilled","audience_score":51},"synopsis":"","posters":{"thumbnail":"http://content9.flixster.com/movie/10/89/16/10891607_mob.jpg","profile":"http://content9.flixster.com/movie/10/89/16/10891607_pro.jpg","detailed":"http://content9.flixster.com/movie/10/89/16/10891607_det.jpg","original":"http://content9.flixster.com/movie/10/89/16/10891607_ori.jpg"},"abridged_cast":[{"name":"Ioan Gruffudd","id":"162652780","characters":["Reed Richards"]},{"name":"Jessica Alba","id":"162652782","characters":["Sue Storm"]},{"name":"Chris Evans","id":"162652784","characters":["Johnny Storm"]},{"name":"Michael Chiklis","id":"162652783","characters":["Ben Grimm"]},{"name":"Julian McMahon","id":"162652785","characters":["Victor Von Doom"]}],"alternate_ids":{"imdb":"0486576"},"links":{"self":"http://api.rottentomatoes.com/api/public/v1.0/movies/364517593.json","alternate":"http://www.rottentomatoes.com/m/fantastic_four_2_rise_of_the_silver_surfer/","cast":"http://api.rottentomatoes.com/api/public/v1.0/movies/364517593/cast.json","clips":"http://api.rottentomatoes.com/api/public/v1.0/movies/364517593/clips.json","reviews":"http://api.rottentomatoes.com/api/public/v1.0/movies/364517593/reviews.json","similar":"http://api.rottentomatoes.com/api/public/v1.0/movies/364517593/similar.json"}},{"id":"770801897","title":"The Hangover","year":2009,"mpaa_rating":"R","runtime":100,"critics_consensus":"With a clever script and hilarious interplay among the cast, The Hangover nails just the right tone of raunchy humor, and the non-stop laughs overshadow any flaw.","release_dates":{"theater":"2009-06-05","dvd":"2009-12-15"},"ratings":{"critics_rating":"Certified Fresh","critics_score":79,"audience_rating":"Upright","audience_score":84},"synopsis":"","posters":{"thumbnail":"http://content7.flixster.com/movie/11/16/67/11166717_mob.jpg","profile":"http://content7.flixster.com/movie/11/16/67/11166717_pro.jpg","detailed":"http://content7.flixster.com/movie/11/16/67/11166717_det.jpg","original":"http://content7.flixster.com/movie/11/16/67/11166717_ori.jpg"},"abridged_cast":[{"name":"Bradley Cooper","id":"351525448","characters":["Phil"]},{"name":"Ed Helms","id":"770691762","characters":["Stu"]},{"name":"Zach Galifianakis","id":"162655230","characters":["Alan"]},{"name":"Heather Graham","id":"162666085","characters":["Jade"]},{"name":"Justin Bartha","id":"162659095","characters":["Doug"]}],"alternate_ids":{"imdb":"1119646"},"links":{"self":"http://api.rottentomatoes.com/api/public/v1.0/movies/770801897.json","alternate":"http://www.rottentomatoes.com/m/10010667-hangover/","cast":"http://api.rottentomatoes.com/api/public/v1.0/movies/770801897/cast.json","clips":"http://api.rottentomatoes.com/api/public/v1.0/movies/770801897/clips.json","reviews":"http://api.rottentomatoes.com/api/public/v1.0/movies/770801897/reviews.json","similar":"http://api.rottentomatoes.com/api/public/v1.0/movies/770801897/similar.json"}},{"id":"770673038","title":"Hellboy II: The Golden Army (Hellboy 2)","year":2008,"mpaa_rating":"PG-13","runtime":120,"critics_consensus":"Guillermo del Toro crafts a stellar comic book sequel, boasting visuals that are as imaginative as the characters are endearing.","release_dates":{"theater":"2008-06-28","dvd":"2008-11-11"},"ratings":{"critics_rating":"Certified Fresh","critics_score":87,"audience_rating":"Upright","audience_score":70},"synopsis":"","posters":{"thumbnail":"http://content9.flixster.com/movie/11/17/07/11170771_mob.jpg","profile":"http://content9.flixster.com/movie/11/17/07/11170771_pro.jpg","detailed":"http://content9.flixster.com/movie/11/17/07/11170771_det.jpg","original":"http://content9.flixster.com/movie/11/17/07/11170771_ori.jpg"},"abridged_cast":[{"name":"Ron Perlman","id":"162664018","characters":["Hellboy"]},{"name":"Selma Blair","id":"162653281","characters":["Liz Sherman"]},{"name":"Doug Jones","id":"162664022","characters":["Abe Sapien"]},{"name":"Luke Goss","id":"162653787","characters":["Prince Nuada"]},{"name":"John Alexander","id":"770678771","characters":["Johann Kraus"]}],"alternate_ids":{"imdb":"0411477"},"links":{"self":"http://api.rottentomatoes.com/api/public/v1.0/movies/770673038.json","alternate":"http://www.rottentomatoes.com/m/hellboy_2_the_golden_army/","cast":"http://api.rottentomatoes.com/api/public/v1.0/movies/770673038/cast.json","clips":"http://api.rottentomatoes.com/api/public/v1.0/movies/770673038/clips.json","reviews":"http://api.rottentomatoes.com/api/public/v1.0/movies/770673038/reviews.json","similar":"http://api.rottentomatoes.com/api/public/v1.0/movies/770673038/similar.json"}},{"id":"769959054","title":"The Dark Knight","year":2008,"mpaa_rating":"PG-13","runtime":152,"critics_consensus":"Dark, complex and unforgettable, The Dark Knight succeeds not just as an entertaining comic book film, but as a richly thrilling crime saga.","release_dates":{"theater":"2008-07-18","dvd":"2008-12-09"},"ratings":{"critics_rating":"Certified Fresh","critics_score":94,"audience_rating":"Upright","audience_score":94},"synopsis":"","posters":{"thumbnail":"http://content6.flixster.com/movie/11/16/51/11165160_mob.jpg","profile":"http://content6.flixster.com/movie/11/16/51/11165160_pro.jpg","detailed":"http://content6.flixster.com/movie/11/16/51/11165160_det.jpg","original":"http://content6.flixster.com/movie/11/16/51/11165160_ori.jpg"},"abridged_cast":[{"name":"Christian Bale","id":"162652645","characters":["Batman/Bruce Wayne"]},{"name":"Heath Ledger","id":"162652588","characters":["Joker"]},{"name":"Aaron Eckhart","id":"162668655","characters":["Harvey Dent"]},{"name":"Michael Caine","id":"162652646","characters":["Alfred"]},{"name":"Maggie Gyllenhaal","id":"162663906","characters":["Rachel Dawes"]}],"alternate_ids":{"imdb":"0468569"},"links":{"self":"http://api.rottentomatoes.com/api/public/v1.0/movies/769959054.json","alternate":"http://www.rottentomatoes.com/m/the_dark_knight/","cast":"http://api.rottentomatoes.com/api/public/v1.0/movies/769959054/cast.json","clips":"http://api.rottentomatoes.com/api/public/v1.0/movies/769959054/clips.json","reviews":"http://api.rottentomatoes.com/api/public/v1.0/movies/769959054/reviews.json","similar":"http://api.rottentomatoes.com/api/public/v1.0/movies/769959054/similar.json"}},{"id":"770669386","title":"The Curious Case of Benjamin Button","year":2008,"mpaa_rating":"PG-13","runtime":166,"critics_consensus":"Curious Case of Benjamin Button is an epic fantasy tale with rich storytelling backed by fantastic performances.","release_dates":{"theater":"2008-12-25","dvd":"2009-05-05"},"ratings":{"critics_rating":"Certified Fresh","critics_score":72,"audience_rating":"Upright","audience_score":80},"synopsis":"","posters":{"thumbnail":"http://content6.flixster.com/movie/11/17/14/11171436_mob.jpg","profile":"http://content6.flixster.com/movie/11/17/14/11171436_pro.jpg","detailed":"http://content6.flixster.com/movie/11/17/14/11171436_det.jpg","original":"http://content6.flixster.com/movie/11/17/14/11171436_ori.jpg"},"abridged_cast":[{"name":"Brad Pitt","id":"162652627","characters":["Benjamin Button"]},{"name":"Cate Blanchett","id":"162659162","characters":["Daisy"]},{"name":"Taraji P. Henson","id":"598455133","characters":["Queenie"]},{"name":"Julia Ormond","id":"162661580","characters":["Caroline"]},{"name":"Jason Flemyng","id":"162662243","characters":["Thomas Button"]}],"alternate_ids":{"imdb":"0421715"},"links":{"self":"http://api.rottentomatoes.com/api/public/v1.0/movies/770669386.json","alternate":"http://www.rottentomatoes.com/m/curious_case_of_benjamin_button/","cast":"http://api.rottentomatoes.com/api/public/v1.0/movies/770669386/cast.json","clips":"http://api.rottentomatoes.com/api/public/v1.0/movies/770669386/clips.json","reviews":"http://api.rottentomatoes.com/api/public/v1.0/movies/770669386/reviews.json","similar":"http://api.rottentomatoes.com/api/public/v1.0/movies/770669386/similar.json"}},{"id":"770782245","title":"The Last House on the Left","year":2009,"mpaa_rating":"R","runtime":110,"critics_consensus":"Excessive and gory, this remake lacks the intellectual punch of the 1972 original.","release_dates":{"theater":"2009-03-13","dvd":"2009-08-18"},"ratings":{"critics_rating":"Rotten","critics_score":41,"audience_rating":"Spilled","audience_score":53},"synopsis":"","posters":{"thumbnail":"http://content9.flixster.com/movie/11/15/75/11157551_mob.jpg","profile":"http://content9.flixster.com/movie/11/15/75/11157551_pro.jpg","detailed":"http://content9.flixster.com/movie/11/15/75/11157551_det.jpg","original":"http://content9.flixster.com/movie/11/15/75/11157551_ori.jpg"},"abridged_cast":[{"name":"Tony Goldwyn","id":"162656408","characters":["John Collingwood"]},{"name":"Monica Potter","id":"162669565","characters":["Emma Collingwood"]},{"name":"Garret Dillahunt","id":"770696644","characters":["Krug"]},{"name":"Spencer Treat Clark","id":"770711788","characters":["Justin"]},{"name":"Martha MacIsaac","id":"770679440","characters":["Paige"]}],"alternate_ids":{"imdb":"0844708"},"links":{"self":"http://api.rottentomatoes.com/api/public/v1.0/movies/770782245.json","alternate":"http://www.rottentomatoes.com/m/1205377-last_house_on_the_left/","cast":"http://api.rottentomatoes.com/api/public/v1.0/movies/770782245/cast.json","clips":"http://api.rottentomatoes.com/api/public/v1.0/movies/770782245/clips.json","reviews":"http://api.rottentomatoes.com/api/public/v1.0/movies/770782245/reviews.json","similar":"http://api.rottentomatoes.com/api/public/v1.0/movies/770782245/similar.json"}},{"id":"770671942","title":"The Incredible Hulk","year":2008,"mpaa_rating":"PG-13","runtime":112,"critics_consensus":"The Incredible Hulk provides the action and excitement to please comic book fans and re-ignite this fledgling franchise.","release_dates":{"theater":"2008-06-12","dvd":"2008-10-21"},"ratings":{"critics_rating":"Fresh","critics_score":67,"audience_rating":"Upright","audience_score":72},"synopsis":"","posters":{"thumbnail":"http://content6.flixster.com/movie/11/17/07/11170764_mob.jpg","profile":"http://content6.flixster.com/movie/11/17/07/11170764_pro.jpg","detailed":"http://content6.flixster.com/movie/11/17/07/11170764_det.jpg","original":"http://content6.flixster.com/movie/11/17/07/11170764_ori.jpg"},"abridged_cast":[{"name":"Edward Norton","id":"162660884","characters":["Bruce Banner/The Hulk"]},{"name":"Liv Tyler","id":"162661412","characters":["Betty Ross"]},{"name":"Tim Roth","id":"162652856","characters":["Emil Blonsky"]},{"name":"William Hurt","id":"162654544","characters":["Gen. Thaddeus \"Thunderbolt\" Ross"]},{"name":"Tim Blake Nelson","id":"162655595","characters":["Samuel Sterns"]}],"alternate_ids":{"imdb":"0800080"},"links":{"self":"http://api.rottentomatoes.com/api/public/v1.0/movies/770671942.json","alternate":"http://www.rottentomatoes.com/m/the_incredible_hulk/","cast":"http://api.rottentomatoes.com/api/public/v1.0/movies/770671942/cast.json","clips":"http://api.rottentomatoes.com/api/public/v1.0/movies/770671942/clips.json","reviews":"http://api.rottentomatoes.com/api/public/v1.0/movies/770671942/reviews.json","similar":"http://api.rottentomatoes.com/api/public/v1.0/movies/770671942/similar.json"}},{"id":"770783948","title":"The Unborn","year":2009,"mpaa_rating":"PG-13","runtime":88,"critics_consensus":"David Goyer's Unborn is a tame genre effort with cheap thrills and scares that border on silliness.","release_dates":{"theater":"2009-01-09","dvd":"2009-07-07"},"ratings":{"critics_rating":"Rotten","critics_score":11,"audience_rating":"Spilled","audience_score":30},"synopsis":"","posters":{"thumbnail":"http://content6.flixster.com/movie/10/88/94/10889484_mob.jpg","profile":"http://content6.flixster.com/movie/10/88/94/10889484_pro.jpg","detailed":"http://content6.flixster.com/movie/10/88/94/10889484_det.jpg","original":"http://content6.flixster.com/movie/10/88/94/10889484_ori.jpg"},"abridged_cast":[{"name":"Odette Annable","id":"771407427","characters":["Casey Beldon"]},{"name":"Gary Oldman","id":"162652649","characters":["Rabbi Sendak"]},{"name":"Cam Gigandet","id":"770699333","characters":["Mark Hardigan"]},{"name":"Meagan Good","id":"162654101","characters":["Romy Marshall"]},{"name":"James Remar","id":"162667832","characters":["Gordon Beldon"]}],"alternate_ids":{"imdb":"1139668"},"links":{"self":"http://api.rottentomatoes.com/api/public/v1.0/movies/770783948.json","alternate":"http://www.rottentomatoes.com/m/10010150-unborn/","cast":"http://api.rottentomatoes.com/api/public/v1.0/movies/770783948/cast.json","clips":"http://api.rottentomatoes.com/api/public/v1.0/movies/770783948/clips.json","reviews":"http://api.rottentomatoes.com/api/public/v1.0/movies/770783948/reviews.json","similar":"http://api.rottentomatoes.com/api/public/v1.0/movies/770783948/similar.json"}},{"id":"770675021","title":"The Express","year":2008,"mpaa_rating":"PG","runtime":130,"critics_consensus":"This inspirational sports biopic set in the the civil rights era is interesting even for non-football fans, and features a great performance by Dennis Quaid as tough-but-fair football coach.","release_dates":{"theater":"2008-10-10","dvd":"2009-01-20"},"ratings":{"critics_rating":"Fresh","critics_score":61,"audience_rating":"Upright","audience_score":75},"synopsis":"","posters":{"thumbnail":"http://content6.flixster.com/movie/11/16/88/11168884_mob.jpg","profile":"http://content6.flixster.com/movie/11/16/88/11168884_pro.jpg","detailed":"http://content6.flixster.com/movie/11/16/88/11168884_det.jpg","original":"http://content6.flixster.com/movie/11/16/88/11168884_ori.jpg"},"abridged_cast":[{"name":"Rob Brown (VI)","id":"162664265","characters":["Ernie Davis"]},{"name":"Dennis Quaid","id":"162655527","characters":["Ben Schwartzwalder"]},{"name":"Omar Benson Miller","id":"770673225","characters":["Jack Buckley"]},{"name":"Darrin Dewitt Henson","id":"364598266","characters":["Jim Brown"]},{"name":"Charles S. Dutton","id":"162676371","characters":["Willie 'Pops' Davis"]}],"alternate_ids":{"imdb":"0469903"},"links":{"self":"http://api.rottentomatoes.com/api/public/v1.0/movies/770675021.json","alternate":"http://www.rottentomatoes.com/m/1185801-the_express/","cast":"http://api.rottentomatoes.com/api/public/v1.0/movies/770675021/cast.json","clips":"http://api.rottentomatoes.com/api/public/v1.0/movies/770675021/clips.json","reviews":"http://api.rottentomatoes.com/api/public/v1.0/movies/770675021/reviews.json","similar":"http://api.rottentomatoes.com/api/public/v1.0/movies/770675021/similar.json"}},{"id":"771218292","title":"Snow White and the Huntsman","year":2012,"mpaa_rating":"PG-13","runtime":128,"critics_consensus":"While it offers an appropriately dark take on the fairy tale that inspired it, Snow White and the Huntsman is undone by uneven acting, problematic pacing, and a confused script.","release_dates":{"theater":"2012-06-01","dvd":"2012-09-11"},"ratings":{"critics_rating":"Rotten","critics_score":48,"audience_rating":"Spilled","audience_score":52},"synopsis":"In the epic action-adventure Snow White and the Huntsman, Kristen Stewart plays the only person in the land fairer than the evil queen (Charlize Theron) out to destroy her. But what the wicked ruler never imagined is that the young woman threatening her reign has been training in the art of war with a huntsman (Chris Hemsworth) dispatched to kill her. Sam Claflin joins the cast as the prince long enchanted by Snow White's beauty and power. -- (C) Universal Pictures","posters":{"thumbnail":"http://content7.flixster.com/movie/11/16/51/11165157_mob.jpg","profile":"http://content7.flixster.com/movie/11/16/51/11165157_pro.jpg","detailed":"http://content7.flixster.com/movie/11/16/51/11165157_det.jpg","original":"http://content7.flixster.com/movie/11/16/51/11165157_ori.jpg"},"abridged_cast":[{"name":"Kristen Stewart","id":"162655167","characters":["Snow White"]},{"name":"Peter Ferdinando","id":"770724267","characters":["Black Knight"]},{"name":"Chris Hemsworth","id":"770829335","characters":["The Huntsman"]},{"name":"Charlize Theron","id":"162654733","characters":["Ravenna","The Queen"]},{"name":"Sam Claflin","id":"771073196","characters":["Prince"]}],"alternate_ids":{"imdb":"1735898"},"links":{"self":"http://api.rottentomatoes.com/api/public/v1.0/movies/771218292.json","alternate":"http://www.rottentomatoes.com/m/snow_white_and_the_huntsman/","cast":"http://api.rottentomatoes.com/api/public/v1.0/movies/771218292/cast.json","clips":"http://api.rottentomatoes.com/api/public/v1.0/movies/771218292/clips.json","reviews":"http://api.rottentomatoes.com/api/public/v1.0/movies/771218292/reviews.json","similar":"http://api.rottentomatoes.com/api/public/v1.0/movies/771218292/similar.json"}},{"id":"770798701","title":"The Stepfather","year":2009,"mpaa_rating":"PG-13","runtime":103,"critics_consensus":"This tepid remake of the 1987 cult classic lacks the tension and satirical undercurrents of the original.","release_dates":{"theater":"2009-10-16","dvd":"2010-02-09"},"ratings":{"critics_rating":"Rotten","critics_score":11,"audience_rating":"Spilled","audience_score":35},"synopsis":"","posters":{"thumbnail":"http://content6.flixster.com/movie/10/88/93/10889320_mob.jpg","profile":"http://content6.flixster.com/movie/10/88/93/10889320_pro.jpg","detailed":"http://content6.flixster.com/movie/10/88/93/10889320_det.jpg","original":"http://content6.flixster.com/movie/10/88/93/10889320_ori.jpg"},"abridged_cast":[{"name":"Dylan Walsh","id":"405587642","characters":["David Harris"]},{"name":"Sela Ward","id":"162694942","characters":["Susan Harding"]},{"name":"Penn Badgley","id":"770701106","characters":["Michael Harding"]},{"name":"Amber Heard","id":"770673718","characters":["Kelly Porter"]},{"name":"Sherry Stringfield","id":"162694943","characters":["Leah"]}],"alternate_ids":{"imdb":"0814335"},"links":{"self":"http://api.rottentomatoes.com/api/public/v1.0/movies/770798701.json","alternate":"http://www.rottentomatoes.com/m/10010668-stepfather/","cast":"http://api.rottentomatoes.com/api/public/v1.0/movies/770798701/cast.json","clips":"http://api.rottentomatoes.com/api/public/v1.0/movies/770798701/clips.json","reviews":"http://api.rottentomatoes.com/api/public/v1.0/movies/770798701/reviews.json","similar":"http://api.rottentomatoes.com/api/public/v1.0/movies/770798701/similar.json"}},{"id":"770675766","title":"The Hobbit: An Unexpected Journey","year":2012,"mpaa_rating":"PG-13","runtime":170,"critics_consensus":"Peter Jackson's return to Middle-earth is an earnest, visually resplendent trip, but the film's deliberate pace robs the material of some of its majesty.","release_dates":{"theater":"2012-12-14","dvd":"2013-03-19"},"ratings":{"critics_rating":"Fresh","critics_score":65,"audience_rating":"Upright","audience_score":83},"synopsis":"The Hobbit: An Unexpected Journey follows title character Bilbo Baggins, who is swept into an epic quest to reclaim the lost Dwarf Kingdom of Erebor, which was long ago conquered by the dragon Smaug. Approached out of the blue by the wizard Gandalf the Grey, Bilbo finds himself joining a company of thirteen dwarves led by the legendary warrior Thorin Oakenshield. Although their goal lies to the East and the wastelands of the Lonely Mountain, first they must escape the goblin tunnels, where Bilbo meets the creature that will change his life forever... Gollum. Here, alone with Gollum, on the shores of an underground lake, the unassuming Bilbo Baggins not only discovers depths ofguile and courage that surprise even him, he also gains possession of Gollum's \"precious\" ...a simple, gold ring that is tied to the fate of all Middle-earth in ways Bilbo cannot begin to know. -- (C) Warner Bros","posters":{"thumbnail":"http://content9.flixster.com/movie/11/17/02/11170263_mob.jpg","profile":"http://content9.flixster.com/movie/11/17/02/11170263_pro.jpg","detailed":"http://content9.flixster.com/movie/11/17/02/11170263_det.jpg","original":"http://content9.flixster.com/movie/11/17/02/11170263_ori.jpg"},"abridged_cast":[{"name":"Ian McKellen","id":"162653241","characters":["Gandalf"]},{"name":"Martin Freeman","id":"162652296","characters":["Bilbo","Bilbo Baggins"]},{"name":"Richard Armitage","id":"546952855","characters":["Thorin","Thorin Oakenshield"]},{"name":"Ken Stott","id":"407726897","characters":["Balin"]},{"name":"Graham McTavish","id":"770706931","characters":["Dwalin"]}],"alternate_ids":{"imdb":"0903624"},"links":{"self":"http://api.rottentomatoes.com/api/public/v1.0/movies/770675766.json","alternate":"http://www.rottentomatoes.com/m/the_hobbit_an_unexpected_journey/","cast":"http://api.rottentomatoes.com/api/public/v1.0/movies/770675766/cast.json","clips":"http://api.rottentomatoes.com/api/public/v1.0/movies/770675766/clips.json","reviews":"http://api.rottentomatoes.com/api/public/v1.0/movies/770675766/reviews.json","similar":"http://api.rottentomatoes.com/api/public/v1.0/movies/770675766/similar.json"}},{"id":"770681481","title":"Ice Age: Dawn of the Dinosaurs (Ice Age 3)","year":2009,"mpaa_rating":"PG","runtime":94,"critics_consensus":"The third Ice Age film has some excellent animation, but its story is tired and monotonous.","release_dates":{"theater":"2009-07-01","dvd":"2009-10-27"},"ratings":{"critics_rating":"Rotten","critics_score":45,"audience_rating":"Upright","audience_score":63},"synopsis":"","posters":{"thumbnail":"http://content9.flixster.com/movie/10/93/89/10938903_mob.jpg","profile":"http://content9.flixster.com/movie/10/93/89/10938903_pro.jpg","detailed":"http://content9.flixster.com/movie/10/93/89/10938903_det.jpg","original":"http://content9.flixster.com/movie/10/93/89/10938903_ori.jpg"},"abridged_cast":[{"name":"Ray Romano","id":"162674838","characters":["Manny"]},{"name":"John Leguizamo","id":"162652698","characters":["Sid"]},{"name":"Denis Leary","id":"162659182","characters":["Diego"]},{"name":"Simon Pegg","id":"162684057","characters":["Buck"]},{"name":"Queen Latifah","id":"162667338","characters":["Ellie"]}],"alternate_ids":{"imdb":"1080016"},"links":{"self":"http://api.rottentomatoes.com/api/public/v1.0/movies/770681481.json","alternate":"http://www.rottentomatoes.com/m/1194515-ice_age_dawn_of_the_dinosaurs/","cast":"http://api.rottentomatoes.com/api/public/v1.0/movies/770681481/cast.json","clips":"http://api.rottentomatoes.com/api/public/v1.0/movies/770681481/clips.json","reviews":"http://api.rottentomatoes.com/api/public/v1.0/movies/770681481/reviews.json","similar":"http://api.rottentomatoes.com/api/public/v1.0/movies/770681481/similar.json"}},{"id":"770674198","title":"The Taking of Pelham 1 2 3","year":2009,"mpaa_rating":"R","runtime":106,"critics_consensus":"Despite a strong cast, The Taking of Pelham 1 2 3 suffers under the excesses of Tony Scott's frantic direction, and fails to measure up to the 1974 original.","release_dates":{"theater":"2009-06-12","dvd":"2009-11-03"},"ratings":{"critics_rating":"Rotten","critics_score":51,"audience_rating":"Spilled","audience_score":52},"synopsis":"","posters":{"thumbnail":"http://content7.flixster.com/movie/10/88/73/10887397_mob.jpg","profile":"http://content7.flixster.com/movie/10/88/73/10887397_pro.jpg","detailed":"http://content7.flixster.com/movie/10/88/73/10887397_det.jpg","original":"http://content7.flixster.com/movie/10/88/73/10887397_ori.jpg"},"abridged_cast":[{"name":"Denzel Washington","id":"162661439","characters":["Walter Garber"]},{"name":"John Travolta","id":"162658692","characters":["Ryder"]},{"name":"James Gandolfini","id":"162667080","characters":["Mayor"]},{"name":"John Turturro","id":"162665207","characters":["Camonetti"]},{"name":"Luis Guzman","id":"162654309","characters":["Phil Ramos"]}],"alternate_ids":{"imdb":"1111422"},"links":{"self":"http://api.rottentomatoes.com/api/public/v1.0/movies/770674198.json","alternate":"http://www.rottentomatoes.com/m/1207149-taking_of_pelham_1_2_3/","cast":"http://api.rottentomatoes.com/api/public/v1.0/movies/770674198/cast.json","clips":"http://api.rottentomatoes.com/api/public/v1.0/movies/770674198/clips.json","reviews":"http://api.rottentomatoes.com/api/public/v1.0/movies/770674198/reviews.json","similar":"http://api.rottentomatoes.com/api/public/v1.0/movies/770674198/similar.json"}},{"id":"771250004","title":"The Hunger Games: Catching Fire","year":2013,"mpaa_rating":"PG-13","runtime":146,"critics_consensus":"Smart, smoothly directed, and enriched with a deeper exploration of the franchise's thought-provoking themes, Catching Fire proves a thoroughly compelling second installment in the Hunger Games series.","release_dates":{"theater":"2013-11-22","dvd":"2014-03-07"},"ratings":{"critics_rating":"Certified Fresh","critics_score":89,"audience_rating":"Upright","audience_score":91},"synopsis":"THE HUNGER GAMES: CATCHING FIRE begins as Katniss Everdeen has returned home safe after winning the 74th Annual Hunger Games along with fellow tribute Peeta Mellark. Winning means that they must turn around and leave their family and close friends, embarking on a \"Victor's Tour\" of the districts. Along the way Katniss senses that a rebellion is simmering, but the Capitol is still very much in control as President Snow prepares the 75th Annual Hunger Games (The Quarter Quell) - a competition that could change Panem forever. (c) Lionsgate","posters":{"thumbnail":"http://content6.flixster.com/movie/11/17/64/11176484_mob.jpg","profile":"http://content6.flixster.com/movie/11/17/64/11176484_pro.jpg","detailed":"http://content6.flixster.com/movie/11/17/64/11176484_det.jpg","original":"http://content6.flixster.com/movie/11/17/64/11176484_ori.jpg"},"abridged_cast":[{"name":"Jennifer Lawrence","id":"770800260","characters":["Katniss Everdeen"]},{"name":"Josh Hutcherson","id":"162654356","characters":["Peeta Mellark"]},{"name":"Liam Hemsworth","id":"770833479","characters":["Gale Hawthorne"]},{"name":"Elizabeth Banks","id":"162653584","characters":["Effie Trinket"]},{"name":"Stanley Tucci","id":"162661152","characters":["Caesar Flickerman"]}],"alternate_ids":{"imdb":"1951264"},"links":{"self":"http://api.rottentomatoes.com/api/public/v1.0/movies/771250004.json","alternate":"http://www.rottentomatoes.com/m/the_hunger_games_catching_fire/","cast":"http://api.rottentomatoes.com/api/public/v1.0/movies/771250004/cast.json","clips":"http://api.rottentomatoes.com/api/public/v1.0/movies/771250004/clips.json","reviews":"http://api.rottentomatoes.com/api/public/v1.0/movies/771250004/reviews.json","similar":"http://api.rottentomatoes.com/api/public/v1.0/movies/771250004/similar.json"}},{"id":"770681480","title":"Night at the Museum 2: Battle of the Smithsonian","year":2009,"mpaa_rating":"PG","runtime":105,"critics_consensus":"Night at the Museum: Battle at the Smithsonian is busy enough to keep the kids interested but the slapstick goes overboard and the special effects (however well executed) throw the production into mania.","release_dates":{"theater":"2009-05-22","dvd":"2009-12-01"},"ratings":{"critics_rating":"Rotten","critics_score":44,"audience_rating":"Spilled","audience_score":47},"synopsis":"","posters":{"thumbnail":"http://content6.flixster.com/movie/10/93/20/10932000_mob.jpg","profile":"http://content6.flixster.com/movie/10/93/20/10932000_pro.jpg","detailed":"http://content6.flixster.com/movie/10/93/20/10932000_det.jpg","original":"http://content6.flixster.com/movie/10/93/20/10932000_ori.jpg"},"abridged_cast":[{"name":"Ben Stiller","id":"162659371","characters":["Larry Daley"]},{"name":"Amy Adams","id":"162653029","characters":["Amelia Earhart"]},{"name":"Robin Williams","id":"162652387","characters":["Teddy Roosevelt"]},{"name":"Ricky Gervais","id":"378620549","characters":["Dr. McPhee"]},{"name":"Owen Wilson","id":"162652836","characters":["Jedediah"]}],"alternate_ids":{"imdb":"1078912"},"links":{"self":"http://api.rottentomatoes.com/api/public/v1.0/movies/770681480.json","alternate":"http://www.rottentomatoes.com/m/night_at_the_museum_2/","cast":"http://api.rottentomatoes.com/api/public/v1.0/movies/770681480/cast.json","clips":"http://api.rottentomatoes.com/api/public/v1.0/movies/770681480/clips.json","reviews":"http://api.rottentomatoes.com/api/public/v1.0/movies/770681480/reviews.json","similar":"http://api.rottentomatoes.com/api/public/v1.0/movies/770681480/similar.json"}}],"links":{"self":"http://api.rottentomatoes.com/api/public/v1.0/movies.json?q=the&page_limit=50&page=1","next":"http://api.rottentomatoes.com/api/public/v1.0/movies.json?q=the&page_limit=50&page=2"},"link_template":"http://api.rottentomatoes.com/api/public/v1.0/movies.json?q={search-term}&page_limit={results-per-page}&page={page-number}"}