
{"total":52488,"movies":[{"id":"771238417","title":"The Expendables 2","year":2012,"mpaa_rating":"R","runtime":102,"critics_consensus":"Taut, violent, and suitably self-deprecating, The Expendables 2 gives classic action fans everything they can reasonably expect from a star-studded shoot-'em-up -- for better and for worse.","release_dates":{"theater":"2012-08-17","dvd":"2012-11-20"},"ratings":{"critics_rating":"Fresh","critics_score":65,"audience_rating":"Upright","audience_score":68},"synopsis":"The Expendables are back and this time it's personal... Barney Ross (Sylvester Stallone), Lee Christmas (Jason Statham), Yin Yang (Jet Li), Gunnar Jensen (Dolph Lundgren),Toll Road (Randy Couture) and Hale Caesar (Terry Crews) -- with newest members Billy the Kid (Liam Hemsworth) and Maggie (Yu Nan) aboard -- are reunited when Mr. Church (Bruce Willis) enlists the Expendables to take on a seemingly simple job. The task looks like an easy paycheck for Barney and his band of old-school mercenaries. But when things go wrong and one of their own is viciously killed, the Expendables are compelled to seek revenge in hostile territory where the odds are stacked against them. -- (C) Lionsgate","posters":{"thumbnail":"http://content9.flixster.com/movie/11/17/30/11173031_mob.jpg","profile":"http://content9.flixster.com/movie/11/17/30/11173031_pro.jpg","detailed":"http://content9.flixster.com/movie/11/17/30/11173031_det.jpg","original":"http://content9.flixster.com/movie/11/17/30/11173031_ori.jpg"},"abridged_cast":[{"name":"Sylvester Stallone","id":"162664630","characters":["Barney Ross"]},{"name":"Jason Statham","id":"162653720","characters":["Lee Christmas"]},{"name":"Jet Li","id":"162652223","characters":["Yin Yang"]},{"name":"Dolph Lundgren","id":"162664307","characters":["Gunnar Jensen"]},{"name":"Chuck Norris","id":"162670654","characters":["Booker"]}],"alternate_ids":{"imdb":"1764651"},"links":{"self":"http://api.rottentomatoes.com/api/public/v1.0/movies/771238417.json","alternate":"http://www.rottentomatoes.com/m/the_expendables_2/","cast":"http://api.rottentomatoes.com/api/public/v1.0/movies/771238417/cast.json","clips":"http://api.rottentomatoes.com/api/public/v1.0/movies/771238417/clips.json","reviews":"http://api.rottentomatoes.com/api/public/v1.0/movies/771238417/reviews.json","similar":"http://api.rottentomatoes.com/api/public/v1.0/movies/771238417/similar.json"}},{"id":"770717076","title":"The Invention of Lying","year":2009,"mpaa_rating":"PG-13","runtime":99,"critics_consensus":"It doesn't quite follow through on its promise, and relies too heavily on shopworn romantic comedy tropes, but The Invention of Lying is uncommonly sly and funny.","release_dates":{"theater":"2009-10-02","dvd":"2010-01-19"},"ratings":{"critics_rating":"Rotten","critics_score":58,"audience_rating":"Spilled","audience_score":39},"synopsis":"","posters":{"thumbnail":"http://content9.flixster.com/movie/10/91/35/10913523_mob.jpg","profile":"http://content9.flixster.com/movie/10/91/35/10913523_pro.jpg","detailed":"http://content9.flixster.com/movie/10/91/35/10913523_det.jpg","original":"http://content9.flixster.com/movie/10/91/35/10913523_ori.jpg"},"abridged_cast":[{"name":"Ricky Gervais","id":"378620549","characters":["Mark Bellison"]},{"name":"Jennifer Garner","id":"162660749","characters":["Anna McDoogles"]},{"name":"Louis C.K.","id":"162669302","characters":["Greg"]},{"name":"Rob Lowe","id":"162663375","characters":["Brad Kessler"]},{"name":"Jonah Hill","id":"326297850","characters":["Frank"]}],"alternate_ids":{"imdb":"1058017"},"links":{"self":"http://api.rottentomatoes.com/api/public/v1.0/movies/770717076.json","alternate":"http://www.rottentomatoes.com/m/invention_of_lying/","cast":"http://api.rottentomatoes.com/api/public/v1.0/movies/770717076/cast.json","clips":"http://api.rottentomatoes.com/api/public/v1.0/movies/770717076/clips.json","reviews":"http://api.rottentomatoes.com/api/public/v1.0/movies/770717076/reviews.json","similar":"http://api.rottentomatoes.com/api/public/v1.0/movies/770717076/similar.json"}},{"id":"770685807","title":"The Final Destination","year":2009,"mpaa_rating":"R","runtime":82,"critics_consensus":"With little of the ingenuity of previous installments, The Final Destination is predictable, disposable horror fare.","release_dates":{"theater":"2009-08-28","dvd":"2010-01-05"},"ratings":{"critics_rating":"Rotten","critics_score":29,"audience_rating":"Spilled","audience_score":36},"synopsis":"","posters":{"thumbnail":"http://content8.flixster.com/movie/11/16/99/11169918_mob.jpg","profile":"http://content8.flixster.com/movie/11/16/99/11169918_pro.jpg","detailed":"http://content8.flixster.com/movie/11/16/99/11169918_det.jpg","original":"http://content8.flixster.com/movie/11/16/99/11169918_ori.jpg"},"abridged_cast":[{"name":"Bobby Campo","id":"770704920","characters":["Nick O'Bannon"]},{"name":"Shantel VanSanten","id":"770704462","characters":["Lori"]},{"name":"Nick Zano","id":"397712874","characters":["Hunt"]},{"name":"Haley Webb","id":"770704921","characters":["Janet"]},{"name":"Mykelti Williamson","id":"364627785","characters":["George"]}],"alternate_ids":{"imdb":"1144884"},"links":{"self":"http://api.rottentomatoes.com/api/public/v1.0/movies/770685807.json","alternate":"http://www.rottentomatoes.com/m/final_destination_final_death_trip_3D/","cast":"http://api.rottentomatoes.com/api/public/v1.0/movies/770685807/cast.json","clips":"http://api.rottentomatoes.com/api/public/v1.0/movies/770685807/clips.json","reviews":"http://api.rottentomatoes.com/api/public/v1.0/movies/770685807/reviews.json","similar":"http://api.rottentomatoes.com/api/public/v1.0/movies/770685807/similar.json"}},{"id":"771243242","title":"The Five-Year Engagement","year":2012,"mpaa_rating":"R","runtime":124,"critics_consensus":"While certainly overlong, The Five-Year Engagement benefits from the easy chemistry of its leads and a funny, romantic script with surprising depth and intelligence.","release_dates":{"theater":"2012-04-27","dvd":"2012-09-04"},"ratings":{"critics_rating":"Fresh","critics_score":63,"audience_rating":"Spilled","audience_score":52},"synopsis":"The director and writer/star of Forgetting Sarah Marshall reteam for the irreverent comedy The Five-Year Engagement. Beginning where most romantic comedies end, the new film from director Nicholas Stoller, producer Judd Apatow (Knocked Up, The 40-Year-Old Virgin) and Rodney Rothman (Get Him to the Greek) looks at what happens when an engaged couple, Jason Segel and Emily Blunt, keeps getting tripped up on the long walk down the aisle. -- (C) Universal","posters":{"thumbnail":"http://content7.flixster.com/movie/11/16/64/11166473_mob.jpg","profile":"http://content7.flixster.com/movie/11/16/64/11166473_pro.jpg","detailed":"http://content7.flixster.com/movie/11/16/64/11166473_det.jpg","original":"http://content7.flixster.com/movie/11/16/64/11166473_ori.jpg"},"abridged_cast":[{"name":"Jason Segel","id":"770670222","characters":["Tom","Tom Solomon"]},{"name":"Emily Blunt","id":"162685827","characters":["Violet","Violet Barnes"]},{"name":"Chris Pratt","id":"770692298","characters":["Alex Eilhauer"]},{"name":"Alison Brie","id":"770798990","characters":["Suzie Barnes-Eilhauer"]},{"name":"Lauren Weedman","id":"771067426","characters":["Chef Sally"]}],"alternate_ids":{"imdb":"1195478"},"links":{"self":"http://api.rottentomatoes.com/api/public/v1.0/movies/771243242.json","alternate":"http://www.rottentomatoes.com/m/the_five_year_engagement/","cast":"http://api.rottentomatoes.com/api/public/v1.0/movies/771243242/cast.json","clips":"http://api.rottentomatoes.com/api/public/v1.0/movies/771243242/clips.json","reviews":"http://api.rottentomatoes.com/api/public/v1.0/movies/771243242/reviews.json","similar":"http://api.rottentomatoes.com/api/public/v1.0/movies/771243242/similar.json"}},{"id":"771318022","title":"The","year":2012,"mpaa_rating":"Unrated","runtime":90,"release_dates":{"theater":"2012-07-24"},"ratings":{"critics_score":-1,"audience_score":0},"synopsis":"MINNESOTA always produces an abundance of great short films. And film-making in general comments on the human condition. If you broke it down into two categories; one side looks at the \"Lighter Side\" of things and another looks at the \"Darker Side\" of things. But both look at Humanity. Titles: On Time, Blindspot, Bathsheba's Window, Mistreated, Bloodshed Love, The Retirement of Joe Corduroy","posters":{"thumbnail":"http://images.rottentomatoescdn.com/images/redesign/poster_default.gif","profile":"http://images.rottentomatoescdn.com/images/redesign/poster_default.gif","detailed":"http://images.rottentomatoescdn.com/images/redesign/poster_default.gif","original":"http://images.rottentomatoescdn.com/images/redesign/poster_default.gif"},"abridged_cast":[],"links":{"self":"http://api.rottentomatoes.com/api/public/v1.0/movies/771318022.json","alternate":"http://www.rottentomatoes.com/m/the_2012/","cast":"http://api.rottentomatoes.com/api/public/v1.0/movies/771318022/cast.json","clips":"http://api.rottentomatoes.com/api/public/v1.0/movies/771318022/clips.json","reviews":"http://api.rottentomatoes.com/api/public/v1.0/movies/771318022/reviews.json","similar":"http://api.rottentomatoes.com/api/public/v1.0/movies/771318022/similar.json"}},{"id":"680139028","title":"The Chronicles of Narnia: Prince Caspian","year":2008,"mpaa_rating":"PG","runtime":144,"critics_consensus":"The Chronicles of Narnia: Prince Caspian is an entertaining family adventure worthy of the standard set by its predecessor.","release_dates":{"theater":"2008-05-16","dvd":"2008-12-02"},"ratings":{"critics_rating":"Fresh","critics_score":67,"audience_rating":"Upright","audience_score":73},"synopsis":"","posters":{"thumbnail":"http://content6.flixster.com/movie/11/12/92/11129292_mob.jpg","profile":"http://content6.flixster.com/movie/11/12/92/11129292_pro.jpg","detailed":"http://content6.flixster.com/movie/11/12/92/11129292_det.jpg","original":"http://content6.flixster.com/movie/11/12/92/11129292_ori.jpg"},"abridged_cast":[{"name":"Georgie Henley","id":"284340695","characters":["Lucy Pevensie"]},{"name":"Skandar Keynes","id":"326299532","characters":["Edmund Pevensie"]},{"name":"William Moseley","id":"376791694","characters":["Peter Pevensie"]},{"name":"Anna Popplewell","id":"284340694","characters":["Susan Pevensie"]},{"name":"Ben Barnes","id":"560040614","characters":["Prince Caspian"]}],"alternate_ids":{"imdb":"0499448"},"links":{"self":"http://api.rottentomatoes.com/api/public/v1.0/movies/680139028.json","alternate":"http://www.rottentomatoes.com/m/chronicles_of_narnia_prince_caspian/","cast":"http://api.rottentomatoes.com/api/public/v1.0/movies/680139028/cast.json","clips":"http://api.rottentomatoes.com/api/public/v1.0/movies/680139028/clips.json","reviews":"http://api.rottentomatoes.com/api/public/v1.0/movies/680139028/reviews.json","similar":"http://api.rottentomatoes.com/api/public/v1.0/movies/680139028/similar.json"}},{"id":"770682009","title":"The Uninvited","year":2009,"mpaa_rating":"PG-13","runtime":87,"critics_consensus":"The Uninvited is moody and reasonably involving, but suffers from predictable plot twists.","release_dates":{"theater":"2009-01-30","dvd":"2009-04-28"},"ratings":{"critics_rating":"Rotten","critics_score":31,"audience_rating":"Spilled","audience_score":49},"synopsis":"","posters":{"thumbnail":"http://content7.flixster.com/movie/10/87/93/10879329_mob.jpg","profile":"http://content7.flixster.com/movie/10/87/93/10879329_pro.jpg","detailed":"http://content7.flixster.com/movie/10/87/93/10879329_det.jpg","original":"http://content7.flixster.com/movie/10/87/93/10879329_ori.jpg"},"abridged_cast":[{"name":"Emily Browning","id":"381421024","characters":["Anna"]},{"name":"Elizabeth Banks","id":"162653584","characters":["Rachel"]},{"name":"Arielle Kebbel","id":"326298389","characters":["Alex"]},{"name":"David Strathairn","id":"162654527","characters":["Steven"]},{"name":"Maya Massar","id":"770695183","characters":["Mom"]}],"alternate_ids":{"imdb":"0815245"},"links":{"self":"http://api.rottentomatoes.com/api/public/v1.0/movies/770682009.json","alternate":"http://www.rottentomatoes.com/m/uninvited_2009/","cast":"http://api.rottentomatoes.com/api/public/v1.0/movies/770682009/cast.json","clips":"http://api.rottentomatoes.com/api/public/v1.0/movies/770682009/clips.json","reviews":"http://api.rottentomatoes.com/api/public/v1.0/movies/770682009/reviews.json","similar":"http://api.rottentomatoes.com/api/public/v1.0/movies/770682009/similar.json"}},{"id":"770801331","title":"The Twilight Saga: New Moon","year":2009,"mpaa_rating":"PG-13","runtime":130,"critics_consensus":"The Twilight Saga's second installment may satisfy hardcore fans of the series, but outsiders are likely to be turned off by its slow pace, relentlessly downcast tone, and excessive length.","release_dates":{"theater":"2009-11-20","dvd":"2010-03-20"},"ratings":{"critics_rating":"Rotten","critics_score":28,"audience_rating":"Upright","audience_score":61},"synopsis":"","posters":{"thumbnail":"http://content9.flixster.com/movie/11/17/44/11174487_mob.jpg","profile":"http://content9.flixster.com/movie/11/17/44/11174487_pro.jpg","detailed":"http://content9.flixster.com/movie/11/17/44/11174487_det.jpg","original":"http://content9.flixster.com/movie/11/17/44/11174487_ori.jpg"},"abridged_cast":[{"name":"Kristen Stewart","id":"162655167","characters":["Bella Swan"]},{"name":"Robert Pattinson","id":"770677984","characters":["Edward Cullen"]},{"name":"Taylor Lautner","id":"162652714","characters":["Jacob Black"]},{"name":"Ashley Greene","id":"770682464","characters":["Alice"]},{"name":"Rachelle Lefevre","id":"617031440","characters":["Victoria"]}],"alternate_ids":{"imdb":"1259571"},"links":{"self":"http://api.rottentomatoes.com/api/public/v1.0/movies/770801331.json","alternate":"http://www.rottentomatoes.com/m/twilight_saga_new_moon/","cast":"http://api.rottentomatoes.com/api/public/v1.0/movies/770801331/cast.json","clips":"http://api.rottentomatoes.com/api/public/v1.0/movies/770801331/clips.json","reviews":"http://api.rottentomatoes.com/api/public/v1.0/movies/770801331/reviews.json","similar":"http://api.rottentomatoes.com/api/public/v1.0/movies/770801331/similar.json"}},{"id":"771211175","title":"Oz the Great and Powerful","year":2013,"mpaa_rating":"PG","runtime":127,"critics_consensus":"It suffers from some tonal inconsistency and a deflated sense of wonder, but Oz the Great and Powerful still packs enough visual dazzle and clever wit to be entertaining in its own right.","release_dates":{"theater":"2013-03-08","dvd":"2013-06-11"},"ratings":{"critics_rating":"Rotten","critics_score":59,"audience_rating":"Spilled","audience_score":57},"synopsis":"Disney's fantastical adventure \"Oz The Great and Powerful,\" directed by Sam Raimi, imagines the origins of L. Frank Baum's beloved wizard character. When Oscar Diggs (James Franco), a small-time circus magician with dubious ethics, is hurled away from dusty Kansas to the vibrant Land of Oz, he thinks he's hit the jackpot-fame and fortune are his for the taking-that is until he meets three witches, Theodora (Mila Kunis), Evanora (Rachel Weisz) and Glinda (Michelle Williams), who are not convinced he is the great wizard everyone's been expecting. Reluctantly drawn into the epic problems facing the Land of Oz and its inhabitants, Oscar must find out who is good and who is evil before it is too late. Putting his magical arts to use through illusion, ingenuity-and even a bit of wizardry-Oscar transforms himself not only into the great wizard but into a better man as well. When small-time magician Oscar Diggs (James Franco) pulls one flimflam too many, he finds himself hurled into the fantastical Land of Oz where he must somehow transform himself into the great wizard-and just maybe into a better man as well. -- (C) Walt Disney","posters":{"thumbnail":"http://content7.flixster.com/movie/11/16/82/11168213_mob.jpg","profile":"http://content7.flixster.com/movie/11/16/82/11168213_pro.jpg","detailed":"http://content7.flixster.com/movie/11/16/82/11168213_det.jpg","original":"http://content7.flixster.com/movie/11/16/82/11168213_ori.jpg"},"abridged_cast":[{"name":"James Franco","id":"162653202","characters":["Oz","The Wizard"]},{"name":"Mila Kunis","id":"364629418","characters":["Theodora/Wicked Witch of the West","Theodorah"]},{"name":"Rachel Weisz","id":"162653682","characters":["Evanora"]},{"name":"Michelle Williams","id":"162653583","characters":["Annie/Glinda"]},{"name":"Zach Braff","id":"162655018","characters":["Frank/Finley","Oz's Assistant"]}],"alternate_ids":{"imdb":"1623205"},"links":{"self":"http://api.rottentomatoes.com/api/public/v1.0/movies/771211175.json","alternate":"http://www.rottentomatoes.com/m/oz_the_great_and_powerful/","cast":"http://api.rottentomatoes.com/api/public/v1.0/movies/771211175/cast.json","clips":"http://api.rottentomatoes.com/api/public/v1.0/movies/771211175/clips.json","reviews":"http://api.rottentomatoes.com/api/public/v1.0/movies/771211175/reviews.json","similar":"http://api.rottentomatoes.com/api/public/v1.0/movies/771211175/similar.json"}},{"id":"771247277","title":"Thor: The Dark World","year":2013,"mpaa_rating":"PG-13","runtime":112,"critics_consensus":"It may not be the finest film to come from the Marvel Universe, but Thor: The Dark World still offers plenty of the humor and high-stakes action that fans have come to expect.","release_dates":{"theater":"2013-11-08","dvd":"2014-02-25"},"ratings":{"critics_rating":"Fresh","critics_score":65,"audience_rating":"Upright","audience_score":81},"synopsis":"Marvel's \"Thor: The Dark World\" continues the big-screen adventures of Thor, the Mighty Avenger, as he battles to save Earth and all the Nine Realms from a shadowy enemy that predates the universe itself. In the aftermath of Marvel's \"Thor\" and \"Marvel's The Avengers,\" Thor fights to restore order across the cosmos...but an ancient race led by the vengeful Malekith returns to plunge the universe back into darkness. Faced with an enemy that even Odin and Asgard cannot withstand, Thor must embark on his most perilous and personal journey yet, one that will reunite him with Jane Foster and force him to sacrifice everything to save us all. (c) Disney","posters":{"thumbnail":"http://content8.flixster.com/movie/11/17/26/11172694_mob.jpg","profile":"http://content8.flixster.com/movie/11/17/26/11172694_pro.jpg","detailed":"http://content8.flixster.com/movie/11/17/26/11172694_det.jpg","original":"http://content8.flixster.com/movie/11/17/26/11172694_ori.jpg"},"abridged_cast":[{"name":"Chris Hemsworth","id":"770829335","characters":["Thor"]},{"name":"Natalie Portman","id":"162652154","characters":["Jane Foster"]},{"name":"Tom Hiddleston","id":"770837993","characters":["Loki"]},{"name":"Stellan Skarsgard","id":"162684205","characters":["Dr. Erik Selvig"]},{"name":"Idris Elba","id":"162654425","characters":["Heimdall"]}],"alternate_ids":{"imdb":"1981115"},"links":{"self":"http://api.rottentomatoes.com/api/public/v1.0/movies/771247277.json","alternate":"http://www.rottentomatoes.com/m/thor_the_dark_world/","cast":"http://api.rottentomatoes.com/api/public/v1.0/movies/771247277/cast.json","clips":"http://api.rottentomatoes.com/api/public/v1.0/movies/771247277/clips.json","reviews":"http://api.rottentomatoes.com/api/public/v1.0/movies/771247277/reviews.json","similar":"http://api.rottentomatoes.com/api/public/v1.0/movies/771247277/similar.json"}},{"id":"771312513","title":"Captain America: The Winter Soldier","year":2014,"mpaa_rating":"Unrated","runtime":128,"release_dates":{"theater":"2014-04-04"},"ratings":{"critics_score":-1,"audience_score":99},"synopsis":"Steve Rogers continues his journey as the super-powered American soldier who's grasping to find his place in a modern world after being frozen in ice since WWII with this Marvel Studios sequel. Chris Evans returns to star, with Community director/producers Joe and Anthony Russo helming. ~ Jeremy Wheeler, Rovi","posters":{"thumbnail":"http://content8.flixster.com/movie/11/17/42/11174290_mob.jpg","profile":"http://content8.flixster.com/movie/11/17/42/11174290_pro.jpg","detailed":"http://content8.flixster.com/movie/11/17/42/11174290_det.jpg","original":"http://content8.flixster.com/movie/11/17/42/11174290_ori.jpg"},"abridged_cast":[{"name":"Chris Evans","id":"162652784","characters":["Captain America/Steve Rogers"]},{"name":"Anthony Mackie","id":"162653786","characters":["Sam Wilson/Falcon"]},{"name":"Sebastian Stan","id":"326299814","characters":["Bucky Barnes/Winter Soldier"]},{"name":"Samuel L. Jackson","id":"162652156","characters":["Nick Fury"]},{"name":"Scarlett Johansson","id":"162652872","characters":["Natasha Romanoff/Black Widow"]}],"alternate_ids":{"imdb":"1843866"},"links":{"self":"http://api.rottentomatoes.com/api/public/v1.0/movies/771312513.json","alternate":"http://www.rottentomatoes.com/m/captain_america_the_winter_soldier_2014/","cast":"http://api.rottentomatoes.com/api/public/v1.0/movies/771312513/cast.json","clips":"http://api.rottentomatoes.com/api/public/v1.0/movies/771312513/clips.json","reviews":"http://api.rottentomatoes.com/api/public/v1.0/movies/771312513/reviews.json","similar":"http://api.rottentomatoes.com/api/public/v1.0/movies/771312513/similar.json"}},{"id":"771218290","title":"The Bourne Legacy","year":2012,"mpaa_rating":"PG-13","runtime":135,"critics_consensus":"It isn't quite as compelling as the earlier trilogy, but The Bourne Legacy proves the franchise has stories left to tell -- and benefits from Jeremy Renner's magnetic work in the starring role.","release_dates":{"theater":"2012-08-10","dvd":"2012-12-11"},"ratings":{"critics_rating":"Rotten","critics_score":56,"audience_rating":"Spilled","audience_score":58},"synopsis":"The narrative architect behind the Bourne film series, Tony Gilroy, takes the helm in the next chapter of the hugely popular espionage franchise that has earned almost $1 billion at the global box office: The Bourne Legacy. The writer/director expands the Bourne universe created by Robert Ludlum with an original story that introduces us to a new hero (Jeremy Renner) whose life-or-death stakes have been triggered by the events of the first three films. For The Bourne Legacy, Renner joins fellow series newcomers Rachel Weisz, Edward Norton, Stacy Keach and Oscar Isaac, while franchise veterans Albert Finney, Joan Allen, David Strathairn and Scott Glenn reprise their roles. -- (C) Universal","posters":{"thumbnail":"http://content6.flixster.com/movie/11/16/75/11167568_mob.jpg","profile":"http://content6.flixster.com/movie/11/16/75/11167568_pro.jpg","detailed":"http://content6.flixster.com/movie/11/16/75/11167568_det.jpg","original":"http://content6.flixster.com/movie/11/16/75/11167568_ori.jpg"},"abridged_cast":[{"name":"Jeremy Renner","id":"309973652","characters":["Aaron Cross"]},{"name":"Edward Norton","id":"162660884","characters":["Retired Col. Eric Byer USAF"]},{"name":"Rachel Weisz","id":"162653682","characters":["Dr. Marta Shearing"]},{"name":"Joan Allen","id":"162660057","characters":["Pam Landy"]},{"name":"Albert Finney","id":"162655899","characters":["Dr. Albert Hirsch"]}],"alternate_ids":{"imdb":"1194173"},"links":{"self":"http://api.rottentomatoes.com/api/public/v1.0/movies/771218290.json","alternate":"http://www.rottentomatoes.com/m/the_bourne_legacy/","cast":"http://api.rottentomatoes.com/api/public/v1.0/movies/771218290/cast.json","clips":"http://api.rottentomatoes.com/api/public/v1.0/movies/771218290/clips.json","reviews":"http://api.rottentomatoes.com/api/public/v1.0/movies/771218290/reviews.json","similar":"http://api.rottentomatoes.com/api/public/v1.0/movies/771218290/similar.json"}},{"id":"770671910","title":"Prince of Persia: The Sands of Time","year":2010,"mpaa_rating":"PG-13","runtime":116,"critics_consensus":"It doesn't offer much in the way of substance, but Prince of Persia is a suitably entertaining swashbuckler -- and a substantial improvement over most video game adaptations.","release_dates":{"theater":"2010-05-28","dvd":"2010-09-14"},"ratings":{"critics_rating":"Rotten","critics_score":36,"audience_rating":"Spilled","audience_score":58},"synopsis":"Ubisoft's popular video-game series of the same name gets adapted for the big screen in this sweeping fantasy adventure starring Jake Gyllenhaal and Gemma Arterton. The setting is sixth century Persia. A nefarious nobleman covets the Sands of Time, a legendary gift from the gods that allows its possessor to turn back time. Whoever owns the Sands of Time has the power to rule the world, and this villainous lord would use that power to enslave all of humanity. The only person capable of defeating this tyrant and saving the world is Dastan (Gyllenhaal), a youthful prince. Now, with plucky princess Tamina (Gemma Arterton) by his side, Dastan will attempt to prevent the Sands of Time from falling into the wrong hands. Mike Newell (Harry Potter and the Goblet of Fire) directs a script penned by Carlo Bernard, Doug Miro, Jordan Mechner, and Boaz Yakin. ~ Jason Buchanan, Rovi","posters":{"thumbnail":"http://content8.flixster.com/movie/11/14/56/11145654_mob.jpg","profile":"http://content8.flixster.com/movie/11/14/56/11145654_pro.jpg","detailed":"http://content8.flixster.com/movie/11/14/56/11145654_det.jpg","original":"http://content8.flixster.com/movie/11/14/56/11145654_ori.jpg"},"abridged_cast":[{"name":"Jake Gyllenhaal","id":"162653968","characters":["Dastan"]},{"name":"Gemma Arterton","id":"770692644","characters":["Tamina"]},{"name":"Ben Kingsley","id":"162653703","characters":["Nizam"]},{"name":"Alfred Molina","id":"162659152","characters":["Sheik Amar"]},{"name":"Steve Toussaint","id":"611219034","characters":["Seso"]}],"alternate_ids":{"imdb":"0473075"},"links":{"self":"http://api.rottentomatoes.com/api/public/v1.0/movies/770671910.json","alternate":"http://www.rottentomatoes.com/m/prince_of_persia_sands_of_time/","cast":"http://api.rottentomatoes.com/api/public/v1.0/movies/770671910/cast.json","clips":"http://api.rottentomatoes.com/api/public/v1.0/movies/770671910/clips.json","reviews":"http://api.rottentomatoes.com/api/public/v1.0/movies/770671910/reviews.json","similar":"http://api.rottentomatoes.com/api/public/v1.0/movies/770671910/similar.json"}},{"id":"770683361","title":"Land of the Lost","year":2009,"mpaa_rating":"PG-13","runtime":102,"critics_consensus":"Only loosely based on the original TV series, Land of the Lost is decidedly less kid-friendly and feels more like a series of inconsistent sketches than a cohesive adventure comedy.","release_dates":{"theater":"2009-06-05","dvd":"2009-10-13"},"ratings":{"critics_rating":"Rotten","critics_score":26,"audience_rating":"Spilled","audience_score":32},"synopsis":"","posters":{"thumbnail":"http://content7.flixster.com/movie/11/14/25/11142589_mob.jpg","profile":"http://content7.flixster.com/movie/11/14/25/11142589_pro.jpg","detailed":"http://content7.flixster.com/movie/11/14/25/11142589_det.jpg","original":"http://content7.flixster.com/movie/11/14/25/11142589_ori.jpg"},"abridged_cast":[{"name":"Will Ferrell","id":"162652185","characters":["Dr. Rick Marshall"]},{"name":"Danny McBride","id":"770672019","characters":["Will"]},{"name":"Anna Friel","id":"162714834","characters":["Holly"]},{"name":"Jorma Taccone","id":"761762303","characters":["Chaka"]},{"name":"Michael Papajohn","id":"770680315"}],"alternate_ids":{"imdb":"0457400"},"links":{"self":"http://api.rottentomatoes.com/api/public/v1.0/movies/770683361.json","alternate":"http://www.rottentomatoes.com/m/10009083-land_of_the_lost/","cast":"http://api.rottentomatoes.com/api/public/v1.0/movies/770683361/cast.json","clips":"http://api.rottentomatoes.com/api/public/v1.0/movies/770683361/clips.json","reviews":"http://api.rottentomatoes.com/api/public/v1.0/movies/770683361/reviews.json","similar":"http://api.rottentomatoes.com/api/public/v1.0/movies/770683361/similar.json"}},{"id":"771250062","title":"The Odd Life of Timothy Green","year":2012,"mpaa_rating":"PG","runtime":100,"critics_consensus":"It means well, but The Odd Life of Timothy Green is ultimately too cloyingly sentimental -- and thinly scripted -- to satisfy all but the least demanding viewers.","release_dates":{"theater":"2012-08-15","dvd":"2012-12-04"},"ratings":{"critics_rating":"Rotten","critics_score":33,"audience_rating":"Upright","audience_score":69},"synopsis":"Director/writer Peter Hedges brings enchantment to the screen with The Odd Life of Timothy Green, an inspiring, magical story about a happily married couple, Cindy and Jim Green (Jennifer Garner and Joel Edgerton), who can't wait to start a family but can only dream about what their child would be like. When young Timothy (CJ Adams) shows up on their doorstep one stormy night, Cindy and Jim -- and their small town of Stanleyville -- learn that sometimes the unexpected can bring some of life's greatest gifts. -- (C) Disney","posters":{"thumbnail":"http://content8.flixster.com/movie/11/15/93/11159326_mob.jpg","profile":"http://content8.flixster.com/movie/11/15/93/11159326_pro.jpg","detailed":"http://content8.flixster.com/movie/11/15/93/11159326_det.jpg","original":"http://content8.flixster.com/movie/11/15/93/11159326_ori.jpg"},"abridged_cast":[{"name":"Jennifer Garner","id":"162660749","characters":["Cindy Green"]},{"name":"Joel Edgerton","id":"162733204","characters":["Jim Green"]},{"name":"Dianne Wiest","id":"162664793","characters":["Bernice Crudstaff","Ms. Crudstaff"]},{"name":"CJ Adams","id":"771377594","characters":["Timothy"]},{"name":"Rosemarie DeWitt","id":"356196984","characters":["Brenda Best"]}],"alternate_ids":{"imdb":"1462769"},"links":{"self":"http://api.rottentomatoes.com/api/public/v1.0/movies/771250062.json","alternate":"http://www.rottentomatoes.com/m/the_odd_life_of_timothy_green/","cast":"http://api.rottentomatoes.com/api/public/v1.0/movies/771250062/cast.json","clips":"http://api.rottentomatoes.com/api/public/v1.0/movies/771250062/clips.json","reviews":"http://api.rottentomatoes.com/api/public/v1.0/movies/771250062/reviews.json","similar":"http://api.rottentomatoes.com/api/public/v1.0/movies/771250062/similar.json"}},{"id":"771249926","title":"The Amazing Spider-Man 2","year":2014,"mpaa_rating":"Unrated","runtime":"","release_dates":{"theater":"2014-05-02"},"ratings":{"critics_score":-1,"audience_score":99},"synopsis":"We've always known that Spider-Man's most important battle has been within himself: the struggle between the ordinary obligations of Peter Parker and the extraordinary responsibilities of Spider-Man. But in The Amazing Spider-Man 2, Peter Parker finds that a greater conflict lies ahead. It's great to be Spider-Man (Andrew Garfield). For Peter Parker, there's no feeling quite like swinging between skyscrapers, embracing being the hero, and spending time with Gwen (Emma Stone). But being Spider-Man comes at a price: only Spider-Man can protect his fellow New Yorkers from the formidable villains that threaten the city. With the emergence of Electro (Jamie Foxx), Peter must confront a foe far more powerful than he. And as his old friend, Harry Osborn (Dane DeHaan), returns, Peter comes to realize that all of his enemies have one thing in common: OsCorp. (c) Columbia","posters":{"thumbnail":"http://content8.flixster.com/movie/11/17/56/11175666_mob.jpg","profile":"http://content8.flixster.com/movie/11/17/56/11175666_pro.jpg","detailed":"http://content8.flixster.com/movie/11/17/56/11175666_det.jpg","original":"http://content8.flixster.com/movie/11/17/56/11175666_ori.jpg"},"abridged_cast":[{"name":"Andrew Garfield","id":"770779702","characters":["Peter Parker/Spider-Man"]},{"name":"Emma Stone","id":"770683296","characters":["Gwen Stacy"]},{"name":"Jamie Foxx","id":"162652975","characters":["Max Dillon/Electro"]},{"name":"Dane DeHaan","id":"770873652","characters":["Harry Osborn"]},{"name":"Chris Cooper","id":"162654289","characters":["Noman Osborn"]}],"alternate_ids":{"imdb":"1872181"},"links":{"self":"http://api.rottentomatoes.com/api/public/v1.0/movies/771249926.json","alternate":"http://www.rottentomatoes.com/m/the_amazing_spider_man_2/","cast":"http://api.rottentomatoes.com/api/public/v1.0/movies/771249926/cast.json","clips":"http://api.rottentomatoes.com/api/public/v1.0/movies/771249926/clips.json","reviews":"http://api.rottentomatoes.com/api/public/v1.0/movies/771249926/reviews.json","similar":"http://api.rottentomatoes.com/api/public/v1.0/movies/771249926/similar.json"}},{"id":"771193517","title":"The Wolverine","year":2013,"mpaa_rating":"PG-13","runtime":136,"critics_consensus":"Although its final act succumbs to the usual cartoonish antics, The Wolverine is one superhero movie that manages to stay true to the comics while keeping casual viewers entertained.","release_dates":{"theater":"2013-07-25","dvd":"2013-12-03"},"ratings":{"critics_rating":"Fresh","critics_score":69,"audience_rating":"Upright","audience_score":70},"synopsis":"Hugh Jackman returns as Wolverine in this sequel to the member of the X-Men's first solo outing. Mark Bomback and The Usual Suspects' Christopher McQuarrie penned the script, which takes its inspiration from the Chris Claremont/Frank Miller Marvel miniseries from the 1980s dealing with the character's adventures in Japan as he fights ninjas in the ceremonial garb of the samurai. Knight and Day's James Mangold directs. ~ Jeremy Wheeler, Rovi","posters":{"thumbnail":"http://content7.flixster.com/movie/11/17/48/11174821_mob.jpg","profile":"http://content7.flixster.com/movie/11/17/48/11174821_pro.jpg","detailed":"http://content7.flixster.com/movie/11/17/48/11174821_det.jpg","original":"http://content7.flixster.com/movie/11/17/48/11174821_ori.jpg"},"abridged_cast":[{"name":"Hugh Jackman","id":"162661503","characters":["Logan"]},{"name":"Tao Okamoto","id":"771414513","characters":["Mariko"]},{"name":"Rila Fukushima","id":"771414514","characters":["Yukio"]},{"name":"Hiroyuki Sanada","id":"162729305","characters":["Shingen"]},{"name":"Svetlana Khodchenkova","id":"770824734","characters":["Viper"]}],"alternate_ids":{"imdb":"1430132"},"links":{"self":"http://api.rottentomatoes.com/api/public/v1.0/movies/771193517.json","alternate":"http://www.rottentomatoes.com/m/the_wolverine_2012/","cast":"http://api.rottentomatoes.com/api/public/v1.0/movies/771193517/cast.json","clips":"http://api.rottentomatoes.com/api/public/v1.0/movies/771193517/clips.json","reviews":"http://api.rottentomatoes.com/api/public/v1.0/movies/771193517/reviews.json","similar":"http://api.rottentomatoes.com/api/public/v1.0/movies/771193517/similar.json"}},{"id":"770675616","title":"The Lovely Bones","year":2009,"mpaa_rating":"PG-13","runtime":135,"critics_consensus":"It's stuffed full of Peter Jackson's typically dazzling imagery, but The Lovely Bones suffers from abrupt shifts between horrific violence and cloying sentimentality.","release_dates":{"theater":"2009-12-11","dvd":"2010-04-20"},"ratings":{"critics_rating":"Rotten","critics_score":32,"audience_rating":"Spilled","audience_score":52},"synopsis":"","posters":{"thumbnail":"http://content8.flixster.com/movie/10/91/92/10919202_mob.jpg","profile":"http://content8.flixster.com/movie/10/91/92/10919202_pro.jpg","detailed":"http://content8.flixster.com/movie/10/91/92/10919202_det.jpg","original":"http://content8.flixster.com/movie/10/91/92/10919202_ori.jpg"},"abridged_cast":[{"name":"Mark Wahlberg","id":"162653181","characters":["Jack Salmon"]},{"name":"Rachel Weisz","id":"162653682","characters":["Abigail Salmon"]},{"name":"Susan Sarandon","id":"162654579","characters":["Grandma Lynn"]},{"name":"Stanley Tucci","id":"162661152","characters":["George Harvey"]},{"name":"Michael Imperioli","id":"162683296","characters":["Len Fenerman"]}],"alternate_ids":{"imdb":"0380510"},"links":{"self":"http://api.rottentomatoes.com/api/public/v1.0/movies/770675616.json","alternate":"http://www.rottentomatoes.com/m/1189344-lovely_bones/","cast":"http://api.rottentomatoes.com/api/public/v1.0/movies/770675616/cast.json","clips":"http://api.rottentomatoes.com/api/public/v1.0/movies/770675616/clips.json","reviews":"http://api.rottentomatoes.com/api/public/v1.0/movies/770675616/reviews.json","similar":"http://api.rottentomatoes.com/api/public/v1.0/movies/770675616/similar.json"}},{"id":"770767597","title":"Cirque du Freak: The Vampire's Assistant","year":2009,"mpaa_rating":"PG-13","runtime":109,"critics_consensus":"This overstuffed, scattershot vampire flick suffers from poor characterization and an unwieldy mix of scares and chuckles.","release_dates":{"theater":"2009-10-23","dvd":"2010-02-23"},"ratings":{"critics_rating":"Rotten","critics_score":38,"audience_rating":"Spilled","audience_score":42},"synopsis":"","posters":{"thumbnail":"http://content8.flixster.com/movie/11/12/17/11121754_mob.jpg","profile":"http://content8.flixster.com/movie/11/12/17/11121754_pro.jpg","detailed":"http://content8.flixster.com/movie/11/12/17/11121754_det.jpg","original":"http://content8.flixster.com/movie/11/12/17/11121754_ori.jpg"},"abridged_cast":[{"name":"John C. Reilly","id":"162652855","characters":["Larten Crepsley"]},{"name":"Josh Hutcherson","id":"162654356","characters":["Steve"]},{"name":"Chris Massoglia","id":"770837049","characters":["Darren Shan"]},{"name":"Jessica Carlson (II)","id":"770909428","characters":["Rebecca"]},{"name":"Michael Cerveris","id":"561246534","characters":["Mr. Tiny"]}],"alternate_ids":{"imdb":"0450405"},"links":{"self":"http://api.rottentomatoes.com/api/public/v1.0/movies/770767597.json","alternate":"http://www.rottentomatoes.com/m/vampires_assistant/","cast":"http://api.rottentomatoes.com/api/public/v1.0/movies/770767597/cast.json","clips":"http://api.rottentomatoes.com/api/public/v1.0/movies/770767597/clips.json","reviews":"http://api.rottentomatoes.com/api/public/v1.0/movies/770767597/reviews.json","similar":"http://api.rottentomatoes.com/api/public/v1.0/movies/770767597/similar.json"}},{"id":"462995625","title":"The Kingdom","year":2007,"mpaa_rating":"R","runtime":110,"critics_consensus":"While providing several top-notch action scenes, The Kingdom ultimately collapses under the weight of formula and muddled politics.","release_dates":{"theater":"2007-09-28","dvd":"2007-12-23"},"ratings":{"critics_rating":"Rotten","critics_score":51,"audience_rating":"Upright","audience_score":77},"synopsis":"","posters":{"thumbnail":"http://content7.flixster.com/movie/11/17/65/11176529_mob.jpg","profile":"http://content7.flixster.com/movie/11/17/65/11176529_pro.jpg","detailed":"http://content7.flixster.com/movie/11/17/65/11176529_det.jpg","original":"http://content7.flixster.com/movie/11/17/65/11176529_ori.jpg"},"abridged_cast":[{"name":"Jamie Foxx","id":"162652975","characters":["Ronald Fleury"]},{"name":"Chris Cooper","id":"162654289","characters":["Grant Sykes"]},{"name":"Jennifer Garner","id":"162660749","characters":["Janet Mayes"]},{"name":"Jason Bateman","id":"326298973","characters":["Adam Leavitt"]},{"name":"Jeremy Piven","id":"162654464","characters":["Damon Schmidt"]}],"alternate_ids":{"imdb":"0431197"},"links":{"self":"http://api.rottentomatoes.com/api/public/v1.0/movies/462995625.json","alternate":"http://www.rottentomatoes.com/m/the_kingdom/","cast":"http://api.rottentomatoes.com/api/public/v1.0/movies/462995625/cast.json","clips":"http://api.rottentomatoes.com/api/public/v1.0/movies/462995625/clips.json","reviews":"http://api.rottentomatoes.com/api/public/v1.0/movies/462995625/reviews.json","similar":"http://api.rottentomatoes.com/api/public/v1.0/movies/462995625/similar.json"}},{"id":"770808362","title":"The Blind Side","year":2009,"mpaa_rating":"PG-13","runtime":129,"critics_consensus":"It might strike some viewers as a little too pat, but The Blind Side has the benefit of strong source material and a strong performance from Sandra Bullock.","release_dates":{"theater":"2009-11-20","dvd":"2010-03-23"},"ratings":{"critics_rating":"Fresh","critics_score":66,"audience_rating":"Upright","audience_score":85},"synopsis":"","posters":{"thumbnail":"http://content8.flixster.com/movie/11/16/67/11166718_mob.jpg","profile":"http://content8.flixster.com/movie/11/16/67/11166718_pro.jpg","detailed":"http://content8.flixster.com/movie/11/16/67/11166718_det.jpg","original":"http://content8.flixster.com/movie/11/16/67/11166718_ori.jpg"},"abridged_cast":[{"name":"Sandra Bullock","id":"162652205","characters":["Leigh Anne Tuohy"]},{"name":"Tim McGraw","id":"356196876","characters":["Sean Tuohy"]},{"name":"Quinton Aaron","id":"770838649","characters":["Michael Oher"]},{"name":"Jae Head","id":"770816808","characters":["S.J. Tuohy"]},{"name":"Lily Collins","id":"770878598","characters":["Collins Tuohy"]}],"alternate_ids":{"imdb":"0878804"},"links":{"self":"http://api.rottentomatoes.com/api/public/v1.0/movies/770808362.json","alternate":"http://www.rottentomatoes.com/m/1212694-blind_side/","cast":"http://api.rottentomatoes.com/api/public/v1.0/movies/770808362/cast.json","clips":"http://api.rottentomatoes.com/api/public/v1.0/movies/770808362/clips.json","reviews":"http://api.rottentomatoes.com/api/public/v1.0/movies/770808362/reviews.json","similar":"http://api.rottentomatoes.com/api/public/v1.0/movies/770808362/similar.json"}},{"id":"771202607","title":"The Twilight Saga: Breaking Dawn Part 2","year":2012,"mpaa_rating":"PG-13","runtime":115,"critics_consensus":"It's the most entertaining Twilight, but that's not enough to make Breaking Dawn Part 2 worth watching for filmgoers who don't already count themselves among the franchise converts.","release_dates":{"theater":"2012-11-15","dvd":"2013-03-02"},"ratings":{"critics_rating":"Rotten","critics_score":48,"audience_rating":"Upright","audience_score":71},"synopsis":"The astonishing conclusion to the series, The Twilight Saga: Breaking Dawn, Part 2, illuminates the secrets and mysteries of this spellbinding romantic epic that has entranced millions. -- (C) Official Site","posters":{"thumbnail":"http://content7.flixster.com/movie/11/16/93/11169337_mob.jpg","profile":"http://content7.flixster.com/movie/11/16/93/11169337_pro.jpg","detailed":"http://content7.flixster.com/movie/11/16/93/11169337_det.jpg","original":"http://content7.flixster.com/movie/11/16/93/11169337_ori.jpg"},"abridged_cast":[{"name":"Kristen Stewart","id":"162655167","characters":["Bella Swan"]},{"name":"Robert Pattinson","id":"770677984","characters":["Edward Cullen"]},{"name":"Taylor Lautner","id":"162652714","characters":["Jacob Black"]},{"name":"Peter Facinelli","id":"162674182","characters":["Carlisle","Dr. Carlisle Cullen"]},{"name":"Elizabeth Reaser","id":"162654750","characters":["Esme","Esme Cullen"]}],"alternate_ids":{"imdb":"1673434"},"links":{"self":"http://api.rottentomatoes.com/api/public/v1.0/movies/771202607.json","alternate":"http://www.rottentomatoes.com/m/the_twilight_saga_breaking_dawn_part_2/","cast":"http://api.rottentomatoes.com/api/public/v1.0/movies/771202607/cast.json","clips":"http://api.rottentomatoes.com/api/public/v1.0/movies/771202607/clips.json","reviews":"http://api.rottentomatoes.com/api/public/v1.0/movies/771202607/reviews.json","similar":"http://api.rottentomatoes.com/api/public/v1.0/movies/771202607/similar.json"}},{"id":"770804147","title":"The Book of Eli","year":2010,"mpaa_rating":"R","runtime":118,"critics_consensus":"It's certainly uneven, and many viewers will find that its reach exceeds its grasp, but The Book of Eli finds the Hughes brothers injecting some fresh stylish fun into the kind of post-apocalyptic wasteland filmgoers have seen more than enough of lately.","release_dates":{"theater":"2010-01-15","dvd":"2010-06-15"},"ratings":{"critics_rating":"Rotten","critics_score":48,"audience_rating":"Upright","audience_score":64},"synopsis":"In a post-apocalyptic America where the once-picturesque countryside has become a desolate and violent wasteland, one man (Denzel Washington) fights to protect that sacred tome that could hold the key to the survival of the human race in this futuristic thriller from filmmaking duo Albert and Allen Hughes (From Hell and Dead Presidents). Gary Oldman, Mila Kunis, and Ray Stevenson co-star in the Warner Bros. production. ~ Jason Buchanan, Rovi","posters":{"thumbnail":"http://content9.flixster.com/movie/11/16/67/11166719_mob.jpg","profile":"http://content9.flixster.com/movie/11/16/67/11166719_pro.jpg","detailed":"http://content9.flixster.com/movie/11/16/67/11166719_det.jpg","original":"http://content9.flixster.com/movie/11/16/67/11166719_ori.jpg"},"abridged_cast":[{"name":"Denzel Washington","id":"162661439","characters":["Eli"]},{"name":"Gary Oldman","id":"162652649","characters":["Carnegie"]},{"name":"Mila Kunis","id":"364629418","characters":["Solara"]},{"name":"Ray Stevenson","id":"432539848","characters":["Redridge"]},{"name":"Jennifer Beals","id":"162657735","characters":["Claudia"]}],"alternate_ids":{"imdb":"1037705"},"links":{"self":"http://api.rottentomatoes.com/api/public/v1.0/movies/770804147.json","alternate":"http://www.rottentomatoes.com/m/the_book_of_eli/","cast":"http://api.rottentomatoes.com/api/public/v1.0/movies/770804147/cast.json","clips":"http://api.rottentomatoes.com/api/public/v1.0/movies/770804147/clips.json","reviews":"http://api.rottentomatoes.com/api/public/v1.0/movies/770804147/reviews.json","similar":"http://api.rottentomatoes.com/api/public/v1.0/movies/770804147/similar.json"}},{"id":"771181360","title":"The Hobbit: There and Back Again","year":2014,"mpaa_rating":"PG-13","runtime":166,"release_dates":{"theater":"2014-12-17"},"ratings":{"critics_score":-1,"audience_score":99},"synopsis":"MGM and Warner Bros. present the second half of J.R.R. Tolkien's The Hobbit. Peter Jackson and Fran Walsh share writing duties with Guillermo del Toro on the production, which will shoot simultaneously with the first film. ~ Jeremy Wheeler, Rovi","posters":{"thumbnail":"http://images.rottentomatoescdn.com/images/redesign/poster_default.gif","profile":"http://images.rottentomatoescdn.com/images/redesign/poster_default.gif","detailed":"http://images.rottentomatoescdn.com/images/redesign/poster_default.gif","original":"http://images.rottentomatoescdn.com/images/redesign/poster_default.gif"},"abridged_cast":[{"name":"Martin Freeman","id":"162652296","characters":["Bilbo Baggins"]},{"name":"Ian McKellen","id":"162653241","characters":["Gandalf"]},{"name":"Richard Armitage","id":"546952855","characters":["Thorin Oakenshield"]},{"name":"Andy Serkis","id":"269710329","characters":["Gollum"]},{"name":"Elijah Wood","id":"162652512","characters":["Frodo Baggins"]}],"alternate_ids":{"imdb":"2310332"},"links":{"self":"http://api.rottentomatoes.com/api/public/v1.0/movies/771181360.json","alternate":"http://www.rottentomatoes.com/m/the_hobbit_there_and_back_again/","cast":"http://api.rottentomatoes.com/api/public/v1.0/movies/771181360/cast.json","clips":"http://api.rottentomatoes.com/api/public/v1.0/movies/771181360/clips.json","reviews":"http://api.rottentomatoes.com/api/public/v1.0/movies/771181360/reviews.json","similar":"http://api.rottentomatoes.com/api/public/v1.0/movies/771181360/similar.json"}},{"id":"348520342","title":"The Pursuit of Happyness","year":2006,"mpaa_rating":"PG-13","runtime":117,"critics_consensus":"Will Smith's heartfelt performance elevates The Pursuit of Happyness above mere melodrama.","release_dates":{"theater":"2006-12-15","dvd":"2007-03-27"},"ratings":{"critics_rating":"Fresh","critics_score":67,"audience_rating":"Upright","audience_score":87},"synopsis":"","posters":{"thumbnail":"http://content8.flixster.com/movie/28/97/35/2897358_mob.jpg","profile":"http://content8.flixster.com/movie/28/97/35/2897358_pro.jpg","detailed":"http://content8.flixster.com/movie/28/97/35/2897358_det.jpg","original":"http://content8.flixster.com/movie/28/97/35/2897358_ori.jpg"},"abridged_cast":[{"name":"Will Smith","id":"162659361","characters":["Chris Gardner"]},{"name":"Jaden Smith","id":"364618979","characters":["Christopher"]},{"name":"Thandie Newton","id":"162708663","characters":["Linda"]},{"name":"Brian Howe","id":"162667624","characters":["Jay Twistle"]},{"name":"James Karen","id":"162689172","characters":["Martin Frohm"]}],"alternate_ids":{"imdb":"0454921"},"links":{"self":"http://api.rottentomatoes.com/api/public/v1.0/movies/348520342.json","alternate":"http://www.rottentomatoes.com/m/pursuit_of_happyness/","cast":"http://api.rottentomatoes.com/api/public/v1.0/movies/348520342/cast.json","clips":"http://api.rottentomatoes.com/api/public/v1.0/movies/348520342/clips.json","reviews":"http://api.rottentomatoes.com/api/public/v1.0/movies/348520342/reviews.json","similar":"http://api.rottentomatoes.com/api/public/v1.0/movies/348520342/similar.json"}},{"id":"387392215","title":"The Number 23","year":2007,"mpaa_rating":"R","runtime":98,"critics_consensus":"Jim Carrey has been sharp in a number of non-comedic roles, but this lurid, overheated, and self-serious potboiler is not one of them. The Number 23 is clumsy, unengaging, and mostly confusing.","release_dates":{"theater":"2007-02-23","dvd":"2005-07-05"},"ratings":{"critics_rating":"Rotten","critics_score":8,"audience_rating":"Spilled","audience_score":56},"synopsis":"","posters":{"thumbnail":"http://content6.flixster.com/movie/10/86/16/10861632_mob.jpg","profile":"http://content6.flixster.com/movie/10/86/16/10861632_pro.jpg","detailed":"http://content6.flixster.com/movie/10/86/16/10861632_det.jpg","original":"http://content6.flixster.com/movie/10/86/16/10861632_ori.jpg"},"abridged_cast":[{"name":"Jim Carrey","id":"162659418","characters":["Fingerling","Walter Sparrow"]},{"name":"Virginia Madsen","id":"162667395","characters":["Agatha Sparrow","Fabrizia"]},{"name":"Logan Lerman","id":"341816559","characters":["Robin Sparrow"]},{"name":"Danny Huston","id":"162653683","characters":["Dr. Miles Phoenix","Isaac French"]},{"name":"Rhona Mitra","id":"162719265"}],"alternate_ids":{"imdb":"0481369"},"links":{"self":"http://api.rottentomatoes.com/api/public/v1.0/movies/387392215.json","alternate":"http://www.rottentomatoes.com/m/the_number_23/","cast":"http://api.rottentomatoes.com/api/public/v1.0/movies/387392215/cast.json","clips":"http://api.rottentomatoes.com/api/public/v1.0/movies/387392215/clips.json","reviews":"http://api.rottentomatoes.com/api/public/v1.0/movies/387392215/reviews.json","similar":"http://api.rottentomatoes.com/api/public/v1.0/movies/387392215/similar.json"}},{"id":"771312088","title":"The Hunger Games: Mockingjay - Part 1","year":2014,"mpaa_rating":"Unrated","runtime":"","release_dates":{"theater":"2014-11-21"},"ratings":{"critics_score":-1,"audience_score":99},"synopsis":"The first half of Suzanne Collins' final Hunger Games book is adapted in this Lionsgate production. ~ Jeremy Wheeler, Rovi","posters":{"thumbnail":"http://content7.flixster.com/movie/11/17/59/11175925_mob.jpg","profile":"http://content7.flixster.com/movie/11/17/59/11175925_pro.jpg","detailed":"http://content7.flixster.com/movie/11/17/59/11175925_det.jpg","original":"http://content7.flixster.com/movie/11/17/59/11175925_ori.jpg"},"abridged_cast":[{"name":"Jennifer Lawrence","id":"770800260","characters":["Katniss Everdeen"]},{"name":"Robert Knepper","id":"162707688","characters":["Antonius"]},{"name":"Julianne Moore","id":"162654248","characters":["President Alma Coin"]},{"name":"Elden Henson","id":"162664314","characters":["Pollux"]},{"name":"Lily Rabe","id":"684532135","characters":["Commander Lyme"]}],"alternate_ids":{"imdb":"1951265"},"links":{"self":"http://api.rottentomatoes.com/api/public/v1.0/movies/771312088.json","alternate":"http://www.rottentomatoes.com/m/the_hunger_games_mockingjay_part_1/","cast":"http://api.rottentomatoes.com/api/public/v1.0/movies/771312088/cast.json","clips":"http://api.rottentomatoes.com/api/public/v1.0/movies/771312088/clips.json","reviews":"http://api.rottentomatoes.com/api/public/v1.0/movies/771312088/reviews.json","similar":"http://api.rottentomatoes.com/api/public/v1.0/movies/771312088/similar.json"}},{"id":"771313962","title":"The Avengers: Age of Ultron","year":2015,"mpaa_rating":"Unrated","runtime":"","release_dates":{"theater":"2015-05-01"},"ratings":{"critics_score":-1,"audience_score":100},"synopsis":"Joss Whedon returns to write and direct the follow-up to the ultra successful Avengers film. The picture completes Marvel Studios' Phase 2 films, which includes Thor: The Dark World, Captain America: Winter Soldier, Edgar Wright's Ant-Man, and Guardians of the Galaxy. ~ Jeremy Wheeler, Rovi","posters":{"thumbnail":"http://images.rottentomatoescdn.com/images/redesign/poster_default.gif","profile":"http://images.rottentomatoescdn.com/images/redesign/poster_default.gif","detailed":"http://images.rottentomatoescdn.com/images/redesign/poster_default.gif","original":"http://images.rottentomatoescdn.com/images/redesign/poster_default.gif"},"abridged_cast":[{"name":"Robert Downey Jr.","id":"162654529","characters":["Tony Stark/Iron Man"]},{"name":"Chris Evans","id":"162652784","characters":["Steve Rogers/Captain America"]},{"name":"Mark Ruffalo","id":"162653904","characters":["Bruce Banner/The Hulk"]},{"name":"Chris Hemsworth","id":"770829335","characters":["Thor"]},{"name":"Scarlett Johansson","id":"162652872","characters":["Natasha Romanoff/Black Widow"]}],"alternate_ids":{"imdb":"2395427"},"links":{"self":"http://api.rottentomatoes.com/api/public/v1.0/movies/771313962.json","alternate":"http://www.rottentomatoes.com/m/the_avengers_age_of_ultron/","cast":"http://api.rottentomatoes.com/api/public/v1.0/movies/771313962/cast.json","clips":"http://api.rottentomatoes.com/api/public/v1.0/movies/771313962/clips.json","reviews":"http://api.rottentomatoes.com/api/public/v1.0/movies/771313962/reviews.json","similar":"http://api.rottentomatoes.com/api/public/v1.0/movies/771313962/similar.json"}},{"id":"771042281","title":"Journey 2: The Mysterious Island","year":2012,"mpaa_rating":"PG","runtime":94,"critics_consensus":"Aggressively unambitious, Journey 2 might thrill tween viewers, but most others will find it too intense for young audiences and too cartoonishly dull for adults.","release_dates":{"theater":"2012-02-10","dvd":"2012-06-05"},"ratings":{"critics_rating":"Rotten","critics_score":42,"audience_rating":"Upright","audience_score":60},"synopsis":"In this follow-up to the 2008 worldwide hit Journey to the Center of the Earth, the new 3D family adventure Journey 2: The Mysterious Island begins when young Sean Anderson (Josh Hutcherson, reprising his role from the first film) receives a coded distress signal from a mysterious island where no island should exist. It's a place of strange life forms, mountains of gold, deadly volcanoes, and more than one astonishing secret. Unable to stop him from going, Sean's new stepfather, Hank (Dwayne Johnson), joins the quest. Together with a helicopter pilot (Luis Guzman) and his beautiful, strong-willed daughter (Vanessa Hudgens), they set out to find the island, rescue its lone inhabitant and escape before seismic shockwaves force the island under the sea and bury its treasures forever. -- (C) Official Site","posters":{"thumbnail":"http://content9.flixster.com/movie/11/16/54/11165487_mob.jpg","profile":"http://content9.flixster.com/movie/11/16/54/11165487_pro.jpg","detailed":"http://content9.flixster.com/movie/11/16/54/11165487_det.jpg","original":"http://content9.flixster.com/movie/11/16/54/11165487_ori.jpg"},"abridged_cast":[{"name":"Dwayne \"The Rock\" Johnson","id":"770893686","characters":["Hank","Hank Parsons"]},{"name":"Michael Caine","id":"162652646","characters":["Alexander","Grandfather"]},{"name":"Josh Hutcherson","id":"162654356","characters":["Sean","Sean Anderson"]},{"name":"Luis Guzman","id":"162654309","characters":["Gabato"]},{"name":"Vanessa Hudgens","id":"171852649","characters":["Kailani"]}],"alternate_ids":{"imdb":"1397514"},"links":{"self":"http://api.rottentomatoes.com/api/public/v1.0/movies/771042281.json","alternate":"http://www.rottentomatoes.com/m/journey_to_the_center_of_the_earth_2_3d/","cast":"http://api.rottentomatoes.com/api/public/v1.0/movies/771042281/cast.json","clips":"http://api.rottentomatoes.com/api/public/v1.0/movies/771042281/clips.json","reviews":"http://api.rottentomatoes.com/api/public/v1.0/movies/771042281/reviews.json","similar":"http://api.rottentomatoes.com/api/public/v1.0/movies/771042281/similar.json"}},{"id":"133759644","title":"Ice Age 2: The Meltdown","year":2006,"mpaa_rating":"PG","runtime":90,"critics_consensus":"Despite its impressive animation and the hilarious antics of the saber-toothed squirrel Scrat, Ice Age 2: The Meltdown comes up short on the storytelling front.","release_dates":{"theater":"2006-03-31","dvd":"2006-11-21"},"ratings":{"critics_rating":"Rotten","critics_score":57,"audience_rating":"Upright","audience_score":71},"synopsis":"","posters":{"thumbnail":"http://content7.flixster.com/movie/34/60/10/3460109_mob.jpg","profile":"http://content7.flixster.com/movie/34/60/10/3460109_pro.jpg","detailed":"http://content7.flixster.com/movie/34/60/10/3460109_det.jpg","original":"http://content7.flixster.com/movie/34/60/10/3460109_ori.jpg"},"abridged_cast":[{"name":"Ray Romano","id":"162674838","characters":["Manny"]},{"name":"John Leguizamo","id":"162652698","characters":["Sid"]},{"name":"Denis Leary","id":"162659182","characters":["Diego"]},{"name":"Seann William Scott","id":"162652909","characters":["Crash"]},{"name":"Josh Peck","id":"341817696","characters":["Eddie"]}],"alternate_ids":{"imdb":"0438097"},"links":{"self":"http://api.rottentomatoes.com/api/public/v1.0/movies/133759644.json","alternate":"http://www.rottentomatoes.com/m/ice_age_2/","cast":"http://api.rottentomatoes.com/api/public/v1.0/movies/133759644/cast.json","clips":"http://api.rottentomatoes.com/api/public/v1.0/movies/133759644/clips.json","reviews":"http://api.rottentomatoes.com/api/public/v1.0/movies/133759644/reviews.json","similar":"http://api.rottentomatoes.com/api/public/v1.0/movies/133759644/similar.json"}},{"id":"381083824","title":"Night at the Museum","year":2006,"mpaa_rating":"PG","runtime":108,"critics_consensus":"Parents might call this either a spectacle-filled adventure or a shallow and vapid CG-fest, depending on whether they choose to embrace this on the same level as their kids.","release_dates":{"theater":"2006-12-22","dvd":"2007-04-24"},"ratings":{"critics_rating":"Rotten","critics_score":44,"audience_rating":"Upright","audience_score":67},"synopsis":"","posters":{"thumbnail":"http://content8.flixster.com/movie/10/93/20/10932002_mob.jpg","profile":"http://content8.flixster.com/movie/10/93/20/10932002_pro.jpg","detailed":"http://content8.flixster.com/movie/10/93/20/10932002_det.jpg","original":"http://content8.flixster.com/movie/10/93/20/10932002_ori.jpg"},"abridged_cast":[{"name":"Ben Stiller","id":"162659371","characters":["Larry Daley"]},{"name":"Carla Gugino","id":"162662384","characters":["Rebecca"]},{"name":"Dick Van Dyke","id":"162655762","characters":["Cecil Fredricks"]},{"name":"Mickey Rooney","id":"162656001","characters":["Gus"]},{"name":"Bill Cobbs","id":"300301781","characters":["Reginald"]}],"alternate_ids":{"imdb":"0477347"},"links":{"self":"http://api.rottentomatoes.com/api/public/v1.0/movies/381083824.json","alternate":"http://www.rottentomatoes.com/m/night_at_the_museum/","cast":"http://api.rottentomatoes.com/api/public/v1.0/movies/381083824/cast.json","clips":"http://api.rottentomatoes.com/api/public/v1.0/movies/381083824/clips.json","reviews":"http://api.rottentomatoes.com/api/public/v1.0/movies/381083824/reviews.json","similar":"http://api.rottentomatoes.com/api/public/v1.0/movies/381083824/similar.json"}},{"id":"314387087","title":"The Departed","year":2006,"mpaa_rating":"R","runtime":152,"critics_consensus":"Featuring outstanding work from an excellent cast that includes Jack Nicholson, Leonardo DiCaprio, and Matt Damon, The Departed is a thoroughly engrossing gangster drama with the gritty authenticity and soupy morality that has infused director Martin Scorsese's past triumphs.","release_dates":{"theater":"2006-10-06","dvd":"2007-02-13"},"ratings":{"critics_rating":"Certified Fresh","critics_score":92,"audience_rating":"Upright","audience_score":94},"synopsis":"","posters":{"thumbnail":"http://content7.flixster.com/movie/11/16/67/11166721_mob.jpg","profile":"http://content7.flixster.com/movie/11/16/67/11166721_pro.jpg","detailed":"http://content7.flixster.com/movie/11/16/67/11166721_det.jpg","original":"http://content7.flixster.com/movie/11/16/67/11166721_ori.jpg"},"abridged_cast":[{"name":"Leonardo DiCaprio","id":"162659161","characters":["Billy Costigan"]},{"name":"Matt Damon","id":"162653499","characters":["Colin Sullivan"]},{"name":"Jack Nicholson","id":"162654979","characters":["Frank Costello"]},{"name":"Mark Wahlberg","id":"162653181","characters":["Sergeant Dignam"]},{"name":"Martin Sheen","id":"162660009","characters":["Captain Queenan"]}],"alternate_ids":{"imdb":"0407887"},"links":{"self":"http://api.rottentomatoes.com/api/public/v1.0/movies/314387087.json","alternate":"http://www.rottentomatoes.com/m/departed/","cast":"http://api.rottentomatoes.com/api/public/v1.0/movies/314387087/cast.json","clips":"http://api.rottentomatoes.com/api/public/v1.0/movies/314387087/clips.json","reviews":"http://api.rottentomatoes.com/api/public/v1.0/movies/314387087/reviews.json","similar":"http://api.rottentomatoes.com/api/public/v1.0/movies/314387087/similar.json"}},{"id":"771315407","title":"The Hobbit: The Desolation Of Smaug","year":2013,"mpaa_rating":"PG-13","runtime":161,"critics_consensus":"While still slightly hamstrung by \"middle chapter\" narrative problems and its formidable length, The Desolation of Smaug represents a more confident, exciting second chapter for the Hobbit series.","release_dates":{"theater":"2013-12-13","dvd":"2014-04-08"},"ratings":{"critics_rating":"Certified Fresh","critics_score":75,"audience_rating":"Upright","audience_score":85},"synopsis":"The second in a trilogy of films adapting the enduringly popular masterpiece The Hobbit, by J.R.R. Tolkien, The Hobbit: The Desolation of Smaug continues the adventure of the title character Bilbo Baggins (Martin Freeman) as he journeys with the Wizard Gandalf (Ian McKellan) and thirteen Dwarves, led by Thorin Oakenshield (Richard Armitage) on an epic quest to reclaim the lost Dwarf Kingdom of Erebor.(c) WB","posters":{"thumbnail":"http://content7.flixster.com/movie/11/17/18/11171801_mob.jpg","profile":"http://content7.flixster.com/movie/11/17/18/11171801_pro.jpg","detailed":"http://content7.flixster.com/movie/11/17/18/11171801_det.jpg","original":"http://content7.flixster.com/movie/11/17/18/11171801_ori.jpg"},"abridged_cast":[{"name":"Ian McKellen","id":"162653241","characters":["Gandalf"]},{"name":"Martin Freeman","id":"162652296","characters":["Bilbo Baggins"]},{"name":"Richard Armitage","id":"546952855","characters":["Thorin Oakenshield"]},{"name":"Benedict Cumberbatch","id":"355028249","characters":["Smaug"]},{"name":"Evangeline Lilly","id":"512423472","characters":["Tauriel"]}],"alternate_ids":{"imdb":"1170358"},"links":{"self":"http://api.rottentomatoes.com/api/public/v1.0/movies/771315407.json","alternate":"http://www.rottentomatoes.com/m/the_hobbit_the_desolation_of_smaug/","cast":"http://api.rottentomatoes.com/api/public/v1.0/movies/771315407/cast.json","clips":"http://api.rottentomatoes.com/api/public/v1.0/movies/771315407/clips.json","reviews":"http://api.rottentomatoes.com/api/public/v1.0/movies/771315407/reviews.json","similar":"http://api.rottentomatoes.com/api/public/v1.0/movies/771315407/similar.json"}},{"id":"770675257","title":"The Happening","year":2008,"mpaa_rating":"R","runtime":90,"critics_consensus":"The Happening begins with promise, but unfortunately descends into an incoherent and unconvincing trifle.","release_dates":{"theater":"2008-06-11","dvd":"2008-10-07"},"ratings":{"critics_rating":"Rotten","critics_score":17,"audience_rating":"Spilled","audience_score":24},"synopsis":"","posters":{"thumbnail":"http://content6.flixster.com/movie/10/63/54/10635428_mob.jpg","profile":"http://content6.flixster.com/movie/10/63/54/10635428_pro.jpg","detailed":"http://content6.flixster.com/movie/10/63/54/10635428_det.jpg","original":"http://content6.flixster.com/movie/10/63/54/10635428_ori.jpg"},"abridged_cast":[{"name":"Mark Wahlberg","id":"162653181","characters":["Elliot Moore"]},{"name":"Zooey Deschanel","id":"162652299","characters":["Alma Moore"]},{"name":"John Leguizamo","id":"162652698","characters":["Julian"]},{"name":"Ashlyn Sanchez","id":"770858287","characters":["Jess"]},{"name":"Betty Buckley","id":"351526915","characters":["Mrs. Jones"]}],"alternate_ids":{"imdb":"0949731"},"links":{"self":"http://api.rottentomatoes.com/api/public/v1.0/movies/770675257.json","alternate":"http://www.rottentomatoes.com/m/10007985-happening/","cast":"http://api.rottentomatoes.com/api/public/v1.0/movies/770675257/cast.json","clips":"http://api.rottentomatoes.com/api/public/v1.0/movies/770675257/clips.json","reviews":"http://api.rottentomatoes.com/api/public/v1.0/movies/770675257/reviews.json","similar":"http://api.rottentomatoes.com/api/public/v1.0/movies/770675257/similar.json"}},{"id":"770672991","title":"Harry Potter and the Deathly Hallows - Part 1","year":2010,"mpaa_rating":"PG-13","runtime":146,"critics_consensus":"It can't help but feel like the prelude it is, but Deathly Hallows: Part I is a beautifully filmed, emotionally satisfying penultimate installment for the Harry Potter series.","release_dates":{"theater":"2010-11-19","dvd":"2011-04-15"},"ratings":{"critics_rating":"Certified Fresh","critics_score":78,"audience_rating":"Upright","audience_score":84},"synopsis":"The first installment of the two-film adaptation of Harry Potter and the Deathly Hallows follows Harry (Daniel Radcliffe), Ron (Rupert Grint), and Hermione (Emma Watson) as they search for the pieces of Voldemort's (Ralph Fiennes) soul that he extracted from his being and hid in obscure locations both far and wide. If the trio is unable to locate and destroy them all, Voldemort will remain immortal. Despite their long friendship, a combination of dark forces, romantic tensions, and long-held secrets threaten to sabotage the mission. David Yates directs. ~ Tracie Cooper, Rovi","posters":{"thumbnail":"http://content8.flixster.com/movie/11/16/36/11163674_mob.jpg","profile":"http://content8.flixster.com/movie/11/16/36/11163674_pro.jpg","detailed":"http://content8.flixster.com/movie/11/16/36/11163674_det.jpg","original":"http://content8.flixster.com/movie/11/16/36/11163674_ori.jpg"},"abridged_cast":[{"name":"Daniel Radcliffe","id":"162655375","characters":["Harry Potter"]},{"name":"Emma Watson","id":"162655378","characters":["Hermione Granger"]},{"name":"Rupert Grint","id":"162655376","characters":["Ron Wesley"]},{"name":"Helena Bonham Carter","id":"162652820","characters":["Bellatrix Lestrange"]},{"name":"Ralph Fiennes","id":"162653681","characters":["Lord Voldemort"]}],"alternate_ids":{"imdb":"0926084"},"links":{"self":"http://api.rottentomatoes.com/api/public/v1.0/movies/770672991.json","alternate":"http://www.rottentomatoes.com/m/harry_potter_and_the_deathly_hallows_part_1/","cast":"http://api.rottentomatoes.com/api/public/v1.0/movies/770672991/cast.json","clips":"http://api.rottentomatoes.com/api/public/v1.0/movies/770672991/clips.json","reviews":"http://api.rottentomatoes.com/api/public/v1.0/movies/770672991/reviews.json","similar":"http://api.rottentomatoes.com/api/public/v1.0/movies/770672991/similar.json"}},{"id":"770671948","title":"Where the Wild Things Are","year":2009,"mpaa_rating":"PG","runtime":101,"critics_consensus":"Some may find its dark tone and slender narrative off-putting, but Spike Jonze's heartfelt adaptation of the classic children's book is as beautiful as it is uncompromising.","release_dates":{"theater":"2009-10-16","dvd":"2010-03-02"},"ratings":{"critics_rating":"Fresh","critics_score":73,"audience_rating":"Spilled","audience_score":57},"synopsis":"","posters":{"thumbnail":"http://content6.flixster.com/movie/11/16/67/11166736_mob.jpg","profile":"http://content6.flixster.com/movie/11/16/67/11166736_pro.jpg","detailed":"http://content6.flixster.com/movie/11/16/67/11166736_det.jpg","original":"http://content6.flixster.com/movie/11/16/67/11166736_ori.jpg"},"abridged_cast":[{"name":"Max Records","id":"770818760","characters":["Max"]},{"name":"Catherine Keener","id":"162652281","characters":["Mom"]},{"name":"James Gandolfini","id":"162667080","characters":["Carol"]},{"name":"Paul Dano","id":"303713360","characters":["Alexander"]},{"name":"Catherine O'Hara","id":"162658234","characters":["Judith"]}],"alternate_ids":{"imdb":"0386117"},"links":{"self":"http://api.rottentomatoes.com/api/public/v1.0/movies/770671948.json","alternate":"http://www.rottentomatoes.com/m/where_the_wild_things_are/","cast":"http://api.rottentomatoes.com/api/public/v1.0/movies/770671948/cast.json","clips":"http://api.rottentomatoes.com/api/public/v1.0/movies/770671948/clips.json","reviews":"http://api.rottentomatoes.com/api/public/v1.0/movies/770671948/reviews.json","similar":"http://api.rottentomatoes.com/api/public/v1.0/movies/770671948/similar.json"}},{"id":"770671938","title":"You Don't Mess with the Zohan","year":2008,"mpaa_rating":"PG-13","runtime":113,"critics_consensus":"You Don't Mess With the Zohan features intermittent laughs, and will please Sandler diehards, but after awhile the leaky premise wears thin.","release_dates":{"theater":"2008-06-06","dvd":"2008-10-07"},"ratings":{"critics_rating":"Rotten","critics_score":37,"audience_rating":"Spilled","audience_score":45},"synopsis":"","posters":{"thumbnail":"http://content6.flixster.com/movie/10/86/19/10861952_mob.jpg","profile":"http://content6.flixster.com/movie/10/86/19/10861952_pro.jpg","detailed":"http://content6.flixster.com/movie/10/86/19/10861952_det.jpg","original":"http://content6.flixster.com/movie/10/86/19/10861952_ori.jpg"},"abridged_cast":[{"name":"Adam Sandler","id":"162652550","characters":["Zohan"]},{"name":"John Turturro","id":"162665207","characters":["Phantom"]},{"name":"Emmanuelle Chriqui","id":"162655474","characters":["Dalia"]},{"name":"Nick Swardson","id":"364597466","characters":["Michael"]},{"name":"Lainie Kazan","id":"162711383","characters":["Gail"]}],"alternate_ids":{"imdb":"0960144"},"links":{"self":"http://api.rottentomatoes.com/api/public/v1.0/movies/770671938.json","alternate":"http://www.rottentomatoes.com/m/10008759-you_don't_mess_with_the_zohan/","cast":"http://api.rottentomatoes.com/api/public/v1.0/movies/770671938/cast.json","clips":"http://api.rottentomatoes.com/api/public/v1.0/movies/770671938/clips.json","reviews":"http://api.rottentomatoes.com/api/public/v1.0/movies/770671938/reviews.json","similar":"http://api.rottentomatoes.com/api/public/v1.0/movies/770671938/similar.json"}},{"id":"771252920","title":"The Lucky One","year":2012,"mpaa_rating":"PG-13","runtime":101,"critics_consensus":"While it provides the requisite amount of escapist melodrama, The Lucky One ultimately relies on too many schmaltzy cliches to appeal to anyone not already familiar with the Nicholas Sparks formula.","release_dates":{"theater":"2012-04-20","dvd":"2012-08-28"},"ratings":{"critics_rating":"Rotten","critics_score":20,"audience_rating":"Upright","audience_score":68},"synopsis":"U.S. Marine Sergeant Logan Thibault (Efron) returns from his third tour of duty in Iraq, with the one thing he credits with keeping him alive--a photograph he found of a woman he doesn't even know. Learning her name is Beth (Schilling) and where she lives, he shows up at her door, and ends up taking a job at her family-run local kennel. Despite her initial mistrust and the complications in her life, a romance develops between them, giving Logan hope that Beth could be much more than his good luck charm. -- (C) Warner Bros","posters":{"thumbnail":"http://content7.flixster.com/movie/11/16/25/11162517_mob.jpg","profile":"http://content7.flixster.com/movie/11/16/25/11162517_pro.jpg","detailed":"http://content7.flixster.com/movie/11/16/25/11162517_det.jpg","original":"http://content7.flixster.com/movie/11/16/25/11162517_ori.jpg"},"abridged_cast":[{"name":"Zac Efron","id":"171852647","characters":["Logan","Logan Thibault"]},{"name":"Taylor Schilling","id":"771036916","characters":["Beth"]},{"name":"Blythe Danner","id":"162659375","characters":["Ellie"]},{"name":"Riley Thomas Stewart","id":"770910715","characters":["Ben"]},{"name":"Jay R. Ferguson","id":"364650469","characters":["Keith Clayton"]}],"alternate_ids":{"imdb":"1327194"},"links":{"self":"http://api.rottentomatoes.com/api/public/v1.0/movies/771252920.json","alternate":"http://www.rottentomatoes.com/m/the_lucky_one_2012/","cast":"http://api.rottentomatoes.com/api/public/v1.0/movies/771252920/cast.json","clips":"http://api.rottentomatoes.com/api/public/v1.0/movies/771252920/clips.json","reviews":"http://api.rottentomatoes.com/api/public/v1.0/movies/771252920/reviews.json","similar":"http://api.rottentomatoes.com/api/public/v1.0/movies/771252920/similar.json"}},{"id":"770818015","title":"The Croods","year":2013,"mpaa_rating":"PG","runtime":98,"critics_consensus":"While it may not be as (ahem) evolved as the best modern animated fare, The Croods will prove solidly entertaining for families seeking a fast-paced, funny cartoon adventure.","release_dates":{"theater":"2013-03-22","dvd":"2013-10-01"},"ratings":{"critics_rating":"Fresh","critics_score":70,"audience_rating":"Upright","audience_score":79},"synopsis":"The Croods tells the story of the world's first family road trip. When their cave is destroyed, the Crood family must embark on a comedy adventure into strange and spectacular territory in search of a new home. As if patriarch Grug (Cage) didn't already have enough to handle, it goes from bad to worse when they encounter an imaginative nomad named Guy (Reynolds.) With Guy's help the Croods conquer their fear of the outside world and discover that they have exactly what it takes to survive - each other.(c) Paramount","posters":{"thumbnail":"http://content8.flixster.com/movie/11/17/33/11173370_mob.jpg","profile":"http://content8.flixster.com/movie/11/17/33/11173370_pro.jpg","detailed":"http://content8.flixster.com/movie/11/17/33/11173370_det.jpg","original":"http://content8.flixster.com/movie/11/17/33/11173370_ori.jpg"},"abridged_cast":[{"name":"Nicolas Cage","id":"162653923","characters":["Grug"]},{"name":"Emma Stone","id":"770683296","characters":["Eep"]},{"name":"Ryan Reynolds","id":"162652367","characters":["Guy"]},{"name":"Catherine Keener","id":"162652281","characters":["Ugga"]},{"name":"Cloris Leachman","id":"162656446","characters":["Gran"]}],"alternate_ids":{"imdb":"0481499"},"links":{"self":"http://api.rottentomatoes.com/api/public/v1.0/movies/770818015.json","alternate":"http://www.rottentomatoes.com/m/the-croods/","cast":"http://api.rottentomatoes.com/api/public/v1.0/movies/770818015/cast.json","clips":"http://api.rottentomatoes.com/api/public/v1.0/movies/770818015/clips.json","reviews":"http://api.rottentomatoes.com/api/public/v1.0/movies/770818015/reviews.json","similar":"http://api.rottentomatoes.com/api/public/v1.0/movies/770818015/similar.json"}},{"id":"770669564","title":"Elizabeth: The Golden Age","year":2007,"mpaa_rating":"PG-13","runtime":115,"critics_consensus":"This sequel is full of lavish costumes and elaborate sets, but lacks the heart and creativity of the original Elizabeth","release_dates":{"theater":"2007-10-12","dvd":"2008-02-05"},"ratings":{"critics_rating":"Rotten","critics_score":35,"audience_rating":"Spilled","audience_score":59},"synopsis":"","posters":{"thumbnail":"http://content7.flixster.com/movie/10/92/49/10924953_mob.jpg","profile":"http://content7.flixster.com/movie/10/92/49/10924953_pro.jpg","detailed":"http://content7.flixster.com/movie/10/92/49/10924953_det.jpg","original":"http://content7.flixster.com/movie/10/92/49/10924953_ori.jpg"},"abridged_cast":[{"name":"Cate Blanchett","id":"162659162","characters":["Queen Elizabeth I"]},{"name":"Geoffrey Rush","id":"162659119","characters":["Sir Francis Walsingham"]},{"name":"Clive Owen","id":"162652511","characters":["Sir Walter Raleigh"]},{"name":"Rhys Ifans","id":"162669070","characters":["Robert Reston"]},{"name":"Jordi Molla","id":"364617086","characters":["King Philip II of Spain"]}],"alternate_ids":{"imdb":"0414055"},"links":{"self":"http://api.rottentomatoes.com/api/public/v1.0/movies/770669564.json","alternate":"http://www.rottentomatoes.com/m/golden_age/","cast":"http://api.rottentomatoes.com/api/public/v1.0/movies/770669564/cast.json","clips":"http://api.rottentomatoes.com/api/public/v1.0/movies/770669564/clips.json","reviews":"http://api.rottentomatoes.com/api/public/v1.0/movies/770669564/reviews.json","similar":"http://api.rottentomatoes.com/api/public/v1.0/movies/770669564/similar.json"}},{"id":"771312089","title":"The Hunger Games: Mockingjay - Part 2","year":2015,"mpaa_rating":"Unrated","runtime":"","release_dates":{"theater":"2015-11-20"},"ratings":{"critics_score":-1,"audience_score":99},"synopsis":"The second half of Suzanne Collins' final Hunger Games book is adapted in this Lionsgate production. ~ Jeremy Wheeler, Rovi","posters":{"thumbnail":"http://images.rottentomatoescdn.com/images/redesign/poster_default.gif","profile":"http://images.rottentomatoescdn.com/images/redesign/poster_default.gif","detailed":"http://images.rottentomatoescdn.com/images/redesign/poster_default.gif","original":"http://images.rottentomatoescdn.com/images/redesign/poster_default.gif"},"abridged_cast":[{"name":"Jennifer Lawrence","id":"770800260","characters":["Katniss Everdeen"]},{"name":"Robert Knepper","id":"162707688","characters":["Antonius"]},{"name":"Julianne Moore","id":"162654248","characters":["President Alma Coin"]},{"name":"Elden Henson","id":"162664314","characters":["Pollux"]},{"name":"Lily Rabe","id":"684532135","characters":["Commander Lyme"]}],"links":{"self":"http://api.rottentomatoes.com/api/public/v1.0/movies/771312089.json","alternate":"http://www.rottentomatoes.com/m/the_hunger_games_mockingjay_part_2/","cast":"http://api.rottentomatoes.com/api/public/v1.0/movies/771312089/cast.json","clips":"http://api.rottentomatoes.com/api/public/v1.0/movies/771312089/clips.json","reviews":"http://api.rottentomatoes.com/api/public/v1.0/movies/771312089/reviews.json","similar":"http://api.rottentomatoes.com/api/public/v1.0/movies/771312089/similar.json"}},{"id":"771240552","title":"The Great Gatsby","year":2013,"mpaa_rating":"PG-13","runtime":142,"critics_consensus":"While certainly ambitious -- and every bit as visually dazzling as one might expect -- Baz Luhrmann's The Great Gatsby emphasizes visual splendor at the expense of its source material's vibrant heart.","release_dates":{"theater":"2013-05-10","dvd":"2013-08-27"},"ratings":{"critics_rating":"Rotten","critics_score":49,"audience_rating":"Upright","audience_score":68},"synopsis":"\"The Great Gatsby\" follows Fitzgerald-like, would-be writer Nick Carraway (Tobey Maguire) as he leaves the Midwest and comes to New York City in the spring of 1922, an era of loosening morals, glittering jazz, bootleg kings, and sky-rocketing stocks. Chasing his own American Dream, Nick lands next door to a mysterious, party-giving millionaire, Jay Gatsby (Leonardo DiCaprio), and across the bay from his cousin, Daisy (Carey Mulligan), and her philandering, blue-blooded husband, Tom Buchanan (Joel Edgerton). It is thus that Nick is drawn into the captivating world of the super rich, their illusions, loves and deceits. As Nick bears witness, within and without of the world he inhabits, he pens a tale of impossible love, incorruptible dreams and high-octane tragedy, and holds a mirror to our own modern times and struggles. -- (C) WB","posters":{"thumbnail":"http://content6.flixster.com/movie/11/17/25/11172588_mob.jpg","profile":"http://content6.flixster.com/movie/11/17/25/11172588_pro.jpg","detailed":"http://content6.flixster.com/movie/11/17/25/11172588_det.jpg","original":"http://content6.flixster.com/movie/11/17/25/11172588_ori.jpg"},"abridged_cast":[{"name":"Leonardo DiCaprio","id":"162659161","characters":["Jay Gatsby"]},{"name":"Tobey Maguire","id":"162660340","characters":["Nick Carraway"]},{"name":"Carey Mulligan","id":"770678627","characters":["Daisy Buchanan"]},{"name":"Isla Fisher","id":"162652839","characters":["Myrtle","Myrtle Wilson"]},{"name":"Joel Edgerton","id":"162733204","characters":["Tom Buchanan"]}],"alternate_ids":{"imdb":"1343092"},"links":{"self":"http://api.rottentomatoes.com/api/public/v1.0/movies/771240552.json","alternate":"http://www.rottentomatoes.com/m/the_great_gatsby_2013/","cast":"http://api.rottentomatoes.com/api/public/v1.0/movies/771240552/cast.json","clips":"http://api.rottentomatoes.com/api/public/v1.0/movies/771240552/clips.json","reviews":"http://api.rottentomatoes.com/api/public/v1.0/movies/771240552/reviews.json","similar":"http://api.rottentomatoes.com/api/public/v1.0/movies/771240552/similar.json"}},{"id":"472231908","title":"The Messengers","year":2007,"mpaa_rating":"PG-13","runtime":90,"critics_consensus":"The Messengers is an atmospheric but derivative rip-off of countless other horror movies.","release_dates":{"theater":"2007-02-07","dvd":"2007-06-05"},"ratings":{"critics_rating":"Rotten","critics_score":12,"audience_rating":"Spilled","audience_score":44},"synopsis":"","posters":{"thumbnail":"http://content6.flixster.com/movie/10/89/27/10892764_mob.jpg","profile":"http://content6.flixster.com/movie/10/89/27/10892764_pro.jpg","detailed":"http://content6.flixster.com/movie/10/89/27/10892764_det.jpg","original":"http://content6.flixster.com/movie/10/89/27/10892764_ori.jpg"},"abridged_cast":[{"name":"Kristen Stewart","id":"162655167","characters":["Jess Solomon"]},{"name":"Dylan McDermott","id":"162674210","characters":["Roy Solomon"]},{"name":"Penelope Ann Miller","id":"162663545","characters":["Denise Solomon"]},{"name":"John Corbett","id":"162661028","characters":["John Burwell"]},{"name":"Evan Turner","id":"771043201","characters":["Ben Solomon"]}],"alternate_ids":{"imdb":"0425430"},"links":{"self":"http://api.rottentomatoes.com/api/public/v1.0/movies/472231908.json","alternate":"http://www.rottentomatoes.com/m/the_messengers/","cast":"http://api.rottentomatoes.com/api/public/v1.0/movies/472231908/cast.json","clips":"http://api.rottentomatoes.com/api/public/v1.0/movies/472231908/clips.json","reviews":"http://api.rottentomatoes.com/api/public/v1.0/movies/472231908/reviews.json","similar":"http://api.rottentomatoes.com/api/public/v1.0/movies/472231908/similar.json"}},{"id":"770686237","title":"The Box","year":2009,"mpaa_rating":"PG-13","runtime":116,"critics_consensus":"Imaginative but often preposterous, The Box features some thrills but largely feels too piecemeal.","release_dates":{"theater":"2009-11-06","dvd":"2010-02-23"},"ratings":{"critics_rating":"Rotten","critics_score":45,"audience_rating":"Spilled","audience_score":23},"synopsis":"","posters":{"thumbnail":"http://content6.flixster.com/movie/10/89/22/10892236_mob.jpg","profile":"http://content6.flixster.com/movie/10/89/22/10892236_pro.jpg","detailed":"http://content6.flixster.com/movie/10/89/22/10892236_det.jpg","original":"http://content6.flixster.com/movie/10/89/22/10892236_ori.jpg"},"abridged_cast":[{"name":"Cameron Diaz","id":"162654443","characters":["Norma Lewis"]},{"name":"James Marsden","id":"162684857","characters":["Arthur Lewis"]},{"name":"Frank Langella","id":"162664308","characters":["Arlington Steward"]},{"name":"James Rebhorn","id":"534309564","characters":["Norm Cahill"]},{"name":"Holmes Osborne","id":"369835259","characters":["Dick Burns"]}],"alternate_ids":{"imdb":"0362478"},"links":{"self":"http://api.rottentomatoes.com/api/public/v1.0/movies/770686237.json","alternate":"http://www.rottentomatoes.com/m/10009151-box/","cast":"http://api.rottentomatoes.com/api/public/v1.0/movies/770686237/cast.json","clips":"http://api.rottentomatoes.com/api/public/v1.0/movies/770686237/clips.json","reviews":"http://api.rottentomatoes.com/api/public/v1.0/movies/770686237/reviews.json","similar":"http://api.rottentomatoes.com/api/public/v1.0/movies/770686237/similar.json"}},{"id":"770783635","title":"The Informant!","year":2009,"mpaa_rating":"R","runtime":108,"critics_consensus":"A charismatic turn by star Matt Damon and a consistently ironic tone boost this quietly funny satire about a corporate whistle-blower.","release_dates":{"theater":"2009-09-18","dvd":"2010-02-23"},"ratings":{"critics_rating":"Certified Fresh","critics_score":79,"audience_rating":"Spilled","audience_score":43},"synopsis":"","posters":{"thumbnail":"http://content6.flixster.com/movie/10/89/42/10894228_mob.jpg","profile":"http://content6.flixster.com/movie/10/89/42/10894228_pro.jpg","detailed":"http://content6.flixster.com/movie/10/89/42/10894228_det.jpg","original":"http://content6.flixster.com/movie/10/89/42/10894228_ori.jpg"},"abridged_cast":[{"name":"Matt Damon","id":"162653499","characters":["Mark Whitacre"]},{"name":"Scott Bakula","id":"162657382","characters":["FBI Special Agent Brian Shepard"]},{"name":"Joel McHale","id":"770792384","characters":["FBI Special Agent Bob Herndon"]},{"name":"Melanie Lynskey","id":"208150762","characters":["Ginger Whitacre"]},{"name":"Rick Overton","id":"364641409","characters":["Terry Wilson"]}],"alternate_ids":{"imdb":"1130080"},"links":{"self":"http://api.rottentomatoes.com/api/public/v1.0/movies/770783635.json","alternate":"http://www.rottentomatoes.com/m/1200661-informant/","cast":"http://api.rottentomatoes.com/api/public/v1.0/movies/770783635/cast.json","clips":"http://api.rottentomatoes.com/api/public/v1.0/movies/770783635/clips.json","reviews":"http://api.rottentomatoes.com/api/public/v1.0/movies/770783635/reviews.json","similar":"http://api.rottentomatoes.com/api/public/v1.0/movies/770783635/similar.json"}},{"id":"771308675","title":"Dawn Of The Planet Of The Apes","year":2014,"mpaa_rating":"Unrated","runtime":"","release_dates":{"theater":"2014-07-11"},"ratings":{"critics_score":-1,"audience_score":99},"synopsis":"A growing nation of genetically evolved apes led by Caesar is threatened by a band of human survivors of the devastating virus unleashed a decade earlier. They reach a fragile peace, but it proves short-lived, as both sides are brought to the brink of a war that will determine who will emerge as Earth's dominant species. (c) Fox","posters":{"thumbnail":"http://content7.flixster.com/movie/11/17/53/11175341_mob.jpg","profile":"http://content7.flixster.com/movie/11/17/53/11175341_pro.jpg","detailed":"http://content7.flixster.com/movie/11/17/53/11175341_det.jpg","original":"http://content7.flixster.com/movie/11/17/53/11175341_ori.jpg"},"abridged_cast":[{"name":"Andy Serkis","id":"269710329","characters":["Caesar"]},{"name":"Jason Clarke","id":"359854726"},{"name":"Kodi Smit-McPhee","id":"770673434"},{"name":"Gary Oldman","id":"162652649"},{"name":"Keri Russell","id":"162685092"}],"alternate_ids":{"imdb":"2103281"},"links":{"self":"http://api.rottentomatoes.com/api/public/v1.0/movies/771308675.json","alternate":"http://www.rottentomatoes.com/m/dawn_of_the_planet_of_the_apes/","cast":"http://api.rottentomatoes.com/api/public/v1.0/movies/771308675/cast.json","clips":"http://api.rottentomatoes.com/api/public/v1.0/movies/771308675/clips.json","reviews":"http://api.rottentomatoes.com/api/public/v1.0/movies/771308675/reviews.json","similar":"http://api.rottentomatoes.com/api/public/v1.0/movies/771308675/similar.json"}},{"id":"155654983","title":"The Da Vinci Code","year":2006,"mpaa_rating":"PG-13","runtime":149,"critics_consensus":"What makes Dan Brown's novel a best seller is evidently not present in this dull and bloated movie adaptation of The Da Vinci Code.","release_dates":{"theater":"2006-05-19","dvd":"2006-11-14"},"ratings":{"critics_rating":"Rotten","critics_score":25,"audience_rating":"Spilled","audience_score":57},"synopsis":"","posters":{"thumbnail":"http://content7.flixster.com/movie/31/42/314213_mob.jpg","profile":"http://content7.flixster.com/movie/31/42/314213_pro.jpg","detailed":"http://content7.flixster.com/movie/31/42/314213_det.jpg","original":"http://content7.flixster.com/movie/31/42/314213_ori.jpg"},"abridged_cast":[{"name":"Tom Hanks","id":"162655641","characters":["Robert Langdon"]},{"name":"Audrey Tautou","id":"162668443","characters":["Sophie Neveu"]},{"name":"Ian McKellen","id":"162653241","characters":["Sir Leigh Teabing"]},{"name":"Alfred Molina","id":"162659152","characters":["Bishop Aringarosa"]},{"name":"Jurgen Prochnow","id":"162693957","characters":["Vernet"]}],"alternate_ids":{"imdb":"0382625"},"links":{"self":"http://api.rottentomatoes.com/api/public/v1.0/movies/155654983.json","alternate":"http://www.rottentomatoes.com/m/da_vinci_code/","cast":"http://api.rottentomatoes.com/api/public/v1.0/movies/155654983/cast.json","clips":"http://api.rottentomatoes.com/api/public/v1.0/movies/155654983/clips.json","reviews":"http://api.rottentomatoes.com/api/public/v1.0/movies/155654983/reviews.json","similar":"http://api.rottentomatoes.com/api/public/v1.0/movies/155654983/similar.json"}},{"id":"770683433","title":"The Imaginarium of Doctor Parnassus","year":2009,"mpaa_rating":"PG-13","runtime":123,"critics_consensus":"Terry Gilliam remains as indulgent as ever, but The Imaginarium of Doctor Parnassus represents a return to the intoxicatingly imaginative, darkly beautiful power of his earlier work, with fine performances to match all the visual spectacle.","release_dates":{"theater":"2009-12-25","dvd":"2010-04-27"},"ratings":{"critics_rating":"Fresh","critics_score":64,"audience_rating":"Upright","audience_score":60},"synopsis":"","posters":{"thumbnail":"http://content9.flixster.com/movie/10/91/88/10918875_mob.jpg","profile":"http://content9.flixster.com/movie/10/91/88/10918875_pro.jpg","detailed":"http://content9.flixster.com/movie/10/91/88/10918875_det.jpg","original":"http://content9.flixster.com/movie/10/91/88/10918875_ori.jpg"},"abridged_cast":[{"name":"Heath Ledger","id":"162652588","characters":["Tony"]},{"name":"Christopher Plummer","id":"162652929","characters":["Doctor Parnassus"]},{"name":"Tom Waits","id":"162688498","characters":["Mr. Nick"]},{"name":"Johnny Depp","id":"162652817","characters":["Imaginarium Tony #1"]},{"name":"Jude Law","id":"162659420","characters":["Imaginarium Tony #2"]}],"alternate_ids":{"imdb":"1054606"},"links":{"self":"http://api.rottentomatoes.com/api/public/v1.0/movies/770683433.json","alternate":"http://www.rottentomatoes.com/m/1190561-imaginarium_of_doctor_parnassus/","cast":"http://api.rottentomatoes.com/api/public/v1.0/movies/770683433/cast.json","clips":"http://api.rottentomatoes.com/api/public/v1.0/movies/770683433/clips.json","reviews":"http://api.rottentomatoes.com/api/public/v1.0/movies/770683433/reviews.json","similar":"http://api.rottentomatoes.com/api/public/v1.0/movies/770683433/similar.json"}},{"id":"770805258","title":"Did You Hear About the Morgans?","year":2009,"mpaa_rating":"PG-13","runtime":104,"critics_consensus":"It gets a certain amount of mileage out of the inherent likability of its stars, but with an unfunny script and a lack of onscreen chemistry, Did You Hear About the Morgans? falls flat.","release_dates":{"theater":"2009-12-18","dvd":"2010-03-16"},"ratings":{"critics_rating":"Rotten","critics_score":12,"audience_rating":"Spilled","audience_score":27},"synopsis":"","posters":{"thumbnail":"http://content6.flixster.com/movie/10/92/05/10920552_mob.jpg","profile":"http://content6.flixster.com/movie/10/92/05/10920552_pro.jpg","detailed":"http://content6.flixster.com/movie/10/92/05/10920552_det.jpg","original":"http://content6.flixster.com/movie/10/92/05/10920552_ori.jpg"},"abridged_cast":[{"name":"Hugh Grant","id":"162660188","characters":["Paul Morgan"]},{"name":"Sarah Jessica Parker","id":"162659060","characters":["Meryl Morgan"]},{"name":"Sam Elliott","id":"519471763","characters":["Clay Wheeler"]},{"name":"Mary Steenburgen","id":"162663795","characters":["Emma Wheeler"]},{"name":"Elisabeth Moss","id":"573849693","characters":["Jackie Drake"]}],"alternate_ids":{"imdb":"1314228"},"links":{"self":"http://api.rottentomatoes.com/api/public/v1.0/movies/770805258.json","alternate":"http://www.rottentomatoes.com/m/1213718-did_you_hear_about_the_morgans/","cast":"http://api.rottentomatoes.com/api/public/v1.0/movies/770805258/cast.json","clips":"http://api.rottentomatoes.com/api/public/v1.0/movies/770805258/clips.json","reviews":"http://api.rottentomatoes.com/api/public/v1.0/movies/770805258/reviews.json","similar":"http://api.rottentomatoes.com/api/public/v1.0/movies/770805258/similar.json"}},{"id":"770680566","title":"The Ruins","year":2008,"mpaa_rating":"R","runtime":90,"critics_consensus":"Despite a solid cast and truly frightening source material, The Ruins founders, thanks to a weak script and an excess of gore.","release_dates":{"theater":"2008-04-04","dvd":"2008-07-08"},"ratings":{"critics_rating":"Rotten","critics_score":48,"audience_rating":"Spilled","audience_score":30},"synopsis":"","posters":{"thumbnail":"http://content7.flixster.com/movie/10/92/26/10922657_mob.jpg","profile":"http://content7.flixster.com/movie/10/92/26/10922657_pro.jpg","detailed":"http://content7.flixster.com/movie/10/92/26/10922657_det.jpg","original":"http://content7.flixster.com/movie/10/92/26/10922657_ori.jpg"},"abridged_cast":[{"name":"Jonathan Tucker","id":"162690546","characters":["Jeff"]},{"name":"Jena Malone","id":"162655292","characters":["Amy"]},{"name":"Shawn Ashmore","id":"162653737","characters":["Eric"]},{"name":"Laura Ramsey","id":"770672011","characters":["Stacy"]},{"name":"Joe Anderson","id":"335717925","characters":["Mathias"]}],"alternate_ids":{"imdb":"0963794"},"links":{"self":"http://api.rottentomatoes.com/api/public/v1.0/movies/770680566.json","alternate":"http://www.rottentomatoes.com/m/the_ruins/","cast":"http://api.rottentomatoes.com/api/public/v1.0/movies/770680566/cast.json","clips":"http://api.rottentomatoes.com/api/public/v1.0/movies/770680566/clips.json","reviews":"http://api.rottentomatoes.com/api/public/v1.0/movies/770680566/reviews.json","similar":"http://api.rottentomatoes.com/api/public/v1.0/movies/770680566/similar.json"}}],"links":{"self":"http://api.rottentomatoes.com/api/public/v1.0/movies.json?q=the&page_limit=50&page=2","next":"http://api.rottentomatoes.com/api/public/v1.0/movies.json?q=the&page_limit=50&page=3","prev":"http://api.rottentomatoes.com/api/public/v1.0/movies.json?q=the&page_limit=50&page=1"},"link_template":"http://api.rottentomatoes.com/api/public/v1.0/movies.json?q={search-term}&page_limit={results-per-page}&page={page-number}"}