

{"total":52489,"movies":[{"id":"13624","title":"The Punisher","year":1989,"mpaa_rating":"R","runtime":92,"release_dates":{"theater":"1989-10-05","dvd":"2000-03-15"},"ratings":{"critics_rating":"Rotten","critics_score":24,"audience_rating":"Spilled","audience_score":33},"synopsis":"","posters":{"thumbnail":"http://content9.flixster.com/movie/27/06/270695_mob.jpg","profile":"http://content9.flixster.com/movie/27/06/270695_pro.jpg","detailed":"http://content9.flixster.com/movie/27/06/270695_det.jpg","original":"http://content9.flixster.com/movie/27/06/270695_ori.jpg"},"abridged_cast":[{"name":"Dolph Lundgren","id":"162664307","characters":["Frank Castle/The Punisher"]},{"name":"Louis Gossett Jr","id":"364627740","characters":["Jake Berkowitz"]},{"name":"Jeroen Krabbe","id":"162682176","characters":["Gianni Franco"]},{"name":"Bryan Marshall","id":"335717952","characters":["Dino Moretti"]},{"name":"Kim Miyori","id":"770713292","characters":["Lady Tanaka"]}],"alternate_ids":{"imdb":"0098141"},"links":{"self":"http://api.rottentomatoes.com/api/public/v1.0/movies/13624.json","alternate":"http://www.rottentomatoes.com/m/1030887-punisher/","cast":"http://api.rottentomatoes.com/api/public/v1.0/movies/13624/cast.json","clips":"http://api.rottentomatoes.com/api/public/v1.0/movies/13624/clips.json","reviews":"http://api.rottentomatoes.com/api/public/v1.0/movies/13624/reviews.json","similar":"http://api.rottentomatoes.com/api/public/v1.0/movies/13624/similar.json"}},{"id":"2772","title":"The Chumscrubber","year":2005,"mpaa_rating":"R","runtime":107,"critics_consensus":"This derivative poke at suburbia falls short of delivering a scathing indictment of upper middle-class disconnect.","release_dates":{"theater":"2005-08-05","dvd":"2006-01-10"},"ratings":{"critics_rating":"Rotten","critics_score":35,"audience_rating":"Upright","audience_score":76},"synopsis":"","posters":{"thumbnail":"http://content7.flixster.com/movie/24/99/249913_mob.jpg","profile":"http://content7.flixster.com/movie/24/99/249913_pro.jpg","detailed":"http://content7.flixster.com/movie/24/99/249913_det.jpg","original":"http://content7.flixster.com/movie/24/99/249913_ori.jpg"},"abridged_cast":[{"name":"Jamie Bell","id":"162653082","characters":["Dean Stiffle"]},{"name":"Camilla Belle","id":"162653083","characters":["Crystal Falls"]},{"name":"Justin Chatwin","id":"162652766","characters":["Billy"]},{"name":"Glenn Close","id":"162653084","characters":["Mrs. Johnson"]},{"name":"Rory Culkin","id":"162653085","characters":["Charlie Stiffle"]}],"alternate_ids":{"imdb":"0406650"},"links":{"self":"http://api.rottentomatoes.com/api/public/v1.0/movies/2772.json","alternate":"http://www.rottentomatoes.com/m/chumscrubber/","cast":"http://api.rottentomatoes.com/api/public/v1.0/movies/2772/cast.json","clips":"http://api.rottentomatoes.com/api/public/v1.0/movies/2772/clips.json","reviews":"http://api.rottentomatoes.com/api/public/v1.0/movies/2772/reviews.json","similar":"http://api.rottentomatoes.com/api/public/v1.0/movies/2772/similar.json"}},{"id":"771269389","title":"The ABCs of Death","year":2012,"mpaa_rating":"R","runtime":129,"critics_consensus":"As is often the case with anthology films, The ABCs of Death is wildly uneven, with several legitimately scary entries and a bunch more that miss the mark.","release_dates":{"theater":"2013-03-08","dvd":"2013-05-21"},"ratings":{"critics_rating":"Rotten","critics_score":36,"audience_rating":"Spilled","audience_score":25},"synopsis":"Twenty-six directors. Twenty-six ways to die. The ABC's OF DEATH is perhaps the most ambitious anthology film ever conceived with productions spanning fifteen countries and featuring segments directed by over two dozen of the world's leading talents in contemporary genre film. Inspired by children's educational books, the motion picture is comprised of twenty-six individual chapters; each helmed by a different director assigned a letter of the alphabet. The directors were then given free reign in choosing a word to create a story involving death. Provocative, shocking, funny and ultimately confrontational, THE ABC's OF DEATH is the definitive vision of modern horror diversity. (c) Magnolia","posters":{"thumbnail":"http://content6.flixster.com/movie/11/16/42/11164272_mob.jpg","profile":"http://content6.flixster.com/movie/11/16/42/11164272_pro.jpg","detailed":"http://content6.flixster.com/movie/11/16/42/11164272_det.jpg","original":"http://content6.flixster.com/movie/11/16/42/11164272_ori.jpg"},"abridged_cast":[{"name":"Dallas Malloy","id":"770994231"},{"name":"Kyra Zagorsky","id":"771397075"},{"name":"Peter Pedrero","id":"770725752"},{"name":"Darenzia","id":"770902592"},{"name":"Fraser Corbett","id":"771397076"}],"alternate_ids":{"imdb":"1935896"},"links":{"self":"http://api.rottentomatoes.com/api/public/v1.0/movies/771269389.json","alternate":"http://www.rottentomatoes.com/m/the_abcs_of_death/","cast":"http://api.rottentomatoes.com/api/public/v1.0/movies/771269389/cast.json","clips":"http://api.rottentomatoes.com/api/public/v1.0/movies/771269389/clips.json","reviews":"http://api.rottentomatoes.com/api/public/v1.0/movies/771269389/reviews.json","similar":"http://api.rottentomatoes.com/api/public/v1.0/movies/771269389/similar.json"}},{"id":"13472","title":"The United States of Leland","year":2002,"mpaa_rating":"R","runtime":108,"critics_consensus":"The United States of Leland has its moments, but they're undermined by a muddled plot, unsympathetic characters, and frustratingly uneven performances.","release_dates":{"theater":"2004-04-02","dvd":"2004-09-07"},"ratings":{"critics_rating":"Rotten","critics_score":34,"audience_rating":"Upright","audience_score":83},"synopsis":"","posters":{"thumbnail":"http://content7.flixster.com/movie/26/99/269913_mob.jpg","profile":"http://content7.flixster.com/movie/26/99/269913_pro.jpg","detailed":"http://content7.flixster.com/movie/26/99/269913_det.jpg","original":"http://content7.flixster.com/movie/26/99/269913_ori.jpg"},"abridged_cast":[{"name":"Don Cheadle","id":"162652206","characters":["Pearl Madison"]},{"name":"Ryan Gosling","id":"162654751","characters":["Leland Fitzgerald"]},{"name":"Chris Klein","id":"162655495","characters":["Allen Hughes"]},{"name":"Jena Malone","id":"162655292","characters":["Becky"]},{"name":"Lena Olin","id":"162677620","characters":["Marybeth Fitzgerald"]}],"alternate_ids":{"imdb":"0301976"},"links":{"self":"http://api.rottentomatoes.com/api/public/v1.0/movies/13472.json","alternate":"http://www.rottentomatoes.com/m/united_states_of_leland/","cast":"http://api.rottentomatoes.com/api/public/v1.0/movies/13472/cast.json","clips":"http://api.rottentomatoes.com/api/public/v1.0/movies/13472/clips.json","reviews":"http://api.rottentomatoes.com/api/public/v1.0/movies/13472/reviews.json","similar":"http://api.rottentomatoes.com/api/public/v1.0/movies/13472/similar.json"}},{"id":"9435","title":"20,000 Leagues Under The Sea","year":1954,"mpaa_rating":"G","runtime":60,"critics_consensus":"One of Disney's finest live-action adventures, 20,000 Leagues Under the Sea brings Jules Verne's classic sci-fi tale to vivid life, and features an awesome giant squid.","release_dates":{"theater":"1954-01-01","dvd":"2003-05-20"},"ratings":{"critics_rating":"Fresh","critics_score":89,"audience_rating":"Upright","audience_score":73},"synopsis":"","posters":{"thumbnail":"http://content7.flixster.com/movie/11/15/47/11154761_mob.jpg","profile":"http://content7.flixster.com/movie/11/15/47/11154761_pro.jpg","detailed":"http://content7.flixster.com/movie/11/15/47/11154761_det.jpg","original":"http://content7.flixster.com/movie/11/15/47/11154761_ori.jpg"},"abridged_cast":[{"name":"Kirk Douglas","id":"162656066","characters":["Ned Land"]},{"name":"James Mason","id":"162656011","characters":["Captain Nemo"]},{"name":"Paul Lukas","id":"364642371","characters":["Prof. Aronnax Narrator"]},{"name":"Peter Lorre","id":"326298629","characters":["Conseil"]},{"name":"Robert J. Wilke","id":"770700736","characters":["1st Mate of \"Nautilus\""]}],"alternate_ids":{"imdb":"0046672"},"links":{"self":"http://api.rottentomatoes.com/api/public/v1.0/movies/9435.json","alternate":"http://www.rottentomatoes.com/m/1000079-20000_leagues_under_the_sea/","cast":"http://api.rottentomatoes.com/api/public/v1.0/movies/9435/cast.json","clips":"http://api.rottentomatoes.com/api/public/v1.0/movies/9435/clips.json","reviews":"http://api.rottentomatoes.com/api/public/v1.0/movies/9435/reviews.json","similar":"http://api.rottentomatoes.com/api/public/v1.0/movies/9435/similar.json"}},{"id":"17052","title":"Rashomon (Rashomon) (In the Woods)","year":1951,"mpaa_rating":"Unrated","runtime":83,"critics_consensus":"One of legendary director Akira Kurosawa's most acclaimed films, Rashomon features an innovative narrative structure, brilliant acting, and a thoughtful exploration of reality versus perception.","release_dates":{"theater":"1951-12-26","dvd":"2002-03-26"},"ratings":{"critics_rating":"Certified Fresh","critics_score":100,"audience_rating":"Upright","audience_score":94},"synopsis":"","posters":{"thumbnail":"http://content9.flixster.com/movie/28/60/286019_mob.jpg","profile":"http://content9.flixster.com/movie/28/60/286019_pro.jpg","detailed":"http://content9.flixster.com/movie/28/60/286019_det.jpg","original":"http://content9.flixster.com/movie/28/60/286019_ori.jpg"},"abridged_cast":[{"name":"Toshiro Mifune","id":"326392191","characters":["Tajomaru the Bandit"]},{"name":"Masayuki Mori","id":"258276688","characters":["Takehiro the Nobleman"]},{"name":"Machiko Kyo","id":"341817939","characters":["Masago the Wife"]},{"name":"Takashi Shimura","id":"162667567","characters":["Woodcutter"]},{"name":"Minoru Chiaki","id":"359854923","characters":["Priest"]}],"links":{"self":"http://api.rottentomatoes.com/api/public/v1.0/movies/17052.json","alternate":"http://www.rottentomatoes.com/m/rashomon/","cast":"http://api.rottentomatoes.com/api/public/v1.0/movies/17052/cast.json","clips":"http://api.rottentomatoes.com/api/public/v1.0/movies/17052/clips.json","reviews":"http://api.rottentomatoes.com/api/public/v1.0/movies/17052/reviews.json","similar":"http://api.rottentomatoes.com/api/public/v1.0/movies/17052/similar.json"}},{"id":"14199","title":"The Crow - Salvation","year":2000,"mpaa_rating":"R","runtime":102,"critics_consensus":"The Crow: Salvation adds nothing new to the series and is plagued by bad acting and dialogue.","release_dates":{"theater":"2000-01-23","dvd":"2001-03-20"},"ratings":{"critics_rating":"Rotten","critics_score":22,"audience_rating":"Spilled","audience_score":43},"synopsis":"","posters":{"thumbnail":"http://content9.flixster.com/movie/10/93/21/10932155_mob.jpg","profile":"http://content9.flixster.com/movie/10/93/21/10932155_pro.jpg","detailed":"http://content9.flixster.com/movie/10/93/21/10932155_det.jpg","original":"http://content9.flixster.com/movie/10/93/21/10932155_ori.jpg"},"abridged_cast":[{"name":"Kirsten Dunst","id":"162654578","characters":["Erin Randall"]},{"name":"Eric Mabius","id":"397656252","characters":["Alex Corvis"]},{"name":"Jodi Lyn O'Keefe","id":"270661143","characters":["Lauren Randall"]},{"name":"William Atherton","id":"162768066","characters":["Nathan Randall"]},{"name":"Fred Ward","id":"162667867","characters":["Police Captain"]}],"alternate_ids":{"imdb":"0132910"},"links":{"self":"http://api.rottentomatoes.com/api/public/v1.0/movies/14199.json","alternate":"http://www.rottentomatoes.com/m/crow_salvation/","cast":"http://api.rottentomatoes.com/api/public/v1.0/movies/14199/cast.json","clips":"http://api.rottentomatoes.com/api/public/v1.0/movies/14199/clips.json","reviews":"http://api.rottentomatoes.com/api/public/v1.0/movies/14199/reviews.json","similar":"http://api.rottentomatoes.com/api/public/v1.0/movies/14199/similar.json"}},{"id":"13900","title":"Do the Right Thing","year":1989,"mpaa_rating":"R","runtime":120,"release_dates":{"theater":"1989-06-14","dvd":"2009-06-30"},"ratings":{"critics_rating":"Certified Fresh","critics_score":96,"audience_rating":"Upright","audience_score":90},"synopsis":"","posters":{"thumbnail":"http://content6.flixster.com/movie/27/20/272012_mob.jpg","profile":"http://content6.flixster.com/movie/27/20/272012_pro.jpg","detailed":"http://content6.flixster.com/movie/27/20/272012_det.jpg","original":"http://content6.flixster.com/movie/27/20/272012_ori.jpg"},"abridged_cast":[{"name":"Danny Aiello","id":"162661514","characters":["Sal"]},{"name":"Spike Lee","id":"162665730","characters":["Mookie"]},{"name":"Richard Edson","id":"162711361","characters":["Vito"]},{"name":"John Turturro","id":"162665207","characters":["Pino"]},{"name":"Giancarlo Esposito","id":"162690499","characters":["Buggin Out"]}],"alternate_ids":{"imdb":"0097216"},"links":{"self":"http://api.rottentomatoes.com/api/public/v1.0/movies/13900.json","alternate":"http://www.rottentomatoes.com/m/do_the_right_thing/","cast":"http://api.rottentomatoes.com/api/public/v1.0/movies/13900/cast.json","clips":"http://api.rottentomatoes.com/api/public/v1.0/movies/13900/clips.json","reviews":"http://api.rottentomatoes.com/api/public/v1.0/movies/13900/reviews.json","similar":"http://api.rottentomatoes.com/api/public/v1.0/movies/13900/similar.json"}},{"id":"11058","title":"The Man in the Moon","year":1991,"mpaa_rating":"PG-13","runtime":105,"critics_consensus":"It's sentimental, and some viewers may feel manipulated by the melodramatic final act, but The Man in the Moon offers a finely drawn coming-of-age story with an excellent cast -- including Reese Witherspoon in her film debut.","release_dates":{"theater":"1991-08-30","dvd":"2001-01-09"},"ratings":{"critics_rating":"Fresh","critics_score":89,"audience_rating":"Upright","audience_score":86},"synopsis":"","posters":{"thumbnail":"http://content7.flixster.com/movie/63/65/90/6365909_mob.jpg","profile":"http://content7.flixster.com/movie/63/65/90/6365909_pro.jpg","detailed":"http://content7.flixster.com/movie/63/65/90/6365909_det.jpg","original":"http://content7.flixster.com/movie/63/65/90/6365909_ori.jpg"},"abridged_cast":[{"name":"Sam Waterston","id":"162669019","characters":["Matthew Trant"]},{"name":"Tess Harper","id":"162654631","characters":["Abigail Trant"]},{"name":"Gail Strickland","id":"270615752","characters":["Marie Foster"]},{"name":"Reese Witherspoon","id":"162653903","characters":["Dani Trant"]},{"name":"Jason London","id":"162696267","characters":["Court Foster"]}],"alternate_ids":{"imdb":"0102388"},"links":{"self":"http://api.rottentomatoes.com/api/public/v1.0/movies/11058.json","alternate":"http://www.rottentomatoes.com/m/1037780-man_in_the_moon/","cast":"http://api.rottentomatoes.com/api/public/v1.0/movies/11058/cast.json","clips":"http://api.rottentomatoes.com/api/public/v1.0/movies/11058/clips.json","reviews":"http://api.rottentomatoes.com/api/public/v1.0/movies/11058/reviews.json","similar":"http://api.rottentomatoes.com/api/public/v1.0/movies/11058/similar.json"}},{"id":"10187","title":"The Bridges of Madison County","year":1995,"mpaa_rating":"PG-13","runtime":135,"critics_consensus":"Sentimental, slow, schmaltzy, and very satisfying, The Bridges of Madison County finds Clint Eastwood adapting a bestseller with heft, wit, and grace.","release_dates":{"theater":"1995-06-02","dvd":"1997-09-25"},"ratings":{"critics_rating":"Certified Fresh","critics_score":89,"audience_rating":"Upright","audience_score":88},"synopsis":"","posters":{"thumbnail":"http://content6.flixster.com/movie/11/16/45/11164516_mob.jpg","profile":"http://content6.flixster.com/movie/11/16/45/11164516_pro.jpg","detailed":"http://content6.flixster.com/movie/11/16/45/11164516_det.jpg","original":"http://content6.flixster.com/movie/11/16/45/11164516_ori.jpg"},"abridged_cast":[{"name":"Clint Eastwood","id":"162659169","characters":["Robert Kincaid"]},{"name":"Meryl Streep","id":"162654900","characters":["Francesca Johnson"]},{"name":"Annie Corley","id":"162738883","characters":["Caroline"]},{"name":"Victor Slezak","id":"770687013","characters":["Michael Johnson"]},{"name":"Jim Haynie","id":"770671230","characters":["Richard Johnson"]}],"alternate_ids":{"imdb":"0112579"},"links":{"self":"http://api.rottentomatoes.com/api/public/v1.0/movies/10187.json","alternate":"http://www.rottentomatoes.com/m/bridges_of_madison_county/","cast":"http://api.rottentomatoes.com/api/public/v1.0/movies/10187/cast.json","clips":"http://api.rottentomatoes.com/api/public/v1.0/movies/10187/clips.json","reviews":"http://api.rottentomatoes.com/api/public/v1.0/movies/10187/reviews.json","similar":"http://api.rottentomatoes.com/api/public/v1.0/movies/10187/similar.json"}},{"id":"770676625","title":"The Wackness","year":2008,"mpaa_rating":"R","runtime":99,"critics_consensus":"Sympathetic characters and a clever script help The Wackness overcome a familiar plot to make for a charming coming-of-age comedy.","release_dates":{"theater":"2008-07-03","dvd":"2009-01-06"},"ratings":{"critics_rating":"Fresh","critics_score":69,"audience_rating":"Upright","audience_score":72},"synopsis":"","posters":{"thumbnail":"http://content8.flixster.com/movie/10/84/37/10843710_mob.jpg","profile":"http://content8.flixster.com/movie/10/84/37/10843710_pro.jpg","detailed":"http://content8.flixster.com/movie/10/84/37/10843710_det.jpg","original":"http://content8.flixster.com/movie/10/84/37/10843710_ori.jpg"},"abridged_cast":[{"name":"Ben Kingsley","id":"162653703","characters":["Dr. Jeffrey Squires"]},{"name":"Josh Peck","id":"341817696","characters":["Luke Shapiro"]},{"name":"Famke Janssen","id":"162669246","characters":["Mrs. Squires"]},{"name":"Olivia Thirlby","id":"326433362","characters":["Stephanie"]},{"name":"Mary-Kate Olsen","id":"162657457","characters":["Union"]}],"alternate_ids":{"imdb":"1082886"},"links":{"self":"http://api.rottentomatoes.com/api/public/v1.0/movies/770676625.json","alternate":"http://www.rottentomatoes.com/m/wackness/","cast":"http://api.rottentomatoes.com/api/public/v1.0/movies/770676625/cast.json","clips":"http://api.rottentomatoes.com/api/public/v1.0/movies/770676625/clips.json","reviews":"http://api.rottentomatoes.com/api/public/v1.0/movies/770676625/reviews.json","similar":"http://api.rottentomatoes.com/api/public/v1.0/movies/770676625/similar.json"}},{"id":"22023","title":"The Dirty Dozen","year":1967,"mpaa_rating":"Unrated","runtime":150,"release_dates":{"theater":"1967-06-15","dvd":"1998-04-28"},"ratings":{"critics_rating":"Fresh","critics_score":95,"audience_rating":"Upright","audience_score":90},"synopsis":"","posters":{"thumbnail":"http://content6.flixster.com/movie/11/16/73/11167328_mob.jpg","profile":"http://content6.flixster.com/movie/11/16/73/11167328_pro.jpg","detailed":"http://content6.flixster.com/movie/11/16/73/11167328_det.jpg","original":"http://content6.flixster.com/movie/11/16/73/11167328_ori.jpg"},"abridged_cast":[{"name":"Lee Marvin","id":"162678990","characters":["Maj. Reisman"]},{"name":"Ernest Borgnine","id":"162656224","characters":["Gen. Worden"]},{"name":"Charles Bronson","id":"162660991","characters":["Joseph Wladislaw"]},{"name":"Jim Brown","id":"162699351","characters":["Robert Jefferson"]},{"name":"John Cassavetes","id":"162673270","characters":["Victor Franko"]}],"alternate_ids":{"imdb":"0061578"},"links":{"self":"http://api.rottentomatoes.com/api/public/v1.0/movies/22023.json","alternate":"http://www.rottentomatoes.com/m/dirty_dozen/","cast":"http://api.rottentomatoes.com/api/public/v1.0/movies/22023/cast.json","clips":"http://api.rottentomatoes.com/api/public/v1.0/movies/22023/clips.json","reviews":"http://api.rottentomatoes.com/api/public/v1.0/movies/22023/reviews.json","similar":"http://api.rottentomatoes.com/api/public/v1.0/movies/22023/similar.json"}},{"id":"770669285","title":"The Dukes","year":2007,"mpaa_rating":"PG-13","runtime":96,"critics_consensus":"Despite the charming principal performances, The Dukes remains little more than an unambitious pet project.","release_dates":{"theater":"2007-04-23","dvd":"2010-05-04"},"ratings":{"critics_rating":"Rotten","critics_score":57,"audience_rating":"Spilled","audience_score":33},"synopsis":"","posters":{"thumbnail":"http://content7.flixster.com/movie/10/88/62/10886233_mob.jpg","profile":"http://content7.flixster.com/movie/10/88/62/10886233_pro.jpg","detailed":"http://content7.flixster.com/movie/10/88/62/10886233_det.jpg","original":"http://content7.flixster.com/movie/10/88/62/10886233_ori.jpg"},"abridged_cast":[{"name":"Chazz Palminteri","id":"162655475","characters":["George Zucco"]},{"name":"Robert Davi","id":"162669828","characters":["Danny DePasquale"]},{"name":"Peter Bogdanovich","id":"162655999","characters":["Lou Fiola"]},{"name":"Frank D'Amico","id":"770813276","characters":["Armond Kaputo"]},{"name":"Elya Baskin","id":"770669294","characters":["Murph"]}],"alternate_ids":{"imdb":"0470737"},"links":{"self":"http://api.rottentomatoes.com/api/public/v1.0/movies/770669285.json","alternate":"http://www.rottentomatoes.com/m/dukes/","cast":"http://api.rottentomatoes.com/api/public/v1.0/movies/770669285/cast.json","clips":"http://api.rottentomatoes.com/api/public/v1.0/movies/770669285/clips.json","reviews":"http://api.rottentomatoes.com/api/public/v1.0/movies/770669285/reviews.json","similar":"http://api.rottentomatoes.com/api/public/v1.0/movies/770669285/similar.json"}},{"id":"10507","title":"The Conversation","year":1974,"mpaa_rating":"PG","runtime":113,"critics_consensus":"This tense, paranoid thriller presents Francis Ford Coppola at his finest -- and makes some remarkably advanced arguments about technology's role in society that still resonate today.","release_dates":{"theater":"1974-04-07","dvd":"2000-12-12"},"ratings":{"critics_rating":"Certified Fresh","critics_score":98,"audience_rating":"Upright","audience_score":90},"synopsis":"","posters":{"thumbnail":"http://content6.flixster.com/movie/11/15/65/11156508_mob.jpg","profile":"http://content6.flixster.com/movie/11/15/65/11156508_pro.jpg","detailed":"http://content6.flixster.com/movie/11/15/65/11156508_det.jpg","original":"http://content6.flixster.com/movie/11/15/65/11156508_ori.jpg"},"abridged_cast":[{"name":"Gene Hackman","id":"162661704","characters":["Harry Caul"]},{"name":"John Cazale","id":"162664256","characters":["Stanley"]},{"name":"Allen Garfield","id":"162720690","characters":["William P. \"Bernie\" Moran"]},{"name":"Frederic Forrest","id":"162666838","characters":["Mark"]},{"name":"Cindy Williams","id":"162679001","characters":["Ann"]}],"alternate_ids":{"imdb":"0071360"},"links":{"self":"http://api.rottentomatoes.com/api/public/v1.0/movies/10507.json","alternate":"http://www.rottentomatoes.com/m/conversation/","cast":"http://api.rottentomatoes.com/api/public/v1.0/movies/10507/cast.json","clips":"http://api.rottentomatoes.com/api/public/v1.0/movies/10507/clips.json","reviews":"http://api.rottentomatoes.com/api/public/v1.0/movies/10507/reviews.json","similar":"http://api.rottentomatoes.com/api/public/v1.0/movies/10507/similar.json"}},{"id":"24222","title":"The Three Burials of Melquiades Estrada","year":2006,"mpaa_rating":"R","runtime":121,"critics_consensus":"Tommy Lee Jones' directorial debut is both a potent western and a powerful morality tale.","release_dates":{"theater":"2006-02-03","dvd":"2006-06-06"},"ratings":{"critics_rating":"Certified Fresh","critics_score":85,"audience_rating":"Upright","audience_score":82},"synopsis":"","posters":{"thumbnail":"http://content7.flixster.com/movie/31/17/311713_mob.jpg","profile":"http://content7.flixster.com/movie/31/17/311713_pro.jpg","detailed":"http://content7.flixster.com/movie/31/17/311713_det.jpg","original":"http://content7.flixster.com/movie/31/17/311713_ori.jpg"},"abridged_cast":[{"name":"Tommy Lee Jones","id":"162666788","characters":["Pete Perkins"]},{"name":"Barry Pepper","id":"162671262","characters":["Mike Norton"]},{"name":"Julio Cedillo","id":"326397480","characters":["Melquiades Estrada"]},{"name":"Dwight Yoakam","id":"162694731","characters":["Sheriff Frank Belmont"]},{"name":"January Jones","id":"326397479","characters":["Lou Ann Norton"]}],"alternate_ids":{"imdb":"0419294"},"links":{"self":"http://api.rottentomatoes.com/api/public/v1.0/movies/24222.json","alternate":"http://www.rottentomatoes.com/m/three_burials_of_melquiades_estrada/","cast":"http://api.rottentomatoes.com/api/public/v1.0/movies/24222/cast.json","clips":"http://api.rottentomatoes.com/api/public/v1.0/movies/24222/clips.json","reviews":"http://api.rottentomatoes.com/api/public/v1.0/movies/24222/reviews.json","similar":"http://api.rottentomatoes.com/api/public/v1.0/movies/24222/similar.json"}},{"id":"12484","title":"The Manchurian Candidate","year":1962,"mpaa_rating":"PG-13","runtime":126,"critics_consensus":"A classic blend of satire and political thriller that was uncomfortably prescient in its own time, The Manchurian Candidate remains distressingly relevant today.","release_dates":{"theater":"1962-10-24","dvd":"2001-05-15"},"ratings":{"critics_rating":"Certified Fresh","critics_score":98,"audience_rating":"Upright","audience_score":91},"synopsis":"","posters":{"thumbnail":"http://content7.flixster.com/movie/26/56/265601_mob.jpg","profile":"http://content7.flixster.com/movie/26/56/265601_pro.jpg","detailed":"http://content7.flixster.com/movie/26/56/265601_det.jpg","original":"http://content7.flixster.com/movie/26/56/265601_ori.jpg"},"abridged_cast":[{"name":"Frank Sinatra","id":"162667517","characters":["Bennett Marco"]},{"name":"Laurence Harvey","id":"162659032","characters":["Raymond Shaw"]},{"name":"Janet Leigh","id":"162664083","characters":["Rosie"]},{"name":"Angela Lansbury","id":"162655855","characters":["Mrs. Iselin"]},{"name":"Henry Silva","id":"162689732","characters":["Chunjin"]}],"alternate_ids":{"imdb":"0056218"},"links":{"self":"http://api.rottentomatoes.com/api/public/v1.0/movies/12484.json","alternate":"http://www.rottentomatoes.com/m/1013227-manchurian_candidate/","cast":"http://api.rottentomatoes.com/api/public/v1.0/movies/12484/cast.json","clips":"http://api.rottentomatoes.com/api/public/v1.0/movies/12484/clips.json","reviews":"http://api.rottentomatoes.com/api/public/v1.0/movies/12484/reviews.json","similar":"http://api.rottentomatoes.com/api/public/v1.0/movies/12484/similar.json"}},{"id":"771267753","title":"To the Arctic","year":2012,"mpaa_rating":"G","runtime":40,"release_dates":{"theater":"2012-04-20","dvd":"2013-03-26"},"ratings":{"critics_rating":"Fresh","critics_score":67,"audience_rating":"Upright","audience_score":67},"synopsis":"An extraordinary journey to the top of the world, the documentary adventure To The Arctic tells the ultimate tale of survival. Narrated by Meryl Streep, the film takes audiences on a never-before-experienced journey into the lives of a mother polar bear and her twin seven-month-old cubs as they navigate the changing Arctic wilderness they call home. Captivating, adventurous and intimate footage brings moviegoers up close and personal with this family's struggle to survive in a frigid environment of melting ice, immense glaciers, spectacular waterfalls, and majestic snow-bound peaks. -- (C) Warner Bros","posters":{"thumbnail":"http://content7.flixster.com/movie/11/17/03/11170389_mob.jpg","profile":"http://content7.flixster.com/movie/11/17/03/11170389_pro.jpg","detailed":"http://content7.flixster.com/movie/11/17/03/11170389_det.jpg","original":"http://content7.flixster.com/movie/11/17/03/11170389_ori.jpg"},"abridged_cast":[{"name":"Meryl Streep","id":"162654900","characters":["Meryl Streep","Narrator"]},{"name":"Susan Sarandon","id":"162654579","characters":["Narrator"]}],"alternate_ids":{"imdb":"2073128"},"links":{"self":"http://api.rottentomatoes.com/api/public/v1.0/movies/771267753.json","alternate":"http://www.rottentomatoes.com/m/to_the_arctic/","cast":"http://api.rottentomatoes.com/api/public/v1.0/movies/771267753/cast.json","clips":"http://api.rottentomatoes.com/api/public/v1.0/movies/771267753/clips.json","reviews":"http://api.rottentomatoes.com/api/public/v1.0/movies/771267753/reviews.json","similar":"http://api.rottentomatoes.com/api/public/v1.0/movies/771267753/similar.json"}},{"id":"771266105","title":"The House I Live In","year":2012,"mpaa_rating":"Unrated","runtime":110,"release_dates":{"theater":"2012-10-05","dvd":"2013-07-02"},"ratings":{"critics_rating":"Certified Fresh","critics_score":94,"audience_rating":"Upright","audience_score":86},"synopsis":"Why We Fight director Eugene Jarecki shifts his focus from the military industrial complex to the War on Drugs in this documentary exploring the risks that prohibition poses to freedom, and the tragedy of addicts being treated as criminals. In the four decades since the War on Drugs commenced, over 45 millions of addicts have been arrested - and for each one jailed, another family is destroyed. Meanwhile, the prisons in America are growing overcrowded with non-violent criminals, and illegal drugs are still being sold in schoolyards. By examining just where it all went wrong, Jarecki reveals that a solution is possible if we can just find it in ourselves to be compassionate, and see past the decades of paranoia and propaganda. ~ Jason Buchanan, Rovi","posters":{"thumbnail":"http://content7.flixster.com/movie/11/16/66/11166621_mob.jpg","profile":"http://content7.flixster.com/movie/11/16/66/11166621_pro.jpg","detailed":"http://content7.flixster.com/movie/11/16/66/11166621_det.jpg","original":"http://content7.flixster.com/movie/11/16/66/11166621_ori.jpg"},"abridged_cast":[{"name":"Michelle Alexander","id":"771423227"},{"name":"Shaniqua Benitez","id":"771423228"},{"name":"Mark Bennett","id":"770843214"},{"name":"Mike Carpenter","id":"771268511"},{"name":"Larry Cearly","id":"771423229"}],"alternate_ids":{"imdb":"2125653"},"links":{"self":"http://api.rottentomatoes.com/api/public/v1.0/movies/771266105.json","alternate":"http://www.rottentomatoes.com/m/the_house_i_live_in/","cast":"http://api.rottentomatoes.com/api/public/v1.0/movies/771266105/cast.json","clips":"http://api.rottentomatoes.com/api/public/v1.0/movies/771266105/clips.json","reviews":"http://api.rottentomatoes.com/api/public/v1.0/movies/771266105/reviews.json","similar":"http://api.rottentomatoes.com/api/public/v1.0/movies/771266105/similar.json"}},{"id":"18329","title":"The Big Sleep","year":1946,"mpaa_rating":"PG","runtime":116,"release_dates":{"theater":"1946-08-31","dvd":"2000-02-15"},"ratings":{"critics_rating":"Certified Fresh","critics_score":96,"audience_rating":"Upright","audience_score":91},"synopsis":"","posters":{"thumbnail":"http://content8.flixster.com/movie/11/17/26/11172646_mob.jpg","profile":"http://content8.flixster.com/movie/11/17/26/11172646_pro.jpg","detailed":"http://content8.flixster.com/movie/11/17/26/11172646_det.jpg","original":"http://content8.flixster.com/movie/11/17/26/11172646_ori.jpg"},"abridged_cast":[{"name":"Humphrey Bogart","id":"162659524","characters":["Philip Marlowe"]},{"name":"Lauren Bacall","id":"162662272","characters":["Vivian Sternwood Rutledge"]},{"name":"John Ridgely","id":"335716139","characters":["Eddie Mars"]},{"name":"Martha Vickers","id":"335716141","characters":["Carmen Sternwood"]},{"name":"Dorothy Malone","id":"335716142","characters":["Book Seller"]}],"alternate_ids":{"imdb":"0038355"},"links":{"self":"http://api.rottentomatoes.com/api/public/v1.0/movies/18329.json","alternate":"http://www.rottentomatoes.com/m/1002352-big_sleep/","cast":"http://api.rottentomatoes.com/api/public/v1.0/movies/18329/cast.json","clips":"http://api.rottentomatoes.com/api/public/v1.0/movies/18329/clips.json","reviews":"http://api.rottentomatoes.com/api/public/v1.0/movies/18329/reviews.json","similar":"http://api.rottentomatoes.com/api/public/v1.0/movies/18329/similar.json"}},{"id":"17965","title":"Das Boot (The Boat)","year":1981,"mpaa_rating":"R","runtime":145,"critics_consensus":"Taut, breathtakingly thrilling, and devastatingly intelligent, Das Boot is one of the greatest war films ever made.","release_dates":{"theater":"1981-09-17","dvd":"1997-12-10"},"ratings":{"critics_rating":"Certified Fresh","critics_score":98,"audience_rating":"Upright","audience_score":96},"synopsis":"","posters":{"thumbnail":"http://content6.flixster.com/movie/10/92/18/10921888_mob.jpg","profile":"http://content6.flixster.com/movie/10/92/18/10921888_pro.jpg","detailed":"http://content6.flixster.com/movie/10/92/18/10921888_det.jpg","original":"http://content6.flixster.com/movie/10/92/18/10921888_ori.jpg"},"abridged_cast":[{"name":"Jurgen Prochnow","id":"162693957","characters":["The Capt."]},{"name":"Herbert Gronemeyer","id":"162678758","characters":["Lt. Werner/Correspondent"]},{"name":"Klaus Wennemann","id":"770750571","characters":["Chief Engineer"]},{"name":"Hubertus Bengsch","id":"770799323","characters":["First Lt. /Number One"]},{"name":"Martin Semmelrogge","id":"770799324","characters":["2nd Lieutenant"]}],"alternate_ids":{"imdb":"0082096"},"links":{"self":"http://api.rottentomatoes.com/api/public/v1.0/movies/17965.json","alternate":"http://www.rottentomatoes.com/m/das_boot/","cast":"http://api.rottentomatoes.com/api/public/v1.0/movies/17965/cast.json","clips":"http://api.rottentomatoes.com/api/public/v1.0/movies/17965/clips.json","reviews":"http://api.rottentomatoes.com/api/public/v1.0/movies/17965/reviews.json","similar":"http://api.rottentomatoes.com/api/public/v1.0/movies/17965/similar.json"}},{"id":"155655104","title":"The Heart of the Game","year":2005,"mpaa_rating":"PG-13","runtime":97,"critics_consensus":"This group of high school girls and their eccentric basketball coach easily win your heart with their unusual humanity and dynamism.","release_dates":{"theater":"2005-06-11","dvd":"2007-02-27"},"ratings":{"critics_rating":"Certified Fresh","critics_score":86,"audience_rating":"Upright","audience_score":83},"synopsis":"","posters":{"thumbnail":"http://content7.flixster.com/movie/10/89/81/10898133_mob.jpg","profile":"http://content7.flixster.com/movie/10/89/81/10898133_pro.jpg","detailed":"http://content7.flixster.com/movie/10/89/81/10898133_det.jpg","original":"http://content7.flixster.com/movie/10/89/81/10898133_ori.jpg"},"abridged_cast":[{"name":"Chris \"Ludacris\" Bridges","id":"770800724","characters":["Narrator"]},{"name":"Darnellia Russell","id":"770760555"},{"name":"Bill Resler","id":"326392137"},{"name":"Devon Crosby-Helms","id":"326392138"},{"name":"Meghan Miller","id":"326392139"}],"alternate_ids":{"imdb":"0478166"},"links":{"self":"http://api.rottentomatoes.com/api/public/v1.0/movies/155655104.json","alternate":"http://www.rottentomatoes.com/m/the-heart-of-the-game/","cast":"http://api.rottentomatoes.com/api/public/v1.0/movies/155655104/cast.json","clips":"http://api.rottentomatoes.com/api/public/v1.0/movies/155655104/clips.json","reviews":"http://api.rottentomatoes.com/api/public/v1.0/movies/155655104/reviews.json","similar":"http://api.rottentomatoes.com/api/public/v1.0/movies/155655104/similar.json"}},{"id":"770678101","title":"Izgnanie (The Banishment)","year":2007,"mpaa_rating":"Unrated","runtime":157,"critics_consensus":"Beautifully shot, but ultimately disappointing, lumbering sophomore effort from Russian potential great Andrey Zvyagintsev.","release_dates":{"theater":"2007-12-13"},"ratings":{"critics_rating":"Rotten","critics_score":59,"audience_rating":"Upright","audience_score":74},"synopsis":"","posters":{"thumbnail":"http://content6.flixster.com/movie/10/28/45/10284532_mob.jpg","profile":"http://content6.flixster.com/movie/10/28/45/10284532_pro.jpg","detailed":"http://content6.flixster.com/movie/10/28/45/10284532_det.jpg","original":"http://content6.flixster.com/movie/10/28/45/10284532_ori.jpg"},"abridged_cast":[{"name":"Konstantin Lavronenko","id":"770676876","characters":["Alex"]},{"name":"Maria Bonnevie","id":"162678033","characters":["Vera"]},{"name":"Alexander Baluev","id":"770811990","characters":["Mark"]},{"name":"Maxim Shibaev","id":"770699427","characters":["Kir"]},{"name":"Katya Kulkina","id":"771057279","characters":["Eva"]}],"alternate_ids":{"imdb":"0488905"},"links":{"self":"http://api.rottentomatoes.com/api/public/v1.0/movies/770678101.json","alternate":"http://www.rottentomatoes.com/m/the_banishment/","cast":"http://api.rottentomatoes.com/api/public/v1.0/movies/770678101/cast.json","clips":"http://api.rottentomatoes.com/api/public/v1.0/movies/770678101/clips.json","reviews":"http://api.rottentomatoes.com/api/public/v1.0/movies/770678101/reviews.json","similar":"http://api.rottentomatoes.com/api/public/v1.0/movies/770678101/similar.json"}},{"id":"770682599","title":"The Yellow Handkerchief","year":2008,"mpaa_rating":"PG-13","runtime":102,"critics_consensus":"Small and intimate -- occasionally to a fault -- The Yellow Handkerchief rises above its overly familiar ingredients thanks to riveting performances from William Hurt and Kristen Stewart.","release_dates":{"theater":"2010-02-26","dvd":"2010-07-01"},"ratings":{"critics_rating":"Fresh","critics_score":67,"audience_rating":"Spilled","audience_score":59},"synopsis":"","posters":{"thumbnail":"http://content8.flixster.com/movie/10/92/66/10926654_mob.jpg","profile":"http://content8.flixster.com/movie/10/92/66/10926654_pro.jpg","detailed":"http://content8.flixster.com/movie/10/92/66/10926654_det.jpg","original":"http://content8.flixster.com/movie/10/92/66/10926654_ori.jpg"},"abridged_cast":[{"name":"William Hurt","id":"162654544","characters":["Brett Hanson"]},{"name":"Maria Bello","id":"162654542","characters":["May"]},{"name":"Kristen Stewart","id":"162655167","characters":["Martine"]},{"name":"Eddie Redmayne","id":"358068995","characters":["Gordy"]},{"name":"Kaori Momoi","id":"265845065","characters":["Motel Owner"]}],"alternate_ids":{"imdb":"0954990"},"links":{"self":"http://api.rottentomatoes.com/api/public/v1.0/movies/770682599.json","alternate":"http://www.rottentomatoes.com/m/yellow_handkerchief/","cast":"http://api.rottentomatoes.com/api/public/v1.0/movies/770682599/cast.json","clips":"http://api.rottentomatoes.com/api/public/v1.0/movies/770682599/clips.json","reviews":"http://api.rottentomatoes.com/api/public/v1.0/movies/770682599/reviews.json","similar":"http://api.rottentomatoes.com/api/public/v1.0/movies/770682599/similar.json"}},{"id":"10268","title":"The X-Files - Fight the Future","year":1998,"mpaa_rating":"PG-13","runtime":120,"critics_consensus":"Results may vary for newcomers, but fans of the series will enjoy its big-screen transition.","release_dates":{"theater":"1998-06-19","dvd":"1999-05-04"},"ratings":{"critics_rating":"Fresh","critics_score":64,"audience_rating":"Upright","audience_score":72},"synopsis":"","posters":{"thumbnail":"http://content6.flixster.com/movie/11/16/48/11164808_mob.jpg","profile":"http://content6.flixster.com/movie/11/16/48/11164808_pro.jpg","detailed":"http://content6.flixster.com/movie/11/16/48/11164808_det.jpg","original":"http://content6.flixster.com/movie/11/16/48/11164808_ori.jpg"},"abridged_cast":[{"name":"David Duchovny","id":"162661591","characters":["Agent Fox Mulder"]},{"name":"Gillian Anderson","id":"162661592","characters":["Agent Dana Scully"]},{"name":"Martin Landau","id":"162658209","characters":["Dr. Alvin Kurtzweil"]},{"name":"Armin Mueller-Stahl","id":"162662205","characters":["Conrad Strughold"]},{"name":"Blythe Danner","id":"162659375","characters":["Jana Cassidy"]}],"alternate_ids":{"imdb":"0120902"},"links":{"self":"http://api.rottentomatoes.com/api/public/v1.0/movies/10268.json","alternate":"http://www.rottentomatoes.com/m/xfiles_fight_the_future/","cast":"http://api.rottentomatoes.com/api/public/v1.0/movies/10268/cast.json","clips":"http://api.rottentomatoes.com/api/public/v1.0/movies/10268/clips.json","reviews":"http://api.rottentomatoes.com/api/public/v1.0/movies/10268/reviews.json","similar":"http://api.rottentomatoes.com/api/public/v1.0/movies/10268/similar.json"}},{"id":"771205410","title":"The Whistleblower","year":2010,"mpaa_rating":"R","runtime":112,"critics_consensus":"Rachel Weisz puts on a compelling smoldering act though the film suffers from a literal-minded approach to the material.","release_dates":{"theater":"2011-08-05","dvd":"2012-01-24"},"ratings":{"critics_rating":"Certified Fresh","critics_score":74,"audience_rating":"Upright","audience_score":72},"synopsis":"This ripped-from-the-headlines thriller is inspired by actual events. Kathy Bolkovac (Rachel Weisz) is a Nebraskan police officer who takes a job working as a peacekeeper in post-war Bosnia. Her expectations of helping to rebuild a devastated country are dashed when she uncovers a dangerous reality of corruption, cover-up and intrigue amid a world of private contractors and multinational diplomatic doubletalk. -- (C) Samuel Goldwyn","posters":{"thumbnail":"http://content7.flixster.com/movie/11/15/84/11158477_mob.jpg","profile":"http://content7.flixster.com/movie/11/15/84/11158477_pro.jpg","detailed":"http://content7.flixster.com/movie/11/15/84/11158477_det.jpg","original":"http://content7.flixster.com/movie/11/15/84/11158477_ori.jpg"},"abridged_cast":[{"name":"Rachel Weisz","id":"162653682","characters":["Kathryn Bolkovac","Kathy Bolkovac"]},{"name":"Vanessa Redgrave","id":"162656201","characters":["Madeleine Rees"]},{"name":"Monica Bellucci","id":"162653503","characters":["Laura Leviani","Laural Leviani"]},{"name":"David Strathairn","id":"162654527","characters":["Peter Ward"]},{"name":"Nikolaj Lie Kaas","id":"162678032","characters":["Jan Van Der Velde"]}],"alternate_ids":{"imdb":"0896872"},"links":{"self":"http://api.rottentomatoes.com/api/public/v1.0/movies/771205410.json","alternate":"http://www.rottentomatoes.com/m/the_whistleblower/","cast":"http://api.rottentomatoes.com/api/public/v1.0/movies/771205410/cast.json","clips":"http://api.rottentomatoes.com/api/public/v1.0/movies/771205410/clips.json","reviews":"http://api.rottentomatoes.com/api/public/v1.0/movies/771205410/reviews.json","similar":"http://api.rottentomatoes.com/api/public/v1.0/movies/771205410/similar.json"}},{"id":"11464","title":"The Glass House","year":2001,"mpaa_rating":"PG-13","runtime":106,"critics_consensus":"Due to obvious plot twists and foreshadowing, The Glass House fails to thrill. By the end, it degenerates into ludicrousness.","release_dates":{"theater":"2001-09-14","dvd":"2002-01-02"},"ratings":{"critics_rating":"Rotten","critics_score":21,"audience_rating":"Spilled","audience_score":40},"synopsis":"","posters":{"thumbnail":"http://content9.flixster.com/movie/11/12/61/11126167_mob.jpg","profile":"http://content9.flixster.com/movie/11/12/61/11126167_pro.jpg","detailed":"http://content9.flixster.com/movie/11/12/61/11126167_det.jpg","original":"http://content9.flixster.com/movie/11/12/61/11126167_ori.jpg"},"abridged_cast":[{"name":"Leelee Sobieski","id":"162672223","characters":["Ruby"]},{"name":"Diane Lane","id":"162652926","characters":["Erin"]},{"name":"Stellan Skarsgard","id":"162684205","characters":["Terry"]},{"name":"Bruce Dern","id":"162658850","characters":["Begleiter"]},{"name":"Kathy Baker","id":"162654642","characters":["Nancy Ryan"]}],"alternate_ids":{"imdb":"0221218"},"links":{"self":"http://api.rottentomatoes.com/api/public/v1.0/movies/11464.json","alternate":"http://www.rottentomatoes.com/m/glass_house/","cast":"http://api.rottentomatoes.com/api/public/v1.0/movies/11464/cast.json","clips":"http://api.rottentomatoes.com/api/public/v1.0/movies/11464/clips.json","reviews":"http://api.rottentomatoes.com/api/public/v1.0/movies/11464/reviews.json","similar":"http://api.rottentomatoes.com/api/public/v1.0/movies/11464/similar.json"}},{"id":"190814207","title":"The Road To Guantanamo","year":2006,"mpaa_rating":"R","runtime":95,"critics_consensus":"A gut-wrenching and riveting docu-drama that serves as a stinging indictment of U.S. military justice in an era of ever-increasing scrutiny.","release_dates":{"theater":"2006-06-23","dvd":"2006-10-24"},"ratings":{"critics_rating":"Certified Fresh","critics_score":86,"audience_rating":"Upright","audience_score":82},"synopsis":"","posters":{"thumbnail":"http://content9.flixster.com/movie/10/89/10/10891003_mob.jpg","profile":"http://content9.flixster.com/movie/10/89/10/10891003_pro.jpg","detailed":"http://content9.flixster.com/movie/10/89/10/10891003_det.jpg","original":"http://content9.flixster.com/movie/10/89/10/10891003_ori.jpg"},"abridged_cast":[{"name":"Rizwan Ahmed","id":"771046774","characters":["Shafiq"]},{"name":"Farhad Harun","id":"770756268","characters":["Ruhel"]},{"name":"Waqar Siddiqui","id":"771046775","characters":["Monir"]},{"name":"Arfan Usman","id":"770756266","characters":["Asif"]},{"name":"Ruhel Ahmed","id":"771046776"}],"alternate_ids":{"imdb":"0468094"},"links":{"self":"http://api.rottentomatoes.com/api/public/v1.0/movies/190814207.json","alternate":"http://www.rottentomatoes.com/m/road_to_guantanamo/","cast":"http://api.rottentomatoes.com/api/public/v1.0/movies/190814207/cast.json","clips":"http://api.rottentomatoes.com/api/public/v1.0/movies/190814207/clips.json","reviews":"http://api.rottentomatoes.com/api/public/v1.0/movies/190814207/reviews.json","similar":"http://api.rottentomatoes.com/api/public/v1.0/movies/190814207/similar.json"}},{"id":"459358075","title":"Code Name: The Cleaner","year":2007,"mpaa_rating":"PG-13","runtime":91,"critics_consensus":"Code Name: The Cleaner is a limp action/comedy flick that alternates between lame, worn-out jokes and cheesy martial arts.","release_dates":{"theater":"2007-01-05","dvd":"2007-04-24"},"ratings":{"critics_rating":"Rotten","critics_score":4,"audience_rating":"Spilled","audience_score":38},"synopsis":"","posters":{"thumbnail":"http://content7.flixster.com/movie/40/44/08/4044085_mob.jpg","profile":"http://content7.flixster.com/movie/40/44/08/4044085_pro.jpg","detailed":"http://content7.flixster.com/movie/40/44/08/4044085_det.jpg","original":"http://content7.flixster.com/movie/40/44/08/4044085_ori.jpg"},"abridged_cast":[{"name":"Cedric the Entertainer","id":"162652530","characters":["Jake Rodgers"]},{"name":"Lucy Liu","id":"162654563","characters":["Gina"]},{"name":"Nicollette Sheridan","id":"162669059","characters":["Diane"]},{"name":"Mark Dacascos","id":"162664320","characters":["Eric Hauck"]},{"name":"Callum Keith Rennie","id":"326433850","characters":["Shaw"]}],"alternate_ids":{"imdb":"0462229"},"links":{"self":"http://api.rottentomatoes.com/api/public/v1.0/movies/459358075.json","alternate":"http://www.rottentomatoes.com/m/code_name_the_cleaner/","cast":"http://api.rottentomatoes.com/api/public/v1.0/movies/459358075/cast.json","clips":"http://api.rottentomatoes.com/api/public/v1.0/movies/459358075/clips.json","reviews":"http://api.rottentomatoes.com/api/public/v1.0/movies/459358075/reviews.json","similar":"http://api.rottentomatoes.com/api/public/v1.0/movies/459358075/similar.json"}},{"id":"11426","title":"The Final Cut","year":2004,"mpaa_rating":"PG-13","runtime":65,"release_dates":{"theater":"2004-10-15","dvd":"2005-03-22"},"ratings":{"critics_rating":"Rotten","critics_score":37,"audience_rating":"Spilled","audience_score":46},"synopsis":"","posters":{"thumbnail":"http://content7.flixster.com/movie/10/93/73/10937377_mob.jpg","profile":"http://content7.flixster.com/movie/10/93/73/10937377_pro.jpg","detailed":"http://content7.flixster.com/movie/10/93/73/10937377_det.jpg","original":"http://content7.flixster.com/movie/10/93/73/10937377_ori.jpg"},"abridged_cast":[{"name":"Robin Williams","id":"162652387","characters":["Alan Hakman"]},{"name":"Mira Sorvino","id":"162671838","characters":["Delila"]},{"name":"Jim Caviezel","id":"771395445","characters":["Fletcher"]},{"name":"Mimi Kuzyk","id":"770678410","characters":["Thelma"]},{"name":"Thom Bishops","id":"493782077","characters":["Hasan"]}],"alternate_ids":{"imdb":"0364343"},"links":{"self":"http://api.rottentomatoes.com/api/public/v1.0/movies/11426.json","alternate":"http://www.rottentomatoes.com/m/final_cut/","cast":"http://api.rottentomatoes.com/api/public/v1.0/movies/11426/cast.json","clips":"http://api.rottentomatoes.com/api/public/v1.0/movies/11426/clips.json","reviews":"http://api.rottentomatoes.com/api/public/v1.0/movies/11426/reviews.json","similar":"http://api.rottentomatoes.com/api/public/v1.0/movies/11426/similar.json"}},{"id":"9579","title":"The Return of the Pink Panther","year":1975,"mpaa_rating":"G","runtime":115,"release_dates":{"theater":"1975-05-21","dvd":"2001-03-20"},"ratings":{"critics_rating":"Fresh","critics_score":88,"audience_rating":"Upright","audience_score":82},"synopsis":"","posters":{"thumbnail":"http://content7.flixster.com/movie/10/87/22/10872257_mob.jpg","profile":"http://content7.flixster.com/movie/10/87/22/10872257_pro.jpg","detailed":"http://content7.flixster.com/movie/10/87/22/10872257_det.jpg","original":"http://content7.flixster.com/movie/10/87/22/10872257_ori.jpg"},"abridged_cast":[{"name":"Peter Sellers","id":"162656841","characters":["Inspector Jacques Clouseau"]},{"name":"Christopher Plummer","id":"162652929","characters":["Sir Charles Litton"]},{"name":"Catherine Schell","id":"770702714","characters":["Claudine Litton"]},{"name":"Herbert Lom","id":"162672446","characters":["Chief Inspector Dreyfus"]},{"name":"Peter Arne","id":"299752395","characters":["Col. Sharki"]}],"alternate_ids":{"imdb":"0072081"},"links":{"self":"http://api.rottentomatoes.com/api/public/v1.0/movies/9579.json","alternate":"http://www.rottentomatoes.com/m/return_of_the_pink_panther/","cast":"http://api.rottentomatoes.com/api/public/v1.0/movies/9579/cast.json","clips":"http://api.rottentomatoes.com/api/public/v1.0/movies/9579/clips.json","reviews":"http://api.rottentomatoes.com/api/public/v1.0/movies/9579/reviews.json","similar":"http://api.rottentomatoes.com/api/public/v1.0/movies/9579/similar.json"}},{"id":"11161","title":"The Mothman Prophecies","year":2001,"mpaa_rating":"PG-13","runtime":119,"critics_consensus":"A creepy thriller that poses more questions than it answers.","release_dates":{"theater":"2002-01-25","dvd":"2002-06-04"},"ratings":{"critics_rating":"Rotten","critics_score":52,"audience_rating":"Spilled","audience_score":57},"synopsis":"","posters":{"thumbnail":"http://content9.flixster.com/movie/25/93/259315_mob.jpg","profile":"http://content9.flixster.com/movie/25/93/259315_pro.jpg","detailed":"http://content9.flixster.com/movie/25/93/259315_det.jpg","original":"http://content9.flixster.com/movie/25/93/259315_ori.jpg"},"abridged_cast":[{"name":"Richard Gere","id":"162655185","characters":["John Klein"]},{"name":"Laura Linney","id":"162653768","characters":["Connie"]},{"name":"Will Patton","id":"162690561","characters":["Gordon Smallwood"]},{"name":"Debra Messing","id":"162659475","characters":["Mary Klein"]},{"name":"Lucinda Jenney","id":"377660580","characters":["Denise Smallwood"]}],"alternate_ids":{"imdb":"0265349"},"links":{"self":"http://api.rottentomatoes.com/api/public/v1.0/movies/11161.json","alternate":"http://www.rottentomatoes.com/m/mothman_prophecies/","cast":"http://api.rottentomatoes.com/api/public/v1.0/movies/11161/cast.json","clips":"http://api.rottentomatoes.com/api/public/v1.0/movies/11161/clips.json","reviews":"http://api.rottentomatoes.com/api/public/v1.0/movies/11161/reviews.json","similar":"http://api.rottentomatoes.com/api/public/v1.0/movies/11161/similar.json"}},{"id":"13717","title":"The Legend of Drunken Master (Jui kuen II) (Drunken Fist II)","year":1994,"mpaa_rating":"R","runtime":102,"critics_consensus":"Jackie Chan sends up some amazing and entertaining fight sequences in The Legend of Drunken Master.","release_dates":{"theater":"1994-02-03","dvd":"2001-03-20"},"ratings":{"critics_rating":"Certified Fresh","critics_score":82,"audience_rating":"Upright","audience_score":88},"synopsis":"","posters":{"thumbnail":"http://content7.flixster.com/movie/10/93/12/10931221_mob.jpg","profile":"http://content7.flixster.com/movie/10/93/12/10931221_pro.jpg","detailed":"http://content7.flixster.com/movie/10/93/12/10931221_det.jpg","original":"http://content7.flixster.com/movie/10/93/12/10931221_ori.jpg"},"abridged_cast":[{"name":"Jackie Chan","id":"162661013","characters":["Wong Fei-hong"]},{"name":"Lung Ti","id":"162732005","characters":["Wong Kei-ying"]},{"name":"Anita Mui","id":"162739424","characters":["Madam Wong"]},{"name":"Felix Wong","id":"770670058","characters":["Master Tsan"]},{"name":"Liu Chia-Liang","id":"364638494","characters":["Master Fu Min-chi"]}],"alternate_ids":{"imdb":"0111512"},"links":{"self":"http://api.rottentomatoes.com/api/public/v1.0/movies/13717.json","alternate":"http://www.rottentomatoes.com/m/legend_of_drunken_master/","cast":"http://api.rottentomatoes.com/api/public/v1.0/movies/13717/cast.json","clips":"http://api.rottentomatoes.com/api/public/v1.0/movies/13717/clips.json","reviews":"http://api.rottentomatoes.com/api/public/v1.0/movies/13717/reviews.json","similar":"http://api.rottentomatoes.com/api/public/v1.0/movies/13717/similar.json"}},{"id":"98721872","title":"The Kid","year":2000,"mpaa_rating":"PG","runtime":90,"critics_consensus":"Critics find The Kid to be too sweet and the movie's message to be annoyingly simplistic.","release_dates":{"theater":"2000-07-07","dvd":"2003-01-23"},"ratings":{"critics_rating":"Rotten","critics_score":49,"audience_rating":"Spilled","audience_score":49},"synopsis":"","posters":{"thumbnail":"http://content8.flixster.com/movie/31/29/312922_mob.jpg","profile":"http://content8.flixster.com/movie/31/29/312922_pro.jpg","detailed":"http://content8.flixster.com/movie/31/29/312922_det.jpg","original":"http://content8.flixster.com/movie/31/29/312922_ori.jpg"},"abridged_cast":[{"name":"Edward Asner","id":"162659188"},{"name":"Lolita Davidovich","id":"162706113"},{"name":"Eugene Levy","id":"162653784"},{"name":"Jeri Ryan","id":"162753662"},{"name":"Bruce Willis","id":"162652509","characters":["Russ Duritz"]}],"alternate_ids":{"imdb":"0219854"},"links":{"self":"http://api.rottentomatoes.com/api/public/v1.0/movies/98721872.json","alternate":"http://www.rottentomatoes.com/m/the-kid/","cast":"http://api.rottentomatoes.com/api/public/v1.0/movies/98721872/cast.json","clips":"http://api.rottentomatoes.com/api/public/v1.0/movies/98721872/clips.json","reviews":"http://api.rottentomatoes.com/api/public/v1.0/movies/98721872/reviews.json","similar":"http://api.rottentomatoes.com/api/public/v1.0/movies/98721872/similar.json"}},{"id":"10082","title":"The Crucible","year":1996,"mpaa_rating":"PG-13","runtime":123,"release_dates":{"theater":"1996-12-13","dvd":"2004-06-01"},"ratings":{"critics_rating":"Fresh","critics_score":68,"audience_rating":"Upright","audience_score":67},"synopsis":"","posters":{"thumbnail":"http://content7.flixster.com/movie/11/16/47/11164781_mob.jpg","profile":"http://content7.flixster.com/movie/11/16/47/11164781_pro.jpg","detailed":"http://content7.flixster.com/movie/11/16/47/11164781_det.jpg","original":"http://content7.flixster.com/movie/11/16/47/11164781_ori.jpg"},"abridged_cast":[{"name":"Daniel Day-Lewis","id":"162660044","characters":["John Proctor"]},{"name":"Winona Ryder","id":"162659115","characters":["Abigail Williams"]},{"name":"Paul Scofield","id":"162655927","characters":["Judge Danforth"]},{"name":"Joan Allen","id":"162660057","characters":["Elizabeth Proctor"]},{"name":"Bruce Davison","id":"162654345","characters":["Rev. Samuel Parris"]}],"alternate_ids":{"imdb":"0115988"},"links":{"self":"http://api.rottentomatoes.com/api/public/v1.0/movies/10082.json","alternate":"http://www.rottentomatoes.com/m/1074978-crucible/","cast":"http://api.rottentomatoes.com/api/public/v1.0/movies/10082/cast.json","clips":"http://api.rottentomatoes.com/api/public/v1.0/movies/10082/clips.json","reviews":"http://api.rottentomatoes.com/api/public/v1.0/movies/10082/reviews.json","similar":"http://api.rottentomatoes.com/api/public/v1.0/movies/10082/similar.json"}},{"id":"771313176","title":"Ain't Them Bodies Saints","year":2013,"mpaa_rating":"R","runtime":105,"critics_consensus":"While conventional in plot, Ain't Them Bodies Saints is a visually poetic film that pays homage to the New Hollywood directors of the 1970s and promises big things from director David Lowery.","release_dates":{"theater":"2013-08-16","dvd":"2013-12-17"},"ratings":{"critics_rating":"Certified Fresh","critics_score":79,"audience_rating":"Upright","audience_score":64},"synopsis":"Set against the backdrop of 1970's Texas Hill Country, AIN'T THEM BODIES SAINTS is a romantic American story that follows three characters on various sides of the law - outlaw Bob Muldoon (Casey Affleck), his wife Ruth Guthrie (Rooney Mara), and a local sheriff named Patrick Wheeler (Ben Foster), who gets caught in their crosshairs. The film, which is the second feature from writer-director David Lowery, was developed at the Sundance Institute's Writing and Producing Labs and also stars Nate Parker and Keith Carradine. The film received the U.S. Dramatic Cinematography Award at the 2013 Sundance Film Festival. (c) IFC","posters":{"thumbnail":"http://content6.flixster.com/movie/11/17/16/11171696_mob.jpg","profile":"http://content6.flixster.com/movie/11/17/16/11171696_pro.jpg","detailed":"http://content6.flixster.com/movie/11/17/16/11171696_det.jpg","original":"http://content6.flixster.com/movie/11/17/16/11171696_ori.jpg"},"abridged_cast":[{"name":"Rooney Mara","id":"770826640","characters":["Ruth Guthrie"]},{"name":"Casey Affleck","id":"162706324","characters":["Bob Muldoon"]},{"name":"Ben Foster","id":"162669838","characters":["Patrick Wheeler"]},{"name":"Keith Carradine","id":"162668759","characters":["Skerritt"]},{"name":"Kennadie Smith","id":"771454753","characters":["Sylvie Guthrie"]}],"alternate_ids":{"imdb":"2388637"},"links":{"self":"http://api.rottentomatoes.com/api/public/v1.0/movies/771313176.json","alternate":"http://www.rottentomatoes.com/m/aint_them_bodies_saints_2013/","cast":"http://api.rottentomatoes.com/api/public/v1.0/movies/771313176/cast.json","clips":"http://api.rottentomatoes.com/api/public/v1.0/movies/771313176/clips.json","reviews":"http://api.rottentomatoes.com/api/public/v1.0/movies/771313176/reviews.json","similar":"http://api.rottentomatoes.com/api/public/v1.0/movies/771313176/similar.json"}},{"id":"9685","title":"Fiddler on the Roof","year":1971,"mpaa_rating":"G","runtime":179,"release_dates":{"theater":"1971-11-03","dvd":"1998-06-30"},"ratings":{"critics_rating":"Fresh","critics_score":81,"audience_rating":"Upright","audience_score":93},"synopsis":"","posters":{"thumbnail":"http://content8.flixster.com/movie/10/91/67/10916742_mob.jpg","profile":"http://content8.flixster.com/movie/10/91/67/10916742_pro.jpg","detailed":"http://content8.flixster.com/movie/10/91/67/10916742_det.jpg","original":"http://content8.flixster.com/movie/10/91/67/10916742_ori.jpg"},"abridged_cast":[{"name":"Topol","id":"162657329","characters":["Tevye"]},{"name":"Norma Crane","id":"162657330","characters":["Golde"]},{"name":"Leonard Frey","id":"364636799","characters":["Motel"]},{"name":"Molly Picon","id":"364625910","characters":["Yente"]},{"name":"Paul Mann","id":"445067952","characters":["Lazar Wolf"]}],"alternate_ids":{"imdb":"0067093"},"links":{"self":"http://api.rottentomatoes.com/api/public/v1.0/movies/9685.json","alternate":"http://www.rottentomatoes.com/m/fiddler_on_the_roof/","cast":"http://api.rottentomatoes.com/api/public/v1.0/movies/9685/cast.json","clips":"http://api.rottentomatoes.com/api/public/v1.0/movies/9685/clips.json","reviews":"http://api.rottentomatoes.com/api/public/v1.0/movies/9685/reviews.json","similar":"http://api.rottentomatoes.com/api/public/v1.0/movies/9685/similar.json"}},{"id":"15721","title":"The Devil's Backbone (El Espinazo del diablo)","year":2000,"mpaa_rating":"R","runtime":108,"critics_consensus":"Creepily atmospheric and haunting, The Devil's Backbone is both a potent ghost story and an intelligent political allegory.","release_dates":{"theater":"2001-11-21","dvd":"2002-06-25"},"ratings":{"critics_rating":"Certified Fresh","critics_score":92,"audience_rating":"Upright","audience_score":89},"synopsis":"","posters":{"thumbnail":"http://content9.flixster.com/movie/57/45/36/5745363_mob.jpg","profile":"http://content9.flixster.com/movie/57/45/36/5745363_pro.jpg","detailed":"http://content9.flixster.com/movie/57/45/36/5745363_det.jpg","original":"http://content9.flixster.com/movie/57/45/36/5745363_ori.jpg"},"abridged_cast":[{"name":"Marisa Paredes","id":"162692802","characters":["Carmen"]},{"name":"Eduardo Noriega","id":"162733336","characters":["Jacinto"]},{"name":"Federico Luppi","id":"162712786","characters":["Casares"]},{"name":"Fernando Tielve","id":"405587553"},{"name":"Inigo Garces","id":"405587550","characters":["Jaime"]}],"alternate_ids":{"imdb":"0256009"},"links":{"self":"http://api.rottentomatoes.com/api/public/v1.0/movies/15721.json","alternate":"http://www.rottentomatoes.com/m/devils_backbone/","cast":"http://api.rottentomatoes.com/api/public/v1.0/movies/15721/cast.json","clips":"http://api.rottentomatoes.com/api/public/v1.0/movies/15721/clips.json","reviews":"http://api.rottentomatoes.com/api/public/v1.0/movies/15721/reviews.json","similar":"http://api.rottentomatoes.com/api/public/v1.0/movies/15721/similar.json"}},{"id":"17014","title":"The Last House on the Left","year":1972,"mpaa_rating":"R","runtime":83,"release_dates":{"theater":"1972-08-30","dvd":"2002-08-27"},"ratings":{"critics_rating":"Fresh","critics_score":61,"audience_rating":"Spilled","audience_score":51},"synopsis":"","posters":{"thumbnail":"http://content9.flixster.com/movie/10/88/32/10883299_mob.jpg","profile":"http://content9.flixster.com/movie/10/88/32/10883299_pro.jpg","detailed":"http://content9.flixster.com/movie/10/88/32/10883299_det.jpg","original":"http://content9.flixster.com/movie/10/88/32/10883299_ori.jpg"},"abridged_cast":[{"name":"Cynthia Carr","id":"770727654","characters":["Mrs. Collingwood"]},{"name":"Sandra Cassel","id":"364619695","characters":["Mari Collingwood"]},{"name":"Lucy Grantham","id":"364619697","characters":["Phyllis Stone"]},{"name":"Martin Kove","id":"359853766","characters":["Deputy"]},{"name":"Jeramie Rain","id":"770727656","characters":["Sadie"]}],"alternate_ids":{"imdb":"0068833"},"links":{"self":"http://api.rottentomatoes.com/api/public/v1.0/movies/17014.json","alternate":"http://www.rottentomatoes.com/m/last_house_on_the_left/","cast":"http://api.rottentomatoes.com/api/public/v1.0/movies/17014/cast.json","clips":"http://api.rottentomatoes.com/api/public/v1.0/movies/17014/clips.json","reviews":"http://api.rottentomatoes.com/api/public/v1.0/movies/17014/reviews.json","similar":"http://api.rottentomatoes.com/api/public/v1.0/movies/17014/similar.json"}},{"id":"13005","title":"Night of the Living Dead","year":1990,"mpaa_rating":"R","runtime":92,"release_dates":{"dvd":"2000-09-06"},"ratings":{"critics_rating":"Fresh","critics_score":68,"audience_rating":"Upright","audience_score":67},"synopsis":"","posters":{"thumbnail":"http://content6.flixster.com/movie/11/15/18/11151832_mob.jpg","profile":"http://content6.flixster.com/movie/11/15/18/11151832_pro.jpg","detailed":"http://content6.flixster.com/movie/11/15/18/11151832_det.jpg","original":"http://content6.flixster.com/movie/11/15/18/11151832_ori.jpg"},"abridged_cast":[{"name":"Tony Todd","id":"162685869","characters":["Ben"]},{"name":"Patricia Tallman","id":"162685870","characters":["Barbara"]},{"name":"Tom Towles","id":"371353178","characters":["Harry Cooper"]},{"name":"McKee Anderson","id":"371353179","characters":["Helen Cooper"]},{"name":"William Butler","id":"364604598","characters":["Tom"]}],"alternate_ids":{"imdb":"0100258"},"links":{"self":"http://api.rottentomatoes.com/api/public/v1.0/movies/13005.json","alternate":"http://www.rottentomatoes.com/m/1031183-night_of_the_living_dead/","cast":"http://api.rottentomatoes.com/api/public/v1.0/movies/13005/cast.json","clips":"http://api.rottentomatoes.com/api/public/v1.0/movies/13005/clips.json","reviews":"http://api.rottentomatoes.com/api/public/v1.0/movies/13005/reviews.json","similar":"http://api.rottentomatoes.com/api/public/v1.0/movies/13005/similar.json"}},{"id":"159371461","title":"The Hunchback of Notre Dame","year":1996,"mpaa_rating":"G","runtime":50,"critics_consensus":"Disney's take on the Victor Hugo classic is dramatically uneven, but its strong visuals, dark themes, and message of tolerance make for a more-sophisticated-than-average children's film.","release_dates":{"theater":"1996-06-21","dvd":"1997-12-16"},"ratings":{"critics_rating":"Fresh","critics_score":73,"audience_rating":"Upright","audience_score":69},"synopsis":"","posters":{"thumbnail":"http://content9.flixster.com/movie/11/15/56/11155631_mob.jpg","profile":"http://content9.flixster.com/movie/11/15/56/11155631_pro.jpg","detailed":"http://content9.flixster.com/movie/11/15/56/11155631_det.jpg","original":"http://content9.flixster.com/movie/11/15/56/11155631_ori.jpg"},"abridged_cast":[{"name":"Tom Hulce","id":"162661790","characters":["Quasimodo"]},{"name":"Demi Moore","id":"162660862","characters":["Esmeralda"]},{"name":"Kevin Kline","id":"162660419","characters":["Phoebus"]},{"name":"Jason Alexander","id":"162657411","characters":["Hugo"]},{"name":"Jack Angel","id":"439092351","characters":["Additional Voices"]}],"alternate_ids":{"imdb":"0116583"},"links":{"self":"http://api.rottentomatoes.com/api/public/v1.0/movies/159371461.json","alternate":"http://www.rottentomatoes.com/m/1073037-hunchback_of_notre_dame/","cast":"http://api.rottentomatoes.com/api/public/v1.0/movies/159371461/cast.json","clips":"http://api.rottentomatoes.com/api/public/v1.0/movies/159371461/clips.json","reviews":"http://api.rottentomatoes.com/api/public/v1.0/movies/159371461/reviews.json","similar":"http://api.rottentomatoes.com/api/public/v1.0/movies/159371461/similar.json"}},{"id":"24213","title":"The World's Fastest Indian","year":2005,"mpaa_rating":"PG-13","runtime":127,"critics_consensus":"Overcomes its formulaic storyline thanks to Anthony Hopkins' warm and endearing portrayal of an age-defying thrill seeker.","release_dates":{"theater":"2005-12-07","dvd":"2005-03-15"},"ratings":{"critics_rating":"Certified Fresh","critics_score":82,"audience_rating":"Upright","audience_score":90},"synopsis":"","posters":{"thumbnail":"http://content6.flixster.com/movie/11/17/08/11170808_mob.jpg","profile":"http://content6.flixster.com/movie/11/17/08/11170808_pro.jpg","detailed":"http://content6.flixster.com/movie/11/17/08/11170808_det.jpg","original":"http://content6.flixster.com/movie/11/17/08/11170808_ori.jpg"},"abridged_cast":[{"name":"Anthony Hopkins","id":"162653967","characters":["Burt Munro"]},{"name":"Diane Ladd","id":"162682793","characters":["Ada"]},{"name":"Paul Rodriguez","id":"162678523","characters":["Fernando"]},{"name":"Aaron Murphy","id":"770714017","characters":["Tom"]},{"name":"Annie Whittle","id":"771036529","characters":["Fran"]}],"alternate_ids":{"imdb":"0412080"},"links":{"self":"http://api.rottentomatoes.com/api/public/v1.0/movies/24213.json","alternate":"http://www.rottentomatoes.com/m/worlds_fastest_indian/","cast":"http://api.rottentomatoes.com/api/public/v1.0/movies/24213/cast.json","clips":"http://api.rottentomatoes.com/api/public/v1.0/movies/24213/clips.json","reviews":"http://api.rottentomatoes.com/api/public/v1.0/movies/24213/reviews.json","similar":"http://api.rottentomatoes.com/api/public/v1.0/movies/24213/similar.json"}},{"id":"13438","title":"The Hole","year":2001,"mpaa_rating":"R","runtime":102,"release_dates":{"theater":"2001-01-01","dvd":"2004-10-19"},"ratings":{"critics_rating":"Rotten","critics_score":50,"audience_rating":"Spilled","audience_score":53},"synopsis":"","posters":{"thumbnail":"http://content7.flixster.com/movie/26/97/269725_mob.jpg","profile":"http://content7.flixster.com/movie/26/97/269725_pro.jpg","detailed":"http://content7.flixster.com/movie/26/97/269725_det.jpg","original":"http://content7.flixster.com/movie/26/97/269725_ori.jpg"},"abridged_cast":[{"name":"Thora Birch","id":"162671799","characters":["Liz Dunn"]},{"name":"Desmond Harrington","id":"162692180","characters":["Mike Steel"]},{"name":"Embeth Davidtz","id":"162653030","characters":["Dr. Philippa Horwood"]},{"name":"Daniel Brocklebank","id":"162692183","characters":["Martin Taylor"]},{"name":"Steven Waddington","id":"377472663","characters":["Tom Howard"]}],"alternate_ids":{"imdb":"0242527"},"links":{"self":"http://api.rottentomatoes.com/api/public/v1.0/movies/13438.json","alternate":"http://www.rottentomatoes.com/m/1125456-hole/","cast":"http://api.rottentomatoes.com/api/public/v1.0/movies/13438/cast.json","clips":"http://api.rottentomatoes.com/api/public/v1.0/movies/13438/clips.json","reviews":"http://api.rottentomatoes.com/api/public/v1.0/movies/13438/reviews.json","similar":"http://api.rottentomatoes.com/api/public/v1.0/movies/13438/similar.json"}},{"id":"771307293","title":"The Central Park Five","year":2012,"mpaa_rating":"Unrated","runtime":120,"release_dates":{"theater":"2012-11-23","dvd":"2013-04-23"},"ratings":{"critics_rating":"Certified Fresh","critics_score":93,"audience_rating":"Upright","audience_score":86},"synopsis":"In 1989, five black and Latino teenagers were arrested and charged for brutally attacking and raping a white female jogger in Central Park. News media swarmed the case, calling it \"the crime of the century.\" But the truth about what really happened didn't become clear until after the five had spent years in prison for a crime they didn't commit. With THE CENTRAL PARK FIVE, this story of injustice finally gets the telling it deserves. Based on Sarah Burns' best-selling book and co-directed by her husband David McMahon and father, the beloved doc filmmaker Ken Burns, this incendiary film tells the riveting tale of innocent young men scapegoated for a heinous crime, and serves as a mirror for our times. (c) IFC Films","posters":{"thumbnail":"http://content7.flixster.com/movie/11/17/42/11174277_mob.jpg","profile":"http://content7.flixster.com/movie/11/17/42/11174277_pro.jpg","detailed":"http://content7.flixster.com/movie/11/17/42/11174277_det.jpg","original":"http://content7.flixster.com/movie/11/17/42/11174277_ori.jpg"},"abridged_cast":[{"name":"Ed Koch","id":"770686077"},{"name":"David Dinkins, Sr.","id":"771393953"},{"name":"Craig Steven Wilder","id":"771428393"},{"name":"Calvin O. Butts III","id":"771428394"},{"name":"Jim Dwyer","id":"770744673"}],"alternate_ids":{"imdb":"2380247"},"links":{"self":"http://api.rottentomatoes.com/api/public/v1.0/movies/771307293.json","alternate":"http://www.rottentomatoes.com/m/the_central_park_five_2012/","cast":"http://api.rottentomatoes.com/api/public/v1.0/movies/771307293/cast.json","clips":"http://api.rottentomatoes.com/api/public/v1.0/movies/771307293/clips.json","reviews":"http://api.rottentomatoes.com/api/public/v1.0/movies/771307293/reviews.json","similar":"http://api.rottentomatoes.com/api/public/v1.0/movies/771307293/similar.json"}},{"id":"12968","title":"The Wild Bunch","year":1969,"mpaa_rating":"R","runtime":145,"release_dates":{"theater":"1969-06-18","dvd":"1997-08-27"},"ratings":{"critics_rating":"Certified Fresh","critics_score":98,"audience_rating":"Upright","audience_score":91},"synopsis":"","posters":{"thumbnail":"http://content7.flixster.com/movie/26/74/267417_mob.jpg","profile":"http://content7.flixster.com/movie/26/74/267417_pro.jpg","detailed":"http://content7.flixster.com/movie/26/74/267417_det.jpg","original":"http://content7.flixster.com/movie/26/74/267417_ori.jpg"},"abridged_cast":[{"name":"William Holden","id":"162665895","characters":["Pike"]},{"name":"Ernest Borgnine","id":"162656224","characters":["Dutch"]},{"name":"Robert Ryan","id":"162675659","characters":["Thornton"]},{"name":"Edmond O'Brien","id":"364607503","characters":["Sykes"]},{"name":"Warren Oates","id":"162666213","characters":["Lyle Gorch"]}],"alternate_ids":{"imdb":"0065214"},"links":{"self":"http://api.rottentomatoes.com/api/public/v1.0/movies/12968.json","alternate":"http://www.rottentomatoes.com/m/1059489-wild_bunch/","cast":"http://api.rottentomatoes.com/api/public/v1.0/movies/12968/cast.json","clips":"http://api.rottentomatoes.com/api/public/v1.0/movies/12968/clips.json","reviews":"http://api.rottentomatoes.com/api/public/v1.0/movies/12968/reviews.json","similar":"http://api.rottentomatoes.com/api/public/v1.0/movies/12968/similar.json"}},{"id":"18339","title":"The Apartment","year":1960,"mpaa_rating":"Unrated","runtime":125,"critics_consensus":"Director Billy Wilder's customary cynicism is leavened here by tender humor, romance, and genuine pathos.","release_dates":{"theater":"1960-06-15","dvd":"2001-06-19"},"ratings":{"critics_rating":"Certified Fresh","critics_score":93,"audience_rating":"Upright","audience_score":94},"synopsis":"","posters":{"thumbnail":"http://content8.flixster.com/movie/11/15/13/11151366_mob.jpg","profile":"http://content8.flixster.com/movie/11/15/13/11151366_pro.jpg","detailed":"http://content8.flixster.com/movie/11/15/13/11151366_det.jpg","original":"http://content8.flixster.com/movie/11/15/13/11151366_ori.jpg"},"abridged_cast":[{"name":"Jack Lemmon","id":"162656072","characters":["C.C. Baxter"]},{"name":"Shirley MacLaine","id":"162652664","characters":["Fran Kubelik"]},{"name":"Fred MacMurray","id":"162656078","characters":["J.D. Sheldrake"]},{"name":"Ray Walston","id":"326396974","characters":["Mr. Joe Dobisch"]},{"name":"Edie Adams","id":"364652770","characters":["Miss Olsen"]}],"alternate_ids":{"imdb":"0053604"},"links":{"self":"http://api.rottentomatoes.com/api/public/v1.0/movies/18339.json","alternate":"http://www.rottentomatoes.com/m/1001115-apartment/","cast":"http://api.rottentomatoes.com/api/public/v1.0/movies/18339/cast.json","clips":"http://api.rottentomatoes.com/api/public/v1.0/movies/18339/clips.json","reviews":"http://api.rottentomatoes.com/api/public/v1.0/movies/18339/reviews.json","similar":"http://api.rottentomatoes.com/api/public/v1.0/movies/18339/similar.json"}},{"id":"770671898","title":"All the Boys Love Mandy Lane","year":2013,"mpaa_rating":"R","runtime":90,"critics_consensus":"Mandy Lane has enough wit and craft to spark the horror fan's interest, but is not sufficiently original for mainstream audiences.","release_dates":{"theater":"2013-10-11","dvd":"2013-12-03"},"ratings":{"critics_rating":"Rotten","critics_score":41,"audience_rating":"Spilled","audience_score":33},"synopsis":"Starring Amber Heard and Anson Mount, ALL THE BOYS LOVE MANDY LANE is about a group of high-schoolers who invite Mandy Lane, \"a good girl\" who becomes the object of everyone's affection after returning from summer break, to a weekend party on a secluded ranch. While the festivities rage on, the number of revelers begins to mysteriously drop one at a time. (c) Radius-TWC","posters":{"thumbnail":"http://content8.flixster.com/movie/11/17/37/11173794_mob.jpg","profile":"http://content8.flixster.com/movie/11/17/37/11173794_pro.jpg","detailed":"http://content8.flixster.com/movie/11/17/37/11173794_det.jpg","original":"http://content8.flixster.com/movie/11/17/37/11173794_ori.jpg"},"abridged_cast":[{"name":"Amber Heard","id":"770673718","characters":["Mandy Lane"]},{"name":"Anson Mount","id":"162671170","characters":["Garth"]},{"name":"Michael Welch","id":"496254254","characters":["Emmet"]},{"name":"Whitney Able","id":"770763206","characters":["Chloe"]},{"name":"Edwin Hodge","id":"770673719","characters":["Bird"]}],"alternate_ids":{"imdb":"0490076"},"links":{"self":"http://api.rottentomatoes.com/api/public/v1.0/movies/770671898.json","alternate":"http://www.rottentomatoes.com/m/mandy-lane/","cast":"http://api.rottentomatoes.com/api/public/v1.0/movies/770671898/cast.json","clips":"http://api.rottentomatoes.com/api/public/v1.0/movies/770671898/clips.json","reviews":"http://api.rottentomatoes.com/api/public/v1.0/movies/770671898/reviews.json","similar":"http://api.rottentomatoes.com/api/public/v1.0/movies/770671898/similar.json"}},{"id":"771268172","title":"Woman Thou Art Loosed: On the 7th Day","year":2012,"mpaa_rating":"PG-13","runtime":101,"release_dates":{"theater":"2012-04-13","dvd":"2012-09-04"},"ratings":{"critics_rating":"Rotten","critics_score":20,"audience_rating":"Upright","audience_score":70},"synopsis":"Woman Thou Art Loosed!: On The 7th Day is a compelling story that unites love, suspense and faith into one heart-wrenching package. Directed by award-winning filmmaker Neema Barnette, Woman Thou Art Loosed!: On the 7th Day underscores the impact of secrets, lies and deception on the lives of the featured characters. David (Underwood) and Kari (Leal) Ames seem to have the perfect life until their young daughter is kidnapped, and over the course of seven days they begin to uncover secrets about their past that threaten to rip their marriage and lives apart. -- (C) Codeblack Entertainment","posters":{"thumbnail":"http://content8.flixster.com/movie/11/16/33/11163382_mob.jpg","profile":"http://content8.flixster.com/movie/11/16/33/11163382_pro.jpg","detailed":"http://content8.flixster.com/movie/11/16/33/11163382_det.jpg","original":"http://content8.flixster.com/movie/11/16/33/11163382_ori.jpg"},"abridged_cast":[{"name":"Blair Underwood","id":"162673989","characters":["David","David Ames"]},{"name":"Sharon Leal","id":"770678085","characters":["Kari","Kari Ames"]},{"name":"Nicole Beharie","id":"770829550","characters":["Beth Hutchins"]},{"name":"Nicoye Banks","id":"404768043","characters":["Will"]},{"name":"Pam Grier","id":"162685862","characters":["Detective Barrick"]}],"alternate_ids":{"imdb":"1996346"},"links":{"self":"http://api.rottentomatoes.com/api/public/v1.0/movies/771268172.json","alternate":"http://www.rottentomatoes.com/m/woman_thou_art_loosed_on_the_7th_day/","cast":"http://api.rottentomatoes.com/api/public/v1.0/movies/771268172/cast.json","clips":"http://api.rottentomatoes.com/api/public/v1.0/movies/771268172/clips.json","reviews":"http://api.rottentomatoes.com/api/public/v1.0/movies/771268172/reviews.json","similar":"http://api.rottentomatoes.com/api/public/v1.0/movies/771268172/similar.json"}},{"id":"13641","title":"The Hitcher","year":1986,"mpaa_rating":"R","runtime":98,"release_dates":{"theater":"1986-01-01","dvd":"1999-06-08"},"ratings":{"critics_rating":"Rotten","critics_score":59,"audience_rating":"Upright","audience_score":75},"synopsis":"","posters":{"thumbnail":"http://content6.flixster.com/movie/27/07/270728_mob.jpg","profile":"http://content6.flixster.com/movie/27/07/270728_pro.jpg","detailed":"http://content6.flixster.com/movie/27/07/270728_det.jpg","original":"http://content6.flixster.com/movie/27/07/270728_ori.jpg"},"abridged_cast":[{"name":"Rutger Hauer","id":"162662499","characters":["John Ryder"]},{"name":"C. Thomas Howell","id":"162662324","characters":["Jim Halsey"]},{"name":"Jennifer Jason Leigh","id":"162666243","characters":["Nash"]},{"name":"Jeffrey DeMunn","id":"382228552","characters":["Capt. Esteridge"]},{"name":"Billy Green Bush","id":"724767670","characters":["Trooper Donner"]}],"alternate_ids":{"imdb":"0091209"},"links":{"self":"http://api.rottentomatoes.com/api/public/v1.0/movies/13641.json","alternate":"http://www.rottentomatoes.com/m/1009699-hitcher/","cast":"http://api.rottentomatoes.com/api/public/v1.0/movies/13641/cast.json","clips":"http://api.rottentomatoes.com/api/public/v1.0/movies/13641/clips.json","reviews":"http://api.rottentomatoes.com/api/public/v1.0/movies/13641/reviews.json","similar":"http://api.rottentomatoes.com/api/public/v1.0/movies/13641/similar.json"}},{"id":"276991629","title":"The Woods","year":2006,"mpaa_rating":"R","runtime":91,"release_dates":{"theater":"2006-09-26","dvd":"2006-10-03"},"ratings":{"critics_rating":"Fresh","critics_score":67,"audience_rating":"Spilled","audience_score":38},"synopsis":"","posters":{"thumbnail":"http://content9.flixster.com/movie/29/59/09/2959095_mob.jpg","profile":"http://content9.flixster.com/movie/29/59/09/2959095_pro.jpg","detailed":"http://content9.flixster.com/movie/29/59/09/2959095_det.jpg","original":"http://content9.flixster.com/movie/29/59/09/2959095_ori.jpg"},"abridged_cast":[{"name":"Agnes Bruckner","id":"162653942","characters":["Heather"]},{"name":"Patricia Clarkson","id":"162654530","characters":["Ms. Traverse"]},{"name":"Bruce Campbell","id":"162675598"},{"name":"Lauren Birkell","id":"364606578"},{"name":"Emma Campbell","id":"770695343"}],"alternate_ids":{"imdb":"0380066"},"links":{"self":"http://api.rottentomatoes.com/api/public/v1.0/movies/276991629.json","alternate":"http://www.rottentomatoes.com/m/1166376-woods/","cast":"http://api.rottentomatoes.com/api/public/v1.0/movies/276991629/cast.json","clips":"http://api.rottentomatoes.com/api/public/v1.0/movies/276991629/clips.json","reviews":"http://api.rottentomatoes.com/api/public/v1.0/movies/276991629/reviews.json","similar":"http://api.rottentomatoes.com/api/public/v1.0/movies/276991629/similar.json"}},{"id":"120413809","title":"The Brave","year":1997,"mpaa_rating":"Unrated","runtime":123,"release_dates":{},"ratings":{"critics_rating":"Rotten","critics_score":33,"audience_score":69},"synopsis":"","posters":{"thumbnail":"http://content9.flixster.com/movie/10/91/15/10911531_mob.jpg","profile":"http://content9.flixster.com/movie/10/91/15/10911531_pro.jpg","detailed":"http://content9.flixster.com/movie/10/91/15/10911531_det.jpg","original":"http://content9.flixster.com/movie/10/91/15/10911531_ori.jpg"},"abridged_cast":[{"name":"Marshall Bell","id":"364639642","characters":["Larry"]},{"name":"Marlon Brando","id":"162660428","characters":["McCarthy"]},{"name":"Elpidia Carrillo","id":"162654645","characters":["Rita"]},{"name":"Johnny Depp","id":"162652817","characters":["Raphael"]},{"name":"Frederic Forrest","id":"162666838","characters":["Lou Sr."]}],"alternate_ids":{"imdb":"0118768"},"links":{"self":"http://api.rottentomatoes.com/api/public/v1.0/movies/120413809.json","alternate":"http://www.rottentomatoes.com/m/10001126-brave/","cast":"http://api.rottentomatoes.com/api/public/v1.0/movies/120413809/cast.json","clips":"http://api.rottentomatoes.com/api/public/v1.0/movies/120413809/clips.json","reviews":"http://api.rottentomatoes.com/api/public/v1.0/movies/120413809/reviews.json","similar":"http://api.rottentomatoes.com/api/public/v1.0/movies/120413809/similar.json"}}],"links":{"self":"http://api.rottentomatoes.com/api/public/v1.0/movies.json?q=the&page_limit=50&page=23","next":"http://api.rottentomatoes.com/api/public/v1.0/movies.json?q=the&page_limit=50&page=24","prev":"http://api.rottentomatoes.com/api/public/v1.0/movies.json?q=the&page_limit=50&page=22"},"link_template":"http://api.rottentomatoes.com/api/public/v1.0/movies.json?q={search-term}&page_limit={results-per-page}&page={page-number}"}