

{"total":52488,"movies":[{"id":"770678817","title":"The Green Hornet","year":2011,"mpaa_rating":"PG-13","runtime":119,"critics_consensus":"It's sporadically entertaining, but The Green Hornet never approaches the surreal heights suggested by a Michel Gondry/Seth Rogen collaboration.","release_dates":{"theater":"2011-01-14","dvd":"2011-05-03"},"ratings":{"critics_rating":"Rotten","critics_score":43,"audience_rating":"Spilled","audience_score":44},"synopsis":"In the 3D action-comedy The Green Hornet, Britt Reid (Seth Rogen) is the son of LA's most prominent and respected media magnate and perfectly happy to maintain a directionless existence on the party scene - until his father (Tom Wilkinson) mysteriously dies, leaving Britt his vast media empire. Striking an unlikely friendship with one of his father's more industrious and inventive employees, Kato (Jay Chou), they see their chance to do something meaningful for the first time in their lives: fight crime. To get close to the criminals, they come up with the perfect cover: they'll pose as criminals themselves. Protecting the law by breaking it, Britt becomes the vigilante The Green Hornet as he and Kato hit the streets. Using all his ingenuity and skill, Kato builds the ultimate in advanced retro weaponry, Black Beauty, an indestructible car equal parts firepower and horsepower. Rolling in a mobile fortress on wheels and striking the bad guys with Kato's clever gadgets, The Green Hornet and Kato quickly start making a name for themselves, and with the help of Britt's new secretary, Lenore Case (Cameron Diaz), they begin hunting down the man who controls LA's gritty underworld: Benjamin Chudnofsky (Christoph Waltz). But Chudnofsky has plans of his own: to swat down The Green Hornet once and for all. -- (C) Sony","posters":{"thumbnail":"http://content9.flixster.com/movie/11/16/94/11169463_mob.jpg","profile":"http://content9.flixster.com/movie/11/16/94/11169463_pro.jpg","detailed":"http://content9.flixster.com/movie/11/16/94/11169463_det.jpg","original":"http://content9.flixster.com/movie/11/16/94/11169463_ori.jpg"},"abridged_cast":[{"name":"Seth Rogen","id":"162653310","characters":["Britt Reid/The Green Hornet"]},{"name":"Jay Chou","id":"196116018","characters":["Kato"]},{"name":"Cameron Diaz","id":"162654443","characters":["Lenore Case"]},{"name":"Tom Wilkinson","id":"162653769","characters":["James Reid"]},{"name":"Christoph Waltz","id":"770738334","characters":["Chudnofsky"]}],"alternate_ids":{"imdb":"0990407"},"links":{"self":"http://api.rottentomatoes.com/api/public/v1.0/movies/770678817.json","alternate":"http://www.rottentomatoes.com/m/green_hornet/","cast":"http://api.rottentomatoes.com/api/public/v1.0/movies/770678817/cast.json","clips":"http://api.rottentomatoes.com/api/public/v1.0/movies/770678817/clips.json","reviews":"http://api.rottentomatoes.com/api/public/v1.0/movies/770678817/reviews.json","similar":"http://api.rottentomatoes.com/api/public/v1.0/movies/770678817/similar.json"}},{"id":"771359341","title":"The Amazing Spiderman 4 3D","year":2018,"mpaa_rating":"Unrated","runtime":"","release_dates":{"theater":"2018-05-04"},"ratings":{"critics_score":-1,"audience_score":93},"synopsis":"","posters":{"thumbnail":"http://images.rottentomatoescdn.com/images/redesign/poster_default.gif","profile":"http://images.rottentomatoescdn.com/images/redesign/poster_default.gif","detailed":"http://images.rottentomatoescdn.com/images/redesign/poster_default.gif","original":"http://images.rottentomatoescdn.com/images/redesign/poster_default.gif"},"abridged_cast":[],"links":{"self":"http://api.rottentomatoes.com/api/public/v1.0/movies/771359341.json","alternate":"http://www.rottentomatoes.com/m/the_amazing_spiderman_4_3d/","cast":"http://api.rottentomatoes.com/api/public/v1.0/movies/771359341/cast.json","clips":"http://api.rottentomatoes.com/api/public/v1.0/movies/771359341/clips.json","reviews":"http://api.rottentomatoes.com/api/public/v1.0/movies/771359341/reviews.json","similar":"http://api.rottentomatoes.com/api/public/v1.0/movies/771359341/similar.json"}},{"id":"771354587","title":"The Machine","year":2013,"mpaa_rating":"R","runtime":91,"release_dates":{"theater":"2014-04-25"},"ratings":{"critics_score":-1,"audience_score":95},"synopsis":"Britain is in a Cold War with a new enemy, the Ministry of Defense is on the brink of developing a game-changing weapon. Lead scientist Vincent McCarthy (Toby Stephens) provides the answer with his creation, 'The Machine'- an android with unrivalled physical and processing skills. When a programming glitch causes an early prototype to destroy his lab, McCarthy enlists artificial intelligence expert Ava (Caity Lotz) to help him harness the full potential of a truly conscious fighting machine. (c) Official Facebook","posters":{"thumbnail":"http://content9.flixster.com/movie/11/17/47/11174715_mob.jpg","profile":"http://content9.flixster.com/movie/11/17/47/11174715_pro.jpg","detailed":"http://content9.flixster.com/movie/11/17/47/11174715_det.jpg","original":"http://content9.flixster.com/movie/11/17/47/11174715_ori.jpg"},"abridged_cast":[{"name":"Toby Stephens","id":"326396405","characters":["Vincent McCarthy"]},{"name":"Caity Lotz","id":"771387401","characters":["Ava/The Machine"]},{"name":"Denis Lawson","id":"768117486","characters":["Thomson"]},{"name":"Sam Hazeldine","id":"770777398","characters":["James"]},{"name":"Pooneh Hajimohammadi","id":"771444178","characters":["Suri"]}],"alternate_ids":{"imdb":"2317225"},"links":{"self":"http://api.rottentomatoes.com/api/public/v1.0/movies/771354587.json","alternate":"http://www.rottentomatoes.com/m/the_machine_2013/","cast":"http://api.rottentomatoes.com/api/public/v1.0/movies/771354587/cast.json","clips":"http://api.rottentomatoes.com/api/public/v1.0/movies/771354587/clips.json","reviews":"http://api.rottentomatoes.com/api/public/v1.0/movies/771354587/reviews.json","similar":"http://api.rottentomatoes.com/api/public/v1.0/movies/771354587/similar.json"}},{"id":"771374317","title":"The Girl on The Train","year":2014,"mpaa_rating":"Unrated","runtime":"","release_dates":{"theater":"2014-04-25"},"ratings":{"critics_score":-1,"audience_score":75},"synopsis":"A documentary filmmaker boards a train at Grand Central Terminal, heading to upstate New York to interview the subjects of his latest project. A chance encounter with a mysterious young woman leads him on a journey of a very different sort, and within the blink of an eye, Hart is forced to leave his complacent life behind for a world in which the line between fantasy and reality is blurred. As Hart tells his strange story to a police detective he finds himself being questioned as Martin tries to discover whether Hart is the victim or the suspect in the strange affair. (c) Monterey Media","posters":{"thumbnail":"http://content7.flixster.com/movie/11/17/61/11176129_mob.jpg","profile":"http://content7.flixster.com/movie/11/17/61/11176129_pro.jpg","detailed":"http://content7.flixster.com/movie/11/17/61/11176129_det.jpg","original":"http://content7.flixster.com/movie/11/17/61/11176129_ori.jpg"},"abridged_cast":[],"alternate_ids":{"imdb":"2387589"},"links":{"self":"http://api.rottentomatoes.com/api/public/v1.0/movies/771374317.json","alternate":"http://www.rottentomatoes.com/m/the_girl_on_the_train_2014/","cast":"http://api.rottentomatoes.com/api/public/v1.0/movies/771374317/cast.json","clips":"http://api.rottentomatoes.com/api/public/v1.0/movies/771374317/clips.json","reviews":"http://api.rottentomatoes.com/api/public/v1.0/movies/771374317/reviews.json","similar":"http://api.rottentomatoes.com/api/public/v1.0/movies/771374317/similar.json"}},{"id":"771362633","title":"The Familymoon","year":2014,"mpaa_rating":"Unrated","runtime":"","release_dates":{"theater":"2014-05-23"},"ratings":{"critics_score":-1,"audience_score":84},"synopsis":"","posters":{"thumbnail":"http://images.rottentomatoescdn.com/images/redesign/poster_default.gif","profile":"http://images.rottentomatoescdn.com/images/redesign/poster_default.gif","detailed":"http://images.rottentomatoescdn.com/images/redesign/poster_default.gif","original":"http://images.rottentomatoescdn.com/images/redesign/poster_default.gif"},"abridged_cast":[{"name":"Adam Sandler","id":"162652550"},{"name":"Bella Thorne","id":"770832921"},{"name":"Drew Barrymore","id":"162652402"},{"name":"Lauren Lapkus","id":"771452976"},{"name":"Terry Crews","id":"326392465"}],"links":{"self":"http://api.rottentomatoes.com/api/public/v1.0/movies/771362633.json","alternate":"http://www.rottentomatoes.com/m/the_familymoon/","cast":"http://api.rottentomatoes.com/api/public/v1.0/movies/771362633/cast.json","clips":"http://api.rottentomatoes.com/api/public/v1.0/movies/771362633/clips.json","reviews":"http://api.rottentomatoes.com/api/public/v1.0/movies/771362633/reviews.json","similar":"http://api.rottentomatoes.com/api/public/v1.0/movies/771362633/similar.json"}},{"id":"771359100","title":"The Amazing Spider-Man 4","year":2018,"mpaa_rating":"Unrated","runtime":"","release_dates":{"theater":"2018-05-04"},"ratings":{"critics_score":-1,"audience_score":93},"synopsis":"Spidey's back in this high-flying Sony Pictures sequel. ~ Jason Buchanan, Rovi","posters":{"thumbnail":"http://images.rottentomatoescdn.com/images/redesign/poster_default.gif","profile":"http://images.rottentomatoescdn.com/images/redesign/poster_default.gif","detailed":"http://images.rottentomatoescdn.com/images/redesign/poster_default.gif","original":"http://images.rottentomatoescdn.com/images/redesign/poster_default.gif"},"abridged_cast":[],"alternate_ids":{"imdb":"2990104"},"links":{"self":"http://api.rottentomatoes.com/api/public/v1.0/movies/771359100.json","alternate":"http://www.rottentomatoes.com/m/the_amazing_spider_man_4/","cast":"http://api.rottentomatoes.com/api/public/v1.0/movies/771359100/cast.json","clips":"http://api.rottentomatoes.com/api/public/v1.0/movies/771359100/clips.json","reviews":"http://api.rottentomatoes.com/api/public/v1.0/movies/771359100/reviews.json","similar":"http://api.rottentomatoes.com/api/public/v1.0/movies/771359100/similar.json"}},{"id":"771371773","title":"The Trip To Italy","year":2014,"mpaa_rating":"Unrated","runtime":115,"release_dates":{"theater":"2014-05-16"},"ratings":{"critics_rating":"Fresh","critics_score":100,"audience_score":97},"synopsis":"Michael Winterbottom's largely improvised 2010 film, The Trip, took comedians Steve Coogan and Rob Brydon or semifictionalized versions thereof on a restaurant tour around Northern England. In this witty and incisive follow-up, Winterbottom reunites the pair for a new culinary road trip, retracing the steps of the Romantic poets' grand tour of Italy and indulging in some sparkling banter and impersonation-offs. Rewhetting our palates from the earlier film, the characters enjoy mouthwatering meals in gorgeous settings from Liguria to Capri while riffing on subjects as varied as Batman's vocal register, the artistic merits of Jagged Little Pill, and, of course, the virtue of sequels.","posters":{"thumbnail":"http://images.rottentomatoescdn.com/images/redesign/poster_default.gif","profile":"http://images.rottentomatoescdn.com/images/redesign/poster_default.gif","detailed":"http://images.rottentomatoescdn.com/images/redesign/poster_default.gif","original":"http://images.rottentomatoescdn.com/images/redesign/poster_default.gif"},"abridged_cast":[{"name":"Steve Coogan","id":"162671833"},{"name":"Rob Brydon","id":"162654375"},{"name":"Rosie Fellner","id":"364615642"}],"alternate_ids":{"imdb":"2967006"},"links":{"self":"http://api.rottentomatoes.com/api/public/v1.0/movies/771371773.json","alternate":"http://www.rottentomatoes.com/m/the_trip_to_italy_2014/","cast":"http://api.rottentomatoes.com/api/public/v1.0/movies/771371773/cast.json","clips":"http://api.rottentomatoes.com/api/public/v1.0/movies/771371773/clips.json","reviews":"http://api.rottentomatoes.com/api/public/v1.0/movies/771371773/reviews.json","similar":"http://api.rottentomatoes.com/api/public/v1.0/movies/771371773/similar.json"}},{"id":"12873","title":"Shaun of the Dead","year":2004,"mpaa_rating":"R","runtime":100,"critics_consensus":"Shaun of the Dead cleverly balances scares and witty satire, making for a bloody good zombie movie with loads of wit.","release_dates":{"theater":"2004-09-24","dvd":"2004-12-21"},"ratings":{"critics_rating":"Certified Fresh","critics_score":91,"audience_rating":"Upright","audience_score":93},"synopsis":"","posters":{"thumbnail":"http://content9.flixster.com/movie/11/17/07/11170767_mob.jpg","profile":"http://content9.flixster.com/movie/11/17/07/11170767_pro.jpg","detailed":"http://content9.flixster.com/movie/11/17/07/11170767_det.jpg","original":"http://content9.flixster.com/movie/11/17/07/11170767_ori.jpg"},"abridged_cast":[{"name":"Simon Pegg","id":"162684057","characters":["Shaun"]},{"name":"Kate Ashfield","id":"162684058","characters":["Liz"]},{"name":"Nick Frost","id":"162684059","characters":["Ed"]},{"name":"Dylan Moran","id":"326396537","characters":["David"]},{"name":"Lucy Davis","id":"326391615","characters":["Dianne"]}],"alternate_ids":{"imdb":"0365748"},"links":{"self":"http://api.rottentomatoes.com/api/public/v1.0/movies/12873.json","alternate":"http://www.rottentomatoes.com/m/shaun_of_the_dead/","cast":"http://api.rottentomatoes.com/api/public/v1.0/movies/12873/cast.json","clips":"http://api.rottentomatoes.com/api/public/v1.0/movies/12873/clips.json","reviews":"http://api.rottentomatoes.com/api/public/v1.0/movies/12873/reviews.json","similar":"http://api.rottentomatoes.com/api/public/v1.0/movies/12873/similar.json"}},{"id":"771361913","title":"The Loft","year":2014,"mpaa_rating":"R","runtime":"","release_dates":{"theater":"2014-08-29"},"ratings":{"critics_score":-1,"audience_score":95},"synopsis":"Belgian director Erik van Looy revisits his own 2008 psychological thriller in this remake starring Karl Urban and James Marsden. The story centers on five married friends who begin to suspect one another of murder after the corpse of a young woman appears in the shared inner-city loft they use for extramarital affairs and other nefarious purposes. ~ Jason Buchanan, Rovi","posters":{"thumbnail":"http://images.rottentomatoescdn.com/images/redesign/poster_default.gif","profile":"http://images.rottentomatoescdn.com/images/redesign/poster_default.gif","detailed":"http://images.rottentomatoescdn.com/images/redesign/poster_default.gif","original":"http://images.rottentomatoescdn.com/images/redesign/poster_default.gif"},"abridged_cast":[{"name":"Rhona Mitra","id":"162719265"},{"name":"James Marsden","id":"162684857"},{"name":"Karl Urban","id":"162654704"},{"name":"Wentworth Miller","id":"378875868"},{"name":"Eric Stonestreet","id":"686048075"}],"alternate_ids":{"imdb":"1850397"},"links":{"self":"http://api.rottentomatoes.com/api/public/v1.0/movies/771361913.json","alternate":"http://www.rottentomatoes.com/m/the_loft/","cast":"http://api.rottentomatoes.com/api/public/v1.0/movies/771361913/cast.json","clips":"http://api.rottentomatoes.com/api/public/v1.0/movies/771361913/clips.json","reviews":"http://api.rottentomatoes.com/api/public/v1.0/movies/771361913/reviews.json","similar":"http://api.rottentomatoes.com/api/public/v1.0/movies/771361913/similar.json"}},{"id":"771355959","title":"The German Doctor","year":2013,"mpaa_rating":"PG-13","runtime":94,"release_dates":{"theater":"2014-04-25"},"ratings":{"critics_rating":"Fresh","critics_score":80,"audience_score":85},"synopsis":"Patagonia, 1960. A German doctor (Alex Brendemuhl) meets an Argentinean family and follows them on a long desert road to a small town where the family will be starting a new life. Eva (Natalia Oreiro), Enzo (Diego Peretti) and their three children welcome the doctor into their home and entrust their young daughter, Lilith (Florencia Bado), to his care, not knowing that they are harboring one of the most dangerous criminals in the world. At the same time, Israeli agents are desperately looking to bring THE GERMAN DOCTOR to justice. Based on filmmaker Lucia Puenzo's (XXY) fifth novel, the story follows Josef Mengele, the \"Angel of Death,\" a German SS officer and a physician at the Auschwitz concentration camp, in the years he spent \"hiding\", along with many other Nazi's, in South America following his escape from Germany. Mengele was considered to be one of WWII's most heinous Nazi war criminals. (c) Samuel Goldwyn","posters":{"thumbnail":"http://content9.flixster.com/movie/11/17/60/11176071_mob.jpg","profile":"http://content9.flixster.com/movie/11/17/60/11176071_pro.jpg","detailed":"http://content9.flixster.com/movie/11/17/60/11176071_det.jpg","original":"http://content9.flixster.com/movie/11/17/60/11176071_ori.jpg"},"abridged_cast":[{"name":"Alex Brendemuhl","id":"385330906","characters":["Mengele"]},{"name":"Florencia Bado","id":"771447491","characters":["Lilith"]},{"name":"Diego Peretti","id":"364647481","characters":["Enzo"]},{"name":"Natalia Oreiro","id":"247606590","characters":["Eva"]},{"name":"Alan Daicz","id":"771444832","characters":["Tomas"]}],"alternate_ids":{"imdb":"1847746"},"links":{"self":"http://api.rottentomatoes.com/api/public/v1.0/movies/771355959.json","alternate":"http://www.rottentomatoes.com/m/the_german_doctor/","cast":"http://api.rottentomatoes.com/api/public/v1.0/movies/771355959/cast.json","clips":"http://api.rottentomatoes.com/api/public/v1.0/movies/771355959/clips.json","reviews":"http://api.rottentomatoes.com/api/public/v1.0/movies/771355959/reviews.json","similar":"http://api.rottentomatoes.com/api/public/v1.0/movies/771355959/similar.json"}},{"id":"771361177","title":"The New Black","year":2014,"mpaa_rating":"Unrated","runtime":74,"release_dates":{"theater":"2014-02-12"},"ratings":{"critics_rating":"Fresh","critics_score":83,"audience_rating":"Upright","audience_score":75},"synopsis":"The New Black is a documentary that tells the story of how the African-American community is grappling with the gay rights issue in light of the recent gay marriage movement and the fight over civil rights. The film documents activists, families and clergy on both sides of the campaign to legalize gay marriage and examines homophobia in the black community's institutional pillar-the black church and reveals the Christian right wing's strategy of exploiting this phenomenon in order to pursue an anti-gay political agenda. The New Black takes viewers into the pews and onto the streets and provides a seat at the kitchen table as it tells the story of the historic fight to win marriage equality in Maryland and charts the evolution of this divisive issue within the black community. (c) Official Site","posters":{"thumbnail":"http://content9.flixster.com/movie/11/17/26/11172603_mob.jpg","profile":"http://content9.flixster.com/movie/11/17/26/11172603_pro.jpg","detailed":"http://content9.flixster.com/movie/11/17/26/11172603_det.jpg","original":"http://content9.flixster.com/movie/11/17/26/11172603_ori.jpg"},"abridged_cast":[],"alternate_ids":{"imdb":"3060670"},"links":{"self":"http://api.rottentomatoes.com/api/public/v1.0/movies/771361177.json","alternate":"http://www.rottentomatoes.com/m/the_new_black/","cast":"http://api.rottentomatoes.com/api/public/v1.0/movies/771361177/cast.json","clips":"http://api.rottentomatoes.com/api/public/v1.0/movies/771361177/clips.json","reviews":"http://api.rottentomatoes.com/api/public/v1.0/movies/771361177/reviews.json","similar":"http://api.rottentomatoes.com/api/public/v1.0/movies/771361177/similar.json"}},{"id":"771368664","title":"The Protector 2","year":2014,"mpaa_rating":"R","runtime":104,"release_dates":{"theater":"2014-05-02"},"ratings":{"critics_score":-1,"audience_score":94},"synopsis":"Boss Suchart is the influential owner of a major elephant camp. When he was murdered in his own home - the killer delivered three fatal blows on his body - all evidence points to KHAM (Tony Jaa), who was present at the crime scene and was seen with the victim the moment before he died. Kham is forced to run as the police launch a pursuit. Meanwhile, the twin nieces of Boss Suchart (Jija Yanin Wismitanan and Teerada Kittisiriprasert) are out for revenge. But luck is on Kham's side when he runs into Sergeant MARK (Mum Jokmok), an Interpol agent sent to Thailand on a secret mission. As Kham is hunted by several parties, he's also desperately searching for KHON, his elephant, whose disappearance is involved with Boss Suchart's death. In another twist, Kham is drawn into an underground fighting ring run by LC (RZA), a crime lord who's obsessed with collecting top-class martial artists from around the world. LC's fighters are branded only by numbers, such as the lethal, beautiful TWENTY (Ratha Pho-ngam) and the diabolical NO.2 (Marrese Crump). These fighters are ordered to defeat and capture Kham for a special mission that LC has in mind. A sequel of the global smash-hit The Protector (Tom Yam Goong), THE PROTECTOR 2 is an extreme fight movie, an endlessly intense, nerve-racking film full of fists, elbows, kicks and daredevil stunt scenes and amazingly choreographed fighting moves that will pump hot blood through the body of all action fans.(C) Magnolia","posters":{"thumbnail":"http://content7.flixster.com/movie/11/17/65/11176565_mob.jpg","profile":"http://content7.flixster.com/movie/11/17/65/11176565_pro.jpg","detailed":"http://content7.flixster.com/movie/11/17/65/11176565_det.jpg","original":"http://content7.flixster.com/movie/11/17/65/11176565_ori.jpg"},"abridged_cast":[{"name":"Tony Jaa","id":"162684066","characters":["Kham"]},{"name":"RZA","id":"770672549","characters":["LC"]},{"name":"Mum Jokmok","id":"771030638","characters":["Sergeant Mark"]},{"name":"Marrese Crump","id":"771435862","characters":["No. 2"]},{"name":"David Ismalone","id":"770726337"}],"alternate_ids":{"imdb":"1925518"},"links":{"self":"http://api.rottentomatoes.com/api/public/v1.0/movies/771368664.json","alternate":"http://www.rottentomatoes.com/m/the_protector_2_2013/","cast":"http://api.rottentomatoes.com/api/public/v1.0/movies/771368664/cast.json","clips":"http://api.rottentomatoes.com/api/public/v1.0/movies/771368664/clips.json","reviews":"http://api.rottentomatoes.com/api/public/v1.0/movies/771368664/reviews.json","similar":"http://api.rottentomatoes.com/api/public/v1.0/movies/771368664/similar.json"}},{"id":"771373518","title":"The Nut Job 2","year":2016,"mpaa_rating":"Unrated","runtime":86,"release_dates":{"theater":"2016-01-15"},"ratings":{"critics_score":-1,"audience_score":68},"synopsis":"This sequel to the 2014 animated film The Nut Job follows the further adventures of a larcenous squirrel named Surly. ~ Perry Seibert, Rovi","posters":{"thumbnail":"http://images.rottentomatoescdn.com/images/redesign/poster_default.gif","profile":"http://images.rottentomatoescdn.com/images/redesign/poster_default.gif","detailed":"http://images.rottentomatoescdn.com/images/redesign/poster_default.gif","original":"http://images.rottentomatoescdn.com/images/redesign/poster_default.gif"},"abridged_cast":[{"name":"Will Arnett","id":"335717464"},{"name":"Brendan Fraser","id":"162662763"},{"name":"Liam Neeson","id":"162652242"},{"name":"Katherine Heigl","id":"162670134"},{"name":"Maya Rudolph","id":"306548951"}],"links":{"self":"http://api.rottentomatoes.com/api/public/v1.0/movies/771373518.json","alternate":"http://www.rottentomatoes.com/m/the_nut_job_2/","cast":"http://api.rottentomatoes.com/api/public/v1.0/movies/771373518/cast.json","clips":"http://api.rottentomatoes.com/api/public/v1.0/movies/771373518/clips.json","reviews":"http://api.rottentomatoes.com/api/public/v1.0/movies/771373518/reviews.json","similar":"http://api.rottentomatoes.com/api/public/v1.0/movies/771373518/similar.json"}},{"id":"14679","title":"The Girl Next Door","year":2004,"mpaa_rating":"R","runtime":108,"critics_consensus":"The movie borrows heavily from Risky Business, though Hirsch and Cuthbert are appealing leads.","release_dates":{"theater":"2004-04-09","dvd":"2004-08-24"},"ratings":{"critics_rating":"Rotten","critics_score":55,"audience_rating":"Upright","audience_score":70},"synopsis":"","posters":{"thumbnail":"http://content9.flixster.com/movie/11/12/56/11125663_mob.jpg","profile":"http://content9.flixster.com/movie/11/12/56/11125663_pro.jpg","detailed":"http://content9.flixster.com/movie/11/12/56/11125663_det.jpg","original":"http://content9.flixster.com/movie/11/12/56/11125663_ori.jpg"},"abridged_cast":[{"name":"Elisha Cuthbert","id":"162652258","characters":["Danielle"]},{"name":"Emile Hirsch","id":"162652589","characters":["Matthew Kidman"]},{"name":"Timothy Olyphant","id":"162696544","characters":["Kelly"]},{"name":"James Remar","id":"162667832","characters":["Hugo Posh"]},{"name":"Christopher George Marquette","id":"770895688","characters":["Eli"]}],"alternate_ids":{"imdb":"0265208"},"links":{"self":"http://api.rottentomatoes.com/api/public/v1.0/movies/14679.json","alternate":"http://www.rottentomatoes.com/m/1130343-girl_next_door/","cast":"http://api.rottentomatoes.com/api/public/v1.0/movies/14679/cast.json","clips":"http://api.rottentomatoes.com/api/public/v1.0/movies/14679/clips.json","reviews":"http://api.rottentomatoes.com/api/public/v1.0/movies/14679/reviews.json","similar":"http://api.rottentomatoes.com/api/public/v1.0/movies/14679/similar.json"}},{"id":"771271571","title":"Lee Daniels' The Butler","year":2013,"mpaa_rating":"PG-13","runtime":132,"critics_consensus":"Gut-wrenching and emotionally affecting,  Lee Daniels' The Butler overcomes an uneven narrative thanks to strong performances from an all-star cast.","release_dates":{"theater":"2013-08-16","dvd":"2014-01-14"},"ratings":{"critics_rating":"Fresh","critics_score":73,"audience_rating":"Upright","audience_score":79},"synopsis":"LEE DANIELS' THE BUTLER tells the story of a White House butler who served eight American presidents over three decades. The film traces the dramatic changes that swept American society during this time, from the civil rights movement to Vietnam and beyond, and how those changes affected this man's life and family. Forest Whitaker stars as the butler with Robin Williams as Dwight Eisenhower, John Cusack as Richard Nixon, Alan Rickman as Ronald Reagan, James Marsden as John F. Kennedy, Liev Schreiber as Lyndon B. Johnson, and many more. Academy Award (R) nominated Lee Daniels (PRECIOUS) directs and co-wrote the script with Emmy (R)-award winning Danny Strong (GAME CHANGE). (c) Weinstein","posters":{"thumbnail":"http://content7.flixster.com/movie/11/17/26/11172685_mob.jpg","profile":"http://content7.flixster.com/movie/11/17/26/11172685_pro.jpg","detailed":"http://content7.flixster.com/movie/11/17/26/11172685_det.jpg","original":"http://content7.flixster.com/movie/11/17/26/11172685_ori.jpg"},"abridged_cast":[{"name":"Forest Whitaker","id":"162662640","characters":["Cecil Gaines"]},{"name":"Oprah Winfrey","id":"162654774","characters":["Gloria Gaines"]},{"name":"Cuba Gooding Jr.","id":"162664235","characters":["Carter Wilson"]},{"name":"Terrence Howard","id":"162652991","characters":["Howard"]},{"name":"Alan Rickman","id":"162666132","characters":["Ronald Reagan"]}],"alternate_ids":{"imdb":"1327773"},"links":{"self":"http://api.rottentomatoes.com/api/public/v1.0/movies/771271571.json","alternate":"http://www.rottentomatoes.com/m/lee_daniels_the_butler/","cast":"http://api.rottentomatoes.com/api/public/v1.0/movies/771271571/cast.json","clips":"http://api.rottentomatoes.com/api/public/v1.0/movies/771271571/clips.json","reviews":"http://api.rottentomatoes.com/api/public/v1.0/movies/771271571/reviews.json","similar":"http://api.rottentomatoes.com/api/public/v1.0/movies/771271571/similar.json"}},{"id":"771351830","title":"The Retrieval","year":2014,"mpaa_rating":"Unrated","runtime":92,"release_dates":{"theater":"2014-04-02"},"ratings":{"critics_score":-1,"audience_score":89},"synopsis":"\"Chris Eska's beautifully made Civil War drama THE RETRIEVAL, which was awarded the SXSW Grand Jury Prize for lead actor Tishuan Scott's performance, is a quietly stirring journey into America's ravaged heartland of 1864. It follows three black men, two fully grown and one barely on the cusp of adolescence, as they walk north and navigate the complexities of survival, self-interest and slowly emerging friendship.\" - Beth Hanna, Indiewire. A white bounty hunter and his gang, a black man and his young nephew who work for him by entrapping others, and the black man who is their prey set the drama in motion. Superb acting by all the principals illuminates the struggles of conscience they experience - both universal and timeless - even as a disastrous war rages around them.","posters":{"thumbnail":"http://content7.flixster.com/movie/11/17/53/11175313_mob.jpg","profile":"http://content7.flixster.com/movie/11/17/53/11175313_pro.jpg","detailed":"http://content7.flixster.com/movie/11/17/53/11175313_det.jpg","original":"http://content7.flixster.com/movie/11/17/53/11175313_ori.jpg"},"abridged_cast":[{"name":"Ashton Sanders","id":"771441965"},{"name":"Tishuan Scott","id":"771432534"},{"name":"Keston John","id":"770789672"},{"name":"Bill Oberst Jr.","id":"770834561"},{"name":"Christine Horn","id":"771454641"}],"alternate_ids":{"imdb":"2635006"},"links":{"self":"http://api.rottentomatoes.com/api/public/v1.0/movies/771351830.json","alternate":"http://www.rottentomatoes.com/m/the_retrieval/","cast":"http://api.rottentomatoes.com/api/public/v1.0/movies/771351830/cast.json","clips":"http://api.rottentomatoes.com/api/public/v1.0/movies/771351830/clips.json","reviews":"http://api.rottentomatoes.com/api/public/v1.0/movies/771351830/reviews.json","similar":"http://api.rottentomatoes.com/api/public/v1.0/movies/771351830/similar.json"}},{"id":"771368209","title":"The Best Of Me","year":2014,"mpaa_rating":"Unrated","runtime":"","release_dates":{"theater":"2014-10-17"},"ratings":{"critics_score":-1,"audience_score":98},"synopsis":"The story of Dawson and Amanda, two former high school sweethearts who find themselves reunited after 20 years apart, when they return to their small town for the funeral of the beloved friend. Their bittersweet reunion reignites the love they've never forgotten, but soon they discover the forces that drove them apart twenty years ago live on, posing even more serious threats today. Spanning decades, this epic love story captures the enduring power of our first true love, and the wrenching choices we face when confronted with elusive second chances.","posters":{"thumbnail":"http://images.rottentomatoescdn.com/images/redesign/poster_default.gif","profile":"http://images.rottentomatoescdn.com/images/redesign/poster_default.gif","detailed":"http://images.rottentomatoescdn.com/images/redesign/poster_default.gif","original":"http://images.rottentomatoescdn.com/images/redesign/poster_default.gif"},"abridged_cast":[{"name":"Michelle Monaghan","id":"162654801"}],"links":{"self":"http://api.rottentomatoes.com/api/public/v1.0/movies/771368209.json","alternate":"http://www.rottentomatoes.com/m/the_best_of_me/","cast":"http://api.rottentomatoes.com/api/public/v1.0/movies/771368209/cast.json","clips":"http://api.rottentomatoes.com/api/public/v1.0/movies/771368209/clips.json","reviews":"http://api.rottentomatoes.com/api/public/v1.0/movies/771368209/reviews.json","similar":"http://api.rottentomatoes.com/api/public/v1.0/movies/771368209/similar.json"}},{"id":"771370466","title":"The Intern","year":2015,"mpaa_rating":"Unrated","runtime":"","release_dates":{"theater":"2015-09-25"},"ratings":{"critics_score":-1,"audience_score":100},"synopsis":"A retired successful business owner and widower (Robert DeNiro) lands an internship at a fashion website run by a young, career-driven woman (Reese Witherspoon) in this Warner Bros. comedy from writer/director Nancy Meyers (The Holiday, It's Complicated). ~ Jason Buchanan, Rovi","posters":{"thumbnail":"http://images.rottentomatoescdn.com/images/redesign/poster_default.gif","profile":"http://images.rottentomatoescdn.com/images/redesign/poster_default.gif","detailed":"http://images.rottentomatoescdn.com/images/redesign/poster_default.gif","original":"http://images.rottentomatoescdn.com/images/redesign/poster_default.gif"},"abridged_cast":[{"name":"Robert De Niro","id":"162655521"},{"name":"Anne Hathaway","id":"162656190"}],"alternate_ids":{"imdb":"2361509"},"links":{"self":"http://api.rottentomatoes.com/api/public/v1.0/movies/771370466.json","alternate":"http://www.rottentomatoes.com/m/the_intern/","cast":"http://api.rottentomatoes.com/api/public/v1.0/movies/771370466/cast.json","clips":"http://api.rottentomatoes.com/api/public/v1.0/movies/771370466/clips.json","reviews":"http://api.rottentomatoes.com/api/public/v1.0/movies/771370466/reviews.json","similar":"http://api.rottentomatoes.com/api/public/v1.0/movies/771370466/similar.json"}},{"id":"771363972","title":"The Den","year":2014,"mpaa_rating":"R","runtime":81,"release_dates":{"theater":"2014-03-14"},"ratings":{"critics_score":-1,"audience_score":95},"synopsis":"After receiving a grant for her graduate thesis, Elizabeth Benton (Melanie Papalia) logs onto a video-chat site known as THE DEN, on a mission to explore the habits of its users. During one of her random video-chats, Elizabeth watches in horror as a teenage girl is gruesomely murdered in front of her webcam. While the police dismiss it as a viral prank, Elizabeth believes what she saw is real and takes it upon herself to find the truth. Her life quickly spirals out of control as she gets pulled deeper into the darkest recesses of the internet. And eventually, Elizabeth finds herself trapped in a twisted game in which she and her loved ones are targeted for the same grisly fate as the first victim. (c) IFC Films","posters":{"thumbnail":"http://content6.flixster.com/movie/11/17/64/11176492_mob.jpg","profile":"http://content6.flixster.com/movie/11/17/64/11176492_pro.jpg","detailed":"http://content6.flixster.com/movie/11/17/64/11176492_det.jpg","original":"http://content6.flixster.com/movie/11/17/64/11176492_ori.jpg"},"abridged_cast":[{"name":"Melanie Papalia","id":"770803270","characters":["Elizabeth Benton"]},{"name":"Adam Shapiro","id":"326300051"},{"name":"David Schlachtenhaufen","id":"771069963"},{"name":"Matt Riedy","id":"418774444"},{"name":"Bill Oberst Jr.","id":"770834561"}],"alternate_ids":{"imdb":"2503154"},"links":{"self":"http://api.rottentomatoes.com/api/public/v1.0/movies/771363972.json","alternate":"http://www.rottentomatoes.com/m/the_den/","cast":"http://api.rottentomatoes.com/api/public/v1.0/movies/771363972/cast.json","clips":"http://api.rottentomatoes.com/api/public/v1.0/movies/771363972/clips.json","reviews":"http://api.rottentomatoes.com/api/public/v1.0/movies/771363972/reviews.json","similar":"http://api.rottentomatoes.com/api/public/v1.0/movies/771363972/similar.json"}},{"id":"771359009","title":"The Hundred-foot Journey","year":2014,"mpaa_rating":"Unrated","runtime":"","release_dates":{"theater":"2014-08-08"},"ratings":{"critics_score":-1,"audience_score":88},"synopsis":"In \"The Hundred-Foot Journey,\" Hassan Kadam (Manish Dayal) is a culinary ingenue with the gastronomic equivalent of perfect pitch. Displaced from their native India, the Kadam family, led by Papa (Om Puri), settles in the quaint village of Saint-Antonin-Noble-Val in the south of France. Filled with charm, it is both picturesque and elegant - the ideal place to settle down and open an Indian restaurant, the Maison Mumbai. That is, until the chilly chef proprietress of Le Saule Pleureur, a Michelin starred, classical French restaurant run by Madame Mallory (Academy Award (R)-winner Helen Mirren), gets wind of it. Her icy protests against the new Indian restaurant a hundred feet from her own, escalate to all out war between the two establishments - until Hassan's passion for French haute cuisine and for Mme. Mallory's enchanting sous chef, Marguerite (Charlotte Le Bon), combine with his mysteriously delicious talent to weave magic between their two cultures and imbue Saint-Antonin with the flavors of life that even Mme. Mallory cannot ignore. At first Mme. Mallory's culinary rival, she eventually recognizes Hassan's gift as a chef and takes him under her wing. (c) Disney","posters":{"thumbnail":"http://images.rottentomatoescdn.com/images/redesign/poster_default.gif","profile":"http://images.rottentomatoescdn.com/images/redesign/poster_default.gif","detailed":"http://images.rottentomatoescdn.com/images/redesign/poster_default.gif","original":"http://images.rottentomatoescdn.com/images/redesign/poster_default.gif"},"abridged_cast":[{"name":"Helen Mirren","id":"162662871","characters":["Madame Mallory"]},{"name":"Manish Dayal","id":"770779441","characters":["Hassan Kadam"]},{"name":"Om Puri","id":"162705440","characters":["Papa"]},{"name":"Charlotte Le Bon","id":"771426955","characters":["Marguerite"]}],"alternate_ids":{"imdb":"2980648"},"links":{"self":"http://api.rottentomatoes.com/api/public/v1.0/movies/771359009.json","alternate":"http://www.rottentomatoes.com/m/the_hundred_foot_journey/","cast":"http://api.rottentomatoes.com/api/public/v1.0/movies/771359009/cast.json","clips":"http://api.rottentomatoes.com/api/public/v1.0/movies/771359009/clips.json","reviews":"http://api.rottentomatoes.com/api/public/v1.0/movies/771359009/reviews.json","similar":"http://api.rottentomatoes.com/api/public/v1.0/movies/771359009/similar.json"}},{"id":"771355233","title":"The Anonymous People","year":2014,"mpaa_rating":"Unrated","runtime":82,"release_dates":{"theater":"2014-03-14"},"ratings":{"critics_score":-1,"audience_score":97},"synopsis":"Directed by Greg Williams, The Anonymous People features prominent people who are living publicly in long-term recovery, like former NBA star Chris Herren, award-winning actress Kristen Johnston (3rd Rock From the Sun, The Exes), Miss USA 2006 Tara Conner, best-selling author William Cope Moyers, former congressmen Patrick Kennedy and Jim Ramstad - and many others. Their brave testimonies dispel long-standing cliches about addiction and recovery.(C) Kino","posters":{"thumbnail":"http://content9.flixster.com/movie/11/17/62/11176299_mob.jpg","profile":"http://content9.flixster.com/movie/11/17/62/11176299_pro.jpg","detailed":"http://content9.flixster.com/movie/11/17/62/11176299_det.jpg","original":"http://content9.flixster.com/movie/11/17/62/11176299_ori.jpg"},"abridged_cast":[{"name":"Kristen Johnston","id":"162678494"},{"name":"Tara Conner","id":"771301978"},{"name":"Chris Herren","id":"771390302"},{"name":"Roxanne Kibben","id":"771482608"},{"name":"William Cope Moyers","id":"771444510"}],"alternate_ids":{"imdb":"2571226"},"links":{"self":"http://api.rottentomatoes.com/api/public/v1.0/movies/771355233.json","alternate":"http://www.rottentomatoes.com/m/the_anonymous_people/","cast":"http://api.rottentomatoes.com/api/public/v1.0/movies/771355233/cast.json","clips":"http://api.rottentomatoes.com/api/public/v1.0/movies/771355233/clips.json","reviews":"http://api.rottentomatoes.com/api/public/v1.0/movies/771355233/reviews.json","similar":"http://api.rottentomatoes.com/api/public/v1.0/movies/771355233/similar.json"}},{"id":"771373027","title":"The Drop","year":2014,"mpaa_rating":"Unrated","runtime":"","release_dates":{"theater":"2014-09-19"},"ratings":{"critics_score":-1,"audience_score":100},"synopsis":"This film takes an inside look at organized crime's use of local New York City bars as money-laundering 'drops'. When lonely Brooklyn bartender Bob Saginowski uncovers a drop of a different sort in the form of a battered pit bull puppy that he rescues from certain death, he comes into contact with Nadia, a mysterious woman hiding a dark past.","posters":{"thumbnail":"http://images.rottentomatoescdn.com/images/redesign/poster_default.gif","profile":"http://images.rottentomatoescdn.com/images/redesign/poster_default.gif","detailed":"http://images.rottentomatoescdn.com/images/redesign/poster_default.gif","original":"http://images.rottentomatoescdn.com/images/redesign/poster_default.gif"},"abridged_cast":[{"name":"Tom Hardy","id":"391527059"},{"name":"Noomi Rapace","id":"770821073"},{"name":"James Gandolfini","id":"162667080"},{"name":"Matthias Schoenaerts","id":"403904587"},{"name":"John Ortiz","id":"769772570"}],"links":{"self":"http://api.rottentomatoes.com/api/public/v1.0/movies/771373027.json","alternate":"http://www.rottentomatoes.com/m/the_drop/","cast":"http://api.rottentomatoes.com/api/public/v1.0/movies/771373027/cast.json","clips":"http://api.rottentomatoes.com/api/public/v1.0/movies/771373027/clips.json","reviews":"http://api.rottentomatoes.com/api/public/v1.0/movies/771373027/reviews.json","similar":"http://api.rottentomatoes.com/api/public/v1.0/movies/771373027/similar.json"}},{"id":"771373844","title":"The Wedding Ringer","year":2015,"mpaa_rating":"Unrated","runtime":"","release_dates":{"theater":"2015-01-16"},"ratings":{"critics_score":-1,"audience_score":100},"synopsis":"Kevin Hart (Ride Along, About Last Night) headlines this Screen Gems comedy centering on a surrogate best man who offers his services to socially-awkward grooms. ~ Jason Buchanan, Rovi","posters":{"thumbnail":"http://images.rottentomatoescdn.com/images/redesign/poster_default.gif","profile":"http://images.rottentomatoescdn.com/images/redesign/poster_default.gif","detailed":"http://images.rottentomatoescdn.com/images/redesign/poster_default.gif","original":"http://images.rottentomatoescdn.com/images/redesign/poster_default.gif"},"abridged_cast":[{"name":"Kevin Hart","id":"770671077"}],"alternate_ids":{"imdb":"0884732"},"links":{"self":"http://api.rottentomatoes.com/api/public/v1.0/movies/771373844.json","alternate":"http://www.rottentomatoes.com/m/the_wedding_ringer/","cast":"http://api.rottentomatoes.com/api/public/v1.0/movies/771373844/cast.json","clips":"http://api.rottentomatoes.com/api/public/v1.0/movies/771373844/clips.json","reviews":"http://api.rottentomatoes.com/api/public/v1.0/movies/771373844/reviews.json","similar":"http://api.rottentomatoes.com/api/public/v1.0/movies/771373844/similar.json"}},{"id":"771371889","title":"The Signal","year":2014,"mpaa_rating":"PG-13","runtime":95,"release_dates":{"theater":"2014-06-13"},"ratings":{"critics_score":-1,"audience_score":100},"synopsis":"","posters":{"thumbnail":"http://images.rottentomatoescdn.com/images/redesign/poster_default.gif","profile":"http://images.rottentomatoescdn.com/images/redesign/poster_default.gif","detailed":"http://images.rottentomatoescdn.com/images/redesign/poster_default.gif","original":"http://images.rottentomatoescdn.com/images/redesign/poster_default.gif"},"abridged_cast":[{"name":"Laurence Fishburne","id":"162669090"},{"name":"Brenton Thwaites","id":"771420717"},{"name":"Sarah Clarke","id":"326391994"},{"name":"Lin Shaye","id":"364609819"},{"name":"Olivia Cooke","id":"771439949"}],"alternate_ids":{"imdb":"2910814"},"links":{"self":"http://api.rottentomatoes.com/api/public/v1.0/movies/771371889.json","alternate":"http://www.rottentomatoes.com/m/the_signal_2014/","cast":"http://api.rottentomatoes.com/api/public/v1.0/movies/771371889/cast.json","clips":"http://api.rottentomatoes.com/api/public/v1.0/movies/771371889/clips.json","reviews":"http://api.rottentomatoes.com/api/public/v1.0/movies/771371889/reviews.json","similar":"http://api.rottentomatoes.com/api/public/v1.0/movies/771371889/similar.json"}},{"id":"771369817","title":"The Scribbler","year":2014,"mpaa_rating":"Unrated","runtime":88,"release_dates":{"theater":"2014-05-01"},"ratings":{"critics_score":-1,"audience_score":79},"synopsis":"","posters":{"thumbnail":"http://images.rottentomatoescdn.com/images/redesign/poster_default.gif","profile":"http://images.rottentomatoescdn.com/images/redesign/poster_default.gif","detailed":"http://images.rottentomatoescdn.com/images/redesign/poster_default.gif","original":"http://images.rottentomatoescdn.com/images/redesign/poster_default.gif"},"abridged_cast":[{"name":"Katie Cassidy","id":"364606992"},{"name":"Michelle Trachtenberg","id":"162655986"},{"name":"Eliza Dushku","id":"162663514"},{"name":"Sasha Grey","id":"770830720"},{"name":"Kunal Nayyar","id":"770791124"}],"links":{"self":"http://api.rottentomatoes.com/api/public/v1.0/movies/771369817.json","alternate":"http://www.rottentomatoes.com/m/the_scribbler/","cast":"http://api.rottentomatoes.com/api/public/v1.0/movies/771369817/cast.json","clips":"http://api.rottentomatoes.com/api/public/v1.0/movies/771369817/clips.json","reviews":"http://api.rottentomatoes.com/api/public/v1.0/movies/771369817/reviews.json","similar":"http://api.rottentomatoes.com/api/public/v1.0/movies/771369817/similar.json"}},{"id":"771362022","title":"The French Minister","year":2014,"mpaa_rating":"Unrated","runtime":113,"release_dates":{"theater":"2014-03-21"},"ratings":{"critics_score":-1,"audience_score":96},"synopsis":"Alexandre Taillard de Vorms is tall and impressive, a man with style, attractive to women. He also happens to be the Minister of Foreign Affairs for the land of enlightenment: France. With his silver mane and tanned, athletic body, he stalks the world stage, from the floor of the United Nations in New York to the powder keg of Oubanga. There, he calls on the powerful and invokes the mighty to bring peace, to calm the trigger-happy, and to cement his aura of Nobel Peace Prize winner-in-waiting. Alexandre Taillard de Vorms is a force to be reckoned with, waging his own war backed up by the holy trinity of diplomatic concepts: legitimacy, lucidity and efficacy. He takes on American neo-cons, corrupt Russians and money-grabbing Chinese. Perhaps the world doesn't deserve France's magnanimousness, but his art would be wasted if just restricted to home turf. Enter the young Arthur Vlaminck, graduate of the elite National School of Administration, who is hired as head of \"language\" at the foreign ministry. In other words, he is to write the minister's speeches. But he also has to learn to deal with the sensibilities of the boss and his entourage, and find his way between the private secretary and the special advisors who stalk the corridors of the Quai d'Orsay - the ministry's home - where stress, ambition and dirty dealing are the daily currency. But just as he thinks he can influence the fate of the world, everything seems threatened by the inertia of the technocrats. (C) IFC Films","posters":{"thumbnail":"http://content8.flixster.com/movie/11/17/66/11176602_mob.jpg","profile":"http://content8.flixster.com/movie/11/17/66/11176602_pro.jpg","detailed":"http://content8.flixster.com/movie/11/17/66/11176602_det.jpg","original":"http://content8.flixster.com/movie/11/17/66/11176602_ori.jpg"},"abridged_cast":[{"name":"Niels Arestrup","id":"266555632"},{"name":"Thierry Lhermitte","id":"162669775"},{"name":"Josephine de la Baume","id":"771375754"},{"name":"Jane Birkin","id":"326298802"},{"name":"Anais Demoustier","id":"364609527"}],"alternate_ids":{"imdb":"2609222"},"links":{"self":"http://api.rottentomatoes.com/api/public/v1.0/movies/771362022.json","alternate":"http://www.rottentomatoes.com/m/the_french_minister/","cast":"http://api.rottentomatoes.com/api/public/v1.0/movies/771362022/cast.json","clips":"http://api.rottentomatoes.com/api/public/v1.0/movies/771362022/clips.json","reviews":"http://api.rottentomatoes.com/api/public/v1.0/movies/771362022/reviews.json","similar":"http://api.rottentomatoes.com/api/public/v1.0/movies/771362022/similar.json"}},{"id":"771373517","title":"The Nut Job 2 In 3D","year":2016,"mpaa_rating":"Unrated","runtime":"","release_dates":{"theater":"2016-01-15"},"ratings":{"critics_score":-1,"audience_score":74},"synopsis":"","posters":{"thumbnail":"http://images.rottentomatoescdn.com/images/redesign/poster_default.gif","profile":"http://images.rottentomatoescdn.com/images/redesign/poster_default.gif","detailed":"http://images.rottentomatoescdn.com/images/redesign/poster_default.gif","original":"http://images.rottentomatoescdn.com/images/redesign/poster_default.gif"},"abridged_cast":[{"name":"Will Arnett","id":"335717464"},{"name":"Brendan Fraser","id":"162662763"},{"name":"Liam Neeson","id":"162652242"},{"name":"Katherine Heigl","id":"162670134"},{"name":"Maya Rudolph","id":"306548951"}],"links":{"self":"http://api.rottentomatoes.com/api/public/v1.0/movies/771373517.json","alternate":"http://www.rottentomatoes.com/m/the_nut_job_2_in_3d/","cast":"http://api.rottentomatoes.com/api/public/v1.0/movies/771373517/cast.json","clips":"http://api.rottentomatoes.com/api/public/v1.0/movies/771373517/clips.json","reviews":"http://api.rottentomatoes.com/api/public/v1.0/movies/771373517/reviews.json","similar":"http://api.rottentomatoes.com/api/public/v1.0/movies/771373517/similar.json"}},{"id":"771305824","title":"The Final Member","year":2014,"mpaa_rating":"Unrated","runtime":72,"release_dates":{"theater":"2014-04-18"},"ratings":{"critics_score":-1,"audience_score":85},"synopsis":"Paris has the Louvre. London has the Tate Modern, and New York the Metropolitan Museum. But Husavik, Iceland-a diminutive village on the fringe of the Arctic Circle-boasts the world's only museum devoted exclusively to painstakingly preserved male genitalia. Founded and curated by Sigurdur \"Siggi\" Hjartarson, the Icelandic Phallological Museum houses four decades worth of mammalian members, from a petite field mouse to the colossal sperm whale, and every \"thing\" in between. But, lamentably, Siggi's collection lacks the holy grail of phallic phantasmagoria: a human specimen. Siggi's world changes dramatically when he receives generous offers from an elderly Icelandic Casanova and an eccentric American. However, as the competition for eternal penile preservation heats up between the two men, Siggi soon discovers that this process is more complicated than it initially appeared. In their debut feature film, Jonah Bekhor and Zach Math follow Siggi on his dogged, often emotional quest to complete his exhibition in a peculiar, yet startlingly relatable, story of self-fulfillment and the value of personal legacies (both big and small). (c) Drathouse","posters":{"thumbnail":"http://content7.flixster.com/movie/11/17/65/11176573_mob.jpg","profile":"http://content7.flixster.com/movie/11/17/65/11176573_pro.jpg","detailed":"http://content7.flixster.com/movie/11/17/65/11176573_det.jpg","original":"http://content7.flixster.com/movie/11/17/65/11176573_ori.jpg"},"abridged_cast":[{"name":"Sigurdur Hjartarson","id":"771470621"}],"alternate_ids":{"imdb":"2318701"},"links":{"self":"http://api.rottentomatoes.com/api/public/v1.0/movies/771305824.json","alternate":"http://www.rottentomatoes.com/m/the_final_member/","cast":"http://api.rottentomatoes.com/api/public/v1.0/movies/771305824/cast.json","clips":"http://api.rottentomatoes.com/api/public/v1.0/movies/771305824/clips.json","reviews":"http://api.rottentomatoes.com/api/public/v1.0/movies/771305824/reviews.json","similar":"http://api.rottentomatoes.com/api/public/v1.0/movies/771305824/similar.json"}},{"id":"771370507","title":"The Jungle Book","year":2015,"mpaa_rating":"Unrated","runtime":111,"release_dates":{"theater":"2015-10-09"},"ratings":{"critics_score":-1,"audience_score":91},"synopsis":"Rudyard Kipling's beloved story returns to the screen in this Walt Disney Pictures production from director Jon Favreau (Elf, Iron Man). ~ Jason Buchanan, Rovi","posters":{"thumbnail":"http://images.rottentomatoescdn.com/images/redesign/poster_default.gif","profile":"http://images.rottentomatoescdn.com/images/redesign/poster_default.gif","detailed":"http://images.rottentomatoescdn.com/images/redesign/poster_default.gif","original":"http://images.rottentomatoescdn.com/images/redesign/poster_default.gif"},"abridged_cast":[{"name":"Idris Elba","id":"162654425","characters":["Shere Khan"]}],"links":{"self":"http://api.rottentomatoes.com/api/public/v1.0/movies/771370507.json","alternate":"http://www.rottentomatoes.com/m/the_jungle_book_2015/","cast":"http://api.rottentomatoes.com/api/public/v1.0/movies/771370507/cast.json","clips":"http://api.rottentomatoes.com/api/public/v1.0/movies/771370507/clips.json","reviews":"http://api.rottentomatoes.com/api/public/v1.0/movies/771370507/reviews.json","similar":"http://api.rottentomatoes.com/api/public/v1.0/movies/771370507/similar.json"}},{"id":"771370949","title":"The Mummy","year":2016,"mpaa_rating":"Unrated","runtime":"","release_dates":{"theater":"2016-04-22"},"ratings":{"critics_score":-1,"audience_score":92},"synopsis":"","posters":{"thumbnail":"http://images.rottentomatoescdn.com/images/redesign/poster_default.gif","profile":"http://images.rottentomatoescdn.com/images/redesign/poster_default.gif","detailed":"http://images.rottentomatoescdn.com/images/redesign/poster_default.gif","original":"http://images.rottentomatoescdn.com/images/redesign/poster_default.gif"},"abridged_cast":[],"links":{"self":"http://api.rottentomatoes.com/api/public/v1.0/movies/771370949.json","alternate":"http://www.rottentomatoes.com/m/the_mummy_2016/","cast":"http://api.rottentomatoes.com/api/public/v1.0/movies/771370949/cast.json","clips":"http://api.rottentomatoes.com/api/public/v1.0/movies/771370949/clips.json","reviews":"http://api.rottentomatoes.com/api/public/v1.0/movies/771370949/reviews.json","similar":"http://api.rottentomatoes.com/api/public/v1.0/movies/771370949/similar.json"}},{"id":"771364779","title":"The Galapagos Affair: Satan Came To Eden","year":2013,"mpaa_rating":"Unrated","runtime":120,"release_dates":{"theater":"2014-04-04"},"ratings":{"critics_score":-1,"audience_score":75},"synopsis":"Darwin meets Hitchcock in this true-crime tale of paradise found and lost. The Galapagos Affair is a fascinating documentary portrait of a 1930s murder mystery as strange and alluring as the famous archipelago itself. Fleeing conventional society, a Berlin doctor and his mistress start a new life on uninhabited Floreana Island. But after the international press sensationalizes the exploits of the Galapagos' \"Adam and Eve,\" others flock there - including a self-styled Swiss Family Robinson and a gun-toting Viennese Baroness and her two lovers. Clashing personalities are aggravated by the island community's lusty free-love ethos, and when some of the islanders disappear, suspicions of murder hang in the air leaving an unsolved mystery which remains the subject of local lore today. (c) Zeitgeist","posters":{"thumbnail":"http://content6.flixster.com/movie/11/17/59/11175904_mob.jpg","profile":"http://content6.flixster.com/movie/11/17/59/11175904_pro.jpg","detailed":"http://content6.flixster.com/movie/11/17/59/11175904_det.jpg","original":"http://content6.flixster.com/movie/11/17/59/11175904_ori.jpg"},"abridged_cast":[{"name":"Thomas Kretschmann","id":"162704480"},{"name":"Connie Nielsen","id":"162653203"},{"name":"Cate Blanchett","id":"162659162"},{"name":"Sebastian Koch","id":"364644078"},{"name":"Gustaf Skarsgard","id":"364629474"}],"alternate_ids":{"imdb":"2960450"},"links":{"self":"http://api.rottentomatoes.com/api/public/v1.0/movies/771364779.json","alternate":"http://www.rottentomatoes.com/m/the_galapagos_affair_satan_came_to_eden/","cast":"http://api.rottentomatoes.com/api/public/v1.0/movies/771364779/cast.json","clips":"http://api.rottentomatoes.com/api/public/v1.0/movies/771364779/clips.json","reviews":"http://api.rottentomatoes.com/api/public/v1.0/movies/771364779/reviews.json","similar":"http://api.rottentomatoes.com/api/public/v1.0/movies/771364779/similar.json"}},{"id":"771361645","title":"The Borderlands","year":2013,"mpaa_rating":"Unrated","runtime":89,"release_dates":{"theater":"2014-04-04"},"ratings":{"critics_score":-1,"audience_score":89},"synopsis":"Don't believe everything you see! A team of Vatican investigators are sent to the British West Country to look into reports of paranormal activity during a Christening at a newly re-opened remote church. Father Crellick has webcam proof of artifacts moving on the altar and other weird happenings. But two of the three-man team aren't so sure. Deacon and Father Mark Amidon are experts in the field of faked miracles and play the footage continually looking for wires and trickery. Going back through church records though, the holy place does seem to have a history of strange occurrences, and there is that raspy scratching sound they keep hearing coming from the walls. So they set up cameras in the nave and around the pulpit in the hope of filming and recording something unusual. An elaborate fake, or could this one be the real deal? If they don't lose their way they may just find out.","posters":{"thumbnail":"http://images.rottentomatoescdn.com/images/redesign/poster_default.gif","profile":"http://images.rottentomatoescdn.com/images/redesign/poster_default.gif","detailed":"http://images.rottentomatoescdn.com/images/redesign/poster_default.gif","original":"http://images.rottentomatoescdn.com/images/redesign/poster_default.gif"},"abridged_cast":[{"name":"Robin Hill","id":"770853906"},{"name":"Gordon Kennedy","id":"770799760"},{"name":"Aidan McArdle","id":"770670511"},{"name":"Patrick Godfrey","id":"436171788"},{"name":"Luke Neal","id":"771048999"}],"links":{"self":"http://api.rottentomatoes.com/api/public/v1.0/movies/771361645.json","alternate":"http://www.rottentomatoes.com/m/the_borderlands/","cast":"http://api.rottentomatoes.com/api/public/v1.0/movies/771361645/cast.json","clips":"http://api.rottentomatoes.com/api/public/v1.0/movies/771361645/clips.json","reviews":"http://api.rottentomatoes.com/api/public/v1.0/movies/771361645/reviews.json","similar":"http://api.rottentomatoes.com/api/public/v1.0/movies/771361645/similar.json"}},{"id":"771372073","title":"The Activist","year":2014,"mpaa_rating":"Unrated","runtime":90,"release_dates":{"theater":"2014-03-07"},"ratings":{"critics_score":-1,"audience_rating":"Upright","audience_score":100},"synopsis":"In 1973, during the insurrection, Marvin and Bud, two Native American activists, are arrested and thrown in jail. Anna, Marvin's wife, died in an accident several months before. Marvin is devastated and Bud consoles his friend during this hard time. In jail, they must face two officers monitoring their every move and join forces with a young lawyer assigned to their case. Why does a Nixon representative visit them in jail? And a Senator? And a Hollywood star? What is Nixon's role? What secret was Anna hiding before she died? During the seventies, the world keeps spinning and tension arises in this simple jail in the middle of nowhere...(c) Official Site","posters":{"thumbnail":"http://content6.flixster.com/movie/11/17/57/11175720_mob.jpg","profile":"http://content6.flixster.com/movie/11/17/57/11175720_pro.jpg","detailed":"http://content6.flixster.com/movie/11/17/57/11175720_det.jpg","original":"http://content6.flixster.com/movie/11/17/57/11175720_ori.jpg"},"abridged_cast":[{"name":"Chadwick Brown","id":"771357989"},{"name":"Tonantzin Carmelo","id":"770675394"},{"name":"Michael Spears","id":"770681274"},{"name":"Ron Rogge","id":"770814547"},{"name":"Circus-Szalewski","id":"770740808"}],"alternate_ids":{"imdb":"2631072"},"links":{"self":"http://api.rottentomatoes.com/api/public/v1.0/movies/771372073.json","alternate":"http://www.rottentomatoes.com/m/the_activist_2014/","cast":"http://api.rottentomatoes.com/api/public/v1.0/movies/771372073/cast.json","clips":"http://api.rottentomatoes.com/api/public/v1.0/movies/771372073/clips.json","reviews":"http://api.rottentomatoes.com/api/public/v1.0/movies/771372073/reviews.json","similar":"http://api.rottentomatoes.com/api/public/v1.0/movies/771372073/similar.json"}},{"id":"771375186","title":"The Fluffy Movie","year":2014,"mpaa_rating":"Unrated","runtime":"","release_dates":{"theater":"2014-07-11"},"ratings":{"critics_score":-1,"audience_score":100},"synopsis":"","posters":{"thumbnail":"http://images.rottentomatoescdn.com/images/redesign/poster_default.gif","profile":"http://images.rottentomatoescdn.com/images/redesign/poster_default.gif","detailed":"http://images.rottentomatoescdn.com/images/redesign/poster_default.gif","original":"http://images.rottentomatoescdn.com/images/redesign/poster_default.gif"},"abridged_cast":[{"name":"Gabriel Iglesias","id":"770761504"}],"links":{"self":"http://api.rottentomatoes.com/api/public/v1.0/movies/771375186.json","alternate":"http://www.rottentomatoes.com/m/the_fluffy_movie/","cast":"http://api.rottentomatoes.com/api/public/v1.0/movies/771375186/cast.json","clips":"http://api.rottentomatoes.com/api/public/v1.0/movies/771375186/clips.json","reviews":"http://api.rottentomatoes.com/api/public/v1.0/movies/771375186/reviews.json","similar":"http://api.rottentomatoes.com/api/public/v1.0/movies/771375186/similar.json"}},{"id":"353654309","title":"The Santa Clause 3: The Escape Clause","year":2006,"mpaa_rating":"G","runtime":92,"critics_consensus":"Playing Jack Frost as an evil cross between Liza Minnelli and Liberace, Martin Short is a welcome presence, but this tired series continues drawing from its bag of bland gags and dumb slapstick.","release_dates":{"theater":"2006-11-03","dvd":"2007-11-20"},"ratings":{"critics_rating":"Rotten","critics_score":15,"audience_rating":"Spilled","audience_score":40},"synopsis":"","posters":{"thumbnail":"http://content9.flixster.com/movie/11/16/95/11169531_mob.jpg","profile":"http://content9.flixster.com/movie/11/16/95/11169531_pro.jpg","detailed":"http://content9.flixster.com/movie/11/16/95/11169531_det.jpg","original":"http://content9.flixster.com/movie/11/16/95/11169531_ori.jpg"},"abridged_cast":[{"name":"Tim Allen","id":"162655909","characters":["Santa/Scott Calvin"]},{"name":"Elizabeth Mitchell","id":"162656171","characters":["Mrs. Claus"]},{"name":"Martin Short","id":"162657763","characters":["Jack Frost"]},{"name":"Peter Boyle","id":"162666840","characters":["Father Time"]},{"name":"Aisha Tyler","id":"727189877","characters":["Mother Nature"]}],"alternate_ids":{"imdb":"0452681"},"links":{"self":"http://api.rottentomatoes.com/api/public/v1.0/movies/353654309.json","alternate":"http://www.rottentomatoes.com/m/santa_clause_3/","cast":"http://api.rottentomatoes.com/api/public/v1.0/movies/353654309/cast.json","clips":"http://api.rottentomatoes.com/api/public/v1.0/movies/353654309/clips.json","reviews":"http://api.rottentomatoes.com/api/public/v1.0/movies/353654309/reviews.json","similar":"http://api.rottentomatoes.com/api/public/v1.0/movies/353654309/similar.json"}},{"id":"771320340","title":"The Last Sentence","year":2014,"mpaa_rating":"Unrated","runtime":124,"release_dates":{"theater":"2014-03-14"},"ratings":{"critics_score":-1,"audience_score":48},"synopsis":"","posters":{"thumbnail":"http://content8.flixster.com/movie/11/17/39/11173982_mob.jpg","profile":"http://content8.flixster.com/movie/11/17/39/11173982_pro.jpg","detailed":"http://content8.flixster.com/movie/11/17/39/11173982_det.jpg","original":"http://content8.flixster.com/movie/11/17/39/11173982_ori.jpg"},"abridged_cast":[{"name":"Jesper Christensen","id":"162652283","characters":["Torgny Segerstedt"]},{"name":"Ulla Skoog","id":"509738263","characters":["Puste Segerstedt"]},{"name":"Pernilla August","id":"405588753","characters":["Maja Forssman"]},{"name":"Bjorn Granath","id":"770674241","characters":["Axel Forssman"]},{"name":"Adam Lundgren","id":"770840453"}],"alternate_ids":{"imdb":"1590013"},"links":{"self":"http://api.rottentomatoes.com/api/public/v1.0/movies/771320340.json","alternate":"http://www.rottentomatoes.com/m/the_last_sentence/","cast":"http://api.rottentomatoes.com/api/public/v1.0/movies/771320340/cast.json","clips":"http://api.rottentomatoes.com/api/public/v1.0/movies/771320340/clips.json","reviews":"http://api.rottentomatoes.com/api/public/v1.0/movies/771320340/reviews.json","similar":"http://api.rottentomatoes.com/api/public/v1.0/movies/771320340/similar.json"}},{"id":"771370462","title":"The Zone","year":2014,"mpaa_rating":"Unrated","runtime":"","release_dates":{"theater":"2014-06-20"},"ratings":{"critics_score":-1,"audience_score":67},"synopsis":"","posters":{"thumbnail":"http://images.rottentomatoescdn.com/images/redesign/poster_default.gif","profile":"http://images.rottentomatoescdn.com/images/redesign/poster_default.gif","detailed":"http://images.rottentomatoescdn.com/images/redesign/poster_default.gif","original":"http://images.rottentomatoescdn.com/images/redesign/poster_default.gif"},"abridged_cast":[],"links":{"self":"http://api.rottentomatoes.com/api/public/v1.0/movies/771370462.json","alternate":"http://www.rottentomatoes.com/m/the_zone_2014/","cast":"http://api.rottentomatoes.com/api/public/v1.0/movies/771370462/cast.json","clips":"http://api.rottentomatoes.com/api/public/v1.0/movies/771370462/clips.json","reviews":"http://api.rottentomatoes.com/api/public/v1.0/movies/771370462/reviews.json","similar":"http://api.rottentomatoes.com/api/public/v1.0/movies/771370462/similar.json"}},{"id":"771354991","title":"The Good Lie","year":2014,"mpaa_rating":"PG-13","runtime":92,"release_dates":{"theater":"2014-09-10"},"ratings":{"critics_score":-1,"audience_score":89},"synopsis":"","posters":{"thumbnail":"http://images.rottentomatoescdn.com/images/redesign/poster_default.gif","profile":"http://images.rottentomatoescdn.com/images/redesign/poster_default.gif","detailed":"http://images.rottentomatoescdn.com/images/redesign/poster_default.gif","original":"http://images.rottentomatoescdn.com/images/redesign/poster_default.gif"},"abridged_cast":[{"name":"Reese Witherspoon","id":"162653903"},{"name":"Corey Stoll","id":"770875086"},{"name":"Maria Howell","id":"771051625"},{"name":"Sarah Baker","id":"770736273"},{"name":"Thad Luckinbill","id":"770695455"}],"alternate_ids":{"imdb":"1910608"},"links":{"self":"http://api.rottentomatoes.com/api/public/v1.0/movies/771354991.json","alternate":"http://www.rottentomatoes.com/m/the_good_lie_2013/","cast":"http://api.rottentomatoes.com/api/public/v1.0/movies/771354991/cast.json","clips":"http://api.rottentomatoes.com/api/public/v1.0/movies/771354991/clips.json","reviews":"http://api.rottentomatoes.com/api/public/v1.0/movies/771354991/reviews.json","similar":"http://api.rottentomatoes.com/api/public/v1.0/movies/771354991/similar.json"}},{"id":"771359727","title":"The Metropolitan Opera: Rusalka Encore","year":2014,"mpaa_rating":"Unrated","runtime":240,"release_dates":{"theater":"2014-02-12"},"ratings":{"critics_score":-1,"audience_score":0},"synopsis":"NCM Fathom Events presents an encore performance of Dvorak's Rusalka in select cinemas on Wednesday, February 12, 2014 at 6:30 PM in all time zones. The great Renee Fleming returns to one of her signature roles, singing the enchanting \"Song to the Moon\" in Dvorak's soulful fairy-tale opera. Tenor Piotr Beczala co-stars as the Prince, Dolora Zajick is Jezibaba, and dynamic young maestro Yannick Nezet-Seguin is on the podium.","posters":{"thumbnail":"http://images.rottentomatoescdn.com/images/redesign/poster_default.gif","profile":"http://images.rottentomatoescdn.com/images/redesign/poster_default.gif","detailed":"http://images.rottentomatoescdn.com/images/redesign/poster_default.gif","original":"http://images.rottentomatoescdn.com/images/redesign/poster_default.gif"},"abridged_cast":[],"links":{"self":"http://api.rottentomatoes.com/api/public/v1.0/movies/771359727.json","alternate":"http://www.rottentomatoes.com/m/the_metropolitan_opera_rusalka_encore/","cast":"http://api.rottentomatoes.com/api/public/v1.0/movies/771359727/cast.json","clips":"http://api.rottentomatoes.com/api/public/v1.0/movies/771359727/clips.json","reviews":"http://api.rottentomatoes.com/api/public/v1.0/movies/771359727/reviews.json","similar":"http://api.rottentomatoes.com/api/public/v1.0/movies/771359727/similar.json"}},{"id":"771375419","title":"The Will","year":2014,"mpaa_rating":"Unrated","runtime":72,"release_dates":{"theater":"2014-02-28"},"ratings":{"critics_score":-1,"audience_rating":"Upright","audience_score":100},"synopsis":"After the death of a billionaire, his family convene on his private island to await the reading of his will, where they slowly begin to turn on one another as the forced confinement and uncertainty of the contents of the will drive wedges between them and open old wounds. ~ Rovi","posters":{"thumbnail":"http://content8.flixster.com/movie/11/17/65/11176510_mob.jpg","profile":"http://content8.flixster.com/movie/11/17/65/11176510_pro.jpg","detailed":"http://content8.flixster.com/movie/11/17/65/11176510_det.jpg","original":"http://content8.flixster.com/movie/11/17/65/11176510_ori.jpg"},"abridged_cast":[{"name":"Susan Porro","id":"771481137","characters":["Emmy Stockwell"]},{"name":"Don Scime","id":"771481139","characters":["Willy Stockwell"]},{"name":"Eileen Woods","id":"771481140","characters":["Sarah"]},{"name":"Alex Montaldo","id":"771481138","characters":["Robert"]},{"name":"Beth Hallo","id":"771481141","characters":["Andrea Stockwell"]}],"alternate_ids":{"imdb":"2826352"},"links":{"self":"http://api.rottentomatoes.com/api/public/v1.0/movies/771375419.json","alternate":"http://www.rottentomatoes.com/m/the_will_2014/","cast":"http://api.rottentomatoes.com/api/public/v1.0/movies/771375419/cast.json","clips":"http://api.rottentomatoes.com/api/public/v1.0/movies/771375419/clips.json","reviews":"http://api.rottentomatoes.com/api/public/v1.0/movies/771375419/reviews.json","similar":"http://api.rottentomatoes.com/api/public/v1.0/movies/771375419/similar.json"}},{"id":"771203374","title":"The Metropolitan Opera: La Boheme Encore","year":2014,"mpaa_rating":"PG","runtime":205,"release_dates":{"theater":"2014-04-05"},"ratings":{"critics_score":-1,"audience_score":100},"synopsis":"Fathom presents the excitement of The Metropolitan Opera Saturday Matinees - in HD on the Big Screen! The LIVE broadcast of Puccini's La Boheme will be shown for one day only on Saturday, April 5 at 1:30PM ET / 10:30AM PT in select theatres nationwide. A magnificent cast comes together for Franco Zeffirelli's iconic production of the Puccini favorite. The exciting young conductor Nicola Luisotti presides over a glorious vocal ensemble led by the mesmerizing Angela Gheorghiu, who sings Mimi at the Met for the first time in twelve years, opposite golden-toned tenor Ramon Vargas as her lover, Rodolfo.","posters":{"thumbnail":"http://images.rottentomatoescdn.com/images/redesign/poster_default.gif","profile":"http://images.rottentomatoescdn.com/images/redesign/poster_default.gif","detailed":"http://images.rottentomatoescdn.com/images/redesign/poster_default.gif","original":"http://images.rottentomatoescdn.com/images/redesign/poster_default.gif"},"abridged_cast":[],"links":{"self":"http://api.rottentomatoes.com/api/public/v1.0/movies/771203374.json","alternate":"http://www.rottentomatoes.com/m/the_metropolitan_opera_la_boheme_encore/","cast":"http://api.rottentomatoes.com/api/public/v1.0/movies/771203374/cast.json","clips":"http://api.rottentomatoes.com/api/public/v1.0/movies/771203374/clips.json","reviews":"http://api.rottentomatoes.com/api/public/v1.0/movies/771203374/reviews.json","similar":"http://api.rottentomatoes.com/api/public/v1.0/movies/771203374/similar.json"}},{"id":"771358925","title":"The Cold Lands","year":2014,"mpaa_rating":"Unrated","runtime":101,"release_dates":{"theater":"2014-03-14"},"ratings":{"critics_score":-1,"audience_score":83},"synopsis":"When his fiercely self-reliant mother dies unexpectedly, eleven year-old Atticus is wary of the authorities and flees deep into the forests surrounding his Catskills home. Wandering the woods in shock, relying on what meager food and shelter he comes across, Atticus' grasp on reality begins to fray. His sheltered, off-the-grid childhood dissolves into a directionless life on the move, avoiding other people while trying to differentiate between reality and fantasy. (c) CineReach","posters":{"thumbnail":"http://content8.flixster.com/movie/11/17/65/11176518_mob.jpg","profile":"http://content8.flixster.com/movie/11/17/65/11176518_pro.jpg","detailed":"http://content8.flixster.com/movie/11/17/65/11176518_det.jpg","original":"http://content8.flixster.com/movie/11/17/65/11176518_ori.jpg"},"abridged_cast":[{"name":"Silas Yelich","id":"771440525","characters":["Atticus"]},{"name":"Lili Taylor","id":"162668140","characters":["Nicole"]},{"name":"Peter Scanavino","id":"770857727","characters":["Carter"]},{"name":"John Ventimiglia","id":"377650649"},{"name":"Maggie Low","id":"770889224"}],"alternate_ids":{"imdb":"2088924"},"links":{"self":"http://api.rottentomatoes.com/api/public/v1.0/movies/771358925.json","alternate":"http://www.rottentomatoes.com/m/the_cold_lands_2013/","cast":"http://api.rottentomatoes.com/api/public/v1.0/movies/771358925/cast.json","clips":"http://api.rottentomatoes.com/api/public/v1.0/movies/771358925/clips.json","reviews":"http://api.rottentomatoes.com/api/public/v1.0/movies/771358925/reviews.json","similar":"http://api.rottentomatoes.com/api/public/v1.0/movies/771358925/similar.json"}},{"id":"771359725","title":"The Metropolitan Opera: Prince Igor Encore","year":2014,"mpaa_rating":"Unrated","runtime":270,"release_dates":{"theater":"2014-03-05"},"ratings":{"critics_score":-1,"audience_rating":"Upright","audience_score":100},"synopsis":"NCM Fathom Events presents an encore performance of Borodin's Prince Igor in select cinemas on Wednesday, March 5, 2014 at 6:30 PM in all time zones. Borodin's defining Russian epic, famous for its Polovtsian Dances, comes to the Met for the first time in nearly 100 years. Dmitri Tcherniakov's new production is a brilliant psychological journey through the mind of its conflicted hero, with the founding of the Russian nation as the backdrop. Star bass-baritone Ildar Abdrazakov takes on the monumental title role, with Gianandrea Noseda conducting.","posters":{"thumbnail":"http://images.rottentomatoescdn.com/images/redesign/poster_default.gif","profile":"http://images.rottentomatoescdn.com/images/redesign/poster_default.gif","detailed":"http://images.rottentomatoescdn.com/images/redesign/poster_default.gif","original":"http://images.rottentomatoescdn.com/images/redesign/poster_default.gif"},"abridged_cast":[],"links":{"self":"http://api.rottentomatoes.com/api/public/v1.0/movies/771359725.json","alternate":"http://www.rottentomatoes.com/m/the_metropolitan_opera_prince_igor_encore/","cast":"http://api.rottentomatoes.com/api/public/v1.0/movies/771359725/cast.json","clips":"http://api.rottentomatoes.com/api/public/v1.0/movies/771359725/clips.json","reviews":"http://api.rottentomatoes.com/api/public/v1.0/movies/771359725/reviews.json","similar":"http://api.rottentomatoes.com/api/public/v1.0/movies/771359725/similar.json"}},{"id":"771373628","title":"The Hornet's Nest","year":2014,"mpaa_rating":"Unrated","runtime":93,"release_dates":{"theater":"2014-05-09"},"ratings":{"critics_score":-1,"audience_score":63},"synopsis":"Armed only with their cameras, Peabody and Emmy Award-Winning conflict Journalist Mike Boettcher, and his son, Carlos, provide unprecedented access into the longest war in U.S. history. Mike and Carlos embedded with U.S. Forces fighting on the front lines in Afghanistan, amidst the constant threat of the Taliban. Their journey, \"The Hornet's Nest', unfolds a true story of survival not only for the soldiers but for a father and son who seek to rekindle their relationship under the most harrowing of circumstances.","posters":{"thumbnail":"http://images.rottentomatoescdn.com/images/redesign/poster_default.gif","profile":"http://images.rottentomatoescdn.com/images/redesign/poster_default.gif","detailed":"http://images.rottentomatoescdn.com/images/redesign/poster_default.gif","original":"http://images.rottentomatoescdn.com/images/redesign/poster_default.gif"},"abridged_cast":[{"name":"Mike Boettcher","id":"771478587"},{"name":"Carlos Boettcher","id":"771478588"}],"links":{"self":"http://api.rottentomatoes.com/api/public/v1.0/movies/771373628.json","alternate":"http://www.rottentomatoes.com/m/the_hornets_nest_2014/","cast":"http://api.rottentomatoes.com/api/public/v1.0/movies/771373628/cast.json","clips":"http://api.rottentomatoes.com/api/public/v1.0/movies/771373628/clips.json","reviews":"http://api.rottentomatoes.com/api/public/v1.0/movies/771373628/reviews.json","similar":"http://api.rottentomatoes.com/api/public/v1.0/movies/771373628/similar.json"}},{"id":"771310435","title":"The Metropolitan Opera: La Cenerentola Encore","year":2014,"mpaa_rating":"Unrated","runtime":220,"release_dates":{"theater":"2014-05-10"},"ratings":{"critics_score":-1,"audience_score":100},"synopsis":"Fathom presents the excitement of The Met: Live in HD on the Big Screen! The LIVE transmission of Rossini's \"La Cenerentola\" will be shown for one day only on Saturday, May 9 at 12:30 p.m. ET / 9:30 a.m. PT in select theatres nationwide. Hot on the heels of her triumphant Met debut as Rosina in last season's \"Il Barbiere di Siviglia,\" El?na Garan?a portrays another Rossini charmer in this bel canto Cinderella story. Lawrence Brownlee is her Prince Charming, Don Ramiro. Veteran baritone Alessangro Corbelli demonstrates his impeccable comic timing to match the gravitas of Met favorite John Relyea. Maurizio Benini conducts.","posters":{"thumbnail":"http://images.rottentomatoescdn.com/images/redesign/poster_default.gif","profile":"http://images.rottentomatoescdn.com/images/redesign/poster_default.gif","detailed":"http://images.rottentomatoescdn.com/images/redesign/poster_default.gif","original":"http://images.rottentomatoescdn.com/images/redesign/poster_default.gif"},"abridged_cast":[],"links":{"self":"http://api.rottentomatoes.com/api/public/v1.0/movies/771310435.json","alternate":"http://www.rottentomatoes.com/m/the_metropolitan_opera_la_cenerentola_encore/","cast":"http://api.rottentomatoes.com/api/public/v1.0/movies/771310435/cast.json","clips":"http://api.rottentomatoes.com/api/public/v1.0/movies/771310435/clips.json","reviews":"http://api.rottentomatoes.com/api/public/v1.0/movies/771310435/reviews.json","similar":"http://api.rottentomatoes.com/api/public/v1.0/movies/771310435/similar.json"}},{"id":"771359726","title":"The Metropolitan Opera: Prince Igor","year":2014,"mpaa_rating":"Unrated","runtime":270,"release_dates":{"theater":"2014-03-01"},"ratings":{"critics_score":-1,"audience_rating":"Spilled","audience_score":50},"synopsis":"NCM Fathom Events brings the eighth season of the Metropolitan Opera's Peabody and Emmy Award-winning series The Met: Live in HD to cinemas nationwide. The broadcast of Borodin's Prince Igor will be presented live on Saturday, March 1, 2014 at 12:00 PM ET / 9:00 AM PT. Borodin's defining Russian epic, famous for its Polovtsian Dances, comes to the Met for the first time in nearly 100 years. Dmitri Tcherniakov's new production is a brilliant psychological journey through the mind of its conflicted hero, with the founding of the Russian nation as the backdrop. Star bass-baritone Ildar Abdrazakov takes on the monumental title role, with Gianandrea Noseda conducting.","posters":{"thumbnail":"http://images.rottentomatoescdn.com/images/redesign/poster_default.gif","profile":"http://images.rottentomatoescdn.com/images/redesign/poster_default.gif","detailed":"http://images.rottentomatoescdn.com/images/redesign/poster_default.gif","original":"http://images.rottentomatoescdn.com/images/redesign/poster_default.gif"},"abridged_cast":[],"links":{"self":"http://api.rottentomatoes.com/api/public/v1.0/movies/771359726.json","alternate":"http://www.rottentomatoes.com/m/the_metropolitan_opera_prince_igor/","cast":"http://api.rottentomatoes.com/api/public/v1.0/movies/771359726/cast.json","clips":"http://api.rottentomatoes.com/api/public/v1.0/movies/771359726/clips.json","reviews":"http://api.rottentomatoes.com/api/public/v1.0/movies/771359726/reviews.json","similar":"http://api.rottentomatoes.com/api/public/v1.0/movies/771359726/similar.json"}},{"id":"771365459","title":"The Island Of St. Matthews","year":2014,"mpaa_rating":"Unrated","runtime":70,"release_dates":{"theater":"2014-03-06"},"ratings":{"critics_score":-1,"audience_score":0},"synopsis":"This new feature film from the remarkably prolific Kevin Jerome Everson, one of the most interesting and original voices in contemporary experimental cinema, is a richly evocative and open-ended work, and a beautiful example of Everson's unique approach to the experimental documentary form. Years ago Everson asked his aunt about old family photographs. Her reply - that 'we lost them in the flood' - was the catalyst for this film, a poem and paean to the citizens of Westport, a community just west of Columbus, Mississippi, the hometown of the filmmaker's parents. Residents, young and old, are seen and heard reminiscing about the 1973 flood of the Tombigbee River. The sound of a church bell - an original bronze sculpture made by the filmmaker and similar to the bell used to warn residents of an impending natural disaster - intones throughout, interspersed with a spare, elegiac score. (C) Film Forum","posters":{"thumbnail":"http://content9.flixster.com/movie/11/17/61/11176183_mob.jpg","profile":"http://content9.flixster.com/movie/11/17/61/11176183_pro.jpg","detailed":"http://content9.flixster.com/movie/11/17/61/11176183_det.jpg","original":"http://content9.flixster.com/movie/11/17/61/11176183_ori.jpg"},"abridged_cast":[],"alternate_ids":{"imdb":"2629998"},"links":{"self":"http://api.rottentomatoes.com/api/public/v1.0/movies/771365459.json","alternate":"http://www.rottentomatoes.com/m/the_island_of_st_matthews_2013/","cast":"http://api.rottentomatoes.com/api/public/v1.0/movies/771365459/cast.json","clips":"http://api.rottentomatoes.com/api/public/v1.0/movies/771365459/clips.json","reviews":"http://api.rottentomatoes.com/api/public/v1.0/movies/771365459/reviews.json","similar":"http://api.rottentomatoes.com/api/public/v1.0/movies/771365459/similar.json"}},{"id":"771359722","title":"The Metropolitan Opera: Cosi Fan Tutte Encore","year":2014,"mpaa_rating":"Unrated","runtime":245,"release_dates":{"theater":"2014-04-30"},"ratings":{"critics_score":-1,"audience_score":75},"synopsis":"NCM Fathom Events presents an encore performance of Mozart's Cosi fan tutte in select cinemas on Wednesday, April 30, 2014 at 6:30 PM in all time zones. Music Director James Levine conducts Mozart's beloved opera about testing the ties of love. The cast is filled with youthful Met stars: Susanna Phillips and Isabel Leonard are the sisters Fiordiligi and Dorabella, Matthew Polenzani and Rodion Pogossov are their lovers, with Danielle de Niese as the scheming Despina.","posters":{"thumbnail":"http://images.rottentomatoescdn.com/images/redesign/poster_default.gif","profile":"http://images.rottentomatoescdn.com/images/redesign/poster_default.gif","detailed":"http://images.rottentomatoescdn.com/images/redesign/poster_default.gif","original":"http://images.rottentomatoescdn.com/images/redesign/poster_default.gif"},"abridged_cast":[],"links":{"self":"http://api.rottentomatoes.com/api/public/v1.0/movies/771359722.json","alternate":"http://www.rottentomatoes.com/m/the_metropolitan_opera_cosi_fan_tutte_encore/","cast":"http://api.rottentomatoes.com/api/public/v1.0/movies/771359722/cast.json","clips":"http://api.rottentomatoes.com/api/public/v1.0/movies/771359722/clips.json","reviews":"http://api.rottentomatoes.com/api/public/v1.0/movies/771359722/reviews.json","similar":"http://api.rottentomatoes.com/api/public/v1.0/movies/771359722/similar.json"}},{"id":"771370937","title":"The Boy Next Door","year":2015,"mpaa_rating":"PG-13","runtime":"","release_dates":{"theater":"2015-01-23"},"ratings":{"critics_score":-1,"audience_score":100},"synopsis":"","posters":{"thumbnail":"http://images.rottentomatoescdn.com/images/redesign/poster_default.gif","profile":"http://images.rottentomatoescdn.com/images/redesign/poster_default.gif","detailed":"http://images.rottentomatoescdn.com/images/redesign/poster_default.gif","original":"http://images.rottentomatoescdn.com/images/redesign/poster_default.gif"},"abridged_cast":[{"name":"Alain Chanoine","id":"771067598"},{"name":"Mike Coleman","id":"770735834"},{"name":"Neill Fearnley","id":"518912032"},{"name":"Frances Flanagan","id":"770923989"},{"name":"Barclay Hope","id":"410850190"}],"links":{"self":"http://api.rottentomatoes.com/api/public/v1.0/movies/771370937.json","alternate":"http://www.rottentomatoes.com/m/the_boy_next_door_2015/","cast":"http://api.rottentomatoes.com/api/public/v1.0/movies/771370937/cast.json","clips":"http://api.rottentomatoes.com/api/public/v1.0/movies/771370937/clips.json","reviews":"http://api.rottentomatoes.com/api/public/v1.0/movies/771370937/reviews.json","similar":"http://api.rottentomatoes.com/api/public/v1.0/movies/771370937/similar.json"}}],"links":{"self":"http://api.rottentomatoes.com/api/public/v1.0/movies.json?q=the&page_limit=50&page=8","next":"http://api.rottentomatoes.com/api/public/v1.0/movies.json?q=the&page_limit=50&page=9","prev":"http://api.rottentomatoes.com/api/public/v1.0/movies.json?q=the&page_limit=50&page=7"},"link_template":"http://api.rottentomatoes.com/api/public/v1.0/movies.json?q={search-term}&page_limit={results-per-page}&page={page-number}"}