
{"total":52489,"movies":[{"id":"770671522","title":"The Mummy: Tomb of the Dragon Emperor","year":2008,"mpaa_rating":"PG-13","runtime":112,"critics_consensus":"With middling CG effects and a distinct lack of fun, The Mummy: Tomb of the Dragon Emperor finds the series past its prime.","release_dates":{"theater":"2008-07-24","dvd":"2008-12-16"},"ratings":{"critics_rating":"Rotten","critics_score":13,"audience_rating":"Spilled","audience_score":30},"synopsis":"","posters":{"thumbnail":"http://content8.flixster.com/movie/11/17/36/11173658_mob.jpg","profile":"http://content8.flixster.com/movie/11/17/36/11173658_pro.jpg","detailed":"http://content8.flixster.com/movie/11/17/36/11173658_det.jpg","original":"http://content8.flixster.com/movie/11/17/36/11173658_ori.jpg"},"abridged_cast":[{"name":"Brendan Fraser","id":"162662763","characters":["Rick O'Connell"]},{"name":"Jet Li","id":"162652223","characters":["Emperor Han"]},{"name":"Maria Bello","id":"162654542","characters":["Evelyn O'Connell"]},{"name":"John Hannah","id":"162685704","characters":["Jonathan Carnahan"]},{"name":"Michelle Yeoh","id":"162661586","characters":["Zi Yuan"]}],"alternate_ids":{"imdb":"0859163"},"links":{"self":"http://api.rottentomatoes.com/api/public/v1.0/movies/770671522.json","alternate":"http://www.rottentomatoes.com/m/mummy_tomb_of_the_dragon_emperor/","cast":"http://api.rottentomatoes.com/api/public/v1.0/movies/770671522/cast.json","clips":"http://api.rottentomatoes.com/api/public/v1.0/movies/770671522/clips.json","reviews":"http://api.rottentomatoes.com/api/public/v1.0/movies/770671522/reviews.json","similar":"http://api.rottentomatoes.com/api/public/v1.0/movies/770671522/similar.json"}},{"id":"387285258","title":"The Holiday","year":2006,"mpaa_rating":"PG-13","runtime":135,"critics_consensus":"The Holiday, while sweet and somewhat touching, lacks any surprises and eventually overstays its welcome.","release_dates":{"theater":"2006-12-02","dvd":"2007-03-13"},"ratings":{"critics_rating":"Rotten","critics_score":47,"audience_rating":"Upright","audience_score":80},"synopsis":"","posters":{"thumbnail":"http://content7.flixster.com/movie/10/86/70/10867021_mob.jpg","profile":"http://content7.flixster.com/movie/10/86/70/10867021_pro.jpg","detailed":"http://content7.flixster.com/movie/10/86/70/10867021_det.jpg","original":"http://content7.flixster.com/movie/10/86/70/10867021_ori.jpg"},"abridged_cast":[{"name":"Cameron Diaz","id":"162654443","characters":["Amanda"]},{"name":"Kate Winslet","id":"162659302","characters":["Iris"]},{"name":"Jude Law","id":"162659420","characters":["Graham"]},{"name":"Jack Black","id":"162662218","characters":["Miles"]},{"name":"Eli Wallach","id":"162656435","characters":["Arthur"]}],"alternate_ids":{"imdb":"0457939"},"links":{"self":"http://api.rottentomatoes.com/api/public/v1.0/movies/387285258.json","alternate":"http://www.rottentomatoes.com/m/the_holiday/","cast":"http://api.rottentomatoes.com/api/public/v1.0/movies/387285258/cast.json","clips":"http://api.rottentomatoes.com/api/public/v1.0/movies/387285258/clips.json","reviews":"http://api.rottentomatoes.com/api/public/v1.0/movies/387285258/reviews.json","similar":"http://api.rottentomatoes.com/api/public/v1.0/movies/387285258/similar.json"}},{"id":"770805259","title":"Alvin and the Chipmunks: The Squeakquel","year":2009,"mpaa_rating":"PG","runtime":88,"critics_consensus":"This Squeakquel may entertain the kiddies, but it's low on energy and heavily reliant on slapstick humor.","release_dates":{"theater":"2009-12-23","dvd":"2010-03-30"},"ratings":{"critics_rating":"Rotten","critics_score":21,"audience_rating":"Spilled","audience_score":50},"synopsis":"","posters":{"thumbnail":"http://content7.flixster.com/movie/10/93/88/10938869_mob.jpg","profile":"http://content7.flixster.com/movie/10/93/88/10938869_pro.jpg","detailed":"http://content7.flixster.com/movie/10/93/88/10938869_det.jpg","original":"http://content7.flixster.com/movie/10/93/88/10938869_ori.jpg"},"abridged_cast":[{"name":"Zachary Levi","id":"770679380","characters":["Toby"]},{"name":"David Cross","id":"326299938","characters":["Ian"]},{"name":"Jason Lee","id":"162659070","characters":["Dave"]},{"name":"Justin Long","id":"162652679","characters":["Alvin"]},{"name":"Matthew Gray Gubler","id":"770692119","characters":["Simon"]}],"alternate_ids":{"imdb":"1231580"},"links":{"self":"http://api.rottentomatoes.com/api/public/v1.0/movies/770805259.json","alternate":"http://www.rottentomatoes.com/m/10009926-alvin_and_the_chipmunks_2/","cast":"http://api.rottentomatoes.com/api/public/v1.0/movies/770805259/cast.json","clips":"http://api.rottentomatoes.com/api/public/v1.0/movies/770805259/clips.json","reviews":"http://api.rottentomatoes.com/api/public/v1.0/movies/770805259/reviews.json","similar":"http://api.rottentomatoes.com/api/public/v1.0/movies/770805259/similar.json"}},{"id":"770683360","title":"The Ghosts of Girlfriends Past","year":2009,"mpaa_rating":"PG-13","runtime":100,"critics_consensus":"A retread of A Christmas Carol, featuring Matthew McConaughey in a retread of his Dazed and Confused role, Ghosts of Girlfriends Past lacks originality, humor, and any semblance of charm.","release_dates":{"theater":"2009-05-01","dvd":"2009-09-22"},"ratings":{"critics_rating":"Rotten","critics_score":26,"audience_rating":"Spilled","audience_score":41},"synopsis":"","posters":{"thumbnail":"http://content6.flixster.com/movie/11/17/36/11173664_mob.jpg","profile":"http://content6.flixster.com/movie/11/17/36/11173664_pro.jpg","detailed":"http://content6.flixster.com/movie/11/17/36/11173664_det.jpg","original":"http://content6.flixster.com/movie/11/17/36/11173664_ori.jpg"},"abridged_cast":[{"name":"Matthew McConaughey","id":"162652350","characters":["Connor Mead"]},{"name":"Jennifer Garner","id":"162660749","characters":["Jenny Perotti"]},{"name":"Michael Douglas","id":"162660400","characters":["Uncle Wayne"]},{"name":"Breckin Meyer","id":"162652680","characters":["Paul Mead"]},{"name":"Lacey Chabert","id":"162653600","characters":["Sandra Volkom"]}],"alternate_ids":{"imdb":"0821640"},"links":{"self":"http://api.rottentomatoes.com/api/public/v1.0/movies/770683360.json","alternate":"http://www.rottentomatoes.com/m/1193906-ghosts_of_girlfriends_past/","cast":"http://api.rottentomatoes.com/api/public/v1.0/movies/770683360/cast.json","clips":"http://api.rottentomatoes.com/api/public/v1.0/movies/770683360/clips.json","reviews":"http://api.rottentomatoes.com/api/public/v1.0/movies/770683360/reviews.json","similar":"http://api.rottentomatoes.com/api/public/v1.0/movies/770683360/similar.json"}},{"id":"190815398","title":"Pirates of the Caribbean: Dead Man's Chest","year":2006,"mpaa_rating":"PG-13","runtime":151,"critics_consensus":"Gone is Depp's unpredictability and much of the humor and originality of the first movie.","release_dates":{"theater":"2006-07-07","dvd":"2006-12-05"},"ratings":{"critics_rating":"Rotten","critics_score":54,"audience_rating":"Upright","audience_score":72},"synopsis":"","posters":{"thumbnail":"http://content8.flixster.com/movie/78/63/786362_mob.jpg","profile":"http://content8.flixster.com/movie/78/63/786362_pro.jpg","detailed":"http://content8.flixster.com/movie/78/63/786362_det.jpg","original":"http://content8.flixster.com/movie/78/63/786362_ori.jpg"},"abridged_cast":[{"name":"Johnny Depp","id":"162652817","characters":["Jack Sparrow"]},{"name":"Orlando Bloom","id":"162652240","characters":["Will Turner"]},{"name":"Keira Knightley","id":"162654560","characters":["Elizabeth Swann"]},{"name":"Jack Davenport","id":"162659479","characters":["Norrington"]},{"name":"Bill Nighy","id":"162652300","characters":["Davy Jones"]}],"alternate_ids":{"imdb":"0383574"},"links":{"self":"http://api.rottentomatoes.com/api/public/v1.0/movies/190815398.json","alternate":"http://www.rottentomatoes.com/m/pirates_of_the_caribbean_dead_mans_chest/","cast":"http://api.rottentomatoes.com/api/public/v1.0/movies/190815398/cast.json","clips":"http://api.rottentomatoes.com/api/public/v1.0/movies/190815398/clips.json","reviews":"http://api.rottentomatoes.com/api/public/v1.0/movies/190815398/reviews.json","similar":"http://api.rottentomatoes.com/api/public/v1.0/movies/190815398/similar.json"}},{"id":"770782191","title":"The Soloist","year":2008,"mpaa_rating":"PG-13","runtime":117,"critics_consensus":"Though it features strong performances by its lead players, a lack of narrative focus prevents The Soloist from hitting its mark.","release_dates":{"theater":"2009-04-24","dvd":"2009-08-04"},"ratings":{"critics_rating":"Rotten","critics_score":56,"audience_rating":"Spilled","audience_score":57},"synopsis":"","posters":{"thumbnail":"http://content7.flixster.com/movie/10/85/89/10858997_mob.jpg","profile":"http://content7.flixster.com/movie/10/85/89/10858997_pro.jpg","detailed":"http://content7.flixster.com/movie/10/85/89/10858997_det.jpg","original":"http://content7.flixster.com/movie/10/85/89/10858997_ori.jpg"},"abridged_cast":[{"name":"Jamie Foxx","id":"162652975","characters":["Nathaniel Anthony Ayers"]},{"name":"Robert Downey Jr.","id":"162654529","characters":["Steve Lopez"]},{"name":"Catherine Keener","id":"162652281","characters":["Mary Weston"]},{"name":"Tom Hollander","id":"162655612","characters":["Graham Claydon"]},{"name":"Lisa Gay Hamilton","id":"552836044","characters":["Jennifer Ayers-Moore"]}],"alternate_ids":{"imdb":"0821642"},"links":{"self":"http://api.rottentomatoes.com/api/public/v1.0/movies/770782191.json","alternate":"http://www.rottentomatoes.com/m/soloist/","cast":"http://api.rottentomatoes.com/api/public/v1.0/movies/770782191/cast.json","clips":"http://api.rottentomatoes.com/api/public/v1.0/movies/770782191/clips.json","reviews":"http://api.rottentomatoes.com/api/public/v1.0/movies/770782191/reviews.json","similar":"http://api.rottentomatoes.com/api/public/v1.0/movies/770782191/similar.json"}},{"id":"314387818","title":"The Prestige","year":2006,"mpaa_rating":"PG-13","runtime":130,"critics_consensus":"Full of twists and turns, The Prestige is a dazzling period piece that never stops challenging the audience.","release_dates":{"theater":"2006-10-20","dvd":"2007-02-20"},"ratings":{"critics_rating":"Certified Fresh","critics_score":76,"audience_rating":"Upright","audience_score":92},"synopsis":"","posters":{"thumbnail":"http://content7.flixster.com/movie/42/46/35/4246357_mob.jpg","profile":"http://content7.flixster.com/movie/42/46/35/4246357_pro.jpg","detailed":"http://content7.flixster.com/movie/42/46/35/4246357_det.jpg","original":"http://content7.flixster.com/movie/42/46/35/4246357_ori.jpg"},"abridged_cast":[{"name":"Hugh Jackman","id":"162661503","characters":["Robert Angier"]},{"name":"Christian Bale","id":"162652645","characters":["Alfred Borden"]},{"name":"Michael Caine","id":"162652646","characters":["Cutter"]},{"name":"Scarlett Johansson","id":"162652872","characters":["Olivia Wenscombe"]},{"name":"David Bowie","id":"162659532","characters":["Tesla"]}],"alternate_ids":{"imdb":"0482571"},"links":{"self":"http://api.rottentomatoes.com/api/public/v1.0/movies/314387818.json","alternate":"http://www.rottentomatoes.com/m/prestige/","cast":"http://api.rottentomatoes.com/api/public/v1.0/movies/314387818/cast.json","clips":"http://api.rottentomatoes.com/api/public/v1.0/movies/314387818/clips.json","reviews":"http://api.rottentomatoes.com/api/public/v1.0/movies/314387818/reviews.json","similar":"http://api.rottentomatoes.com/api/public/v1.0/movies/314387818/similar.json"}},{"id":"770805266","title":"Clash of the Titans","year":2010,"mpaa_rating":"PG-13","runtime":106,"critics_consensus":"An obviously affectionate remake of the 1981 original, Louis Leterrier's Clash of the Titans doesn't offer enough visual thrills to offset the deficiencies of its script.","release_dates":{"theater":"2010-04-02","dvd":"2010-07-27"},"ratings":{"critics_rating":"Rotten","critics_score":28,"audience_rating":"Spilled","audience_score":40},"synopsis":"The 1981 mythological fantasy adventure Clash of the Titans is resurrected in this remake from Incredible Hulk director Louis Leterrier. Discovered at sea as an infant by a weary fisherman, demigod Perseus (Sam Worthington) grows up with no real knowledge of his celestial origins until his watchful guardian, Io (Gemma Arterton), informs him that he is the offspring of Zeus (Liam Neeson). When Zeus' brother Hades (Ralph Fiennes) casually wipes out Perseus' family, the grieving son vows to show the gods just what kind of damage humankind can inflict on its creators. Before long, Perseus and a small group of soldiers are venturing out into the desert in order to find a way to stop the Kraken, a terrifying force of nature that an indignant Hades has vowed to unleash upon man should they fail to offer up beloved princess Andromeda (Alexa Davalos) as a sacrifice. Along the way, the soldiers encounter a trio of frightening witches with second sight, contend with Hades' devoted servant Calibos (Jason Flemyng), battle giant scorpions, and come face to face with Medusa (Natalia Vodianova), the dreaded gorgon whose gaze has the power to turn men into stone. ~ Jason Buchanan, Rovi","posters":{"thumbnail":"http://content8.flixster.com/movie/11/16/71/11167122_mob.jpg","profile":"http://content8.flixster.com/movie/11/16/71/11167122_pro.jpg","detailed":"http://content8.flixster.com/movie/11/16/71/11167122_det.jpg","original":"http://content8.flixster.com/movie/11/16/71/11167122_ori.jpg"},"abridged_cast":[{"name":"Sam Worthington","id":"326396777","characters":["Perseus"]},{"name":"Liam Neeson","id":"162652242","characters":["Zeus"]},{"name":"Ralph Fiennes","id":"162653681","characters":["Hades"]},{"name":"Jason Flemyng","id":"162662243","characters":["Calibos/King Acrisius"]},{"name":"Gemma Arterton","id":"770692644","characters":["Io"]}],"alternate_ids":{"imdb":"0800320"},"links":{"self":"http://api.rottentomatoes.com/api/public/v1.0/movies/770805266.json","alternate":"http://www.rottentomatoes.com/m/clash_of_the_titans_2010/","cast":"http://api.rottentomatoes.com/api/public/v1.0/movies/770805266/cast.json","clips":"http://api.rottentomatoes.com/api/public/v1.0/movies/770805266/clips.json","reviews":"http://api.rottentomatoes.com/api/public/v1.0/movies/770805266/reviews.json","similar":"http://api.rottentomatoes.com/api/public/v1.0/movies/770805266/similar.json"}},{"id":"770805417","title":"The Last Airbender","year":2010,"mpaa_rating":"PG","runtime":103,"critics_consensus":"The Last Airbender squanders its popular source material with incomprehensible plotting, horrible acting, and detached joyless direction.","release_dates":{"theater":"2010-07-01","dvd":"2010-11-16"},"ratings":{"critics_rating":"Rotten","critics_score":6,"audience_rating":"Spilled","audience_score":31},"synopsis":"Suspense auteur M. Night Shyamalan takes a break from crafting original screenplays to tell this tale of a 12-year-old boy (Noah Ringer) who provides the last hope for restoring harmony to a land consumed by chaos. In a world balanced on the four nations of Water, Earth, Fire, and Air, people known as the Waterbenders, Earthbenders, Firebenders, and Airbenders have mastered their native elements. Though the masters can each manipulate their native elements, the only one with the power to manipulate all four elements is a young boy known as the Avatar. When the Avatar subsequently appears to die while still mastering his powers, the Fire nation launches a global war with the ultimate goal of global domination. One hundred years later, two teens discover that the Avatar and his flying bison have in fact been locked in suspended animation. Upon being freed from his prison, the Avatar embarks on an arduous quest to restore harmony among the four war-ravaged nations. ~ Jason Buchanan, Rovi","posters":{"thumbnail":"http://content7.flixster.com/movie/11/16/89/11168953_mob.jpg","profile":"http://content7.flixster.com/movie/11/16/89/11168953_pro.jpg","detailed":"http://content7.flixster.com/movie/11/16/89/11168953_det.jpg","original":"http://content7.flixster.com/movie/11/16/89/11168953_ori.jpg"},"abridged_cast":[{"name":"Noah Ringer","id":"770833457","characters":["Aang"]},{"name":"Nicola Peltz","id":"770833458","characters":["Katara"]},{"name":"Dev Patel","id":"770799096","characters":["Zuko"]},{"name":"Jackson Rathbone","id":"770703987","characters":["Sokka"]},{"name":"Shaun Toub","id":"364655828","characters":["Uncle Iroh"]}],"alternate_ids":{"imdb":"0938283"},"links":{"self":"http://api.rottentomatoes.com/api/public/v1.0/movies/770805417.json","alternate":"http://www.rottentomatoes.com/m/last_airbender/","cast":"http://api.rottentomatoes.com/api/public/v1.0/movies/770805417/cast.json","clips":"http://api.rottentomatoes.com/api/public/v1.0/movies/770805417/clips.json","reviews":"http://api.rottentomatoes.com/api/public/v1.0/movies/770805417/reviews.json","similar":"http://api.rottentomatoes.com/api/public/v1.0/movies/770805417/similar.json"}},{"id":"770682442","title":"The Haunting in Connecticut","year":2009,"mpaa_rating":"PG-13","runtime":102,"critics_consensus":"Though it features a few scares and some creepy atmosphere, The Haunting in Connecticut ultimately relies too much on familiar horror cliches to achieve its goals.","release_dates":{"theater":"2009-03-27","dvd":"2009-07-14"},"ratings":{"critics_rating":"Rotten","critics_score":17,"audience_rating":"Spilled","audience_score":46},"synopsis":"","posters":{"thumbnail":"http://content8.flixster.com/movie/11/14/64/11146446_mob.jpg","profile":"http://content8.flixster.com/movie/11/14/64/11146446_pro.jpg","detailed":"http://content8.flixster.com/movie/11/14/64/11146446_det.jpg","original":"http://content8.flixster.com/movie/11/14/64/11146446_ori.jpg"},"abridged_cast":[{"name":"Virginia Madsen","id":"162667395","characters":["Sara Campbell"]},{"name":"Martin Donovan","id":"162720263","characters":["Peter Campbell"]},{"name":"Kyle Gallner","id":"371353852","characters":["Matt Campbell"]},{"name":"Elias Koteas","id":"162654218","characters":["Rev. Popescu"]},{"name":"Amanda Crew","id":"770696450","characters":["Wendy"]}],"alternate_ids":{"imdb":"0492044"},"links":{"self":"http://api.rottentomatoes.com/api/public/v1.0/movies/770682442.json","alternate":"http://www.rottentomatoes.com/m/1188732-haunting_in_connecticut/","cast":"http://api.rottentomatoes.com/api/public/v1.0/movies/770682442/cast.json","clips":"http://api.rottentomatoes.com/api/public/v1.0/movies/770682442/clips.json","reviews":"http://api.rottentomatoes.com/api/public/v1.0/movies/770682442/reviews.json","similar":"http://api.rottentomatoes.com/api/public/v1.0/movies/770682442/similar.json"}},{"id":"387261632","title":"Meet the Robinsons","year":2007,"mpaa_rating":"G","runtime":96,"critics_consensus":"Meet the Robinsons is a visually impressive children's animated film marked by a story of considerable depth.","release_dates":{"theater":"2007-03-30","dvd":"2007-10-23"},"ratings":{"critics_rating":"Fresh","critics_score":66,"audience_rating":"Upright","audience_score":74},"synopsis":"","posters":{"thumbnail":"http://content9.flixster.com/movie/11/17/02/11170227_mob.jpg","profile":"http://content9.flixster.com/movie/11/17/02/11170227_pro.jpg","detailed":"http://content9.flixster.com/movie/11/17/02/11170227_det.jpg","original":"http://content9.flixster.com/movie/11/17/02/11170227_ori.jpg"},"abridged_cast":[{"name":"Daniel Hansen","id":"770913023","characters":["Lewis"]},{"name":"Jordan Fry","id":"387261640","characters":["Lewis"]},{"name":"Wesley Singerman","id":"770724331","characters":["Wilbur"]},{"name":"Angela Bassett","id":"162652631","characters":["Mildred"]},{"name":"Tom Selleck","id":"162666130","characters":["Cornelius Robinson"]}],"alternate_ids":{"imdb":"0396555"},"links":{"self":"http://api.rottentomatoes.com/api/public/v1.0/movies/387261632.json","alternate":"http://www.rottentomatoes.com/m/meet_the_robinsons/","cast":"http://api.rottentomatoes.com/api/public/v1.0/movies/387261632/cast.json","clips":"http://api.rottentomatoes.com/api/public/v1.0/movies/387261632/clips.json","reviews":"http://api.rottentomatoes.com/api/public/v1.0/movies/387261632/reviews.json","similar":"http://api.rottentomatoes.com/api/public/v1.0/movies/387261632/similar.json"}},{"id":"771268395","title":"The Hangover Part III","year":2013,"mpaa_rating":"R","runtime":112,"critics_consensus":"Less a comedy than an angrily dark action thriller, The Hangover Part III diverges from the series' rote formula but offers nothing compelling in its place.","release_dates":{"theater":"2013-05-23"},"ratings":{"critics_rating":"Rotten","critics_score":19,"audience_rating":"Spilled","audience_score":45},"synopsis":"\"The Hangover Part III\" is the third and final film in director Todd Phillips' record-shattering comedy franchise. This time, there's no wedding. No bachelor party. What could go wrong, right? But when the Wolfpack hits the road, all bets are off. (c) WB","posters":{"thumbnail":"http://content6.flixster.com/movie/11/17/27/11172744_mob.jpg","profile":"http://content6.flixster.com/movie/11/17/27/11172744_pro.jpg","detailed":"http://content6.flixster.com/movie/11/17/27/11172744_det.jpg","original":"http://content6.flixster.com/movie/11/17/27/11172744_ori.jpg"},"abridged_cast":[{"name":"Bradley Cooper","id":"351525448","characters":["Phil"]},{"name":"Ed Helms","id":"770691762","characters":["Stu"]},{"name":"Zach Galifianakis","id":"162655230","characters":["Alan"]},{"name":"Justin Bartha","id":"162659095","characters":["Doug"]},{"name":"Ken Jeong","id":"770692484","characters":["Mr. Chow"]}],"alternate_ids":{"imdb":"1951261"},"links":{"self":"http://api.rottentomatoes.com/api/public/v1.0/movies/771268395.json","alternate":"http://www.rottentomatoes.com/m/the_hangover_part_iii/","cast":"http://api.rottentomatoes.com/api/public/v1.0/movies/771268395/cast.json","clips":"http://api.rottentomatoes.com/api/public/v1.0/movies/771268395/clips.json","reviews":"http://api.rottentomatoes.com/api/public/v1.0/movies/771268395/reviews.json","similar":"http://api.rottentomatoes.com/api/public/v1.0/movies/771268395/similar.json"}},{"id":"770687943","title":"Harry Potter and the Deathly Hallows - Part 2","year":2011,"mpaa_rating":"PG-13","runtime":131,"critics_consensus":"Thrilling, powerfully acted, and visually dazzling, Deathly Hallows Part II brings the Harry Potter franchise to a satisfying -- and suitably magical -- conclusion.","release_dates":{"theater":"2011-07-15","dvd":"2011-11-11"},"ratings":{"critics_rating":"Certified Fresh","critics_score":96,"audience_rating":"Upright","audience_score":89},"synopsis":"Harry Potter and the Deathly Hallows - Part 2, is the final adventure in the Harry Potter film series. The much-anticipated motion picture event is the second of two full-length parts. In the epic finale, the battle between the good and evil forces of the wizarding world escalates into an all-out war. The stakes have never been higher and no one is safe. But it is Harry Potter who may be called upon to make the ultimate sacrifice as he draws closer to the climactic showdown with Lord Voldemort. It all ends here. -- (C) Warner Bros","posters":{"thumbnail":"http://content9.flixster.com/movie/11/16/36/11163675_mob.jpg","profile":"http://content9.flixster.com/movie/11/16/36/11163675_pro.jpg","detailed":"http://content9.flixster.com/movie/11/16/36/11163675_det.jpg","original":"http://content9.flixster.com/movie/11/16/36/11163675_ori.jpg"},"abridged_cast":[{"name":"Daniel Radcliffe","id":"162655375","characters":["Harry Potter"]},{"name":"Rupert Grint","id":"162655376","characters":["Ron Weasley","Ron Wesley"]},{"name":"Emma Watson","id":"162655378","characters":["Hermione Granger"]},{"name":"Helena Bonham Carter","id":"162652820","characters":["Bellatrix Lestrange"]},{"name":"Ralph Fiennes","id":"162653681","characters":["Lord Voldemort"]}],"alternate_ids":{"imdb":"1201607"},"links":{"self":"http://api.rottentomatoes.com/api/public/v1.0/movies/770687943.json","alternate":"http://www.rottentomatoes.com/m/harry_potter_and_the_deathly_hallows_part_2_2011/","cast":"http://api.rottentomatoes.com/api/public/v1.0/movies/770687943/cast.json","clips":"http://api.rottentomatoes.com/api/public/v1.0/movies/770687943/clips.json","reviews":"http://api.rottentomatoes.com/api/public/v1.0/movies/770687943/reviews.json","similar":"http://api.rottentomatoes.com/api/public/v1.0/movies/770687943/similar.json"}},{"id":"770675291","title":"The Day the Earth Stood Still","year":2008,"mpaa_rating":"PG-13","runtime":103,"critics_consensus":"Heavy on special effects, but without a coherent story at its base, The Day the Earth Stood Still is subpar re-imagining of the 1951 science-fiction classic.","release_dates":{"theater":"2008-12-12","dvd":"2009-04-07"},"ratings":{"critics_rating":"Rotten","critics_score":21,"audience_rating":"Spilled","audience_score":27},"synopsis":"","posters":{"thumbnail":"http://content6.flixster.com/movie/10/87/31/10873108_mob.jpg","profile":"http://content6.flixster.com/movie/10/87/31/10873108_pro.jpg","detailed":"http://content6.flixster.com/movie/10/87/31/10873108_det.jpg","original":"http://content6.flixster.com/movie/10/87/31/10873108_ori.jpg"},"abridged_cast":[{"name":"Keanu Reeves","id":"162654049","characters":["Klaatu"]},{"name":"Jennifer Connelly","id":"162652853","characters":["Helen Benson"]},{"name":"Jon Hamm","id":"770696952","characters":["Dr. Michael Granier"]},{"name":"Kathy Bates","id":"162660148","characters":["Regina Jackson"]},{"name":"Jaden Smith","id":"364618979","characters":["Jacob Benson"]}],"alternate_ids":{"imdb":"0970416"},"links":{"self":"http://api.rottentomatoes.com/api/public/v1.0/movies/770675291.json","alternate":"http://www.rottentomatoes.com/m/day_the_earth_stood_still/","cast":"http://api.rottentomatoes.com/api/public/v1.0/movies/770675291/cast.json","clips":"http://api.rottentomatoes.com/api/public/v1.0/movies/770675291/clips.json","reviews":"http://api.rottentomatoes.com/api/public/v1.0/movies/770675291/reviews.json","similar":"http://api.rottentomatoes.com/api/public/v1.0/movies/770675291/similar.json"}},{"id":"678555400","title":"The Strangers","year":2008,"mpaa_rating":"R","runtime":85,"critics_consensus":"The Strangers provides a few scares, but offers little else to distinguish itself from other slasher films.","release_dates":{"theater":"2008-05-29","dvd":"2008-10-21"},"ratings":{"critics_rating":"Rotten","critics_score":45,"audience_rating":"Spilled","audience_score":47},"synopsis":"","posters":{"thumbnail":"http://content9.flixster.com/movie/11/12/79/11127923_mob.jpg","profile":"http://content9.flixster.com/movie/11/12/79/11127923_pro.jpg","detailed":"http://content9.flixster.com/movie/11/12/79/11127923_det.jpg","original":"http://content9.flixster.com/movie/11/12/79/11127923_ori.jpg"},"abridged_cast":[{"name":"Liv Tyler","id":"162661412","characters":["Kristen McKay"]},{"name":"Scott Speedman","id":"162652334","characters":["James Hoyt"]},{"name":"Gemma Ward","id":"678555401","characters":["Dollface"]},{"name":"Kip Weeks","id":"770674494","characters":["Man in the Mask"]},{"name":"Laura Margolis","id":"770702606","characters":["Pin-Up Girl"]}],"alternate_ids":{"imdb":"0482606"},"links":{"self":"http://api.rottentomatoes.com/api/public/v1.0/movies/678555400.json","alternate":"http://www.rottentomatoes.com/m/the_strangers/","cast":"http://api.rottentomatoes.com/api/public/v1.0/movies/678555400/cast.json","clips":"http://api.rottentomatoes.com/api/public/v1.0/movies/678555400/clips.json","reviews":"http://api.rottentomatoes.com/api/public/v1.0/movies/678555400/reviews.json","similar":"http://api.rottentomatoes.com/api/public/v1.0/movies/678555400/similar.json"}},{"id":"416728970","title":"The Invisible","year":2007,"mpaa_rating":"PG-13","runtime":101,"critics_consensus":"Dull and confusing execution makes this ghost story utterly forgettable and unintentionally funny.","release_dates":{"theater":"2007-04-27","dvd":"2007-10-16"},"ratings":{"critics_rating":"Rotten","critics_score":21,"audience_rating":"Spilled","audience_score":58},"synopsis":"","posters":{"thumbnail":"http://content6.flixster.com/movie/11/16/95/11169516_mob.jpg","profile":"http://content6.flixster.com/movie/11/16/95/11169516_pro.jpg","detailed":"http://content6.flixster.com/movie/11/16/95/11169516_det.jpg","original":"http://content6.flixster.com/movie/11/16/95/11169516_ori.jpg"},"abridged_cast":[{"name":"Justin Chatwin","id":"162652766","characters":["Nick Powell"]},{"name":"Margarita Levieva","id":"748169809","characters":["Annie Newton"]},{"name":"Marcia Gay Harden","id":"162652892","characters":["Diane Powell"]},{"name":"Christopher George Marquette","id":"770895688","characters":["Pete Egan"]},{"name":"Alex O'Loughlin","id":"282402290","characters":["Marcus Bohem"]}],"alternate_ids":{"imdb":"0435670"},"links":{"self":"http://api.rottentomatoes.com/api/public/v1.0/movies/416728970.json","alternate":"http://www.rottentomatoes.com/m/1169203-invisible/","cast":"http://api.rottentomatoes.com/api/public/v1.0/movies/416728970/cast.json","clips":"http://api.rottentomatoes.com/api/public/v1.0/movies/416728970/clips.json","reviews":"http://api.rottentomatoes.com/api/public/v1.0/movies/416728970/reviews.json","similar":"http://api.rottentomatoes.com/api/public/v1.0/movies/416728970/similar.json"}},{"id":"770669821","title":"The Spiderwick Chronicles","year":2008,"mpaa_rating":"PG","runtime":97,"critics_consensus":"The Spiderwick Chronicles is an entertaining children's adventure, with heart and imagination to spare.","release_dates":{"theater":"2008-01-31","dvd":"2008-06-24"},"ratings":{"critics_rating":"Certified Fresh","critics_score":80,"audience_rating":"Upright","audience_score":63},"synopsis":"","posters":{"thumbnail":"http://content6.flixster.com/movie/93/69/42/9369420_mob.jpg","profile":"http://content6.flixster.com/movie/93/69/42/9369420_pro.jpg","detailed":"http://content6.flixster.com/movie/93/69/42/9369420_det.jpg","original":"http://content6.flixster.com/movie/93/69/42/9369420_ori.jpg"},"abridged_cast":[{"name":"Freddie Highmore","id":"162652818","characters":["Jared/Simon"]},{"name":"Mary-Louise Parker","id":"162660150","characters":["Helen"]},{"name":"Nick Nolte","id":"162667604","characters":["Mulgrath"]},{"name":"Sarah Bolger","id":"395113239","characters":["Mallory"]},{"name":"Andrew McCarthy","id":"162664778","characters":["Richard"]}],"alternate_ids":{"imdb":"0416236"},"links":{"self":"http://api.rottentomatoes.com/api/public/v1.0/movies/770669821.json","alternate":"http://www.rottentomatoes.com/m/spiderwick_chronicles/","cast":"http://api.rottentomatoes.com/api/public/v1.0/movies/770669821/cast.json","clips":"http://api.rottentomatoes.com/api/public/v1.0/movies/770669821/clips.json","reviews":"http://api.rottentomatoes.com/api/public/v1.0/movies/770669821/reviews.json","similar":"http://api.rottentomatoes.com/api/public/v1.0/movies/770669821/similar.json"}},{"id":"770680567","title":"Sex and the City","year":2008,"mpaa_rating":"R","runtime":142,"critics_consensus":"Sex and the City loses steam in the transition to the big screen, but will still thrill fans of the show.","release_dates":{"theater":"2008-05-30","dvd":"2008-09-23"},"ratings":{"critics_rating":"Rotten","critics_score":49,"audience_rating":"Upright","audience_score":77},"synopsis":"","posters":{"thumbnail":"http://content6.flixster.com/movie/11/17/00/11170060_mob.jpg","profile":"http://content6.flixster.com/movie/11/17/00/11170060_pro.jpg","detailed":"http://content6.flixster.com/movie/11/17/00/11170060_det.jpg","original":"http://content6.flixster.com/movie/11/17/00/11170060_ori.jpg"},"abridged_cast":[{"name":"Sarah Jessica Parker","id":"162659060","characters":["Carrie Bradshaw"]},{"name":"Kim Cattrall","id":"162655985","characters":["Samantha Jones"]},{"name":"Kristin Davis","id":"326396457","characters":["Charlotte York"]},{"name":"Cynthia Nixon","id":"162654358","characters":["Miranda Hobbes"]},{"name":"Chris Noth","id":"162652731","characters":["Mr. Big"]}],"alternate_ids":{"imdb":"1000774"},"links":{"self":"http://api.rottentomatoes.com/api/public/v1.0/movies/770680567.json","alternate":"http://www.rottentomatoes.com/m/sex_and_the_city/","cast":"http://api.rottentomatoes.com/api/public/v1.0/movies/770680567/cast.json","clips":"http://api.rottentomatoes.com/api/public/v1.0/movies/770680567/clips.json","reviews":"http://api.rottentomatoes.com/api/public/v1.0/movies/770680567/reviews.json","similar":"http://api.rottentomatoes.com/api/public/v1.0/movies/770680567/similar.json"}},{"id":"770768653","title":"The Wolfman","year":2010,"mpaa_rating":"R","runtime":103,"critics_consensus":"Suitably grand and special effects-laden, The Wolfman suffers from a suspense-deficient script and a surprising lack of genuine chills.","release_dates":{"theater":"2010-02-12","dvd":"2010-06-01"},"ratings":{"critics_rating":"Rotten","critics_score":34,"audience_rating":"Spilled","audience_score":33},"synopsis":"Universal Studios resurrects the classic lycanthrope with this tale of a man who experiences an unsettling transformation after he returns to his ancestral home in Victorian-era Great Britain and gets attacked by a rampaging werewolf. When Ben Talbot (Simon Merrells) vanishes into thin air, his brother Lawrence (Benicio Del Toro) returns to his family estate to investigate. Upon reuniting with his estranged father, Sir John Talbot (Anthony Hopkins), however, he discovers a destiny far darker than his blackest nightmares. Ben is dead; the victim of a savage attack by a beast that keeps the superstitious locals cowering in fear every time the moon shines bright in the sky. Shortly after discovering his brother's true fate, Lawrence swears to Ben's wife, Gwen (Emily Blunt), that he will bring her late husband's killer to justice. As a young boy, the untimely death of his mother caused Lawrence to grow up before his time. Though Lawrence had previously attempted to bury his pain in the past by leaving the quiet Victorian hamlet of Blackmoor behind, he discovers that you can't outrun fate when he's attacked by the very same nocturnal beast that claimed his brother. Not even recently arrived Scotland Yard inspector Aberline (Hugo Weaving) can dream up a rational explanation for the gruesome spell cast over Blackmoor, yet rumors of an ancient curse persist. According to legend, the afflicted will experience a horrific transformation by the light of the full moon. Now, the woman Talbot loves is in mortal danger, and in order to protect her he must venture into the moonlit woods and destroy the beast before it destroys her. But this isn't a typical hunt, because before the beast can be slain, a simple man will uncover a primal side of himself that he never knew existed. Screenwriter Andrew Kevin Walker pens a film directed by Joe Johnston and featuring creature effects by special-effects makeup legend Rick Baker. ~ Jason Buchanan, Rovi","posters":{"thumbnail":"http://content9.flixster.com/movie/10/93/37/10933767_mob.jpg","profile":"http://content9.flixster.com/movie/10/93/37/10933767_pro.jpg","detailed":"http://content9.flixster.com/movie/10/93/37/10933767_det.jpg","original":"http://content9.flixster.com/movie/10/93/37/10933767_ori.jpg"},"abridged_cast":[{"name":"Benicio Del Toro","id":"162652510","characters":["Lawrence Talbot"]},{"name":"Anthony Hopkins","id":"162653967","characters":["Sir John Talbot"]},{"name":"Emily Blunt","id":"162685827","characters":["Gwen Conliffe"]},{"name":"Hugo Weaving","id":"162709905","characters":["Aberline"]},{"name":"Art Malik","id":"364605161","characters":["Singh"]}],"alternate_ids":{"imdb":"0780653"},"links":{"self":"http://api.rottentomatoes.com/api/public/v1.0/movies/770768653.json","alternate":"http://www.rottentomatoes.com/m/1194949-wolfman/","cast":"http://api.rottentomatoes.com/api/public/v1.0/movies/770768653/cast.json","clips":"http://api.rottentomatoes.com/api/public/v1.0/movies/770768653/clips.json","reviews":"http://api.rottentomatoes.com/api/public/v1.0/movies/770768653/reviews.json","similar":"http://api.rottentomatoes.com/api/public/v1.0/movies/770768653/similar.json"}},{"id":"770670844","title":"The Heartbreak Kid","year":2007,"mpaa_rating":"R","runtime":115,"critics_consensus":"Despite some amiable performances, The Heartbreak Kid is neither as daring nor as funny as the Farrelly Brothers' earlier films.","release_dates":{"theater":"2007-10-05","dvd":"2007-11-26"},"ratings":{"critics_rating":"Rotten","critics_score":29,"audience_rating":"Spilled","audience_score":37},"synopsis":"","posters":{"thumbnail":"http://content7.flixster.com/movie/96/50/75/9650753_mob.jpg","profile":"http://content7.flixster.com/movie/96/50/75/9650753_pro.jpg","detailed":"http://content7.flixster.com/movie/96/50/75/9650753_det.jpg","original":"http://content7.flixster.com/movie/96/50/75/9650753_ori.jpg"},"abridged_cast":[{"name":"Ben Stiller","id":"162659371","characters":["Eddie Cantrow"]},{"name":"Michelle Monaghan","id":"162654801","characters":["Miranda"]},{"name":"Jerry Stiller","id":"162736766","characters":["Doc"]},{"name":"Malin Akerman","id":"512896981","characters":["Lila"]},{"name":"Rob Corddry","id":"312208850","characters":["Mac"]}],"alternate_ids":{"imdb":"0408839"},"links":{"self":"http://api.rottentomatoes.com/api/public/v1.0/movies/770670844.json","alternate":"http://www.rottentomatoes.com/m/the_heartbreak_kid/","cast":"http://api.rottentomatoes.com/api/public/v1.0/movies/770670844/cast.json","clips":"http://api.rottentomatoes.com/api/public/v1.0/movies/770670844/clips.json","reviews":"http://api.rottentomatoes.com/api/public/v1.0/movies/770670844/reviews.json","similar":"http://api.rottentomatoes.com/api/public/v1.0/movies/770670844/similar.json"}},{"id":"770698400","title":"Aliens in the Attic","year":2009,"mpaa_rating":"PG","runtime":86,"critics_consensus":"Inoffensive and kid-friendly this mundane family comedy is light on imagination.","release_dates":{"theater":"2009-07-31","dvd":"2009-11-03"},"ratings":{"critics_rating":"Rotten","critics_score":31,"audience_rating":"Spilled","audience_score":44},"synopsis":"","posters":{"thumbnail":"http://content9.flixster.com/movie/10/88/76/10887651_mob.jpg","profile":"http://content9.flixster.com/movie/10/88/76/10887651_pro.jpg","detailed":"http://content9.flixster.com/movie/10/88/76/10887651_det.jpg","original":"http://content9.flixster.com/movie/10/88/76/10887651_ori.jpg"},"abridged_cast":[{"name":"Carter Jenkins","id":"428909330","characters":["Tom Pearson"]},{"name":"Ashley Tisdale","id":"171852650","characters":["Bethany Pearson"]},{"name":"Austin Robert Butler","id":"770733817","characters":["Jake Pearson"]},{"name":"Ashley Boettcher","id":"770847691","characters":["Hannah Pearson"]},{"name":"Henry Young","id":"770952534","characters":["Art Pearson"]}],"alternate_ids":{"imdb":"0775552"},"links":{"self":"http://api.rottentomatoes.com/api/public/v1.0/movies/770698400.json","alternate":"http://www.rottentomatoes.com/m/aliens_in_the_attic/","cast":"http://api.rottentomatoes.com/api/public/v1.0/movies/770698400/cast.json","clips":"http://api.rottentomatoes.com/api/public/v1.0/movies/770698400/clips.json","reviews":"http://api.rottentomatoes.com/api/public/v1.0/movies/770698400/reviews.json","similar":"http://api.rottentomatoes.com/api/public/v1.0/movies/770698400/similar.json"}},{"id":"770679747","title":"The Forbidden Kingdom","year":2008,"mpaa_rating":"PG-13","runtime":104,"critics_consensus":"This hotly-anticipated pairing of martial arts legends Jackie Chan and Jet Li features dazzling fight scenes but is weighed down by too much filler.","release_dates":{"theater":"2008-04-18","dvd":"2008-09-09"},"ratings":{"critics_rating":"Fresh","critics_score":64,"audience_rating":"Upright","audience_score":60},"synopsis":"","posters":{"thumbnail":"http://content8.flixster.com/movie/10/70/83/10708386_mob.jpg","profile":"http://content8.flixster.com/movie/10/70/83/10708386_pro.jpg","detailed":"http://content8.flixster.com/movie/10/70/83/10708386_det.jpg","original":"http://content8.flixster.com/movie/10/70/83/10708386_ori.jpg"},"abridged_cast":[{"name":"Jackie Chan","id":"162661013","characters":["Old Hop/Lu Yan"]},{"name":"Jet Li","id":"162652223","characters":["The Monkey King/the Silent Monk"]},{"name":"Collin Chou","id":"326392907","characters":["Jade Warlord"]},{"name":"Liu Yifei","id":"770912682","characters":["Golden Sparrow"]},{"name":"Bingbing Li","id":"770689614","characters":["Ni Chang"]}],"alternate_ids":{"imdb":"0865556"},"links":{"self":"http://api.rottentomatoes.com/api/public/v1.0/movies/770679747.json","alternate":"http://www.rottentomatoes.com/m/forbidden_kingdom/","cast":"http://api.rottentomatoes.com/api/public/v1.0/movies/770679747/cast.json","clips":"http://api.rottentomatoes.com/api/public/v1.0/movies/770679747/clips.json","reviews":"http://api.rottentomatoes.com/api/public/v1.0/movies/770679747/reviews.json","similar":"http://api.rottentomatoes.com/api/public/v1.0/movies/770679747/similar.json"}},{"id":"12911","title":"The Godfather","year":1972,"mpaa_rating":"R","runtime":175,"critics_consensus":"One of Hollywood's greatest critical and commercial successes, The Godfather gets everything right; not only did the movie transcend expectations, it established new benchmarks for American cinema.","release_dates":{"theater":"1972-03-24","dvd":"2001-10-09"},"ratings":{"critics_rating":"Certified Fresh","critics_score":100,"audience_rating":"Upright","audience_score":98},"synopsis":"","posters":{"thumbnail":"http://content6.flixster.com/movie/11/17/16/11171612_mob.jpg","profile":"http://content6.flixster.com/movie/11/17/16/11171612_pro.jpg","detailed":"http://content6.flixster.com/movie/11/17/16/11171612_det.jpg","original":"http://content6.flixster.com/movie/11/17/16/11171612_ori.jpg"},"abridged_cast":[{"name":"Marlon Brando","id":"162660428","characters":["Don Vito Corleone"]},{"name":"Al Pacino","id":"162654461","characters":["Michael Corleone"]},{"name":"James Caan","id":"162656402","characters":["Sonny Corleone"]},{"name":"John Cazale","id":"162664256","characters":["Fredo Corleone"]},{"name":"Robert Duvall","id":"162652186","characters":["Tom Hagen"]}],"alternate_ids":{"imdb":"0068646"},"links":{"self":"http://api.rottentomatoes.com/api/public/v1.0/movies/12911.json","alternate":"http://www.rottentomatoes.com/m/godfather/","cast":"http://api.rottentomatoes.com/api/public/v1.0/movies/12911/cast.json","clips":"http://api.rottentomatoes.com/api/public/v1.0/movies/12911/clips.json","reviews":"http://api.rottentomatoes.com/api/public/v1.0/movies/12911/reviews.json","similar":"http://api.rottentomatoes.com/api/public/v1.0/movies/12911/similar.json"}},{"id":"770785486","title":"The Cabin in the Woods","year":2012,"mpaa_rating":"R","runtime":95,"critics_consensus":"The Cabin in the Woods is an astonishing meta-feat, capable of being funny, strange, and scary -- frequently all at the same time.","release_dates":{"theater":"2012-04-13","dvd":"2012-09-18"},"ratings":{"critics_rating":"Certified Fresh","critics_score":92,"audience_rating":"Upright","audience_score":73},"synopsis":"Five friends go to a remote cabin in the woods. Bad things happen. If you think you know this story, think again. From fan favorites Joss Whedon and Drew Goddard comes The Cabin in the Woods, a mind blowing horror film that turns the genre inside out. -- (C) Lionsgate","posters":{"thumbnail":"http://content8.flixster.com/movie/11/17/30/11173030_mob.jpg","profile":"http://content8.flixster.com/movie/11/17/30/11173030_pro.jpg","detailed":"http://content8.flixster.com/movie/11/17/30/11173030_det.jpg","original":"http://content8.flixster.com/movie/11/17/30/11173030_ori.jpg"},"abridged_cast":[{"name":"Kristen Connolly","id":"770837059","characters":["Dana"]},{"name":"Chris Hemsworth","id":"770829335","characters":["Curt"]},{"name":"Anna Hutchison","id":"770805208","characters":["Jules"]},{"name":"Fran Kranz","id":"682571209","characters":["Marty"]},{"name":"Jesse Williams","id":"770797193","characters":["Holden"]}],"alternate_ids":{"imdb":"1259521"},"links":{"self":"http://api.rottentomatoes.com/api/public/v1.0/movies/770785486.json","alternate":"http://www.rottentomatoes.com/m/the_cabin_in_the_woods/","cast":"http://api.rottentomatoes.com/api/public/v1.0/movies/770785486/cast.json","clips":"http://api.rottentomatoes.com/api/public/v1.0/movies/770785486/clips.json","reviews":"http://api.rottentomatoes.com/api/public/v1.0/movies/770785486/reviews.json","similar":"http://api.rottentomatoes.com/api/public/v1.0/movies/770785486/similar.json"}},{"id":"155655020","title":"X-Men: The Last Stand","year":2006,"mpaa_rating":"PG-13","runtime":87,"critics_consensus":"Director Brett Ratner has replaced the heart and emotion (and character development) of the previous X-Men films with more action and explosions. The film should still provide ample entertainment, but viewers may truly wish this to be the Last Stand.","release_dates":{"theater":"2006-05-26","dvd":"2006-10-03"},"ratings":{"critics_rating":"Rotten","critics_score":57,"audience_rating":"Upright","audience_score":63},"synopsis":"","posters":{"thumbnail":"http://content7.flixster.com/movie/11/13/33/11133389_mob.jpg","profile":"http://content7.flixster.com/movie/11/13/33/11133389_pro.jpg","detailed":"http://content7.flixster.com/movie/11/13/33/11133389_det.jpg","original":"http://content7.flixster.com/movie/11/13/33/11133389_ori.jpg"},"abridged_cast":[{"name":"Hugh Jackman","id":"162661503","characters":["Logan/Wolverine"]},{"name":"Halle Berry","id":"162652386","characters":["Ororo Munroe/Storm"]},{"name":"Ian McKellen","id":"162653241","characters":["Eric Lehnsherr/Magneto"]},{"name":"Famke Janssen","id":"162669246","characters":["Jean Grey/Phoenix"]},{"name":"Anna Paquin","id":"162664300","characters":["Marie/Rogue"]}],"alternate_ids":{"imdb":"0376994"},"links":{"self":"http://api.rottentomatoes.com/api/public/v1.0/movies/155655020.json","alternate":"http://www.rottentomatoes.com/m/x_men_3_the_last_stand/","cast":"http://api.rottentomatoes.com/api/public/v1.0/movies/155655020/cast.json","clips":"http://api.rottentomatoes.com/api/public/v1.0/movies/155655020/clips.json","reviews":"http://api.rottentomatoes.com/api/public/v1.0/movies/155655020/reviews.json","similar":"http://api.rottentomatoes.com/api/public/v1.0/movies/155655020/similar.json"}},{"id":"155654993","title":"Over the Hedge","year":2006,"mpaa_rating":"PG","runtime":84,"critics_consensus":"Even if it's not an animation classic, Over the Hedge is clever and fun, and the jokes cater to family members of all ages.","release_dates":{"theater":"2006-05-19","dvd":"2006-10-17"},"ratings":{"critics_rating":"Certified Fresh","critics_score":75,"audience_rating":"Upright","audience_score":71},"synopsis":"","posters":{"thumbnail":"http://content8.flixster.com/movie/31/42/314214_mob.jpg","profile":"http://content8.flixster.com/movie/31/42/314214_pro.jpg","detailed":"http://content8.flixster.com/movie/31/42/314214_det.jpg","original":"http://content8.flixster.com/movie/31/42/314214_ori.jpg"},"abridged_cast":[{"name":"Bruce Willis","id":"162652509","characters":["RJ"]},{"name":"Garry Shandling","id":"162713117","characters":["Verne"]},{"name":"Steve Carell","id":"162652665","characters":["Hammy"]},{"name":"Wanda Sykes","id":"162652170","characters":["Stella"]},{"name":"William Shatner","id":"162661860","characters":["Ozzie"]}],"alternate_ids":{"imdb":"0327084"},"links":{"self":"http://api.rottentomatoes.com/api/public/v1.0/movies/155654993.json","alternate":"http://www.rottentomatoes.com/m/over_the_hedge/","cast":"http://api.rottentomatoes.com/api/public/v1.0/movies/155654993/cast.json","clips":"http://api.rottentomatoes.com/api/public/v1.0/movies/155654993/clips.json","reviews":"http://api.rottentomatoes.com/api/public/v1.0/movies/155654993/reviews.json","similar":"http://api.rottentomatoes.com/api/public/v1.0/movies/155654993/similar.json"}},{"id":"770670293","title":"The Game Plan","year":2007,"mpaa_rating":"PG","runtime":110,"critics_consensus":"Despite The Rock's abundant charisma, The Game Plan is just another run-of-the-mill Disney comedy.","release_dates":{"theater":"2007-09-28","dvd":"2008-01-22"},"ratings":{"critics_rating":"Rotten","critics_score":28,"audience_rating":"Upright","audience_score":70},"synopsis":"","posters":{"thumbnail":"http://content7.flixster.com/movie/10/92/05/10920593_mob.jpg","profile":"http://content7.flixster.com/movie/10/92/05/10920593_pro.jpg","detailed":"http://content7.flixster.com/movie/10/92/05/10920593_det.jpg","original":"http://content7.flixster.com/movie/10/92/05/10920593_ori.jpg"},"abridged_cast":[{"name":"Dwayne \"The Rock\" Johnson","id":"770893686","characters":["Joe Kingman"]},{"name":"Madison Pettis","id":"770671068","characters":["Peyton Kelly"]},{"name":"Kyra Sedgwick","id":"162663789","characters":["Stella Peck"]},{"name":"Roselyn Sanchez","id":"162653736","characters":["Monique Vasquez"]},{"name":"Morris Chestnut","id":"162653531","characters":["Travis Sanders"]}],"alternate_ids":{"imdb":"0492956"},"links":{"self":"http://api.rottentomatoes.com/api/public/v1.0/movies/770670293.json","alternate":"http://www.rottentomatoes.com/m/the_gameplan/","cast":"http://api.rottentomatoes.com/api/public/v1.0/movies/770670293/cast.json","clips":"http://api.rottentomatoes.com/api/public/v1.0/movies/770670293/clips.json","reviews":"http://api.rottentomatoes.com/api/public/v1.0/movies/770670293/reviews.json","similar":"http://api.rottentomatoes.com/api/public/v1.0/movies/770670293/similar.json"}},{"id":"437925606","title":"The Hitcher","year":2007,"mpaa_rating":"R","runtime":84,"critics_consensus":"Sean Bean tries giving motive and emotion to the hitcher, but director Dave Meyers is more interested in cheap shocks, and gratuitious gore and torture.","release_dates":{"theater":"2007-01-19","dvd":"2007-05-01"},"ratings":{"critics_rating":"Rotten","critics_score":21,"audience_rating":"Spilled","audience_score":53},"synopsis":"","posters":{"thumbnail":"http://content6.flixster.com/movie/10/86/94/10869428_mob.jpg","profile":"http://content6.flixster.com/movie/10/86/94/10869428_pro.jpg","detailed":"http://content6.flixster.com/movie/10/86/94/10869428_det.jpg","original":"http://content6.flixster.com/movie/10/86/94/10869428_ori.jpg"},"abridged_cast":[{"name":"Sean Bean","id":"162652874","characters":["John Ryder"]},{"name":"Sophia Bush","id":"162653344","characters":["Grace Andrews"]},{"name":"Zachary Knighton","id":"437925621","characters":["Jim Halsey"]},{"name":"Neal McDonough","id":"326391936","characters":["Lieutenant Esteridge"]},{"name":"Kyle Davis","id":"528347625","characters":["Buford's Store Clerk"]}],"alternate_ids":{"imdb":"0455960"},"links":{"self":"http://api.rottentomatoes.com/api/public/v1.0/movies/437925606.json","alternate":"http://www.rottentomatoes.com/m/hitcher/","cast":"http://api.rottentomatoes.com/api/public/v1.0/movies/437925606/cast.json","clips":"http://api.rottentomatoes.com/api/public/v1.0/movies/437925606/clips.json","reviews":"http://api.rottentomatoes.com/api/public/v1.0/movies/437925606/reviews.json","similar":"http://api.rottentomatoes.com/api/public/v1.0/movies/437925606/similar.json"}},{"id":"771323153","title":"The Fantastic Four","year":2015,"mpaa_rating":"Unrated","runtime":"","release_dates":{"theater":"2015-06-19"},"ratings":{"critics_score":-1,"audience_score":99},"synopsis":"20th Century Fox takes another crack at the Fantastic Four with this reboot from Chronicle's Josh Trank, who directs from a script by Jeremy Slater. ~ Jeremy Wheeler, Rovi","posters":{"thumbnail":"http://images.rottentomatoescdn.com/images/redesign/poster_default.gif","profile":"http://images.rottentomatoescdn.com/images/redesign/poster_default.gif","detailed":"http://images.rottentomatoescdn.com/images/redesign/poster_default.gif","original":"http://images.rottentomatoescdn.com/images/redesign/poster_default.gif"},"abridged_cast":[{"name":"Michael B. Jordan","id":"770683889","characters":["Johnny Storm/The Human Torch"]},{"name":"Kate Mara","id":"414200709","characters":["Sue Storm/The Invisible Woman"]},{"name":"Miles Teller","id":"771077409"},{"name":"Jamie Bell","id":"162653082"}],"alternate_ids":{"imdb":"1502712"},"links":{"self":"http://api.rottentomatoes.com/api/public/v1.0/movies/771323153.json","alternate":"http://www.rottentomatoes.com/m/the_fantastic_four/","cast":"http://api.rottentomatoes.com/api/public/v1.0/movies/771323153/cast.json","clips":"http://api.rottentomatoes.com/api/public/v1.0/movies/771323153/clips.json","reviews":"http://api.rottentomatoes.com/api/public/v1.0/movies/771323153/reviews.json","similar":"http://api.rottentomatoes.com/api/public/v1.0/movies/771323153/similar.json"}},{"id":"268342306","title":"The Illusionist","year":2006,"mpaa_rating":"PG-13","runtime":109,"critics_consensus":"The Illusionist is an engrossing, well-crafted story of mystery, magic and intrigue that is certain to enchant, if not hypnotize, audiences.","release_dates":{"theater":"2006-08-18","dvd":"2007-01-09"},"ratings":{"critics_rating":"Certified Fresh","critics_score":74,"audience_rating":"Upright","audience_score":83},"synopsis":"","posters":{"thumbnail":"http://content9.flixster.com/movie/11/14/28/11142887_mob.jpg","profile":"http://content9.flixster.com/movie/11/14/28/11142887_pro.jpg","detailed":"http://content9.flixster.com/movie/11/14/28/11142887_det.jpg","original":"http://content9.flixster.com/movie/11/14/28/11142887_ori.jpg"},"abridged_cast":[{"name":"Edward Norton","id":"162660884","characters":["Eisenheim"]},{"name":"Paul Giamatti","id":"162683649","characters":["Chief Inspector Uhl"]},{"name":"Jessica Biel","id":"162652974","characters":["Duchess Sophie von Teschen"]},{"name":"Rufus Sewell","id":"162654887","characters":["Crown Prince Leopold"]},{"name":"Eddie Marsan","id":"326392524","characters":["Josef Fischer"]}],"alternate_ids":{"imdb":"0443543"},"links":{"self":"http://api.rottentomatoes.com/api/public/v1.0/movies/268342306.json","alternate":"http://www.rottentomatoes.com/m/illusionist/","cast":"http://api.rottentomatoes.com/api/public/v1.0/movies/268342306/cast.json","clips":"http://api.rottentomatoes.com/api/public/v1.0/movies/268342306/clips.json","reviews":"http://api.rottentomatoes.com/api/public/v1.0/movies/268342306/reviews.json","similar":"http://api.rottentomatoes.com/api/public/v1.0/movies/268342306/similar.json"}},{"id":"770813677","title":"The Karate Kid","year":2010,"mpaa_rating":"PG","runtime":140,"critics_consensus":"It may not be as powerful as the 1984 edition, but the 2010 Karate Kid delivers a surprisingly satisfying update on the original.","release_dates":{"theater":"2010-06-11","dvd":"2010-10-05"},"ratings":{"critics_rating":"Fresh","critics_score":66,"audience_rating":"Upright","audience_score":68},"synopsis":"When a 12-year-old from Detroit moves to China with his mother and incurs the wrath of the class bully at his new school, he makes an unlikely ally in the form of his aging maintenance man, a kung fu master who teaches him the secrets to self-defense. Upon arriving at his new school, Dre Parker (Jaden Smith) develops a powerful crush on pretty classmate Mei Ying. The feeling is mutual, although the cultural divide between Dre and Mei Ying makes a friendship unlikely, and romance impossible. When cruel classmate and kung fu prodigy Cheng learns of Dre's feelings for Mei Ying, he harasses and humiliates the young outsider in front of the entire school. With no one to turn to for help, Dre confides his fears in kindly maintenance man Mr. Han (Jackie Chan), a kung fu master who knows that serenity and maturity -- not punches and power -- are the true keys to mastering the martial arts. As Dre prepares to face down his intimidating tormentor, he begins to realize that the real fight is just beginning. ~ Jason Buchanan, Rovi","posters":{"thumbnail":"http://content7.flixster.com/movie/11/17/10/11171073_mob.jpg","profile":"http://content7.flixster.com/movie/11/17/10/11171073_pro.jpg","detailed":"http://content7.flixster.com/movie/11/17/10/11171073_det.jpg","original":"http://content7.flixster.com/movie/11/17/10/11171073_ori.jpg"},"abridged_cast":[{"name":"Jaden Smith","id":"364618979","characters":["Dre Parker"]},{"name":"Jackie Chan","id":"162661013","characters":["Mr. Han"]},{"name":"Taraji P. Henson","id":"598455133","characters":["Sherry Parker"]},{"name":"Han Wenwen","id":"770755150","characters":["Meiying"]},{"name":"Rongguang Yu","id":"162683344","characters":["Master Li"]}],"alternate_ids":{"imdb":"1155076"},"links":{"self":"http://api.rottentomatoes.com/api/public/v1.0/movies/770813677.json","alternate":"http://www.rottentomatoes.com/m/karate_kid_2010/","cast":"http://api.rottentomatoes.com/api/public/v1.0/movies/770813677/cast.json","clips":"http://api.rottentomatoes.com/api/public/v1.0/movies/770813677/clips.json","reviews":"http://api.rottentomatoes.com/api/public/v1.0/movies/770813677/reviews.json","similar":"http://api.rottentomatoes.com/api/public/v1.0/movies/770813677/similar.json"}},{"id":"770805388","title":"The Twilight Saga: Eclipse","year":2010,"mpaa_rating":"PG-13","runtime":124,"critics_consensus":"Stuffed with characters and overly reliant on uninspired dialogue, Eclipse won't win The Twilight Saga many new converts, despite an improved blend of romance and action fantasy.","release_dates":{"theater":"2010-06-30","dvd":"2010-12-04"},"ratings":{"critics_rating":"Rotten","critics_score":49,"audience_rating":"Upright","audience_score":60},"synopsis":"The third film in the Twilight series explores a love triangle between Bella (Kristen Stewart), Edward (Robert Pattinson), and Jacob (Taylor Lautner) as the werewolf pack and the Cullen clan join together to fight a new breed of vampires. Melissa Rosenberg provides the screenplay for the Summit Entertainment adaptation of Stephenie Meyer's best-selling novel, with director David Slade calling the shots behind the camera. Bryce Dallas Howard joins the cast as Victoria, the role originally played by Rachelle Lefevre in the first film. ~ Jeremy Wheeler, Rovi","posters":{"thumbnail":"http://content8.flixster.com/movie/11/17/43/11174382_mob.jpg","profile":"http://content8.flixster.com/movie/11/17/43/11174382_pro.jpg","detailed":"http://content8.flixster.com/movie/11/17/43/11174382_det.jpg","original":"http://content8.flixster.com/movie/11/17/43/11174382_ori.jpg"},"abridged_cast":[{"name":"Kristen Stewart","id":"162655167","characters":["Bella Swan"]},{"name":"Robert Pattinson","id":"770677984","characters":["Edward Cullen"]},{"name":"Taylor Lautner","id":"162652714","characters":["Jacob Black"]},{"name":"Billy Burke","id":"341818117","characters":["Charlie Swan"]},{"name":"Bryce Dallas Howard","id":"162660901","characters":["Victoria"]}],"alternate_ids":{"imdb":"1325004"},"links":{"self":"http://api.rottentomatoes.com/api/public/v1.0/movies/770805388.json","alternate":"http://www.rottentomatoes.com/m/1210749-eclipse/","cast":"http://api.rottentomatoes.com/api/public/v1.0/movies/770805388/cast.json","clips":"http://api.rottentomatoes.com/api/public/v1.0/movies/770805388/clips.json","reviews":"http://api.rottentomatoes.com/api/public/v1.0/movies/770805388/reviews.json","similar":"http://api.rottentomatoes.com/api/public/v1.0/movies/770805388/similar.json"}},{"id":"5077","title":"The 40 Year Old Virgin","year":2005,"mpaa_rating":"R","runtime":132,"critics_consensus":"Steve Carell's first star turn scores big with a tender treatment of its titular underdog, using raunchy but realistically funny comedy to connect with adult audiences.","release_dates":{"theater":"2005-08-19","dvd":"2005-12-13"},"ratings":{"critics_rating":"Certified Fresh","critics_score":85,"audience_rating":"Upright","audience_score":84},"synopsis":"","posters":{"thumbnail":"http://content9.flixster.com/movie/11/16/59/11165915_mob.jpg","profile":"http://content9.flixster.com/movie/11/16/59/11165915_pro.jpg","detailed":"http://content9.flixster.com/movie/11/16/59/11165915_det.jpg","original":"http://content9.flixster.com/movie/11/16/59/11165915_ori.jpg"},"abridged_cast":[{"name":"Steve Carell","id":"162652665","characters":["Andy Stitzer"]},{"name":"Catherine Keener","id":"162652281","characters":["Trish"]},{"name":"Paul Rudd","id":"162653309","characters":["David"]},{"name":"Romany Malco","id":"162653311","characters":["Jay"]},{"name":"Seth Rogen","id":"162653310","characters":["Cal"]}],"alternate_ids":{"imdb":"0405422"},"links":{"self":"http://api.rottentomatoes.com/api/public/v1.0/movies/5077.json","alternate":"http://www.rottentomatoes.com/m/40_year_old_virgin/","cast":"http://api.rottentomatoes.com/api/public/v1.0/movies/5077/cast.json","clips":"http://api.rottentomatoes.com/api/public/v1.0/movies/5077/clips.json","reviews":"http://api.rottentomatoes.com/api/public/v1.0/movies/5077/reviews.json","similar":"http://api.rottentomatoes.com/api/public/v1.0/movies/5077/similar.json"}},{"id":"493950127","title":"The Hills Have Eyes 2","year":2007,"mpaa_rating":"R","runtime":90,"critics_consensus":"The Hills Have Eyes 2 is a completely unoriginal sequel offers plenty of gore and cliches, but few scares.","release_dates":{"theater":"2007-03-23","dvd":"2007-07-17"},"ratings":{"critics_rating":"Rotten","critics_score":11,"audience_rating":"Spilled","audience_score":40},"synopsis":"","posters":{"thumbnail":"http://content6.flixster.com/movie/10/91/33/10913320_mob.jpg","profile":"http://content6.flixster.com/movie/10/91/33/10913320_pro.jpg","detailed":"http://content6.flixster.com/movie/10/91/33/10913320_det.jpg","original":"http://content6.flixster.com/movie/10/91/33/10913320_ori.jpg"},"abridged_cast":[{"name":"Michael McMillian","id":"162654160","characters":["Napoleon"]},{"name":"Jessica Stroup","id":"493950132","characters":["Amber"]},{"name":"Daniella Alonso","id":"493950157","characters":["Missy"]},{"name":"Jacob Vargas","id":"162689918","characters":["Crank"]},{"name":"Flex Alexander","id":"567304177","characters":["Sarge"]}],"alternate_ids":{"imdb":"0800069"},"links":{"self":"http://api.rottentomatoes.com/api/public/v1.0/movies/493950127.json","alternate":"http://www.rottentomatoes.com/m/hills_have_eyes_2/","cast":"http://api.rottentomatoes.com/api/public/v1.0/movies/493950127/cast.json","clips":"http://api.rottentomatoes.com/api/public/v1.0/movies/493950127/clips.json","reviews":"http://api.rottentomatoes.com/api/public/v1.0/movies/493950127/reviews.json","similar":"http://api.rottentomatoes.com/api/public/v1.0/movies/493950127/similar.json"}},{"id":"155655228","title":"The Devil Wears Prada","year":2006,"mpaa_rating":"PG-13","runtime":106,"critics_consensus":"A rare film that surpasses the quality of its source novel, this Devil is a witty expose of New York's fashion scene, with Meryl Streep in top form and Anne Hathaway more than holding her own.","release_dates":{"theater":"2006-06-30","dvd":"2006-12-12"},"ratings":{"critics_rating":"Certified Fresh","critics_score":76,"audience_rating":"Upright","audience_score":76},"synopsis":"","posters":{"thumbnail":"http://content9.flixster.com/movie/10/89/84/10898435_mob.jpg","profile":"http://content9.flixster.com/movie/10/89/84/10898435_pro.jpg","detailed":"http://content9.flixster.com/movie/10/89/84/10898435_det.jpg","original":"http://content9.flixster.com/movie/10/89/84/10898435_ori.jpg"},"abridged_cast":[{"name":"Meryl Streep","id":"162654900","characters":["Miranda Priestly"]},{"name":"Anne Hathaway","id":"162656190","characters":["Andy Sachs"]},{"name":"Emily Blunt","id":"162685827","characters":["Emily"]},{"name":"Stanley Tucci","id":"162661152","characters":["Nigel"]},{"name":"Adrian Grenier","id":"162669577","characters":["Nate"]}],"alternate_ids":{"imdb":"0458352"},"links":{"self":"http://api.rottentomatoes.com/api/public/v1.0/movies/155655228.json","alternate":"http://www.rottentomatoes.com/m/the_devil_wears_prada/","cast":"http://api.rottentomatoes.com/api/public/v1.0/movies/155655228/cast.json","clips":"http://api.rottentomatoes.com/api/public/v1.0/movies/155655228/clips.json","reviews":"http://api.rottentomatoes.com/api/public/v1.0/movies/155655228/reviews.json","similar":"http://api.rottentomatoes.com/api/public/v1.0/movies/155655228/similar.json"}},{"id":"770790932","title":"The Men Who Stare at Goats","year":2009,"mpaa_rating":"R","runtime":94,"critics_consensus":"Though The Men Who Stare at Goats is a mostly entertaining, farcical glimpse of men at war, some may find its satire and dark humor less than edgy.","release_dates":{"theater":"2009-11-06","dvd":"2010-03-23"},"ratings":{"critics_rating":"Rotten","critics_score":52,"audience_rating":"Spilled","audience_score":39},"synopsis":"","posters":{"thumbnail":"http://content6.flixster.com/movie/11/15/13/11151324_mob.jpg","profile":"http://content6.flixster.com/movie/11/15/13/11151324_pro.jpg","detailed":"http://content6.flixster.com/movie/11/15/13/11151324_det.jpg","original":"http://content6.flixster.com/movie/11/15/13/11151324_ori.jpg"},"abridged_cast":[{"name":"George Clooney","id":"162654528","characters":["Lyn Cassady"]},{"name":"Ewan McGregor","id":"162652152","characters":["Bob Wilton"]},{"name":"Jeff Bridges","id":"162655890","characters":["Bill Django"]},{"name":"Kevin Spacey","id":"162657625","characters":["Larry Hooper"]},{"name":"Stephen Lang","id":"162662195","characters":["General Hopgood"]}],"alternate_ids":{"imdb":"1234548"},"links":{"self":"http://api.rottentomatoes.com/api/public/v1.0/movies/770790932.json","alternate":"http://www.rottentomatoes.com/m/men_who_stare_at_goats/","cast":"http://api.rottentomatoes.com/api/public/v1.0/movies/770790932/cast.json","clips":"http://api.rottentomatoes.com/api/public/v1.0/movies/770790932/clips.json","reviews":"http://api.rottentomatoes.com/api/public/v1.0/movies/770790932/reviews.json","similar":"http://api.rottentomatoes.com/api/public/v1.0/movies/770790932/similar.json"}},{"id":"771311818","title":"Guardians of the Galaxy","year":2014,"mpaa_rating":"Unrated","runtime":"","release_dates":{"theater":"2014-08-01"},"ratings":{"critics_score":-1,"audience_score":99},"synopsis":"Marvel Studios expands their cosmic presence on the big screen with this adaptation of the Guardians of the Galaxy comic series. Nicole Perlman provides the script. ~ Jeremy Wheeler, Rovi","posters":{"thumbnail":"http://content8.flixster.com/movie/11/17/51/11175138_mob.jpg","profile":"http://content8.flixster.com/movie/11/17/51/11175138_pro.jpg","detailed":"http://content8.flixster.com/movie/11/17/51/11175138_det.jpg","original":"http://content8.flixster.com/movie/11/17/51/11175138_ori.jpg"},"abridged_cast":[{"name":"Chris Pratt","id":"770692298","characters":["Peter Quill/Star-Lord"]},{"name":"Zoe Saldana","id":"162660050","characters":["Gamora"]},{"name":"David Bautista","id":"770867296","characters":["Drax the Destroyer"]},{"name":"Lee Pace","id":"493815806","characters":["Ronan the Accuser"]},{"name":"Bradley Cooper","id":"351525448","characters":["Rocket Racoon"]}],"alternate_ids":{"imdb":"2015381"},"links":{"self":"http://api.rottentomatoes.com/api/public/v1.0/movies/771311818.json","alternate":"http://www.rottentomatoes.com/m/guardians_of_the_galaxy/","cast":"http://api.rottentomatoes.com/api/public/v1.0/movies/771311818/cast.json","clips":"http://api.rottentomatoes.com/api/public/v1.0/movies/771311818/clips.json","reviews":"http://api.rottentomatoes.com/api/public/v1.0/movies/771311818/reviews.json","similar":"http://api.rottentomatoes.com/api/public/v1.0/movies/771311818/similar.json"}},{"id":"771303861","title":"Anchorman 2: The Legend Continues","year":2013,"mpaa_rating":"PG-13","runtime":119,"critics_consensus":"It's just as uneven and loosely structured as the first Anchorman -- and while Anchorman 2: The Legend Continues may not be quite as quotable, it's nearly as funny as its predecessor.","release_dates":{"theater":"2013-12-18","dvd":"2014-04-01"},"ratings":{"critics_rating":"Certified Fresh","critics_score":75,"audience_rating":"Upright","audience_score":61},"synopsis":"With the 70's behind him, San Diego's top rated newsman, Ron Burgundy (Will Ferrell), returns to the news desk in \"Anchorman 2: The Legend Continues.\" Also back for more are Ron's co-anchor and wife, Veronica Corningstone (Christina Applegate), weather man Brick Tamland (Steve Carell), man on the street Brian Fantana (Paul Rudd) and sports guy Champ Kind (David Koechner) - All of whom won't make it easy to stay classy...while taking the nation's first 24-hour news channel by storm. (c) Paramount","posters":{"thumbnail":"http://content9.flixster.com/movie/11/17/43/11174343_mob.jpg","profile":"http://content9.flixster.com/movie/11/17/43/11174343_pro.jpg","detailed":"http://content9.flixster.com/movie/11/17/43/11174343_det.jpg","original":"http://content9.flixster.com/movie/11/17/43/11174343_ori.jpg"},"abridged_cast":[{"name":"Will Ferrell","id":"162652185","characters":["Ron Burgundy"]},{"name":"Paul Rudd","id":"162653309","characters":["Brian Fantana"]},{"name":"Steve Carell","id":"162652665","characters":["Brick Tamland"]},{"name":"David Koechner","id":"162654117","characters":["Champ Kind"]},{"name":"Christina Applegate","id":"162663389","characters":["Veronica Corningstone"]}],"alternate_ids":{"imdb":"1229340"},"links":{"self":"http://api.rottentomatoes.com/api/public/v1.0/movies/771303861.json","alternate":"http://www.rottentomatoes.com/m/anchorman_2_the_legend_continues/","cast":"http://api.rottentomatoes.com/api/public/v1.0/movies/771303861/cast.json","clips":"http://api.rottentomatoes.com/api/public/v1.0/movies/771303861/clips.json","reviews":"http://api.rottentomatoes.com/api/public/v1.0/movies/771303861/reviews.json","similar":"http://api.rottentomatoes.com/api/public/v1.0/movies/771303861/similar.json"}},{"id":"494046103","title":"The Golden Compass","year":2007,"mpaa_rating":"PG-13","runtime":113,"critics_consensus":"Without the bite or the controversy of the source material, The Golden Compass is reduced to impressive visuals overcompensating for lax storytelling.","release_dates":{"theater":"2007-12-07","dvd":"2008-04-29"},"ratings":{"critics_rating":"Rotten","critics_score":42,"audience_rating":"Spilled","audience_score":51},"synopsis":"","posters":{"thumbnail":"http://content6.flixster.com/movie/11/16/86/11168632_mob.jpg","profile":"http://content6.flixster.com/movie/11/16/86/11168632_pro.jpg","detailed":"http://content6.flixster.com/movie/11/16/86/11168632_det.jpg","original":"http://content6.flixster.com/movie/11/16/86/11168632_ori.jpg"},"abridged_cast":[{"name":"Nicole Kidman","id":"162652279","characters":["Mrs. Coulter"]},{"name":"Dakota Blue Richards","id":"770679737","characters":["Lyra Belacqua"]},{"name":"Daniel Craig","id":"162687443","characters":["Lord Asriel"]},{"name":"Sam Elliott","id":"519471763","characters":["Lee Scoresby"]},{"name":"Eva Green","id":"162652241","characters":["Serafina Pekkala"]}],"alternate_ids":{"imdb":"0385752"},"links":{"self":"http://api.rottentomatoes.com/api/public/v1.0/movies/494046103.json","alternate":"http://www.rottentomatoes.com/m/his_dark_materials_the_golden_compass/","cast":"http://api.rottentomatoes.com/api/public/v1.0/movies/494046103/cast.json","clips":"http://api.rottentomatoes.com/api/public/v1.0/movies/494046103/clips.json","reviews":"http://api.rottentomatoes.com/api/public/v1.0/movies/494046103/reviews.json","similar":"http://api.rottentomatoes.com/api/public/v1.0/movies/494046103/similar.json"}},{"id":"314096471","title":"Tenacious D in: The Pick of Destiny","year":2006,"mpaa_rating":"R","runtime":94,"critics_consensus":"Tenacious D fan will find this movie hilarious; everybody else will see only a low-brow concept movie and a small assembly of jokes stretched past the 100 minute mark.","release_dates":{"theater":"2006-11-22","dvd":"2007-02-27"},"ratings":{"critics_rating":"Rotten","critics_score":54,"audience_rating":"Upright","audience_score":67},"synopsis":"","posters":{"thumbnail":"http://content8.flixster.com/movie/28/07/61/2807614_mob.jpg","profile":"http://content8.flixster.com/movie/28/07/61/2807614_pro.jpg","detailed":"http://content8.flixster.com/movie/28/07/61/2807614_det.jpg","original":"http://content8.flixster.com/movie/28/07/61/2807614_ori.jpg"},"abridged_cast":[{"name":"Jack Black","id":"162662218","characters":["JB"]},{"name":"Kyle Gass","id":"364651406","characters":["KG"]},{"name":"JR Reed","id":"771040819","characters":["Lee"]},{"name":"Troy Gentile","id":"770682260","characters":["Lil' JB"]},{"name":"Ronnie James Dio","id":"364625208","characters":["Dio"]}],"alternate_ids":{"imdb":"0365830"},"links":{"self":"http://api.rottentomatoes.com/api/public/v1.0/movies/314096471.json","alternate":"http://www.rottentomatoes.com/m/tenacious_d_in_the_pick_of_destiny/","cast":"http://api.rottentomatoes.com/api/public/v1.0/movies/314096471/cast.json","clips":"http://api.rottentomatoes.com/api/public/v1.0/movies/314096471/clips.json","reviews":"http://api.rottentomatoes.com/api/public/v1.0/movies/314096471/reviews.json","similar":"http://api.rottentomatoes.com/api/public/v1.0/movies/314096471/similar.json"}},{"id":"338671160","title":"Employee of the Month","year":2006,"mpaa_rating":"PG-13","runtime":107,"critics_consensus":"Employee of the Month features mediocre performances, few laughs, and a lack of satiric bite.","release_dates":{"theater":"2006-10-06","dvd":"2007-01-16"},"ratings":{"critics_rating":"Rotten","critics_score":20,"audience_rating":"Spilled","audience_score":53},"synopsis":"","posters":{"thumbnail":"http://content7.flixster.com/movie/28/18/36/2818365_mob.jpg","profile":"http://content7.flixster.com/movie/28/18/36/2818365_pro.jpg","detailed":"http://content7.flixster.com/movie/28/18/36/2818365_det.jpg","original":"http://content7.flixster.com/movie/28/18/36/2818365_ori.jpg"},"abridged_cast":[{"name":"Dane Cook","id":"338671161","characters":["Zack Bradley"]},{"name":"Jessica Simpson","id":"162652910","characters":["Amy Renfro"]},{"name":"Dax Shepard","id":"162655166","characters":["Vince Downey"]},{"name":"Andy Dick","id":"351525208","characters":["Lon"]},{"name":"Tim Bagley","id":"770746542","characters":["Glen Gary"]}],"alternate_ids":{"imdb":"0424993"},"links":{"self":"http://api.rottentomatoes.com/api/public/v1.0/movies/338671160.json","alternate":"http://www.rottentomatoes.com/m/employee_of_the_month/","cast":"http://api.rottentomatoes.com/api/public/v1.0/movies/338671160/cast.json","clips":"http://api.rottentomatoes.com/api/public/v1.0/movies/338671160/clips.json","reviews":"http://api.rottentomatoes.com/api/public/v1.0/movies/338671160/reviews.json","similar":"http://api.rottentomatoes.com/api/public/v1.0/movies/338671160/similar.json"}},{"id":"771308691","title":"The Heat","year":2013,"mpaa_rating":"R","runtime":116,"critics_consensus":"The Heat is predictable, but Melissa McCarthy is reliably funny and Sandra Bullock proves a capable foil.","release_dates":{"theater":"2013-06-28","dvd":"2013-10-15"},"ratings":{"critics_rating":"Fresh","critics_score":66,"audience_rating":"Upright","audience_score":73},"synopsis":"Uptight FBI Special Agent Sarah Ashburn (Sandra Bullock) and foul-mouthed Boston cop Shannon Mullins (Melissa McCarthy) couldn't be more incompatible. But when they join forces to bring down a ruthless drug lord, they become the last thing anyone expected: buddies. From Paul Feig, director of \"Bridesmaids.\" (c) Fox","posters":{"thumbnail":"http://content6.flixster.com/movie/11/17/38/11173848_mob.jpg","profile":"http://content6.flixster.com/movie/11/17/38/11173848_pro.jpg","detailed":"http://content6.flixster.com/movie/11/17/38/11173848_det.jpg","original":"http://content6.flixster.com/movie/11/17/38/11173848_ori.jpg"},"abridged_cast":[{"name":"Sandra Bullock","id":"162652205"},{"name":"Melissa McCarthy","id":"528361348"},{"name":"Kaitlin Olson","id":"770781052"},{"name":"Taran Killam","id":"395113361"},{"name":"Raw Leiba","id":"771412530"}],"alternate_ids":{"imdb":"2404463"},"links":{"self":"http://api.rottentomatoes.com/api/public/v1.0/movies/771308691.json","alternate":"http://www.rottentomatoes.com/m/the_heat/","cast":"http://api.rottentomatoes.com/api/public/v1.0/movies/771308691/cast.json","clips":"http://api.rottentomatoes.com/api/public/v1.0/movies/771308691/clips.json","reviews":"http://api.rottentomatoes.com/api/public/v1.0/movies/771308691/reviews.json","similar":"http://api.rottentomatoes.com/api/public/v1.0/movies/771308691/similar.json"}},{"id":"287865154","title":"The Guardian","year":2006,"mpaa_rating":"PG-13","runtime":139,"critics_consensus":"The Coast Guard gets its chance for a heroic movie tribute, but The Guardian does it no justice, borrowing cliche after cliche from other (and better) military branch movies.","release_dates":{"theater":"2006-09-29","dvd":"2007-01-23"},"ratings":{"critics_rating":"Rotten","critics_score":37,"audience_rating":"Upright","audience_score":81},"synopsis":"","posters":{"thumbnail":"http://content8.flixster.com/movie/10/89/81/10898122_mob.jpg","profile":"http://content8.flixster.com/movie/10/89/81/10898122_pro.jpg","detailed":"http://content8.flixster.com/movie/10/89/81/10898122_det.jpg","original":"http://content8.flixster.com/movie/10/89/81/10898122_ori.jpg"},"abridged_cast":[{"name":"Kevin Costner","id":"162662350","characters":["Ben Randall"]},{"name":"Ashton Kutcher","id":"162652453","characters":["Jake Fischer"]},{"name":"Sela Ward","id":"162694942","characters":["Helen Randall"]},{"name":"Melissa Sagemiller","id":"162714845","characters":["Emily Thomas"]},{"name":"Clancy Brown","id":"162663805","characters":["Capt. William Hadley"]}],"alternate_ids":{"imdb":"0406816"},"links":{"self":"http://api.rottentomatoes.com/api/public/v1.0/movies/287865154.json","alternate":"http://www.rottentomatoes.com/m/guardian/","cast":"http://api.rottentomatoes.com/api/public/v1.0/movies/287865154/cast.json","clips":"http://api.rottentomatoes.com/api/public/v1.0/movies/287865154/clips.json","reviews":"http://api.rottentomatoes.com/api/public/v1.0/movies/287865154/reviews.json","similar":"http://api.rottentomatoes.com/api/public/v1.0/movies/287865154/similar.json"}},{"id":"12490","title":"The Nightmare Before Christmas","year":1993,"mpaa_rating":"PG","runtime":76,"critics_consensus":"The Nightmare Before Christmas is a stunningly original and visually delightful work of stop-motion animation.","release_dates":{"theater":"1993-10-24","dvd":"1997-12-02"},"ratings":{"critics_rating":"Certified Fresh","critics_score":94,"audience_rating":"Upright","audience_score":92},"synopsis":"","posters":{"thumbnail":"http://content9.flixster.com/movie/11/16/37/11163751_mob.jpg","profile":"http://content9.flixster.com/movie/11/16/37/11163751_pro.jpg","detailed":"http://content9.flixster.com/movie/11/16/37/11163751_det.jpg","original":"http://content9.flixster.com/movie/11/16/37/11163751_ori.jpg"},"abridged_cast":[{"name":"Danny Elfman","id":"162680385"},{"name":"Chris Sarandon","id":"162676721"},{"name":"Catherine O'Hara","id":"162658234"},{"name":"William Hickey","id":"326394741"},{"name":"Glenn Shadix","id":"326394742"}],"alternate_ids":{"imdb":"0107688"},"links":{"self":"http://api.rottentomatoes.com/api/public/v1.0/movies/12490.json","alternate":"http://www.rottentomatoes.com/m/nightmare_before_christmas/","cast":"http://api.rottentomatoes.com/api/public/v1.0/movies/12490/cast.json","clips":"http://api.rottentomatoes.com/api/public/v1.0/movies/12490/clips.json","reviews":"http://api.rottentomatoes.com/api/public/v1.0/movies/12490/reviews.json","similar":"http://api.rottentomatoes.com/api/public/v1.0/movies/12490/similar.json"}},{"id":"19049948","title":"The Pink Panther","year":2006,"mpaa_rating":"PG","runtime":93,"critics_consensus":"Though Steve Martin is game, the particulars of the Inspector Clouseau character elude him in this middling update.","release_dates":{"theater":"2006-02-10","dvd":"2006-06-13"},"ratings":{"critics_rating":"Rotten","critics_score":22,"audience_rating":"Spilled","audience_score":52},"synopsis":"","posters":{"thumbnail":"http://content9.flixster.com/movie/10/87/61/10876159_mob.jpg","profile":"http://content9.flixster.com/movie/10/87/61/10876159_pro.jpg","detailed":"http://content9.flixster.com/movie/10/87/61/10876159_det.jpg","original":"http://content9.flixster.com/movie/10/87/61/10876159_ori.jpg"},"abridged_cast":[{"name":"Steve Martin","id":"162654836","characters":["Inspector Jacques Clouseau"]},{"name":"Kevin Kline","id":"162660419","characters":["Chief Inspector Dreyfus"]},{"name":"Jean Reno","id":"162653166","characters":["Gilbert Ponton"]},{"name":"Emily Mortimer","id":"162660091","characters":["Nicole"]},{"name":"Henry Czerny","id":"343941171","characters":["Yuri"]}],"alternate_ids":{"imdb":"0383216"},"links":{"self":"http://api.rottentomatoes.com/api/public/v1.0/movies/19049948.json","alternate":"http://www.rottentomatoes.com/m/pink_panther/","cast":"http://api.rottentomatoes.com/api/public/v1.0/movies/19049948/cast.json","clips":"http://api.rottentomatoes.com/api/public/v1.0/movies/19049948/clips.json","reviews":"http://api.rottentomatoes.com/api/public/v1.0/movies/19049948/reviews.json","similar":"http://api.rottentomatoes.com/api/public/v1.0/movies/19049948/similar.json"}},{"id":"770670843","title":"The Brave One","year":2007,"mpaa_rating":"R","runtime":122,"critics_consensus":"Magnetic by between Jodie Foster and Terrence Howard can't quite compensate for The Brave One's problematic and unconvincing eye-for-an-eye moral.","release_dates":{"theater":"2007-09-14","dvd":"2008-02-05"},"ratings":{"critics_rating":"Rotten","critics_score":43,"audience_rating":"Upright","audience_score":64},"synopsis":"","posters":{"thumbnail":"http://content6.flixster.com/movie/96/88/61/9688616_mob.jpg","profile":"http://content6.flixster.com/movie/96/88/61/9688616_pro.jpg","detailed":"http://content6.flixster.com/movie/96/88/61/9688616_det.jpg","original":"http://content6.flixster.com/movie/96/88/61/9688616_ori.jpg"},"abridged_cast":[{"name":"Jodie Foster","id":"162654080","characters":["Erica Bain"]},{"name":"Terrence Howard","id":"162652991","characters":["Detective Sean Mercer"]},{"name":"Nicky Katt","id":"180877553","characters":["Detective Vitale"]},{"name":"Naveen Andrews","id":"364599937","characters":["David Kirmani"]},{"name":"Mary Steenburgen","id":"162663795","characters":["Carol"]}],"alternate_ids":{"imdb":"0476964"},"links":{"self":"http://api.rottentomatoes.com/api/public/v1.0/movies/770670843.json","alternate":"http://www.rottentomatoes.com/m/brave_one/","cast":"http://api.rottentomatoes.com/api/public/v1.0/movies/770670843/cast.json","clips":"http://api.rottentomatoes.com/api/public/v1.0/movies/770670843/clips.json","reviews":"http://api.rottentomatoes.com/api/public/v1.0/movies/770670843/reviews.json","similar":"http://api.rottentomatoes.com/api/public/v1.0/movies/770670843/similar.json"}},{"id":"9273","title":"Walk the Line","year":2005,"mpaa_rating":"PG-13","runtime":94,"critics_consensus":"Superior acting and authentic crooning capture the emotional subtleties of the legend of Johnny Cash and his inevitable downfall with a freshness that is a pleasure to watch.","release_dates":{"theater":"2005-11-18","dvd":"2006-02-28"},"ratings":{"critics_rating":"Certified Fresh","critics_score":82,"audience_rating":"Upright","audience_score":90},"synopsis":"","posters":{"thumbnail":"http://content8.flixster.com/movie/25/05/250594_mob.jpg","profile":"http://content8.flixster.com/movie/25/05/250594_pro.jpg","detailed":"http://content8.flixster.com/movie/25/05/250594_det.jpg","original":"http://content8.flixster.com/movie/25/05/250594_ori.jpg"},"abridged_cast":[{"name":"Joaquin Phoenix","id":"162655394","characters":["Johnny Cash"]},{"name":"Reese Witherspoon","id":"162653903","characters":["June Carter"]},{"name":"Ginnifer Goodwin","id":"162655395","characters":["Vivian Cash"]},{"name":"Robert Patrick","id":"162655397","characters":["Ray Cash"]},{"name":"Dallas Roberts","id":"162685074","characters":["Sam Phillips"]}],"alternate_ids":{"imdb":"0358273"},"links":{"self":"http://api.rottentomatoes.com/api/public/v1.0/movies/9273.json","alternate":"http://www.rottentomatoes.com/m/walk_the_line/","cast":"http://api.rottentomatoes.com/api/public/v1.0/movies/9273/cast.json","clips":"http://api.rottentomatoes.com/api/public/v1.0/movies/9273/clips.json","reviews":"http://api.rottentomatoes.com/api/public/v1.0/movies/9273/reviews.json","similar":"http://api.rottentomatoes.com/api/public/v1.0/movies/9273/similar.json"}},{"id":"771219982","title":"The Dictator","year":2012,"mpaa_rating":"R","runtime":83,"critics_consensus":"Wildly uneven but consistently provocative, The Dictator is a decent entry in the poli-slapstick comedy genre.","release_dates":{"theater":"2012-05-16","dvd":"2012-08-21"},"ratings":{"critics_rating":"Rotten","critics_score":57,"audience_rating":"Spilled","audience_score":45},"synopsis":"The heroic story of a North African dictator who risks his life to ensure that democracy would never come to the country he so lovingly oppressed. -- (C) Paramount","posters":{"thumbnail":"http://content7.flixster.com/movie/11/16/89/11168933_mob.jpg","profile":"http://content7.flixster.com/movie/11/16/89/11168933_pro.jpg","detailed":"http://content7.flixster.com/movie/11/16/89/11168933_det.jpg","original":"http://content7.flixster.com/movie/11/16/89/11168933_ori.jpg"},"abridged_cast":[{"name":"Sacha Baron Cohen","id":"162652531","characters":["Aladeen/Efawadh","General Aladeen"]},{"name":"Anna Faris","id":"162654477","characters":["Zoey"]},{"name":"Ben Kingsley","id":"162653703","characters":["Tamir"]},{"name":"Sayed Badreya","id":"770812296","characters":["Omar"]},{"name":"Jason Mantzoukas","id":"770750130","characters":["Nadal"]}],"alternate_ids":{"imdb":"1645170"},"links":{"self":"http://api.rottentomatoes.com/api/public/v1.0/movies/771219982.json","alternate":"http://www.rottentomatoes.com/m/the_dictator_2012/","cast":"http://api.rottentomatoes.com/api/public/v1.0/movies/771219982/cast.json","clips":"http://api.rottentomatoes.com/api/public/v1.0/movies/771219982/clips.json","reviews":"http://api.rottentomatoes.com/api/public/v1.0/movies/771219982/reviews.json","similar":"http://api.rottentomatoes.com/api/public/v1.0/movies/771219982/similar.json"}},{"id":"771303549","title":"This Is the End","year":2013,"mpaa_rating":"R","runtime":107,"critics_consensus":"Energetic, self-deprecating performances and enough guffaw-inducing humor make up for the flaws in This Is the End loosely written script.","release_dates":{"theater":"2013-06-12","dvd":"2013-10-01"},"ratings":{"critics_rating":"Certified Fresh","critics_score":83,"audience_rating":"Upright","audience_score":73},"synopsis":"The comedy This Is The End follows six friends trapped in a house after a series of strange and catastrophic events devastate Los Angeles. As the world unravels outside, dwindling supplies and cabin fever threaten to tear apart the friendships inside. Eventually, they are forced to leave the house, facing their fate and the true meaning of friendship and redemption. (c) Sony","posters":{"thumbnail":"http://content8.flixster.com/movie/11/17/36/11173666_mob.jpg","profile":"http://content8.flixster.com/movie/11/17/36/11173666_pro.jpg","detailed":"http://content8.flixster.com/movie/11/17/36/11173666_det.jpg","original":"http://content8.flixster.com/movie/11/17/36/11173666_ori.jpg"},"abridged_cast":[{"name":"James Franco","id":"162653202","characters":["James Franco"]},{"name":"Jonah Hill","id":"326297850","characters":["Jonah Hill"]},{"name":"Seth Rogen","id":"162653310","characters":["Seth Rogen"]},{"name":"Jay Baruchel","id":"259260120","characters":["Jay Baruchel"]},{"name":"Danny McBride","id":"770672019","characters":["Danny McBride"]}],"alternate_ids":{"imdb":"1245492"},"links":{"self":"http://api.rottentomatoes.com/api/public/v1.0/movies/771303549.json","alternate":"http://www.rottentomatoes.com/m/this_is_the_end/","cast":"http://api.rottentomatoes.com/api/public/v1.0/movies/771303549/cast.json","clips":"http://api.rottentomatoes.com/api/public/v1.0/movies/771303549/clips.json","reviews":"http://api.rottentomatoes.com/api/public/v1.0/movies/771303549/reviews.json","similar":"http://api.rottentomatoes.com/api/public/v1.0/movies/771303549/similar.json"}},{"id":"770805765","title":"Sex and the City 2","year":2010,"mpaa_rating":"R","runtime":147,"critics_consensus":"Straining under a thin plot stretched to its limit by a bloated running time, Sex and the City 2 adds an unfortunate coda to the long-running HBO series.","release_dates":{"theater":"2010-05-27","dvd":"2010-10-26"},"ratings":{"critics_rating":"Rotten","critics_score":15,"audience_rating":"Spilled","audience_score":43},"synopsis":"The stars of the hit HBO series reunite with original writer/producer/director Michael Patrick King to deliver this sequel that finds the ladies venturing outside New York City for the adventure of a lifetime. Carrie (Sarah Jessica Parker), Charlotte (Kristin Davis), and Miranda (Cynthia Nixon) are all married now, but they're still up for a little fun in the sun. When Samantha (Kim Cattrall) gets the chance to visit one of the most extravagant vacation destinations on the planet and offers to bring them all along, they surmise that a women-only retreat may be the perfect excuse to eschew their responsibilities and remember what life was like before they decided to settle down. ~ Jason Buchanan, Rovi","posters":{"thumbnail":"http://content9.flixster.com/movie/11/17/00/11170059_mob.jpg","profile":"http://content9.flixster.com/movie/11/17/00/11170059_pro.jpg","detailed":"http://content9.flixster.com/movie/11/17/00/11170059_det.jpg","original":"http://content9.flixster.com/movie/11/17/00/11170059_ori.jpg"},"abridged_cast":[{"name":"Sarah Jessica Parker","id":"162659060","characters":["Carrie Bradshaw"]},{"name":"Kim Cattrall","id":"162655985","characters":["Samantha Jones"]},{"name":"Cynthia Nixon","id":"162654358","characters":["Miranda Hobbes"]},{"name":"Kristin Davis","id":"326396457","characters":["Charlotte York"]},{"name":"Chris Noth","id":"162652731","characters":["Mr. Big"]}],"alternate_ids":{"imdb":"1261945"},"links":{"self":"http://api.rottentomatoes.com/api/public/v1.0/movies/770805765.json","alternate":"http://www.rottentomatoes.com/m/sex_and_the_city_2/","cast":"http://api.rottentomatoes.com/api/public/v1.0/movies/770805765/cast.json","clips":"http://api.rottentomatoes.com/api/public/v1.0/movies/770805765/clips.json","reviews":"http://api.rottentomatoes.com/api/public/v1.0/movies/770805765/reviews.json","similar":"http://api.rottentomatoes.com/api/public/v1.0/movies/770805765/similar.json"}}],"links":{"self":"http://api.rottentomatoes.com/api/public/v1.0/movies.json?q=the&page_limit=50&page=3","next":"http://api.rottentomatoes.com/api/public/v1.0/movies.json?q=the&page_limit=50&page=4","prev":"http://api.rottentomatoes.com/api/public/v1.0/movies.json?q=the&page_limit=50&page=2"},"link_template":"http://api.rottentomatoes.com/api/public/v1.0/movies.json?q={search-term}&page_limit={results-per-page}&page={page-number}"}