

{"total":52488,"movies":[{"id":"12998","title":"All the President's Men","year":1976,"mpaa_rating":"PG","runtime":138,"critics_consensus":"A taut, solidly acted paean to the benefits of a free press and the dangers of unchecked power, made all the more effective by its origins in real-life events.","release_dates":{"theater":"1976-04-04","dvd":"1997-10-30"},"ratings":{"critics_rating":"Certified Fresh","critics_score":98,"audience_rating":"Upright","audience_score":92},"synopsis":"","posters":{"thumbnail":"http://content8.flixster.com/movie/10/85/76/10857662_mob.jpg","profile":"http://content8.flixster.com/movie/10/85/76/10857662_pro.jpg","detailed":"http://content8.flixster.com/movie/10/85/76/10857662_det.jpg","original":"http://content8.flixster.com/movie/10/85/76/10857662_ori.jpg"},"abridged_cast":[{"name":"Dustin Hoffman","id":"162659372","characters":["Carl Bernstein"]},{"name":"Robert Redford","id":"162653875","characters":["Bob Woodward"]},{"name":"Jack Warden","id":"162697069","characters":["Harry Rosenfeld"]},{"name":"Martin Balsam","id":"162658776","characters":["Howard Simons"]},{"name":"Hal Holbrook","id":"162667240","characters":["Deep Throat"]}],"alternate_ids":{"imdb":"0074119"},"links":{"self":"http://api.rottentomatoes.com/api/public/v1.0/movies/12998.json","alternate":"http://www.rottentomatoes.com/m/all_the_presidents_men/","cast":"http://api.rottentomatoes.com/api/public/v1.0/movies/12998/cast.json","clips":"http://api.rottentomatoes.com/api/public/v1.0/movies/12998/clips.json","reviews":"http://api.rottentomatoes.com/api/public/v1.0/movies/12998/reviews.json","similar":"http://api.rottentomatoes.com/api/public/v1.0/movies/12998/similar.json"}},{"id":"771210038","title":"The Lords of Salem","year":2013,"mpaa_rating":"R","runtime":101,"critics_consensus":"The Lords of Salem has lots of atmospheric portent, but it's unfortunately short on scares.","release_dates":{"theater":"2013-04-19","dvd":"2013-09-03"},"ratings":{"critics_rating":"Rotten","critics_score":47,"audience_rating":"Spilled","audience_score":31},"synopsis":"From the singular mind of horror maestro Rob Zombie comes a chilling plunge into a nightmare world where evil runs in the blood. The Lords of Salem tells the tale of Heidi (Sheri Moon Zombie), a radio station DJ living in Salem, Massachusetts, who receives a strange wooden box containing a record, a \"gift from the Lords.\" Heidi listens, and the bizarre sounds within the grooves immediately trigger flashbacks of the town's violent past. Is Heidi going mad, or are the \"Lords of Salem\" returning for revenge on modern-day Salem? (c) Anchor Bay","posters":{"thumbnail":"http://content9.flixster.com/movie/11/17/29/11172999_mob.jpg","profile":"http://content9.flixster.com/movie/11/17/29/11172999_pro.jpg","detailed":"http://content9.flixster.com/movie/11/17/29/11172999_det.jpg","original":"http://content9.flixster.com/movie/11/17/29/11172999_ori.jpg"},"abridged_cast":[{"name":"Sheri Moon Zombie","id":"770902639","characters":["Heidi","Heidi Hawthorne"]},{"name":"Bruce Davison","id":"162654345","characters":["Francis Matthais"]},{"name":"Jeff Daniel Phillips","id":"771070518","characters":["Herman \"Whitey\" Salvador"]},{"name":"Judy Geeson","id":"359855293","characters":["Lacy Doyle"]},{"name":"Meg Foster","id":"162691482","characters":["Margaret Morgan"]}],"alternate_ids":{"imdb":"1731697"},"links":{"self":"http://api.rottentomatoes.com/api/public/v1.0/movies/771210038.json","alternate":"http://www.rottentomatoes.com/m/the_lords_of_salem/","cast":"http://api.rottentomatoes.com/api/public/v1.0/movies/771210038/cast.json","clips":"http://api.rottentomatoes.com/api/public/v1.0/movies/771210038/clips.json","reviews":"http://api.rottentomatoes.com/api/public/v1.0/movies/771210038/reviews.json","similar":"http://api.rottentomatoes.com/api/public/v1.0/movies/771210038/similar.json"}},{"id":"771323314","title":"The Haunting in Connecticut 2: Ghosts of Georgia","year":2013,"mpaa_rating":"R","runtime":100,"release_dates":{"theater":"2013-02-01","dvd":"2013-04-15"},"ratings":{"critics_rating":"Rotten","critics_score":19,"audience_rating":"Spilled","audience_score":47},"synopsis":"Building on the terror of A Haunting in Connecticut, this horrifying tale traces a young family's nightmarish descent into a centuries-old Southern hell. When Andy Wyrick (Chad Michael Murray, House of Wax) moves his wife Lisa (Abigail Spencer, TV's \"Mad Men\") and daughter Heidi to an historic home in Georgia, they quickly discover they are not the house's only inhabitants. Joined by Lisa's free-spirited sister, Joyce (Katee Sackhoff, TV's \"Battlestar Galactica\"), the family soon comes face-to-face with a bone-chilling mystery born of a deranged desire...a haunting secret rising from underground and threatening to bring down anyone in its path.","posters":{"thumbnail":"http://content6.flixster.com/movie/11/17/03/11170392_mob.jpg","profile":"http://content6.flixster.com/movie/11/17/03/11170392_pro.jpg","detailed":"http://content6.flixster.com/movie/11/17/03/11170392_det.jpg","original":"http://content6.flixster.com/movie/11/17/03/11170392_ori.jpg"},"abridged_cast":[{"name":"Chad Michael Murray","id":"162652259","characters":["Andy Wyrick"]},{"name":"Abigail Spencer","id":"770729279","characters":["Lisa","Lisa Wyrick"]},{"name":"Katee Sackhoff","id":"459518520","characters":["Joyce"]},{"name":"Emily Alyn Lind","id":"770803267","characters":["Heidi Wyrick"]},{"name":"Cicely Tyson","id":"162656917","characters":["Mama Kay"]}],"alternate_ids":{"imdb":"1457765"},"links":{"self":"http://api.rottentomatoes.com/api/public/v1.0/movies/771323314.json","alternate":"http://www.rottentomatoes.com/m/the_haunting_in_connecticut_2_ghosts_of_georgia/","cast":"http://api.rottentomatoes.com/api/public/v1.0/movies/771323314/cast.json","clips":"http://api.rottentomatoes.com/api/public/v1.0/movies/771323314/clips.json","reviews":"http://api.rottentomatoes.com/api/public/v1.0/movies/771323314/reviews.json","similar":"http://api.rottentomatoes.com/api/public/v1.0/movies/771323314/similar.json"}},{"id":"10510","title":"The Rainmaker","year":1997,"mpaa_rating":"PG-13","runtime":135,"critics_consensus":"Invigorated by its talented cast and Francis Ford Coppola's strong direction, The Rainmaker is a satisfying legal drama -- and arguably the best of Hollywood's many John Grisham adaptations.","release_dates":{"theater":"1997-11-20","dvd":"1998-11-17"},"ratings":{"critics_rating":"Certified Fresh","critics_score":82,"audience_rating":"Upright","audience_score":77},"synopsis":"","posters":{"thumbnail":"http://content8.flixster.com/movie/10/83/79/10837982_mob.jpg","profile":"http://content8.flixster.com/movie/10/83/79/10837982_pro.jpg","detailed":"http://content8.flixster.com/movie/10/83/79/10837982_det.jpg","original":"http://content8.flixster.com/movie/10/83/79/10837982_ori.jpg"},"abridged_cast":[{"name":"Matt Damon","id":"162653499","characters":["Rudy Baylor"]},{"name":"Claire Danes","id":"162654834","characters":["Kelly Riker"]},{"name":"Jon Voight","id":"162664393","characters":["Leo F. Drummond"]},{"name":"Mary Kay Place","id":"162719595","characters":["Dot Black"]},{"name":"Mickey Rourke","id":"162652508","characters":["Bruiser Stone"]}],"alternate_ids":{"imdb":"0119978"},"links":{"self":"http://api.rottentomatoes.com/api/public/v1.0/movies/10510.json","alternate":"http://www.rottentomatoes.com/m/1080867-rainmaker/","cast":"http://api.rottentomatoes.com/api/public/v1.0/movies/10510/cast.json","clips":"http://api.rottentomatoes.com/api/public/v1.0/movies/10510/clips.json","reviews":"http://api.rottentomatoes.com/api/public/v1.0/movies/10510/reviews.json","similar":"http://api.rottentomatoes.com/api/public/v1.0/movies/10510/similar.json"}},{"id":"770807582","title":"The Boys Are Back","year":2009,"mpaa_rating":"PG-13","runtime":104,"critics_consensus":"Great performances by Clive Owen and The Boys save this melodrama from entering into the sappy territory it might have in less competent hands.","release_dates":{"theater":"2009-09-25","dvd":"2010-01-26"},"ratings":{"critics_rating":"Fresh","critics_score":71,"audience_rating":"Upright","audience_score":61},"synopsis":"","posters":{"thumbnail":"http://content9.flixster.com/movie/10/89/61/10896175_mob.jpg","profile":"http://content9.flixster.com/movie/10/89/61/10896175_pro.jpg","detailed":"http://content9.flixster.com/movie/10/89/61/10896175_det.jpg","original":"http://content9.flixster.com/movie/10/89/61/10896175_ori.jpg"},"abridged_cast":[{"name":"Clive Owen","id":"162652511","characters":["Joe Warr"]},{"name":"Laura Fraser","id":"331415664"},{"name":"Emma Booth","id":"528344846"},{"name":"Nicholas McAnulty","id":"770837069"},{"name":"George MacKay","id":"326397415"}],"alternate_ids":{"imdb":"0926380"},"links":{"self":"http://api.rottentomatoes.com/api/public/v1.0/movies/770807582.json","alternate":"http://www.rottentomatoes.com/m/1208165-boys_are_back/","cast":"http://api.rottentomatoes.com/api/public/v1.0/movies/770807582/cast.json","clips":"http://api.rottentomatoes.com/api/public/v1.0/movies/770807582/clips.json","reviews":"http://api.rottentomatoes.com/api/public/v1.0/movies/770807582/reviews.json","similar":"http://api.rottentomatoes.com/api/public/v1.0/movies/770807582/similar.json"}},{"id":"12916","title":"The Thomas Crown Affair","year":1999,"mpaa_rating":"R","runtime":109,"critics_consensus":"This is a brilliant and stylish remake with interesting plot twists.","release_dates":{"theater":"1999-08-06","dvd":"2000-01-04"},"ratings":{"critics_rating":"Fresh","critics_score":67,"audience_rating":"Upright","audience_score":78},"synopsis":"","posters":{"thumbnail":"http://content8.flixster.com/movie/26/71/267198_mob.jpg","profile":"http://content8.flixster.com/movie/26/71/267198_pro.jpg","detailed":"http://content8.flixster.com/movie/26/71/267198_det.jpg","original":"http://content8.flixster.com/movie/26/71/267198_ori.jpg"},"abridged_cast":[{"name":"Pierce Brosnan","id":"162663451","characters":["Thomas Crown"]},{"name":"Rene Russo","id":"162654462","characters":["Catherine Banning"]},{"name":"Denis Leary","id":"162659182","characters":["Detective Michael McCann"]},{"name":"Ben Gazzara","id":"162676356","characters":["Andrew Wallace"]},{"name":"Frankie Faison","id":"162719266","characters":["Detective Paretti"]}],"alternate_ids":{"imdb":"0155267"},"links":{"self":"http://api.rottentomatoes.com/api/public/v1.0/movies/12916.json","alternate":"http://www.rottentomatoes.com/m/thomas_crown_affair_the/","cast":"http://api.rottentomatoes.com/api/public/v1.0/movies/12916/cast.json","clips":"http://api.rottentomatoes.com/api/public/v1.0/movies/12916/clips.json","reviews":"http://api.rottentomatoes.com/api/public/v1.0/movies/12916/reviews.json","similar":"http://api.rottentomatoes.com/api/public/v1.0/movies/12916/similar.json"}},{"id":"10196","title":"Once Upon a Time in the West","year":1968,"mpaa_rating":"PG-13","runtime":165,"critics_consensus":"A landmark Sergio Leone spaghetti western masterpiece featuring a classic Morricone score.","release_dates":{"theater":"1968-12-21","dvd":"2003-11-18"},"ratings":{"critics_rating":"Certified Fresh","critics_score":98,"audience_rating":"Upright","audience_score":95},"synopsis":"","posters":{"thumbnail":"http://content9.flixster.com/movie/10/88/22/10882283_mob.jpg","profile":"http://content9.flixster.com/movie/10/88/22/10882283_pro.jpg","detailed":"http://content9.flixster.com/movie/10/88/22/10882283_det.jpg","original":"http://content9.flixster.com/movie/10/88/22/10882283_ori.jpg"},"abridged_cast":[{"name":"Charles Bronson","id":"162660991","characters":["Harmonica"]},{"name":"Claudia Cardinale","id":"162672219","characters":["Jill"]},{"name":"Henry Fonda","id":"162656556","characters":["Frank"]},{"name":"Jason Robards","id":"162656868","characters":["Cheyenne"]},{"name":"Gabriele Ferzetti","id":"335717814","characters":["Morton"]}],"alternate_ids":{"imdb":"0064116"},"links":{"self":"http://api.rottentomatoes.com/api/public/v1.0/movies/10196.json","alternate":"http://www.rottentomatoes.com/m/once_upon_a_time_in_the_west/","cast":"http://api.rottentomatoes.com/api/public/v1.0/movies/10196/cast.json","clips":"http://api.rottentomatoes.com/api/public/v1.0/movies/10196/clips.json","reviews":"http://api.rottentomatoes.com/api/public/v1.0/movies/10196/reviews.json","similar":"http://api.rottentomatoes.com/api/public/v1.0/movies/10196/similar.json"}},{"id":"771249697","title":"The Deep Blue Sea","year":2012,"mpaa_rating":"R","runtime":98,"critics_consensus":"Featuring an outstanding performance by Rachel Weisz, The Deep Blue Sea is a visually stunning, melancholy tale of subsumed passion.","release_dates":{"theater":"2012-03-23","dvd":"2012-07-24"},"ratings":{"critics_rating":"Certified Fresh","critics_score":78,"audience_rating":"Spilled","audience_score":52},"synopsis":"Master chronicler of post-War England, Terence Davies directs Rachel Weisz as a woman whose overpowering love threatens her well-being and alienates the men in her life. In a deeply vulnerable performance, Rachel Weisz plays Hester Collyer, the wife of an upper-class judge (Simon Russell Beale) and a free spirit trapped in a passionless marriage. Her encounter with Freddie Page (Tom Hiddleston), a troubled former Royal Air Force pilot, throws her life in turmoil, as their erotic relationship leaves her emotionally stranded and physically isolated. The film is an adaptation of British playwright Terence Rattigan's 1952 play, featuring one of the greatest roles for an actress in modern theatre. -- (C) Music Box Films","posters":{"thumbnail":"http://content9.flixster.com/movie/11/16/38/11163891_mob.jpg","profile":"http://content9.flixster.com/movie/11/16/38/11163891_pro.jpg","detailed":"http://content9.flixster.com/movie/11/16/38/11163891_det.jpg","original":"http://content9.flixster.com/movie/11/16/38/11163891_ori.jpg"},"abridged_cast":[{"name":"Rachel Weisz","id":"162653682","characters":["Hester Collyer","Hester Page"]},{"name":"Tom Hiddleston","id":"770837993","characters":["Freddie Page"]},{"name":"Simon Russell Beale","id":"351525657","characters":["Sir William Collyer"]},{"name":"Ann Mitchell","id":"770734862","characters":["Mrs. Elton"]},{"name":"Jolyon Coy","id":"770854559","characters":["Philip Welch"]}],"alternate_ids":{"imdb":"1700844"},"links":{"self":"http://api.rottentomatoes.com/api/public/v1.0/movies/771249697.json","alternate":"http://www.rottentomatoes.com/m/the_deep_blue_sea/","cast":"http://api.rottentomatoes.com/api/public/v1.0/movies/771249697/cast.json","clips":"http://api.rottentomatoes.com/api/public/v1.0/movies/771249697/clips.json","reviews":"http://api.rottentomatoes.com/api/public/v1.0/movies/771249697/reviews.json","similar":"http://api.rottentomatoes.com/api/public/v1.0/movies/771249697/similar.json"}},{"id":"10018","title":"Christmas with the Kranks","year":2004,"mpaa_rating":"PG","runtime":94,"critics_consensus":"A mirthless movie as fresh as last year's fruit cake, Christmas with the Kranks is a coarse, garish comedy that promotes conformity.","release_dates":{"theater":"2004-11-24","dvd":"2005-11-08"},"ratings":{"critics_rating":"Rotten","critics_score":5,"audience_rating":"Spilled","audience_score":37},"synopsis":"","posters":{"thumbnail":"http://content7.flixster.com/movie/10/88/27/10882789_mob.jpg","profile":"http://content7.flixster.com/movie/10/88/27/10882789_pro.jpg","detailed":"http://content7.flixster.com/movie/10/88/27/10882789_det.jpg","original":"http://content7.flixster.com/movie/10/88/27/10882789_ori.jpg"},"abridged_cast":[{"name":"Tim Allen","id":"162655909","characters":["Luther Krank"]},{"name":"Jamie Lee Curtis","id":"162659110","characters":["Nora Krank"]},{"name":"Dan Aykroyd","id":"162664389","characters":["Vic Frohmeyer"]},{"name":"Erik Per Sullivan","id":"770725361","characters":["Spike Forhmeyer"]},{"name":"Cheech Marin","id":"162653738","characters":["Officer Salino"]}],"alternate_ids":{"imdb":"0388419"},"links":{"self":"http://api.rottentomatoes.com/api/public/v1.0/movies/10018.json","alternate":"http://www.rottentomatoes.com/m/christmas_with_the_kranks/","cast":"http://api.rottentomatoes.com/api/public/v1.0/movies/10018/cast.json","clips":"http://api.rottentomatoes.com/api/public/v1.0/movies/10018/clips.json","reviews":"http://api.rottentomatoes.com/api/public/v1.0/movies/10018/reviews.json","similar":"http://api.rottentomatoes.com/api/public/v1.0/movies/10018/similar.json"}},{"id":"528393121","title":"Year of the Dog","year":2007,"mpaa_rating":"PG","runtime":96,"critics_consensus":"Year of the Dog is a warm and quirky comedy that never condescends to its eccentric characters.","release_dates":{"theater":"2007-04-13","dvd":"2007-08-28"},"ratings":{"critics_rating":"Certified Fresh","critics_score":70,"audience_rating":"Spilled","audience_score":43},"synopsis":"","posters":{"thumbnail":"http://content8.flixster.com/movie/10/87/65/10876578_mob.jpg","profile":"http://content8.flixster.com/movie/10/87/65/10876578_pro.jpg","detailed":"http://content8.flixster.com/movie/10/87/65/10876578_det.jpg","original":"http://content8.flixster.com/movie/10/87/65/10876578_ori.jpg"},"abridged_cast":[{"name":"Molly Shannon","id":"162669077","characters":["Peggy"]},{"name":"Laura Dern","id":"162654251","characters":["Bret"]},{"name":"Regina King","id":"162661859","characters":["Layla"]},{"name":"Tom McCarthy","id":"770898670","characters":["Pier"]},{"name":"Josh Pais","id":"364623049","characters":["Robin"]}],"alternate_ids":{"imdb":"0756729"},"links":{"self":"http://api.rottentomatoes.com/api/public/v1.0/movies/528393121.json","alternate":"http://www.rottentomatoes.com/m/year_of_the_dog/","cast":"http://api.rottentomatoes.com/api/public/v1.0/movies/528393121/cast.json","clips":"http://api.rottentomatoes.com/api/public/v1.0/movies/528393121/clips.json","reviews":"http://api.rottentomatoes.com/api/public/v1.0/movies/528393121/reviews.json","similar":"http://api.rottentomatoes.com/api/public/v1.0/movies/528393121/similar.json"}},{"id":"771240265","title":"To Rome with Love","year":2012,"mpaa_rating":"R","runtime":112,"critics_consensus":"To Rome With Love sees Woody Allen cobbling together an Italian postcard of farce, fantasy, and comedy with only middling success.","release_dates":{"theater":"2012-06-22","dvd":"2013-01-15"},"ratings":{"critics_rating":"Rotten","critics_score":43,"audience_rating":"Spilled","audience_score":41},"synopsis":"To Rome with Love is a kaleidoscopic comedy movie set in one of the world's most enchanting cities. The film brings us into contact with a well-known American architect reliving his youth; an average middle-class Roman who suddenly finds himself Rome's biggest celebrity; a young provincial couple drawn into separate romantic encounters; and an American opera director endeavoring to put a singing mortician on stage. -- (C) Sony Pictures Classics","posters":{"thumbnail":"http://content9.flixster.com/movie/11/16/51/11165143_mob.jpg","profile":"http://content9.flixster.com/movie/11/16/51/11165143_pro.jpg","detailed":"http://content9.flixster.com/movie/11/16/51/11165143_det.jpg","original":"http://content9.flixster.com/movie/11/16/51/11165143_ori.jpg"},"abridged_cast":[{"name":"Woody Allen","id":"162660853","characters":["Jerry"]},{"name":"Alec Baldwin","id":"162656441","characters":["John"]},{"name":"Roberto Benigni","id":"162657512","characters":["Leopoldo Pisanello"]},{"name":"Penelope Cruz","id":"162652351","characters":["Anna"]},{"name":"Judy Davis","id":"162656849","characters":["Phyllis"]}],"alternate_ids":{"imdb":"1859650"},"links":{"self":"http://api.rottentomatoes.com/api/public/v1.0/movies/771240265.json","alternate":"http://www.rottentomatoes.com/m/to_rome_with_love/","cast":"http://api.rottentomatoes.com/api/public/v1.0/movies/771240265/cast.json","clips":"http://api.rottentomatoes.com/api/public/v1.0/movies/771240265/clips.json","reviews":"http://api.rottentomatoes.com/api/public/v1.0/movies/771240265/reviews.json","similar":"http://api.rottentomatoes.com/api/public/v1.0/movies/771240265/similar.json"}},{"id":"771242448","title":"The Kid with a Bike","year":2011,"mpaa_rating":"PG-13","runtime":87,"critics_consensus":"Thanks to the Dardenne brothers' typically fine direction, The Kid with a Bike is a heart-wrenching, thematically and spiritually rich drama.","release_dates":{"theater":"2012-03-16","dvd":"2013-02-12"},"ratings":{"critics_rating":"Certified Fresh","critics_score":97,"audience_rating":"Upright","audience_score":76},"synopsis":"Winner of the Grand Jury Prize at this year's Cannes Film Festival and a Golden Globe nominee for Best Foreign Language Film, the deeply moving new film by the Dardenne brothers delves into the emotional life of troubled 11-year-old Cyril (Thomas Doret). When his father (Jeremie Renier) abandons him, Cyril obsessively searches for his bicycle - placing his last bit of hope in this symbol of their relationship. Almost by accident, he becomes the ward of a kind hairdresser (Cecile de France), who seems surprised to find herself so determined to help him. With his wild, unpredictable behavior and his disastrous search for father figures, Cyril risks losing her - though she refuses to give up without a fight. -- (C) IFC","posters":{"thumbnail":"http://content6.flixster.com/movie/11/16/36/11163600_mob.jpg","profile":"http://content6.flixster.com/movie/11/16/36/11163600_pro.jpg","detailed":"http://content6.flixster.com/movie/11/16/36/11163600_det.jpg","original":"http://content6.flixster.com/movie/11/16/36/11163600_ori.jpg"},"abridged_cast":[{"name":"Cecile De France","id":"162724888","characters":["Samantha"]},{"name":"Thomas Doret","id":"771103647","characters":["Cyril","Cyril Catoul"]},{"name":"Jeremie Renier","id":"326393335","characters":["Guy Catoul"]},{"name":"Fabrizio Rongione","id":"326393337","characters":["Bookseller","Le libraire"]},{"name":"Egon Di Mateo","id":"771103981","characters":["Wes"]}],"alternate_ids":{"imdb":"1827512"},"links":{"self":"http://api.rottentomatoes.com/api/public/v1.0/movies/771242448.json","alternate":"http://www.rottentomatoes.com/m/the_kid_with_a_bike/","cast":"http://api.rottentomatoes.com/api/public/v1.0/movies/771242448/cast.json","clips":"http://api.rottentomatoes.com/api/public/v1.0/movies/771242448/clips.json","reviews":"http://api.rottentomatoes.com/api/public/v1.0/movies/771242448/reviews.json","similar":"http://api.rottentomatoes.com/api/public/v1.0/movies/771242448/similar.json"}},{"id":"770780130","title":"The Messenger","year":2009,"mpaa_rating":"R","runtime":113,"critics_consensus":"A dark but timely subject is handled deftly by writer/directer Owen Moverman and superbly acted by Woody Harrleson and Ben Foster.","release_dates":{"theater":"2009-11-13","dvd":"2010-05-18"},"ratings":{"critics_rating":"Certified Fresh","critics_score":90,"audience_rating":"Upright","audience_score":75},"synopsis":"","posters":{"thumbnail":"http://content9.flixster.com/movie/11/15/96/11159683_mob.jpg","profile":"http://content9.flixster.com/movie/11/15/96/11159683_pro.jpg","detailed":"http://content9.flixster.com/movie/11/15/96/11159683_det.jpg","original":"http://content9.flixster.com/movie/11/15/96/11159683_ori.jpg"},"abridged_cast":[{"name":"Ben Foster","id":"162669838","characters":["Staff Sgt. Will Montgomery"]},{"name":"Woody Harrelson","id":"162654250","characters":["Capt. Tony Stone"]},{"name":"Samantha Morton","id":"162655611","characters":["Olivia Pitterson"]},{"name":"Jena Malone","id":"162655292","characters":["Kelly"]},{"name":"Steve Buscemi","id":"162652875","characters":["Dale Martin"]}],"alternate_ids":{"imdb":"0790712"},"links":{"self":"http://api.rottentomatoes.com/api/public/v1.0/movies/770780130.json","alternate":"http://www.rottentomatoes.com/m/10011016-messenger/","cast":"http://api.rottentomatoes.com/api/public/v1.0/movies/770780130/cast.json","clips":"http://api.rottentomatoes.com/api/public/v1.0/movies/770780130/clips.json","reviews":"http://api.rottentomatoes.com/api/public/v1.0/movies/770780130/reviews.json","similar":"http://api.rottentomatoes.com/api/public/v1.0/movies/770780130/similar.json"}},{"id":"13934","title":"The Quick and the Dead","year":1995,"mpaa_rating":"R","runtime":105,"release_dates":{"theater":"1995-02-10","dvd":"2000-11-07"},"ratings":{"critics_rating":"Rotten","critics_score":55,"audience_rating":"Spilled","audience_score":54},"synopsis":"","posters":{"thumbnail":"http://content7.flixster.com/movie/11/16/98/11169873_mob.jpg","profile":"http://content7.flixster.com/movie/11/16/98/11169873_pro.jpg","detailed":"http://content7.flixster.com/movie/11/16/98/11169873_det.jpg","original":"http://content7.flixster.com/movie/11/16/98/11169873_ori.jpg"},"abridged_cast":[{"name":"Sharon Stone","id":"162653066","characters":["Ellen"]},{"name":"Gene Hackman","id":"162661704","characters":["Herod"]},{"name":"Russell Crowe","id":"162652569","characters":["Cort"]},{"name":"Leonardo DiCaprio","id":"162659161","characters":["Kid"]},{"name":"Tobin Bell","id":"356196973","characters":["Dog Kelly"]}],"alternate_ids":{"imdb":"0114214"},"links":{"self":"http://api.rottentomatoes.com/api/public/v1.0/movies/13934.json","alternate":"http://www.rottentomatoes.com/m/1059629-quick_and_the_dead/","cast":"http://api.rottentomatoes.com/api/public/v1.0/movies/13934/cast.json","clips":"http://api.rottentomatoes.com/api/public/v1.0/movies/13934/clips.json","reviews":"http://api.rottentomatoes.com/api/public/v1.0/movies/13934/reviews.json","similar":"http://api.rottentomatoes.com/api/public/v1.0/movies/13934/similar.json"}},{"id":"293010173","title":"Wake Up, Ron Burgundy: The Lost Movie","year":2004,"mpaa_rating":"Unrated","runtime":92,"release_dates":{"theater":"2004-12-28"},"ratings":{"critics_score":-1,"audience_rating":"Spilled","audience_score":57},"synopsis":"","posters":{"thumbnail":"http://content6.flixster.com/movie/28/06/09/2806092_mob.jpg","profile":"http://content6.flixster.com/movie/28/06/09/2806092_pro.jpg","detailed":"http://content6.flixster.com/movie/28/06/09/2806092_det.jpg","original":"http://content6.flixster.com/movie/28/06/09/2806092_ori.jpg"},"abridged_cast":[{"name":"Will Ferrell","id":"162652185","characters":["Ron Burgundy"]},{"name":"Christina Applegate","id":"162663389","characters":["Veronica Corningstone"]},{"name":"Paul Rudd","id":"162653309","characters":["Brian Fantana"]},{"name":"Steve Carell","id":"162652665","characters":["Brick Tamland"]},{"name":"David Koechner","id":"162654117","characters":["Champ Kind"]}],"alternate_ids":{"imdb":"0423505"},"links":{"self":"http://api.rottentomatoes.com/api/public/v1.0/movies/293010173.json","alternate":"http://www.rottentomatoes.com/m/wake_up_ron_burgundy/","cast":"http://api.rottentomatoes.com/api/public/v1.0/movies/293010173/cast.json","clips":"http://api.rottentomatoes.com/api/public/v1.0/movies/293010173/clips.json","reviews":"http://api.rottentomatoes.com/api/public/v1.0/movies/293010173/reviews.json","similar":"http://api.rottentomatoes.com/api/public/v1.0/movies/293010173/similar.json"}},{"id":"170572378","title":"Who Killed the Electric Car?","year":2006,"mpaa_rating":"PG","runtime":90,"critics_consensus":"A searing indictment of big business and greed, Who Killed The Electric Car? is a well-tuned doc that simultaneously entertains and enrages.","release_dates":{"theater":"2006-06-28","dvd":"2006-11-14"},"ratings":{"critics_rating":"Certified Fresh","critics_score":88,"audience_rating":"Upright","audience_score":84},"synopsis":"","posters":{"thumbnail":"http://content8.flixster.com/movie/10/39/26/1039266_mob.jpg","profile":"http://content8.flixster.com/movie/10/39/26/1039266_pro.jpg","detailed":"http://content8.flixster.com/movie/10/39/26/1039266_det.jpg","original":"http://content8.flixster.com/movie/10/39/26/1039266_ori.jpg"},"abridged_cast":[{"name":"David S. Freeman","id":"770935709"},{"name":"Chelsea Sexton","id":"326433835"},{"name":"J. Karen Thomas","id":"326433836"},{"name":"Alexandra Paul","id":"326433837"},{"name":"Colette Divine","id":"326433838"}],"alternate_ids":{"imdb":"0489037"},"links":{"self":"http://api.rottentomatoes.com/api/public/v1.0/movies/170572378.json","alternate":"http://www.rottentomatoes.com/m/who_killed_the_electric_car/","cast":"http://api.rottentomatoes.com/api/public/v1.0/movies/170572378/cast.json","clips":"http://api.rottentomatoes.com/api/public/v1.0/movies/170572378/clips.json","reviews":"http://api.rottentomatoes.com/api/public/v1.0/movies/170572378/reviews.json","similar":"http://api.rottentomatoes.com/api/public/v1.0/movies/170572378/similar.json"}},{"id":"10236","title":"The Mission","year":1986,"mpaa_rating":"PG","runtime":126,"release_dates":{"theater":"1986-10-31","dvd":"2003-05-13"},"ratings":{"critics_rating":"Fresh","critics_score":76,"audience_rating":"Upright","audience_score":88},"synopsis":"","posters":{"thumbnail":"http://content8.flixster.com/movie/11/15/95/11159518_mob.jpg","profile":"http://content8.flixster.com/movie/11/15/95/11159518_pro.jpg","detailed":"http://content8.flixster.com/movie/11/15/95/11159518_det.jpg","original":"http://content8.flixster.com/movie/11/15/95/11159518_ori.jpg"},"abridged_cast":[{"name":"Robert De Niro","id":"162655521","characters":["Mendoza"]},{"name":"Jeremy Irons","id":"162652244","characters":["Gabriel"]},{"name":"Ray McAnally","id":"363429760","characters":["Altamirano"]},{"name":"Liam Neeson","id":"162652242","characters":["Fielding"]},{"name":"Aidan Quinn","id":"162669858","characters":["Felipe"]}],"alternate_ids":{"imdb":"0091530"},"links":{"self":"http://api.rottentomatoes.com/api/public/v1.0/movies/10236.json","alternate":"http://www.rottentomatoes.com/m/1014027-mission/","cast":"http://api.rottentomatoes.com/api/public/v1.0/movies/10236/cast.json","clips":"http://api.rottentomatoes.com/api/public/v1.0/movies/10236/clips.json","reviews":"http://api.rottentomatoes.com/api/public/v1.0/movies/10236/reviews.json","similar":"http://api.rottentomatoes.com/api/public/v1.0/movies/10236/similar.json"}},{"id":"13284","title":"The Piano","year":1993,"mpaa_rating":"R","runtime":121,"release_dates":{"theater":"1993-11-19","dvd":"1998-01-13"},"ratings":{"critics_rating":"Certified Fresh","critics_score":90,"audience_rating":"Upright","audience_score":87},"synopsis":"","posters":{"thumbnail":"http://content7.flixster.com/movie/11/17/61/11176169_mob.jpg","profile":"http://content7.flixster.com/movie/11/17/61/11176169_pro.jpg","detailed":"http://content7.flixster.com/movie/11/17/61/11176169_det.jpg","original":"http://content7.flixster.com/movie/11/17/61/11176169_ori.jpg"},"abridged_cast":[{"name":"Holly Hunter","id":"162659069","characters":["Ada McGrath"]},{"name":"Harvey Keitel","id":"162664761","characters":["George Baines"]},{"name":"Sam Neill","id":"162656850","characters":["Stewart"]},{"name":"Anna Paquin","id":"162664300","characters":["Flora McGrath"]},{"name":"Kerry Walker","id":"186024554","characters":["Aunt Morag"]}],"alternate_ids":{"imdb":"0107822"},"links":{"self":"http://api.rottentomatoes.com/api/public/v1.0/movies/13284.json","alternate":"http://www.rottentomatoes.com/m/piano/","cast":"http://api.rottentomatoes.com/api/public/v1.0/movies/13284/cast.json","clips":"http://api.rottentomatoes.com/api/public/v1.0/movies/13284/clips.json","reviews":"http://api.rottentomatoes.com/api/public/v1.0/movies/13284/reviews.json","similar":"http://api.rottentomatoes.com/api/public/v1.0/movies/13284/similar.json"}},{"id":"11049","title":"The Haunted Mansion","year":2003,"mpaa_rating":"PG","runtime":99,"critics_consensus":"Neither scary nor funny, The Haunted Mansion is as lifeless as the ghosts in the movie.","release_dates":{"theater":"2003-11-26","dvd":"2004-04-20"},"ratings":{"critics_rating":"Rotten","critics_score":13,"audience_rating":"Spilled","audience_score":30},"synopsis":"","posters":{"thumbnail":"http://content7.flixster.com/movie/25/87/258797_mob.jpg","profile":"http://content7.flixster.com/movie/25/87/258797_pro.jpg","detailed":"http://content7.flixster.com/movie/25/87/258797_det.jpg","original":"http://content7.flixster.com/movie/25/87/258797_ori.jpg"},"abridged_cast":[{"name":"Eddie Murphy","id":"162657430","characters":["Jim Evers"]},{"name":"Jennifer Tilly","id":"162668119","characters":["Madame Leota"]},{"name":"Aree Davis","id":"381420642","characters":["Megan"]},{"name":"Jeremy Howard","id":"381420643"},{"name":"Marc John Jefferies","id":"301479992","characters":["Michael Evers"]}],"alternate_ids":{"imdb":"0338094"},"links":{"self":"http://api.rottentomatoes.com/api/public/v1.0/movies/11049.json","alternate":"http://www.rottentomatoes.com/m/haunted_mansion/","cast":"http://api.rottentomatoes.com/api/public/v1.0/movies/11049/cast.json","clips":"http://api.rottentomatoes.com/api/public/v1.0/movies/11049/clips.json","reviews":"http://api.rottentomatoes.com/api/public/v1.0/movies/11049/reviews.json","similar":"http://api.rottentomatoes.com/api/public/v1.0/movies/11049/similar.json"}},{"id":"771233612","title":"The Inbetweeners","year":2012,"mpaa_rating":"R","runtime":97,"critics_consensus":"It arguably plays most strongly to fans of the BBC series, but even viewers who have never seen The Inbetweeners on TV may find themselves won over by the film's surprisingly tender ribaldry.","release_dates":{"theater":"2012-09-07","dvd":"2011-12-12"},"ratings":{"critics_rating":"Rotten","critics_score":54,"audience_rating":"Upright","audience_score":71},"synopsis":"Four geeky high school friends set out on a wild sun and booze-filled vacation in The Inbetweeners Movie, the hilarious British breakout hit finally reaching American shores. Packed with outrageous sexual shenanigans, out-of-control party antics and cheekily rude humor in the tradition of American Pie, the film follows a quartet of sex-obsessed nerds to a notorious Mediterranean hotspot as they try to break their lifelong losing streak with the ladies. -- (C) Official Site","posters":{"thumbnail":"http://content8.flixster.com/movie/11/16/61/11166110_mob.jpg","profile":"http://content8.flixster.com/movie/11/16/61/11166110_pro.jpg","detailed":"http://content8.flixster.com/movie/11/16/61/11166110_det.jpg","original":"http://content8.flixster.com/movie/11/16/61/11166110_ori.jpg"},"abridged_cast":[{"name":"Blake Harrison (II)","id":"771096063","characters":["Neil Sutherland"]},{"name":"Joe Thomas","id":"770738723","characters":["Simon Cooper"]},{"name":"James Buckley (II)","id":"771096062","characters":["Jay Cartwright"]},{"name":"Simon Bird (IV)","id":"771096061","characters":["Will McKenzie"]},{"name":"Lydia Rose Bewley","id":"771419243","characters":["Jane"]}],"alternate_ids":{"imdb":"1716772"},"links":{"self":"http://api.rottentomatoes.com/api/public/v1.0/movies/771233612.json","alternate":"http://www.rottentomatoes.com/m/the_inbetweeners/","cast":"http://api.rottentomatoes.com/api/public/v1.0/movies/771233612/cast.json","clips":"http://api.rottentomatoes.com/api/public/v1.0/movies/771233612/clips.json","reviews":"http://api.rottentomatoes.com/api/public/v1.0/movies/771233612/reviews.json","similar":"http://api.rottentomatoes.com/api/public/v1.0/movies/771233612/similar.json"}},{"id":"16451","title":"The Siege","year":1998,"mpaa_rating":"R","runtime":120,"critics_consensus":"An exciting, well-paced action film.","release_dates":{"theater":"1998-11-06","dvd":"1999-04-20"},"ratings":{"critics_rating":"Rotten","critics_score":45,"audience_rating":"Spilled","audience_score":54},"synopsis":"","posters":{"thumbnail":"http://content9.flixster.com/movie/11/16/48/11164847_mob.jpg","profile":"http://content9.flixster.com/movie/11/16/48/11164847_pro.jpg","detailed":"http://content9.flixster.com/movie/11/16/48/11164847_det.jpg","original":"http://content9.flixster.com/movie/11/16/48/11164847_ori.jpg"},"abridged_cast":[{"name":"Denzel Washington","id":"162661439","characters":["Anthony Hubbard"]},{"name":"Annette Bening","id":"162660402","characters":["Elise Kraft/Sharon Bridger"]},{"name":"Bruce Willis","id":"162652509","characters":["William Devereaux"]},{"name":"Tony Shalhoub","id":"162672712","characters":["Frank Haddad"]},{"name":"Mark Valley","id":"770713329","characters":["FBI Agent Mike Johanssen"]}],"alternate_ids":{"imdb":"0133952"},"links":{"self":"http://api.rottentomatoes.com/api/public/v1.0/movies/16451.json","alternate":"http://www.rottentomatoes.com/m/1085113-siege/","cast":"http://api.rottentomatoes.com/api/public/v1.0/movies/16451/cast.json","clips":"http://api.rottentomatoes.com/api/public/v1.0/movies/16451/clips.json","reviews":"http://api.rottentomatoes.com/api/public/v1.0/movies/16451/reviews.json","similar":"http://api.rottentomatoes.com/api/public/v1.0/movies/16451/similar.json"}},{"id":"12753","title":"The Legend of Bagger Vance","year":2000,"mpaa_rating":"PG-13","runtime":127,"critics_consensus":"Despite the talent involved in The Legend of Bagger Vance, performances are hindered by an inadequate screenplay full of flat characters and bad dialogue. Also, not much happens, and some critics are offended by how the film glosses over issues of racism.","release_dates":{"theater":"2000-11-03","dvd":"2001-04-03"},"ratings":{"critics_rating":"Rotten","critics_score":43,"audience_rating":"Upright","audience_score":66},"synopsis":"","posters":{"thumbnail":"http://content6.flixster.com/movie/26/64/266492_mob.jpg","profile":"http://content6.flixster.com/movie/26/64/266492_pro.jpg","detailed":"http://content6.flixster.com/movie/26/64/266492_det.jpg","original":"http://content6.flixster.com/movie/26/64/266492_ori.jpg"},"abridged_cast":[{"name":"Will Smith","id":"162659361","characters":["Bagger Vance"]},{"name":"Matt Damon","id":"162653499","characters":["Rannulph Junuh"]},{"name":"Charlize Theron","id":"162654733","characters":["Adele Invergordon"]},{"name":"Bruce McGill","id":"162652571","characters":["Walter Hagen"]},{"name":"Joel Gretsch","id":"351525717","characters":["Bobby Jones"]}],"alternate_ids":{"imdb":"0146984"},"links":{"self":"http://api.rottentomatoes.com/api/public/v1.0/movies/12753.json","alternate":"http://www.rottentomatoes.com/m/legend_of_bagger_vance/","cast":"http://api.rottentomatoes.com/api/public/v1.0/movies/12753/cast.json","clips":"http://api.rottentomatoes.com/api/public/v1.0/movies/12753/clips.json","reviews":"http://api.rottentomatoes.com/api/public/v1.0/movies/12753/reviews.json","similar":"http://api.rottentomatoes.com/api/public/v1.0/movies/12753/similar.json"}},{"id":"770784006","title":"The Limits of Control","year":2009,"mpaa_rating":"R","runtime":116,"critics_consensus":"A minimalist exercise in not much of anything, The Limits of Control is a tedious viewing experience with little reward.","release_dates":{"theater":"2009-05-01","dvd":"2009-11-17"},"ratings":{"critics_rating":"Rotten","critics_score":44,"audience_rating":"Spilled","audience_score":42},"synopsis":"","posters":{"thumbnail":"http://content7.flixster.com/movie/10/89/50/10895001_mob.jpg","profile":"http://content7.flixster.com/movie/10/89/50/10895001_pro.jpg","detailed":"http://content7.flixster.com/movie/10/89/50/10895001_det.jpg","original":"http://content7.flixster.com/movie/10/89/50/10895001_ori.jpg"},"abridged_cast":[{"name":"Isaach De Bankole","id":"162678478","characters":["Lone Man"]},{"name":"Hiam Abbass","id":"326395266","characters":["Driver"]},{"name":"Gael Garcia Bernal","id":"162684026","characters":["Mexican"]},{"name":"Paz de la Huerta","id":"162728043","characters":["Nude"]},{"name":"Alex Descas","id":"364660627","characters":["Creole"]}],"alternate_ids":{"imdb":"1135092"},"links":{"self":"http://api.rottentomatoes.com/api/public/v1.0/movies/770784006.json","alternate":"http://www.rottentomatoes.com/m/limits_of_control/","cast":"http://api.rottentomatoes.com/api/public/v1.0/movies/770784006/cast.json","clips":"http://api.rottentomatoes.com/api/public/v1.0/movies/770784006/clips.json","reviews":"http://api.rottentomatoes.com/api/public/v1.0/movies/770784006/reviews.json","similar":"http://api.rottentomatoes.com/api/public/v1.0/movies/770784006/similar.json"}},{"id":"528367054","title":"Resurrecting the Champ","year":2007,"mpaa_rating":"PG-13","runtime":113,"critics_consensus":"While sluggish in spots, Resurrecting the Champ is a sports/newsroom drama elevated by high-caliber performances by Samuel Jackson, Josh Hartnet, and Alan Alda.","release_dates":{"theater":"2007-08-24","dvd":"2008-02-26"},"ratings":{"critics_rating":"Rotten","critics_score":59,"audience_rating":"Upright","audience_score":60},"synopsis":"","posters":{"thumbnail":"http://content8.flixster.com/movie/10/89/16/10891638_mob.jpg","profile":"http://content8.flixster.com/movie/10/89/16/10891638_pro.jpg","detailed":"http://content8.flixster.com/movie/10/89/16/10891638_det.jpg","original":"http://content8.flixster.com/movie/10/89/16/10891638_ori.jpg"},"abridged_cast":[{"name":"Samuel L. Jackson","id":"162652156","characters":["Battling Bob Satterfield"]},{"name":"Josh Hartnett","id":"162666766","characters":["Erik Kernan"]},{"name":"Kathryn Morris","id":"162652318","characters":["Joyce"]},{"name":"Alan Alda","id":"162660526","characters":["Metz"]},{"name":"Teri Hatcher","id":"162674217","characters":["Flak"]}],"alternate_ids":{"imdb":"0416185"},"links":{"self":"http://api.rottentomatoes.com/api/public/v1.0/movies/528367054.json","alternate":"http://www.rottentomatoes.com/m/resurrecting_the_champ/","cast":"http://api.rottentomatoes.com/api/public/v1.0/movies/528367054/cast.json","clips":"http://api.rottentomatoes.com/api/public/v1.0/movies/528367054/clips.json","reviews":"http://api.rottentomatoes.com/api/public/v1.0/movies/528367054/reviews.json","similar":"http://api.rottentomatoes.com/api/public/v1.0/movies/528367054/similar.json"}},{"id":"12666","title":"The Naked Gun 2 1/2: The Smell of Fear","year":1991,"mpaa_rating":"PG-13","runtime":85,"critics_consensus":"The slapstick antics of this sequel provide a few laughs, but fail to equal those of the original.","release_dates":{"theater":"1991-06-28","dvd":"2000-08-15"},"ratings":{"critics_rating":"Rotten","critics_score":57,"audience_rating":"Upright","audience_score":65},"synopsis":"","posters":{"thumbnail":"http://content9.flixster.com/movie/26/63/266323_mob.jpg","profile":"http://content9.flixster.com/movie/26/63/266323_pro.jpg","detailed":"http://content9.flixster.com/movie/26/63/266323_det.jpg","original":"http://content9.flixster.com/movie/26/63/266323_ori.jpg"},"abridged_cast":[{"name":"Leslie Nielsen","id":"162662917","characters":["Lt. Frank Drebin"]},{"name":"Priscilla Presley","id":"162667373","characters":["Jane Spencer"]},{"name":"George Kennedy","id":"162657859","characters":["Ed Hocken"]},{"name":"O.J. Simpson","id":"162667374","characters":["Nordberg"]},{"name":"Robert Goulet","id":"162656963","characters":["Quentin Hapsburg"]}],"alternate_ids":{"imdb":"0102510"},"links":{"self":"http://api.rottentomatoes.com/api/public/v1.0/movies/12666.json","alternate":"http://www.rottentomatoes.com/m/naked_gun_2_12_the_the_smell_of_fear/","cast":"http://api.rottentomatoes.com/api/public/v1.0/movies/12666/cast.json","clips":"http://api.rottentomatoes.com/api/public/v1.0/movies/12666/clips.json","reviews":"http://api.rottentomatoes.com/api/public/v1.0/movies/12666/reviews.json","similar":"http://api.rottentomatoes.com/api/public/v1.0/movies/12666/similar.json"}},{"id":"770803053","title":"The September Issue","year":2008,"mpaa_rating":"PG-13","runtime":90,"critics_consensus":"This doc about the making of Vogue's biggest issue and its frosty editor-in-chief is fascinating eye candy and light-on-its-feet fun.","release_dates":{"theater":"2009-09-11","dvd":"2010-02-23"},"ratings":{"critics_rating":"Certified Fresh","critics_score":84,"audience_rating":"Upright","audience_score":71},"synopsis":"","posters":{"thumbnail":"http://content6.flixster.com/movie/10/93/02/10930240_mob.jpg","profile":"http://content6.flixster.com/movie/10/93/02/10930240_pro.jpg","detailed":"http://content6.flixster.com/movie/10/93/02/10930240_det.jpg","original":"http://content6.flixster.com/movie/10/93/02/10930240_ori.jpg"},"abridged_cast":[{"name":"Anna Wintour","id":"770742726"},{"name":"Grace Coddington","id":"770867059"},{"name":"Andre Leon Talley","id":"770836810"},{"name":"Thakoon Panichgul","id":"770867061"},{"name":"Hamish Bowles","id":"771069217"}],"alternate_ids":{"imdb":"1331025"},"links":{"self":"http://api.rottentomatoes.com/api/public/v1.0/movies/770803053.json","alternate":"http://www.rottentomatoes.com/m/september_issue/","cast":"http://api.rottentomatoes.com/api/public/v1.0/movies/770803053/cast.json","clips":"http://api.rottentomatoes.com/api/public/v1.0/movies/770803053/clips.json","reviews":"http://api.rottentomatoes.com/api/public/v1.0/movies/770803053/reviews.json","similar":"http://api.rottentomatoes.com/api/public/v1.0/movies/770803053/similar.json"}},{"id":"770771598","title":"The Longshots","year":2008,"mpaa_rating":"PG","runtime":94,"critics_consensus":"The Longshots means well, but it's a largely formulaic affair, rarely deviating from the inspirational sports movie playbook.","release_dates":{"theater":"2008-08-22","dvd":"2008-12-02"},"ratings":{"critics_rating":"Rotten","critics_score":40,"audience_rating":"Upright","audience_score":63},"synopsis":"","posters":{"thumbnail":"http://content8.flixster.com/movie/11/17/01/11170118_mob.jpg","profile":"http://content8.flixster.com/movie/11/17/01/11170118_pro.jpg","detailed":"http://content8.flixster.com/movie/11/17/01/11170118_det.jpg","original":"http://content8.flixster.com/movie/11/17/01/11170118_ori.jpg"},"abridged_cast":[{"name":"Ice Cube","id":"162652332","characters":["Curtis Plummer"]},{"name":"Keke Palmer","id":"335286335","characters":["Jasmine Plummer"]},{"name":"Tasha Smith","id":"462957582","characters":["Claire Plummer"]},{"name":"Jill Marie Jones","id":"770690854","characters":["Ronnie"]},{"name":"Dash Mihok","id":"162733478","characters":["Cyrus"]}],"alternate_ids":{"imdb":"1091751"},"links":{"self":"http://api.rottentomatoes.com/api/public/v1.0/movies/770771598.json","alternate":"http://www.rottentomatoes.com/m/longshots/","cast":"http://api.rottentomatoes.com/api/public/v1.0/movies/770771598/cast.json","clips":"http://api.rottentomatoes.com/api/public/v1.0/movies/770771598/clips.json","reviews":"http://api.rottentomatoes.com/api/public/v1.0/movies/770771598/reviews.json","similar":"http://api.rottentomatoes.com/api/public/v1.0/movies/770771598/similar.json"}},{"id":"770680761","title":"The Great Buck Howard","year":2008,"mpaa_rating":"PG","runtime":87,"critics_consensus":"By turns fluffy and biting, this show biz comedy is given girth by comic heavyweight John Malkovich and made all the more charming by Emily Blunt.","release_dates":{"theater":"2009-03-20","dvd":"2009-07-21"},"ratings":{"critics_rating":"Fresh","critics_score":71,"audience_rating":"Spilled","audience_score":49},"synopsis":"","posters":{"thumbnail":"http://content8.flixster.com/movie/10/91/35/10913518_mob.jpg","profile":"http://content8.flixster.com/movie/10/91/35/10913518_pro.jpg","detailed":"http://content8.flixster.com/movie/10/91/35/10913518_det.jpg","original":"http://content8.flixster.com/movie/10/91/35/10913518_ori.jpg"},"abridged_cast":[{"name":"John Malkovich","id":"162655610","characters":["Buck Howard"]},{"name":"Colin Hanks","id":"162666499","characters":["Troy Gable"]},{"name":"Emily Blunt","id":"162685827","characters":["Valerie Brennan"]},{"name":"Ricky Jay","id":"357006757"},{"name":"Debra Monk","id":"770679053"}],"alternate_ids":{"imdb":"0460810"},"links":{"self":"http://api.rottentomatoes.com/api/public/v1.0/movies/770680761.json","alternate":"http://www.rottentomatoes.com/m/1189629-the_great_buck_howard/","cast":"http://api.rottentomatoes.com/api/public/v1.0/movies/770680761/cast.json","clips":"http://api.rottentomatoes.com/api/public/v1.0/movies/770680761/clips.json","reviews":"http://api.rottentomatoes.com/api/public/v1.0/movies/770680761/reviews.json","similar":"http://api.rottentomatoes.com/api/public/v1.0/movies/770680761/similar.json"}},{"id":"771355544","title":"The Great Beauty (La grande bellezza)","year":2013,"mpaa_rating":"Unrated","runtime":142,"critics_consensus":"Dazzlingly ambitious, beautifully filmed, and thoroughly enthralling, The Great Beauty offers virtuoso filmmaking from writer/director Paolo Sorrentino.","release_dates":{"theater":"2013-11-15","dvd":"2014-03-25"},"ratings":{"critics_rating":"Certified Fresh","critics_score":91,"audience_rating":"Upright","audience_score":79},"synopsis":"Journalist Jep Gambardella (the dazzling Toni Servillo, Il divo and Gomorrah) has charmed and seduced his way through the lavish nightlife of Rome for decades. Since the legendary success of his one and only novel, he has been a permanent fixture in the city's literary and social circles, but when his sixty-fifth birthday coincides with a shock from the past, Jep finds himself unexpectedly taking stock of his life, turning his cutting wit on himself and his contemporaries, and looking past the extravagant nightclubs, parties, and cafes to find Rome in all its glory: a timeless landscape of absurd, exquisite beauty. (c) Janus","posters":{"thumbnail":"http://content9.flixster.com/movie/11/17/32/11173207_mob.jpg","profile":"http://content9.flixster.com/movie/11/17/32/11173207_pro.jpg","detailed":"http://content9.flixster.com/movie/11/17/32/11173207_det.jpg","original":"http://content9.flixster.com/movie/11/17/32/11173207_ori.jpg"},"abridged_cast":[{"name":"Toni Servillo","id":"368451626","characters":["Jep Gambardella"]},{"name":"Carlo Verdone","id":"260686196","characters":["Romano"]},{"name":"Sabrina Ferilli","id":"433542491","characters":["Ramona"]},{"name":"Carlo Buccirosso","id":"770845184","characters":["Lello Cava"]},{"name":"Iaia Forte","id":"770695421","characters":["Trumeau"]}],"alternate_ids":{"imdb":"2358891"},"links":{"self":"http://api.rottentomatoes.com/api/public/v1.0/movies/771355544.json","alternate":"http://www.rottentomatoes.com/m/the_great_beauty/","cast":"http://api.rottentomatoes.com/api/public/v1.0/movies/771355544/cast.json","clips":"http://api.rottentomatoes.com/api/public/v1.0/movies/771355544/clips.json","reviews":"http://api.rottentomatoes.com/api/public/v1.0/movies/771355544/reviews.json","similar":"http://api.rottentomatoes.com/api/public/v1.0/movies/771355544/similar.json"}},{"id":"18179","title":"On the Waterfront","year":1954,"mpaa_rating":"Unrated","runtime":108,"critics_consensus":"With his electrifying performance in Elia Kazan's thought-provoking, expertly constructed melodrama, Marlon Brando redefined the possibilities of acting for film and helped permanently alter the cinematic landscape.","release_dates":{"theater":"1954-07-28","dvd":"2001-10-23"},"ratings":{"critics_rating":"Certified Fresh","critics_score":100,"audience_rating":"Upright","audience_score":95},"synopsis":"","posters":{"thumbnail":"http://content9.flixster.com/movie/11/16/28/11162831_mob.jpg","profile":"http://content9.flixster.com/movie/11/16/28/11162831_pro.jpg","detailed":"http://content9.flixster.com/movie/11/16/28/11162831_det.jpg","original":"http://content9.flixster.com/movie/11/16/28/11162831_ori.jpg"},"abridged_cast":[{"name":"Marlon Brando","id":"162660428","characters":["Terry Malloy"]},{"name":"Karl Malden","id":"162670017","characters":["Father Barry"]},{"name":"Lee J Cobb","id":"326390977","characters":["Johnny Friendly"]},{"name":"Rod Steiger","id":"162665855","characters":["Charley Malloy"]},{"name":"Pat Henning","id":"326395006","characters":["\"Kayo\" Dugan"]}],"alternate_ids":{"imdb":"0047296"},"links":{"self":"http://api.rottentomatoes.com/api/public/v1.0/movies/18179.json","alternate":"http://www.rottentomatoes.com/m/on_the_waterfront/","cast":"http://api.rottentomatoes.com/api/public/v1.0/movies/18179/cast.json","clips":"http://api.rottentomatoes.com/api/public/v1.0/movies/18179/clips.json","reviews":"http://api.rottentomatoes.com/api/public/v1.0/movies/18179/reviews.json","similar":"http://api.rottentomatoes.com/api/public/v1.0/movies/18179/similar.json"}},{"id":"770809112","title":"Terror from Beneath the Earth","year":2009,"mpaa_rating":"Unrated","runtime":66,"release_dates":{"theater":"2009-05-20"},"ratings":{"critics_score":-1,"audience_rating":"Spilled","audience_score":42},"synopsis":"","posters":{"thumbnail":"http://content6.flixster.com/movie/10/92/40/10924052_mob.jpg","profile":"http://content6.flixster.com/movie/10/92/40/10924052_pro.jpg","detailed":"http://content6.flixster.com/movie/10/92/40/10924052_det.jpg","original":"http://content6.flixster.com/movie/10/92/40/10924052_ori.jpg"},"abridged_cast":[{"name":"Daniel Sjerven","id":"770707181"},{"name":"Justen Overlander","id":"770769674"},{"name":"Michael Cook","id":"326391866"},{"name":"Michael G. Kaiser","id":"770839903"},{"name":"Stephanie Mihm","id":"770839902"}],"alternate_ids":{"imdb":"1312246"},"links":{"self":"http://api.rottentomatoes.com/api/public/v1.0/movies/770809112.json","alternate":"http://www.rottentomatoes.com/m/terror-from-beneath-the-earth/","cast":"http://api.rottentomatoes.com/api/public/v1.0/movies/770809112/cast.json","clips":"http://api.rottentomatoes.com/api/public/v1.0/movies/770809112/clips.json","reviews":"http://api.rottentomatoes.com/api/public/v1.0/movies/770809112/reviews.json","similar":"http://api.rottentomatoes.com/api/public/v1.0/movies/770809112/similar.json"}},{"id":"22180","title":"The Philadelphia Story","year":1940,"mpaa_rating":"Unrated","runtime":112,"critics_consensus":"Offering a wonderfully witty script, spotless direction from George Cukor, and typically excellent lead performances, The Philadelphia Story is an unqualified classic.","release_dates":{"theater":"1940-12-01","dvd":"1997-09-10"},"ratings":{"critics_rating":"Certified Fresh","critics_score":100,"audience_rating":"Upright","audience_score":93},"synopsis":"","posters":{"thumbnail":"http://content7.flixster.com/movie/10/08/01/10080157_mob.jpg","profile":"http://content7.flixster.com/movie/10/08/01/10080157_pro.jpg","detailed":"http://content7.flixster.com/movie/10/08/01/10080157_det.jpg","original":"http://content7.flixster.com/movie/10/08/01/10080157_ori.jpg"},"abridged_cast":[{"name":"Cary Grant","id":"326394787","characters":["C.K. Dexter Haven"]},{"name":"Katharine Hepburn","id":"162661451","characters":["Tracy Lord"]},{"name":"James Stewart","id":"162658250","characters":["Macauley Connor"]},{"name":"Ruth Hussey","id":"364653873","characters":["Liz Imbrie"]},{"name":"John Howard","id":"326392949","characters":["George Kittredge"]}],"alternate_ids":{"imdb":"0032904"},"links":{"self":"http://api.rottentomatoes.com/api/public/v1.0/movies/22180.json","alternate":"http://www.rottentomatoes.com/m/philadelphia_story/","cast":"http://api.rottentomatoes.com/api/public/v1.0/movies/22180/cast.json","clips":"http://api.rottentomatoes.com/api/public/v1.0/movies/22180/clips.json","reviews":"http://api.rottentomatoes.com/api/public/v1.0/movies/22180/reviews.json","similar":"http://api.rottentomatoes.com/api/public/v1.0/movies/22180/similar.json"}},{"id":"770783613","title":"The Last Station","year":2009,"mpaa_rating":"R","runtime":113,"critics_consensus":"Michael Hoffman's script doesn't quite live up to its famous subject, but this Tolstoy biopic benefits from a spellbinding tour de force performance by Helen Mirren.","release_dates":{"theater":"2010-01-15","dvd":"2010-06-22"},"ratings":{"critics_rating":"Fresh","critics_score":71,"audience_rating":"Upright","audience_score":67},"synopsis":"","posters":{"thumbnail":"http://content7.flixster.com/movie/10/93/91/10939161_mob.jpg","profile":"http://content7.flixster.com/movie/10/93/91/10939161_pro.jpg","detailed":"http://content7.flixster.com/movie/10/93/91/10939161_det.jpg","original":"http://content7.flixster.com/movie/10/93/91/10939161_ori.jpg"},"abridged_cast":[{"name":"Christopher Plummer","id":"162652929","characters":["Leo Tolstoy"]},{"name":"Helen Mirren","id":"162662871","characters":["Sofya Tolstoy"]},{"name":"James McAvoy","id":"162714854","characters":["Valentin Bulgakov"]},{"name":"Paul Giamatti","id":"162683649","characters":["Vladimir Chertkov"]},{"name":"Anne-Marie Duff","id":"162694429","characters":["Sasha Tolstoy"]}],"alternate_ids":{"imdb":"0824758"},"links":{"self":"http://api.rottentomatoes.com/api/public/v1.0/movies/770783613.json","alternate":"http://www.rottentomatoes.com/m/last_station/","cast":"http://api.rottentomatoes.com/api/public/v1.0/movies/770783613/cast.json","clips":"http://api.rottentomatoes.com/api/public/v1.0/movies/770783613/clips.json","reviews":"http://api.rottentomatoes.com/api/public/v1.0/movies/770783613/reviews.json","similar":"http://api.rottentomatoes.com/api/public/v1.0/movies/770783613/similar.json"}},{"id":"11314","title":"The Four Feathers","year":2002,"mpaa_rating":"PG-13","runtime":130,"critics_consensus":"Though beautiful to look at, The Four Feathers lacks epic excitement and suffers from an ambivalent viewpoint.","release_dates":{"theater":"2002-09-20","dvd":"2003-02-18"},"ratings":{"critics_rating":"Rotten","critics_score":41,"audience_rating":"Upright","audience_score":66},"synopsis":"","posters":{"thumbnail":"http://content8.flixster.com/movie/10/83/86/10838682_mob.jpg","profile":"http://content8.flixster.com/movie/10/83/86/10838682_pro.jpg","detailed":"http://content8.flixster.com/movie/10/83/86/10838682_det.jpg","original":"http://content8.flixster.com/movie/10/83/86/10838682_ori.jpg"},"abridged_cast":[{"name":"Heath Ledger","id":"162652588","characters":["Harry Feversham"]},{"name":"Wes Bentley","id":"162670889","characters":["Lt. Jack Durrance"]},{"name":"Kate Hudson","id":"162653218","characters":["Ethne Eustace"]},{"name":"Djimon Hounsou","id":"162652873","characters":["Abou Fatma"]},{"name":"Michael Sheen","id":"326395770","characters":["Trench"]}],"alternate_ids":{"imdb":"0240510"},"links":{"self":"http://api.rottentomatoes.com/api/public/v1.0/movies/11314.json","alternate":"http://www.rottentomatoes.com/m/four_feathers/","cast":"http://api.rottentomatoes.com/api/public/v1.0/movies/11314/cast.json","clips":"http://api.rottentomatoes.com/api/public/v1.0/movies/11314/clips.json","reviews":"http://api.rottentomatoes.com/api/public/v1.0/movies/11314/reviews.json","similar":"http://api.rottentomatoes.com/api/public/v1.0/movies/11314/similar.json"}},{"id":"13335","title":"The Rules of Attraction","year":2002,"mpaa_rating":"R","runtime":110,"critics_consensus":"A tiresome movie about unsympathetic college kids engaging in self-destructive behaviors.","release_dates":{"theater":"2002-10-11","dvd":"2003-02-18"},"ratings":{"critics_rating":"Rotten","critics_score":43,"audience_rating":"Upright","audience_score":71},"synopsis":"","posters":{"thumbnail":"http://content8.flixster.com/movie/26/92/269226_mob.jpg","profile":"http://content8.flixster.com/movie/26/92/269226_pro.jpg","detailed":"http://content8.flixster.com/movie/26/92/269226_det.jpg","original":"http://content8.flixster.com/movie/26/92/269226_ori.jpg"},"abridged_cast":[{"name":"James Van Der Beek","id":"162678054","characters":["Sean Bateman"]},{"name":"Ian Somerhalder","id":"162690694","characters":["Paul Denton"]},{"name":"Shannyn Sossamon","id":"162653564","characters":["Lauren Hynde"]},{"name":"Jessica Biel","id":"162652974","characters":["Lara"]},{"name":"Kip Pardue","id":"162653563","characters":["Victor"]}],"alternate_ids":{"imdb":"0292644"},"links":{"self":"http://api.rottentomatoes.com/api/public/v1.0/movies/13335.json","alternate":"http://www.rottentomatoes.com/m/rules_of_attraction/","cast":"http://api.rottentomatoes.com/api/public/v1.0/movies/13335/cast.json","clips":"http://api.rottentomatoes.com/api/public/v1.0/movies/13335/clips.json","reviews":"http://api.rottentomatoes.com/api/public/v1.0/movies/13335/reviews.json","similar":"http://api.rottentomatoes.com/api/public/v1.0/movies/13335/similar.json"}},{"id":"9409","title":"The Muppet Christmas Carol","year":1992,"mpaa_rating":"G","runtime":120,"critics_consensus":"It may not be the finest version of Charles Dickens' tale to grace the screen, but The Muppet Christmas Carol is funny and heartwarming, and serves as a good introduction to the story for young viewers.","release_dates":{"theater":"1992-01-01","dvd":"2002-10-08"},"ratings":{"critics_rating":"Fresh","critics_score":69,"audience_rating":"Upright","audience_score":86},"synopsis":"","posters":{"thumbnail":"http://content8.flixster.com/movie/10/88/72/10887222_mob.jpg","profile":"http://content8.flixster.com/movie/10/88/72/10887222_pro.jpg","detailed":"http://content8.flixster.com/movie/10/88/72/10887222_det.jpg","original":"http://content8.flixster.com/movie/10/88/72/10887222_ori.jpg"},"abridged_cast":[{"name":"Michael Caine","id":"162652646","characters":["Ebenezer Scrooge"]},{"name":"Steve Whitmire","id":"162656592","characters":["Beaker","Bean Bunny","Belinda Cratchit","Kermit the Frog","Rizzo the Rat"]},{"name":"Jerry Nelson","id":"364598903","characters":["Ghost of Christmas Present","Jacob Marley","Ma Bear","Tiny Tim Cratchit"]},{"name":"Frank Oz","id":"162656296","characters":["Animal","Fozzie Bear","Miss Piggy","Rizzo the Rat","Sam Eagle"]},{"name":"David Rudman","id":"770708805","characters":["Old Joe","Peter Cratchit","Swedish Chef"]}],"alternate_ids":{"imdb":"0104940"},"links":{"self":"http://api.rottentomatoes.com/api/public/v1.0/movies/9409.json","alternate":"http://www.rottentomatoes.com/m/muppet_christmas_carol/","cast":"http://api.rottentomatoes.com/api/public/v1.0/movies/9409/cast.json","clips":"http://api.rottentomatoes.com/api/public/v1.0/movies/9409/clips.json","reviews":"http://api.rottentomatoes.com/api/public/v1.0/movies/9409/reviews.json","similar":"http://api.rottentomatoes.com/api/public/v1.0/movies/9409/similar.json"}},{"id":"17315","title":"The Pink Panther","year":1963,"mpaa_rating":"Unrated","runtime":113,"release_dates":{"theater":"1963-03-20","dvd":"2001-08-15"},"ratings":{"critics_rating":"Fresh","critics_score":90,"audience_rating":"Upright","audience_score":79},"synopsis":"","posters":{"thumbnail":"http://content9.flixster.com/movie/10/87/22/10872247_mob.jpg","profile":"http://content9.flixster.com/movie/10/87/22/10872247_pro.jpg","detailed":"http://content9.flixster.com/movie/10/87/22/10872247_det.jpg","original":"http://content9.flixster.com/movie/10/87/22/10872247_ori.jpg"},"abridged_cast":[{"name":"David Niven","id":"162657781","characters":["Sir Charles Lytton"]},{"name":"Peter Sellers","id":"162656841","characters":["Inspector Jacques Clouseau"]},{"name":"Robert Wagner","id":"351524779","characters":["George Lytton"]},{"name":"Capucine","id":"364642112","characters":["Simone Clouseau"]},{"name":"Claudia Cardinale","id":"162672219","characters":["Princess Dala"]}],"alternate_ids":{"imdb":"0057413"},"links":{"self":"http://api.rottentomatoes.com/api/public/v1.0/movies/17315.json","alternate":"http://www.rottentomatoes.com/m/1016338-pink_panther/","cast":"http://api.rottentomatoes.com/api/public/v1.0/movies/17315/cast.json","clips":"http://api.rottentomatoes.com/api/public/v1.0/movies/17315/clips.json","reviews":"http://api.rottentomatoes.com/api/public/v1.0/movies/17315/reviews.json","similar":"http://api.rottentomatoes.com/api/public/v1.0/movies/17315/similar.json"}},{"id":"753995734","title":"Bratz: The Movie","year":2007,"mpaa_rating":"PG","runtime":110,"critics_consensus":"Full of mixed messages and dubious role-models, Bratz is too shallow even for its intended audience.","release_dates":{"theater":"2007-08-03","dvd":"2007-11-27"},"ratings":{"critics_rating":"Rotten","critics_score":9,"audience_rating":"Spilled","audience_score":45},"synopsis":"","posters":{"thumbnail":"http://content7.flixster.com/movie/89/45/26/8945261_mob.jpg","profile":"http://content7.flixster.com/movie/89/45/26/8945261_pro.jpg","detailed":"http://content7.flixster.com/movie/89/45/26/8945261_det.jpg","original":"http://content7.flixster.com/movie/89/45/26/8945261_ori.jpg"},"abridged_cast":[{"name":"Nathalia Ramos","id":"770676663","characters":["Yasmin"]},{"name":"Skyler Shaye","id":"196083496","characters":["Cloe"]},{"name":"Logan Browning","id":"770676664","characters":["Sasha"]},{"name":"Janel Parrish","id":"753995744","characters":["Jade"]},{"name":"Chelsea Staub","id":"770676665","characters":["Meredith"]}],"alternate_ids":{"imdb":"0804452"},"links":{"self":"http://api.rottentomatoes.com/api/public/v1.0/movies/753995734.json","alternate":"http://www.rottentomatoes.com/m/bratz_the_movie/","cast":"http://api.rottentomatoes.com/api/public/v1.0/movies/753995734/cast.json","clips":"http://api.rottentomatoes.com/api/public/v1.0/movies/753995734/clips.json","reviews":"http://api.rottentomatoes.com/api/public/v1.0/movies/753995734/reviews.json","similar":"http://api.rottentomatoes.com/api/public/v1.0/movies/753995734/similar.json"}},{"id":"770669279","title":"The Poughkeepsie Tapes","year":2007,"mpaa_rating":"R","runtime":86,"release_dates":{"theater":"2009-02-02"},"ratings":{"critics_score":-1,"audience_rating":"Spilled","audience_score":51},"synopsis":"","posters":{"thumbnail":"http://content7.flixster.com/movie/67/94/55/6794553_mob.jpg","profile":"http://content7.flixster.com/movie/67/94/55/6794553_pro.jpg","detailed":"http://content7.flixster.com/movie/67/94/55/6794553_det.jpg","original":"http://content7.flixster.com/movie/67/94/55/6794553_ori.jpg"},"abridged_cast":[{"name":"Amy Lyndon","id":"376832544"},{"name":"Ben Messmer","id":"770713500"},{"name":"Ivar Brogger","id":"404323669"},{"name":"Kim Kenny","id":"770791960"},{"name":"Lou George","id":"770791961"}],"alternate_ids":{"imdb":"1010271"},"links":{"self":"http://api.rottentomatoes.com/api/public/v1.0/movies/770669279.json","alternate":"http://www.rottentomatoes.com/m/poughkeepsie_tapes/","cast":"http://api.rottentomatoes.com/api/public/v1.0/movies/770669279/cast.json","clips":"http://api.rottentomatoes.com/api/public/v1.0/movies/770669279/clips.json","reviews":"http://api.rottentomatoes.com/api/public/v1.0/movies/770669279/reviews.json","similar":"http://api.rottentomatoes.com/api/public/v1.0/movies/770669279/similar.json"}},{"id":"771220873","title":"The Other Woman","year":2011,"mpaa_rating":"R","runtime":119,"critics_consensus":"Natalie Portman and Lisa Kudrow deliver fine performances in The Other Woman, but they're muted by Don Roos' clumsy direction and cluttered, melodramatic script.","release_dates":{"theater":"2011-02-04","dvd":"2011-05-17"},"ratings":{"critics_rating":"Rotten","critics_score":39,"audience_rating":"Spilled","audience_score":46},"synopsis":"Natalie Portman (BLACK SWAN, STAR WARS) lights up the screen in this frank, funny, and heart-wrenching adaptation of bestselling author Ayelet Waldman's novel about life, loss, and family, \"LOVE AND OTHER IMPOSSIBLE PURSUITS.\" Emilia (Portman) is a Harvard law school graduate and a newlywed, having just married Jack (Scott Cohen, THE UNDERSTUDY), a high-powered New York lawyer, who was her boss - and married - when she began working at his law firm. Unfortunately, her life takes an unexpected turn when Jack and Emilia lose their newborn daughter. Emilia struggles through her grief to connect with her new stepson William (Charlie Tahan, I AM LEGEND), while also trying to overcome a long-standing rift in her relationship with her father caused by his own infidelity. But perhaps the most difficult obstacle of all for Emilia is trying to cope with the constant interferences of her husband's angry, jealous ex-wife, Carolyn (Lisa Kudrow, FRIENDS, ANALYZE THIS). Ultimately, Emilia's and Charlie's playful and sometimes tender exchanges help Emilia to open her heart. Can Emilia rediscover her own capacity for love in time to salvage her failing marriage, mend fences with her parents and build a family from the wreckage? Directed by Don Roos (THE OPPOSITE OF SEX) from his own screenplay, this tearful, terrific tale proves that even with a pursuit like love, nothing is impossible... -- (C) IFC Films","posters":{"thumbnail":"http://content7.flixster.com/movie/11/15/52/11155201_mob.jpg","profile":"http://content7.flixster.com/movie/11/15/52/11155201_pro.jpg","detailed":"http://content7.flixster.com/movie/11/15/52/11155201_det.jpg","original":"http://content7.flixster.com/movie/11/15/52/11155201_ori.jpg"},"abridged_cast":[{"name":"Natalie Portman","id":"162652154","characters":["Emilia"]},{"name":"Scott Cohen","id":"351525103","characters":["Jack"]},{"name":"Lisa Kudrow","id":"162675442","characters":["Carolyn"]},{"name":"Charlie Tahan","id":"770670076","characters":["William"]},{"name":"Debra Monk","id":"770679053","characters":["Laura"]}],"alternate_ids":{"imdb":"1032825"},"links":{"self":"http://api.rottentomatoes.com/api/public/v1.0/movies/771220873.json","alternate":"http://www.rottentomatoes.com/m/the_other_woman_2011/","cast":"http://api.rottentomatoes.com/api/public/v1.0/movies/771220873/cast.json","clips":"http://api.rottentomatoes.com/api/public/v1.0/movies/771220873/clips.json","reviews":"http://api.rottentomatoes.com/api/public/v1.0/movies/771220873/reviews.json","similar":"http://api.rottentomatoes.com/api/public/v1.0/movies/771220873/similar.json"}},{"id":"13392","title":"Lord of the Flies","year":1989,"mpaa_rating":"R","runtime":90,"release_dates":{"theater":"1989-01-01","dvd":"2001-11-20"},"ratings":{"critics_rating":"Fresh","critics_score":61,"audience_rating":"Spilled","audience_score":52},"synopsis":"","posters":{"thumbnail":"http://content6.flixster.com/movie/10/91/65/10916588_mob.jpg","profile":"http://content6.flixster.com/movie/10/91/65/10916588_pro.jpg","detailed":"http://content6.flixster.com/movie/10/91/65/10916588_det.jpg","original":"http://content6.flixster.com/movie/10/91/65/10916588_ori.jpg"},"abridged_cast":[{"name":"Balthazar Getty","id":"162691677","characters":["Ralph"]},{"name":"Chris Furrh","id":"770713155","characters":["Jack"]},{"name":"Danuel Pipoly","id":"770713156","characters":["Piggy"]},{"name":"James Badge Dale","id":"359854267"},{"name":"Andrew Taft","id":"770713153","characters":["Twin"]}],"alternate_ids":{"imdb":"0100054"},"links":{"self":"http://api.rottentomatoes.com/api/public/v1.0/movies/13392.json","alternate":"http://www.rottentomatoes.com/m/1028568-lord_of_the_flies/","cast":"http://api.rottentomatoes.com/api/public/v1.0/movies/13392/cast.json","clips":"http://api.rottentomatoes.com/api/public/v1.0/movies/13392/clips.json","reviews":"http://api.rottentomatoes.com/api/public/v1.0/movies/13392/reviews.json","similar":"http://api.rottentomatoes.com/api/public/v1.0/movies/13392/similar.json"}},{"id":"13555","title":"The Last Temptation of Christ","year":1988,"mpaa_rating":"R","runtime":164,"release_dates":{"theater":"1988-08-12","dvd":"2000-04-25"},"ratings":{"critics_rating":"Certified Fresh","critics_score":83,"audience_rating":"Upright","audience_score":85},"synopsis":"","posters":{"thumbnail":"http://content8.flixster.com/movie/27/03/270314_mob.jpg","profile":"http://content8.flixster.com/movie/27/03/270314_pro.jpg","detailed":"http://content8.flixster.com/movie/27/03/270314_det.jpg","original":"http://content8.flixster.com/movie/27/03/270314_ori.jpg"},"abridged_cast":[{"name":"Willem Dafoe","id":"162668400","characters":["Jesus Christ"]},{"name":"Harvey Keitel","id":"162664761","characters":["Judas Iscariot"]},{"name":"Barbara Hershey","id":"162661060","characters":["Mary Magdalene"]},{"name":"Harry Dean Stanton","id":"162685483","characters":["Paul","Saul"]},{"name":"David Bowie","id":"162659532","characters":["Pontius Pilate"]}],"alternate_ids":{"imdb":"0095497"},"links":{"self":"http://api.rottentomatoes.com/api/public/v1.0/movies/13555.json","alternate":"http://www.rottentomatoes.com/m/last_temptation_of_christ/","cast":"http://api.rottentomatoes.com/api/public/v1.0/movies/13555/cast.json","clips":"http://api.rottentomatoes.com/api/public/v1.0/movies/13555/clips.json","reviews":"http://api.rottentomatoes.com/api/public/v1.0/movies/13555/reviews.json","similar":"http://api.rottentomatoes.com/api/public/v1.0/movies/13555/similar.json"}},{"id":"10820","title":"Anna and the King","year":1999,"mpaa_rating":"PG-13","runtime":147,"critics_consensus":"Beautiful cinematography can't prevent Anna and the King from being boring and overly lengthy.","release_dates":{"theater":"2000-06-01","dvd":"2000-10-31"},"ratings":{"critics_rating":"Rotten","critics_score":51,"audience_rating":"Upright","audience_score":65},"synopsis":"","posters":{"thumbnail":"http://content9.flixster.com/movie/11/16/48/11164819_mob.jpg","profile":"http://content9.flixster.com/movie/11/16/48/11164819_pro.jpg","detailed":"http://content9.flixster.com/movie/11/16/48/11164819_det.jpg","original":"http://content9.flixster.com/movie/11/16/48/11164819_ori.jpg"},"abridged_cast":[{"name":"Jodie Foster","id":"162654080","characters":["Anna Leonowens"]},{"name":"Yun-Fat Chow","id":"770846078","characters":["King Mongkut"]},{"name":"Ling Bai","id":"162714169","characters":["Tuptim"]},{"name":"Tom Felton","id":"400215238","characters":["Louis"]},{"name":"Syed Alwi","id":"770917022","characters":["The Kralahome"]}],"alternate_ids":{"imdb":"0166485"},"links":{"self":"http://api.rottentomatoes.com/api/public/v1.0/movies/10820.json","alternate":"http://www.rottentomatoes.com/m/1093611-anna_and_the_king/","cast":"http://api.rottentomatoes.com/api/public/v1.0/movies/10820/cast.json","clips":"http://api.rottentomatoes.com/api/public/v1.0/movies/10820/clips.json","reviews":"http://api.rottentomatoes.com/api/public/v1.0/movies/10820/reviews.json","similar":"http://api.rottentomatoes.com/api/public/v1.0/movies/10820/similar.json"}},{"id":"9390","title":"The King and I","year":1956,"mpaa_rating":"G","runtime":133,"release_dates":{"theater":"1956-06-29","dvd":"1999-04-27"},"ratings":{"critics_rating":"Fresh","critics_score":96,"audience_rating":"Upright","audience_score":83},"synopsis":"","posters":{"thumbnail":"http://content9.flixster.com/movie/11/16/49/11164951_mob.jpg","profile":"http://content9.flixster.com/movie/11/16/49/11164951_pro.jpg","detailed":"http://content9.flixster.com/movie/11/16/49/11164951_det.jpg","original":"http://content9.flixster.com/movie/11/16/49/11164951_ori.jpg"},"abridged_cast":[{"name":"Deborah Kerr","id":"162655755","characters":["Anna Leonowens"]},{"name":"Yul Brynner","id":"162655757","characters":["The King of Siam"]},{"name":"Rita Moreno","id":"162681541","characters":["Tuptim"]},{"name":"Martin Benson","id":"341816713","characters":["Kralahome"]},{"name":"Terry Saunders","id":"341816714","characters":["Lady Thiang"]}],"alternate_ids":{"imdb":"0049408"},"links":{"self":"http://api.rottentomatoes.com/api/public/v1.0/movies/9390.json","alternate":"http://www.rottentomatoes.com/m/1011605-king_and_i/","cast":"http://api.rottentomatoes.com/api/public/v1.0/movies/9390/cast.json","clips":"http://api.rottentomatoes.com/api/public/v1.0/movies/9390/clips.json","reviews":"http://api.rottentomatoes.com/api/public/v1.0/movies/9390/reviews.json","similar":"http://api.rottentomatoes.com/api/public/v1.0/movies/9390/similar.json"}},{"id":"14699","title":"The Jerk","year":1979,"mpaa_rating":"R","runtime":99,"release_dates":{"theater":"1979-01-01","dvd":"2005-07-26"},"ratings":{"critics_rating":"Fresh","critics_score":84,"audience_rating":"Upright","audience_score":85},"synopsis":"","posters":{"thumbnail":"http://content7.flixster.com/movie/11/17/19/11171953_mob.jpg","profile":"http://content7.flixster.com/movie/11/17/19/11171953_pro.jpg","detailed":"http://content7.flixster.com/movie/11/17/19/11171953_det.jpg","original":"http://content7.flixster.com/movie/11/17/19/11171953_ori.jpg"},"abridged_cast":[{"name":"Steve Martin","id":"162654836","characters":["Navin Johnson"]},{"name":"Bernadette Peters","id":"162677058","characters":["Marie"]},{"name":"Catlin Adams","id":"326392886","characters":["Patty Bernstein"]},{"name":"Mabel King","id":"326392885","characters":["Mother"]},{"name":"Richard Ward","id":"770677893","characters":["Father"]}],"alternate_ids":{"imdb":"0079367"},"links":{"self":"http://api.rottentomatoes.com/api/public/v1.0/movies/14699.json","alternate":"http://www.rottentomatoes.com/m/jerk/","cast":"http://api.rottentomatoes.com/api/public/v1.0/movies/14699/cast.json","clips":"http://api.rottentomatoes.com/api/public/v1.0/movies/14699/clips.json","reviews":"http://api.rottentomatoes.com/api/public/v1.0/movies/14699/reviews.json","similar":"http://api.rottentomatoes.com/api/public/v1.0/movies/14699/similar.json"}},{"id":"13188","title":"The Witches of Eastwick","year":1987,"mpaa_rating":"R","runtime":118,"critics_consensus":"A wickedly funny tale of three witches and their duel with the Devil, fuelled by some delicious fantasy and arch comedic performances.","release_dates":{"theater":"1987-06-12","dvd":"1997-08-27"},"ratings":{"critics_rating":"Fresh","critics_score":73,"audience_rating":"Upright","audience_score":63},"synopsis":"","posters":{"thumbnail":"http://content9.flixster.com/movie/11/16/13/11161319_mob.jpg","profile":"http://content9.flixster.com/movie/11/16/13/11161319_pro.jpg","detailed":"http://content9.flixster.com/movie/11/16/13/11161319_det.jpg","original":"http://content9.flixster.com/movie/11/16/13/11161319_ori.jpg"},"abridged_cast":[{"name":"Jack Nicholson","id":"162654979","characters":["Daryl Van Horne"]},{"name":"Cher","id":"162661513","characters":["Alexandra Medford"]},{"name":"Susan Sarandon","id":"162654579","characters":["Jane Spofford"]},{"name":"Michelle Pfeiffer","id":"162660689","characters":["Sukie Ridgemont"]},{"name":"Veronica Cartwright","id":"326298056","characters":["Felicia Alden"]}],"alternate_ids":{"imdb":"0094332"},"links":{"self":"http://api.rottentomatoes.com/api/public/v1.0/movies/13188.json","alternate":"http://www.rottentomatoes.com/m/witches_of_eastwick/","cast":"http://api.rottentomatoes.com/api/public/v1.0/movies/13188/cast.json","clips":"http://api.rottentomatoes.com/api/public/v1.0/movies/13188/clips.json","reviews":"http://api.rottentomatoes.com/api/public/v1.0/movies/13188/reviews.json","similar":"http://api.rottentomatoes.com/api/public/v1.0/movies/13188/similar.json"}},{"id":"13495","title":"The Jackal","year":1997,"mpaa_rating":"R","runtime":125,"release_dates":{"theater":"1997-11-14","dvd":"2002-01-02"},"ratings":{"critics_rating":"Rotten","critics_score":15,"audience_rating":"Spilled","audience_score":53},"synopsis":"","posters":{"thumbnail":"http://content8.flixster.com/movie/11/16/88/11168814_mob.jpg","profile":"http://content8.flixster.com/movie/11/16/88/11168814_pro.jpg","detailed":"http://content8.flixster.com/movie/11/16/88/11168814_det.jpg","original":"http://content8.flixster.com/movie/11/16/88/11168814_ori.jpg"},"abridged_cast":[{"name":"Bruce Willis","id":"162652509","characters":["The Jackal"]},{"name":"Richard Gere","id":"162655185","characters":["Declan Mulqueen"]},{"name":"Sidney Poitier","id":"162665842","characters":["Cater Preston"]},{"name":"Diane Venora","id":"162688096","characters":["Valentina Koslova"]},{"name":"Tess Harper","id":"162654631","characters":["The First Lady"]}],"alternate_ids":{"imdb":"0119395"},"links":{"self":"http://api.rottentomatoes.com/api/public/v1.0/movies/13495.json","alternate":"http://www.rottentomatoes.com/m/jackal/","cast":"http://api.rottentomatoes.com/api/public/v1.0/movies/13495/cast.json","clips":"http://api.rottentomatoes.com/api/public/v1.0/movies/13495/clips.json","reviews":"http://api.rottentomatoes.com/api/public/v1.0/movies/13495/reviews.json","similar":"http://api.rottentomatoes.com/api/public/v1.0/movies/13495/similar.json"}},{"id":"15736","title":"The Believer","year":2001,"mpaa_rating":"R","runtime":98,"critics_consensus":"Gosling commands the screen with a raw, electrifying performance.","release_dates":{"theater":"2002-04-01","dvd":"2003-04-22"},"ratings":{"critics_rating":"Certified Fresh","critics_score":82,"audience_rating":"Upright","audience_score":84},"synopsis":"","posters":{"thumbnail":"http://content6.flixster.com/movie/28/08/280804_mob.jpg","profile":"http://content6.flixster.com/movie/28/08/280804_pro.jpg","detailed":"http://content6.flixster.com/movie/28/08/280804_det.jpg","original":"http://content6.flixster.com/movie/28/08/280804_ori.jpg"},"abridged_cast":[{"name":"Ryan Gosling","id":"162654751","characters":["Danny Balint"]},{"name":"Summer Phoenix","id":"162695402","characters":["Carla Moebius"]},{"name":"Theresa Russell","id":"162666492","characters":["Lina Moebius"]},{"name":"Billy Zane","id":"162668093","characters":["Curtis Zampf"]},{"name":"A.D. Miles","id":"770721729","characters":["Guy Danielsen"]}],"alternate_ids":{"imdb":"0247199"},"links":{"self":"http://api.rottentomatoes.com/api/public/v1.0/movies/15736.json","alternate":"http://www.rottentomatoes.com/m/believer/","cast":"http://api.rottentomatoes.com/api/public/v1.0/movies/15736/cast.json","clips":"http://api.rottentomatoes.com/api/public/v1.0/movies/15736/clips.json","reviews":"http://api.rottentomatoes.com/api/public/v1.0/movies/15736/reviews.json","similar":"http://api.rottentomatoes.com/api/public/v1.0/movies/15736/similar.json"}},{"id":"770682510","title":"Gonzo: The Life and Work of Hunter S. Thompson","year":2007,"mpaa_rating":"R","runtime":119,"critics_consensus":"While not the comprehensive profile of the man that his die-hard fans might have hoped for, Gonzo remains an insightful introduction to the life of rebellious writer Hunter S. Thompson and his influences.","release_dates":{"theater":"2008-01-20","dvd":"2008-11-18"},"ratings":{"critics_rating":"Certified Fresh","critics_score":86,"audience_rating":"Upright","audience_score":82},"synopsis":"","posters":{"thumbnail":"http://content9.flixster.com/movie/11/17/01/11170123_mob.jpg","profile":"http://content9.flixster.com/movie/11/17/01/11170123_pro.jpg","detailed":"http://content9.flixster.com/movie/11/17/01/11170123_det.jpg","original":"http://content9.flixster.com/movie/11/17/01/11170123_ori.jpg"},"abridged_cast":[{"name":"Hunter S. Thompson","id":"770686410"},{"name":"Johnny Depp","id":"162652817","characters":["Narrator"]},{"name":"Sonny Barger","id":"770895629"},{"name":"Pat Buchanan","id":"770720750"},{"name":"Jimmy Buffett","id":"770708896"}],"alternate_ids":{"imdb":"0479468"},"links":{"self":"http://api.rottentomatoes.com/api/public/v1.0/movies/770682510.json","alternate":"http://www.rottentomatoes.com/m/gonzo-the-life-and-work-of-dr-hunter-s-thompson/","cast":"http://api.rottentomatoes.com/api/public/v1.0/movies/770682510/cast.json","clips":"http://api.rottentomatoes.com/api/public/v1.0/movies/770682510/clips.json","reviews":"http://api.rottentomatoes.com/api/public/v1.0/movies/770682510/reviews.json","similar":"http://api.rottentomatoes.com/api/public/v1.0/movies/770682510/similar.json"}},{"id":"11084","title":"The Man with the Golden Gun","year":1974,"mpaa_rating":"PG","runtime":123,"critics_consensus":"A middling Bond film, The Man With the Golden Gun suffers from double entendre-laden dialogue, a noteworthy lack of gadgets, and a villain that overshadows 007.","release_dates":{"theater":"1974-12-18","dvd":"2002-10-22"},"ratings":{"critics_rating":"Rotten","critics_score":46,"audience_rating":"Spilled","audience_score":58},"synopsis":"","posters":{"thumbnail":"http://content7.flixster.com/movie/25/89/258921_mob.jpg","profile":"http://content7.flixster.com/movie/25/89/258921_pro.jpg","detailed":"http://content7.flixster.com/movie/25/89/258921_det.jpg","original":"http://content7.flixster.com/movie/25/89/258921_ori.jpg"},"abridged_cast":[{"name":"Roger Moore","id":"162662642","characters":["James Bond"]},{"name":"Christopher Lee","id":"162652385","characters":["Scaramanga"]},{"name":"Britt Ekland","id":"326433859","characters":["Mary Goodnight"]},{"name":"Maud Adams","id":"162671410","characters":["Andrea Anders"]},{"name":"Herve Villechaize","id":"225267146","characters":["Nick Nack"]}],"alternate_ids":{"imdb":"0071807"},"links":{"self":"http://api.rottentomatoes.com/api/public/v1.0/movies/11084.json","alternate":"http://www.rottentomatoes.com/m/man_with_the_golden_gun/","cast":"http://api.rottentomatoes.com/api/public/v1.0/movies/11084/cast.json","clips":"http://api.rottentomatoes.com/api/public/v1.0/movies/11084/clips.json","reviews":"http://api.rottentomatoes.com/api/public/v1.0/movies/11084/reviews.json","similar":"http://api.rottentomatoes.com/api/public/v1.0/movies/11084/similar.json"}}],"links":{"self":"http://api.rottentomatoes.com/api/public/v1.0/movies.json?q=the&page_limit=50&page=21","next":"http://api.rottentomatoes.com/api/public/v1.0/movies.json?q=the&page_limit=50&page=22","prev":"http://api.rottentomatoes.com/api/public/v1.0/movies.json?q=the&page_limit=50&page=20"},"link_template":"http://api.rottentomatoes.com/api/public/v1.0/movies.json?q={search-term}&page_limit={results-per-page}&page={page-number}"}