{"total":52486,"movies":[{"id":"12860","title":"Eternal Sunshine Of The Spotless Mind","year":2004,"mpaa_rating":"R","runtime":108,"critics_consensus":"Propelled by Charlie Kaufman's smart, imaginative script and Michel Gondry's equally daring directorial touch, Eternal Sunshine is a twisty yet heartfelt look at relationships and heartache.","release_dates":{"theater":"2004-03-19","dvd":"2004-09-28"},"ratings":{"critics_rating":"Certified Fresh","critics_score":93,"audience_rating":"Upright","audience_score":94},"synopsis":"","posters":{"thumbnail":"http://content8.flixster.com/movie/55/05/71/5505718_mob.jpg","profile":"http://content8.flixster.com/movie/55/05/71/5505718_pro.jpg","detailed":"http://content8.flixster.com/movie/55/05/71/5505718_det.jpg","original":"http://content8.flixster.com/movie/55/05/71/5505718_ori.jpg"},"abridged_cast":[{"name":"Jim Carrey","id":"162659418","characters":["Joel Barish"]},{"name":"Kate Winslet","id":"162659302","characters":["Clementine Kruczynski"]},{"name":"Kirsten Dunst","id":"162654578","characters":["Mary"]},{"name":"Tom Wilkinson","id":"162653769","characters":["Dr. Howard Mierzwiak"]},{"name":"Elijah Wood","id":"162652512","characters":["Patrick"]}],"alternate_ids":{"imdb":"0338013"},"links":{"self":"http://api.rottentomatoes.com/api/public/v1.0/movies/12860.json","alternate":"http://www.rottentomatoes.com/m/eternal_sunshine_of_the_spotless_mind/","cast":"http://api.rottentomatoes.com/api/public/v1.0/movies/12860/cast.json","clips":"http://api.rottentomatoes.com/api/public/v1.0/movies/12860/clips.json","reviews":"http://api.rottentomatoes.com/api/public/v1.0/movies/12860/reviews.json","similar":"http://api.rottentomatoes.com/api/public/v1.0/movies/12860/similar.json"}},{"id":"770814360","title":"The Fourth Kind","year":2009,"mpaa_rating":"PG-13","runtime":98,"critics_consensus":"While it boasts a handful of shocks, The Fourth Kind is hokey and clumsy and makes its close encounters seem eerily mundane.","release_dates":{"theater":"2009-11-06","dvd":"2010-03-16"},"ratings":{"critics_rating":"Rotten","critics_score":19,"audience_rating":"Spilled","audience_score":41},"synopsis":"","posters":{"thumbnail":"http://content7.flixster.com/movie/11/16/88/11168885_mob.jpg","profile":"http://content7.flixster.com/movie/11/16/88/11168885_pro.jpg","detailed":"http://content7.flixster.com/movie/11/16/88/11168885_det.jpg","original":"http://content7.flixster.com/movie/11/16/88/11168885_ori.jpg"},"abridged_cast":[{"name":"Milla Jovovich","id":"162664693","characters":["Dr. Abigail Tyler"]},{"name":"Elias Koteas","id":"162654218"},{"name":"Will Patton","id":"162690561"},{"name":"Hakeem Kae-Kazim","id":"326391511"}],"alternate_ids":{"imdb":"1220198"},"links":{"self":"http://api.rottentomatoes.com/api/public/v1.0/movies/770814360.json","alternate":"http://www.rottentomatoes.com/m/fourth_kind/","cast":"http://api.rottentomatoes.com/api/public/v1.0/movies/770814360/cast.json","clips":"http://api.rottentomatoes.com/api/public/v1.0/movies/770814360/clips.json","reviews":"http://api.rottentomatoes.com/api/public/v1.0/movies/770814360/reviews.json","similar":"http://api.rottentomatoes.com/api/public/v1.0/movies/770814360/similar.json"}},{"id":"770790933","title":"Up in the Air","year":2009,"mpaa_rating":"R","runtime":109,"critics_consensus":"Led by charismatic performances by its three leads, director Jason Reitman delivers a smart blend of humor and emotion with just enough edge for mainstream audiences.","release_dates":{"theater":"2009-12-04","dvd":"2010-03-09"},"ratings":{"critics_rating":"Certified Fresh","critics_score":91,"audience_rating":"Upright","audience_score":79},"synopsis":"","posters":{"thumbnail":"http://content7.flixster.com/movie/11/12/96/11129605_mob.jpg","profile":"http://content7.flixster.com/movie/11/12/96/11129605_pro.jpg","detailed":"http://content7.flixster.com/movie/11/12/96/11129605_det.jpg","original":"http://content7.flixster.com/movie/11/12/96/11129605_ori.jpg"},"abridged_cast":[{"name":"George Clooney","id":"162654528","characters":["Ryan Bingham"]},{"name":"Vera Farmiga","id":"162655572","characters":["Alex Goran"]},{"name":"Anna Kendrick","id":"528367112","characters":["Natalie Keener"]},{"name":"Jason Bateman","id":"326298973","characters":["Craig Gregory"]},{"name":"Danny McBride","id":"770672019","characters":["Jim Miller"]}],"alternate_ids":{"imdb":"1193138"},"links":{"self":"http://api.rottentomatoes.com/api/public/v1.0/movies/770790933.json","alternate":"http://www.rottentomatoes.com/m/up_in_the_air_2009/","cast":"http://api.rottentomatoes.com/api/public/v1.0/movies/770790933/cast.json","clips":"http://api.rottentomatoes.com/api/public/v1.0/movies/770790933/clips.json","reviews":"http://api.rottentomatoes.com/api/public/v1.0/movies/770790933/reviews.json","similar":"http://api.rottentomatoes.com/api/public/v1.0/movies/770790933/similar.json"}},{"id":"771320888","title":"The Expendables 3","year":2014,"mpaa_rating":"Unrated","runtime":"","release_dates":{"theater":"2014-08-15"},"ratings":{"critics_score":-1,"audience_score":97},"synopsis":"In THE EXPENDABLES 3, Barney (Stallone), Christmas (Statham) and the rest of the team comes face-to-face with Conrad Stonebanks (Gibson), who years ago co-founded The Expendables with Barney. Stonebanks subsequently became a ruthless arms trader and someone who Barney was forced to kill... or so he thought. Stonebanks, who eluded death once before, now is making it his mission to end The Expendables -- but Barney has other plans. Barney decides that he has to fight old blood with new blood, and brings in a new era of Expendables team members, recruiting individuals who are younger, faster and more tech-savvy. The latest mission becomes a clash of classic old-school style versus high-tech expertise in the Expendables' most personal battle yet. (C) Lionsgate","posters":{"thumbnail":"http://images.rottentomatoescdn.com/images/redesign/poster_default.gif","profile":"http://images.rottentomatoescdn.com/images/redesign/poster_default.gif","detailed":"http://images.rottentomatoescdn.com/images/redesign/poster_default.gif","original":"http://images.rottentomatoescdn.com/images/redesign/poster_default.gif"},"abridged_cast":[{"name":"Sylvester Stallone","id":"162664630","characters":["Barney Ross"]},{"name":"Jason Statham","id":"162653720","characters":["Lee Christmas"]},{"name":"Jet Li","id":"162652223","characters":["Yin Yang"]},{"name":"Dolph Lundgren","id":"162664307","characters":["Gunnar Jensen"]},{"name":"Terry Crews","id":"326392465","characters":["Hale Caesar"]}],"alternate_ids":{"imdb":"2333784"},"links":{"self":"http://api.rottentomatoes.com/api/public/v1.0/movies/771320888.json","alternate":"http://www.rottentomatoes.com/m/the_expendables_3/","cast":"http://api.rottentomatoes.com/api/public/v1.0/movies/771320888/cast.json","clips":"http://api.rottentomatoes.com/api/public/v1.0/movies/771320888/clips.json","reviews":"http://api.rottentomatoes.com/api/public/v1.0/movies/771320888/reviews.json","similar":"http://api.rottentomatoes.com/api/public/v1.0/movies/771320888/similar.json"}},{"id":"5616","title":"The Brothers Grimm","year":2005,"mpaa_rating":"PG-13","runtime":118,"critics_consensus":"The Brothers Grimm is full of beautiful imagery, but the story is labored and less than enchanting.","release_dates":{"theater":"2005-08-26","dvd":"2005-12-20"},"ratings":{"critics_rating":"Rotten","critics_score":38,"audience_rating":"Spilled","audience_score":39},"synopsis":"","posters":{"thumbnail":"http://content9.flixster.com/movie/10/88/08/10880899_mob.jpg","profile":"http://content9.flixster.com/movie/10/88/08/10880899_pro.jpg","detailed":"http://content9.flixster.com/movie/10/88/08/10880899_det.jpg","original":"http://content9.flixster.com/movie/10/88/08/10880899_ori.jpg"},"abridged_cast":[{"name":"Matt Damon","id":"162653499","characters":["Will Grimm"]},{"name":"Heath Ledger","id":"162652588","characters":["Jake Grimm"]},{"name":"Jonathan Pryce","id":"162653506","characters":["Delatombe"]},{"name":"Lena Headey","id":"162653508","characters":["Angelika"]},{"name":"Peter Stormare","id":"162725032","characters":["Cavaldi"]}],"alternate_ids":{"imdb":"0355295"},"links":{"self":"http://api.rottentomatoes.com/api/public/v1.0/movies/5616.json","alternate":"http://www.rottentomatoes.com/m/brothers_grimm/","cast":"http://api.rottentomatoes.com/api/public/v1.0/movies/5616/cast.json","clips":"http://api.rottentomatoes.com/api/public/v1.0/movies/5616/clips.json","reviews":"http://api.rottentomatoes.com/api/public/v1.0/movies/5616/reviews.json","similar":"http://api.rottentomatoes.com/api/public/v1.0/movies/5616/similar.json"}},{"id":"771312437","title":"The Grand Budapest Hotel","year":2014,"mpaa_rating":"R","runtime":100,"critics_consensus":"Typically stylish but deceptively thoughtful, The Grand Budapest Hotel finds Wes Anderson once again using ornate visual environments to explore deeply emotional ideas.","release_dates":{"theater":"2014-03-07"},"ratings":{"critics_rating":"Certified Fresh","critics_score":89,"audience_rating":"Upright","audience_score":91},"synopsis":"THE GRAND BUDAPEST HOTEL recounts the adventures of Gustave H, a legendary concierge at a famous European hotel between the wars, and Zero Moustafa, the lobby boy who becomes his most trusted friend. The story involves the theft and recovery of a priceless Renaissance painting and the battle for an enormous family fortune -- all against the back-drop ofa suddenly and dramatically changing Continent. (c) Fox Searchlight","posters":{"thumbnail":"http://content9.flixster.com/movie/11/17/41/11174171_mob.jpg","profile":"http://content9.flixster.com/movie/11/17/41/11174171_pro.jpg","detailed":"http://content9.flixster.com/movie/11/17/41/11174171_det.jpg","original":"http://content9.flixster.com/movie/11/17/41/11174171_ori.jpg"},"abridged_cast":[{"name":"Saoirse Ronan","id":"770680691","characters":["Agatha"]},{"name":"Ralph Fiennes","id":"162653681","characters":["M. Gustave"]},{"name":"Bill Murray","id":"162653064","characters":["M. Ivan"]},{"name":"Tilda Swinton","id":"162654047","characters":["Madame D."]},{"name":"Jeff Goldblum","id":"162668455","characters":["Deputy Kovacs"]}],"alternate_ids":{"imdb":"2278388"},"links":{"self":"http://api.rottentomatoes.com/api/public/v1.0/movies/771312437.json","alternate":"http://www.rottentomatoes.com/m/the_grand_budapest_hotel/","cast":"http://api.rottentomatoes.com/api/public/v1.0/movies/771312437/cast.json","clips":"http://api.rottentomatoes.com/api/public/v1.0/movies/771312437/clips.json","reviews":"http://api.rottentomatoes.com/api/public/v1.0/movies/771312437/reviews.json","similar":"http://api.rottentomatoes.com/api/public/v1.0/movies/771312437/similar.json"}},{"id":"24465","title":"Cheaper by the Dozen 2","year":2005,"mpaa_rating":"PG","runtime":93,"critics_consensus":"A sequel to a remake, Cheaper 2 wastes its solid cast in scenes of over-the-top, predictable humor.","release_dates":{"theater":"2005-12-21","dvd":"2006-05-23"},"ratings":{"critics_rating":"Rotten","critics_score":6,"audience_rating":"Spilled","audience_score":58},"synopsis":"","posters":{"thumbnail":"http://content6.flixster.com/movie/10/87/02/10870276_mob.jpg","profile":"http://content6.flixster.com/movie/10/87/02/10870276_pro.jpg","detailed":"http://content6.flixster.com/movie/10/87/02/10870276_det.jpg","original":"http://content6.flixster.com/movie/10/87/02/10870276_ori.jpg"},"abridged_cast":[{"name":"Steve Martin","id":"162654836","characters":["Tom Baker"]},{"name":"Eugene Levy","id":"162653784","characters":["Jimmy Murtaugh"]},{"name":"Bonnie Hunt","id":"162654629","characters":["Kate Baker"]},{"name":"Hilary Duff","id":"162652728","characters":["Lorraine Baker"]},{"name":"Tom Welling","id":"162654593","characters":["Charlie Baker"]}],"alternate_ids":{"imdb":"0452598"},"links":{"self":"http://api.rottentomatoes.com/api/public/v1.0/movies/24465.json","alternate":"http://www.rottentomatoes.com/m/cheaper_by_the_dozen_2/","cast":"http://api.rottentomatoes.com/api/public/v1.0/movies/24465/cast.json","clips":"http://api.rottentomatoes.com/api/public/v1.0/movies/24465/clips.json","reviews":"http://api.rottentomatoes.com/api/public/v1.0/movies/24465/reviews.json","similar":"http://api.rottentomatoes.com/api/public/v1.0/movies/24465/similar.json"}},{"id":"771229644","title":"Rise of the Guardians","year":2012,"mpaa_rating":"PG","runtime":97,"critics_consensus":"A sort of Avengers for the elementary school set, Rise of the Guardians is wonderfully animated and briskly paced, but it's only so-so in the storytelling department.","release_dates":{"theater":"2012-11-21","dvd":"2013-03-12"},"ratings":{"critics_rating":"Certified Fresh","critics_score":74,"audience_rating":"Upright","audience_score":81},"synopsis":"Rise of the Guardians is an epic adventure that tells the story of a group of heroes - each with extraordinary abilities. When an evil spirit known as Pitch lays down the gauntlet to take over the world, the immortal Guardians must join forces for the first time to protect the hopes, beliefs and imagination of children all over the world. -- (C) Official Site","posters":{"thumbnail":"http://content7.flixster.com/movie/11/17/02/11170261_mob.jpg","profile":"http://content7.flixster.com/movie/11/17/02/11170261_pro.jpg","detailed":"http://content7.flixster.com/movie/11/17/02/11170261_det.jpg","original":"http://content7.flixster.com/movie/11/17/02/11170261_ori.jpg"},"abridged_cast":[{"name":"Alec Baldwin","id":"162656441","characters":["North","North aka Santa Claus"]},{"name":"Hugh Jackman","id":"162661503","characters":["Bunnymund","E. Aster Bunnymund aka The Easter Bunny"]},{"name":"Isla Fisher","id":"162652839","characters":["Tooth","Tooth aka The Tooth Fairy"]},{"name":"Chris Pine","id":"326393041","characters":["Jack Frost"]},{"name":"Jude Law","id":"162659420","characters":["Pitch"]}],"alternate_ids":{"imdb":"1830790"},"links":{"self":"http://api.rottentomatoes.com/api/public/v1.0/movies/771229644.json","alternate":"http://www.rottentomatoes.com/m/rise_of_the_guardians_2012/","cast":"http://api.rottentomatoes.com/api/public/v1.0/movies/771229644/cast.json","clips":"http://api.rottentomatoes.com/api/public/v1.0/movies/771229644/clips.json","reviews":"http://api.rottentomatoes.com/api/public/v1.0/movies/771229644/reviews.json","similar":"http://api.rottentomatoes.com/api/public/v1.0/movies/771229644/similar.json"}},{"id":"771258806","title":"The Campaign","year":2012,"mpaa_rating":"R","runtime":86,"critics_consensus":"Its crude brand of political satire isn't quite as smart or sharp as one might hope in an election year, but The Campaign manages to generate a sufficient number of laughs thanks to its well-matched leads.","release_dates":{"theater":"2012-08-10","dvd":"2012-10-30"},"ratings":{"critics_rating":"Fresh","critics_score":65,"audience_rating":"Spilled","audience_score":51},"synopsis":"When long-term congressman Cam Brady (Will Ferrell) commits a major public gaffe before an upcoming election, a pair of ultra-wealthy CEOs plot to put up a rival candidate and gain influence over their North Carolina district. Their man: naive Marty Huggins (Zach Galifianakis), director of the local Tourism Center. At first, Marty appears to be the unlikeliest possible choice but, with the help of his new benefactors' support, a cutthroat campaign manager and his family's political connections, he soon becomes a contender who gives the charismatic Cam plenty to worry about. As Election Day closes in, the two are locked in a dead heat, with insults quickly escalating to injury until all they care about is burying each other, in this mud-slinging, back-stabbing, home-wrecking comedy. -- (C) Warner Bros.","posters":{"thumbnail":"http://content9.flixster.com/movie/11/16/72/11167275_mob.jpg","profile":"http://content9.flixster.com/movie/11/16/72/11167275_pro.jpg","detailed":"http://content9.flixster.com/movie/11/16/72/11167275_det.jpg","original":"http://content9.flixster.com/movie/11/16/72/11167275_ori.jpg"},"abridged_cast":[{"name":"Will Ferrell","id":"162652185","characters":["Cam Brady"]},{"name":"Zach Galifianakis","id":"162655230","characters":["Marty Huggins"]},{"name":"Jason Sudeikis","id":"770702194","characters":["Mitch"]},{"name":"Dylan McDermott","id":"162674210","characters":["Tim Wattley"]},{"name":"Katherine La Nasa","id":"770718771","characters":["Rose Brady"]}],"alternate_ids":{"imdb":"1790886"},"links":{"self":"http://api.rottentomatoes.com/api/public/v1.0/movies/771258806.json","alternate":"http://www.rottentomatoes.com/m/the_campaign/","cast":"http://api.rottentomatoes.com/api/public/v1.0/movies/771258806/cast.json","clips":"http://api.rottentomatoes.com/api/public/v1.0/movies/771258806/clips.json","reviews":"http://api.rottentomatoes.com/api/public/v1.0/movies/771258806/reviews.json","similar":"http://api.rottentomatoes.com/api/public/v1.0/movies/771258806/similar.json"}},{"id":"12979","title":"The Butterfly Effect","year":2004,"mpaa_rating":"R","runtime":113,"critics_consensus":"The premise is intriguing, but it's placed in the service of an overwrought and tasteless thriller.","release_dates":{"theater":"2004-01-23","dvd":"2007-07-20"},"ratings":{"critics_rating":"Rotten","critics_score":33,"audience_rating":"Upright","audience_score":81},"synopsis":"","posters":{"thumbnail":"http://content7.flixster.com/movie/11/16/99/11169913_mob.jpg","profile":"http://content7.flixster.com/movie/11/16/99/11169913_pro.jpg","detailed":"http://content7.flixster.com/movie/11/16/99/11169913_det.jpg","original":"http://content7.flixster.com/movie/11/16/99/11169913_ori.jpg"},"abridged_cast":[{"name":"Ashton Kutcher","id":"162652453","characters":["Evan Treborn"]},{"name":"Amy Smart","id":"162655491","characters":["Kayleigh Miller"]},{"name":"William Lee Scott","id":"162655099","characters":["Tommy Miller"]},{"name":"Elden Henson","id":"162664314","characters":["Lenny Kagan"]},{"name":"Melora Walters","id":"162685662","characters":["Andrea Treborn"]}],"alternate_ids":{"imdb":"0289879"},"links":{"self":"http://api.rottentomatoes.com/api/public/v1.0/movies/12979.json","alternate":"http://www.rottentomatoes.com/m/butterfly_effect/","cast":"http://api.rottentomatoes.com/api/public/v1.0/movies/12979/cast.json","clips":"http://api.rottentomatoes.com/api/public/v1.0/movies/12979/clips.json","reviews":"http://api.rottentomatoes.com/api/public/v1.0/movies/12979/reviews.json","similar":"http://api.rottentomatoes.com/api/public/v1.0/movies/12979/similar.json"}},{"id":"771307163","title":"The Smurfs 3","year":2015,"mpaa_rating":"Unrated","runtime":"","release_dates":{"theater":"2015-08-14"},"ratings":{"critics_score":-1,"audience_score":89},"synopsis":"In this sequel to Columbia Pictures/Sony Pictures Animation's hybrid live action/animated family blockbuster comedy The Smurfs, the evil wizard Gargamel creates a couple of mischievous Smurf-like creatures called the Naughties that he hopes will let him harness the all-powerful, magical Smurf-essence. But when he discovers that only a real Smurf can give him what he wants, and only a secret spell that Smurfette knows can turn the Naughties into real Smurfs, Gargamel kidnaps Smurfette and brings her to Paris, where he has been winning the adoration of millions as the worlds greatest sorcerer. It's up to Papa, Clumsy, Grouchy, and Vanity to return to our time, reunite with their human friends Patrick and Grace Winslow, and rescue her! Will Smurfette, who has always felt different from the other Smurfs, find a new connection with the Naughties Vexy and Hackus - or will the Smurfs convince her that their love for her is True Blue?","posters":{"thumbnail":"http://images.rottentomatoescdn.com/images/redesign/poster_default.gif","profile":"http://images.rottentomatoescdn.com/images/redesign/poster_default.gif","detailed":"http://images.rottentomatoescdn.com/images/redesign/poster_default.gif","original":"http://images.rottentomatoescdn.com/images/redesign/poster_default.gif"},"abridged_cast":[],"alternate_ids":{"imdb":"2398241"},"links":{"self":"http://api.rottentomatoes.com/api/public/v1.0/movies/771307163.json","alternate":"http://www.rottentomatoes.com/m/the_smurfs_3/","cast":"http://api.rottentomatoes.com/api/public/v1.0/movies/771307163/cast.json","clips":"http://api.rottentomatoes.com/api/public/v1.0/movies/771307163/clips.json","reviews":"http://api.rottentomatoes.com/api/public/v1.0/movies/771307163/reviews.json","similar":"http://api.rottentomatoes.com/api/public/v1.0/movies/771307163/similar.json"}},{"id":"770672985","title":"The Other Boleyn Girl","year":2008,"mpaa_rating":"PG-13","runtime":115,"critics_consensus":"Though it features some extravagant and entertaining moments, The Other Boleyn Girl feels more like a soap opera than historical drama.","release_dates":{"theater":"2008-02-29","dvd":"2008-06-10"},"ratings":{"critics_rating":"Rotten","critics_score":42,"audience_rating":"Upright","audience_score":62},"synopsis":"","posters":{"thumbnail":"http://content9.flixster.com/movie/10/88/69/10886983_mob.jpg","profile":"http://content9.flixster.com/movie/10/88/69/10886983_pro.jpg","detailed":"http://content9.flixster.com/movie/10/88/69/10886983_det.jpg","original":"http://content9.flixster.com/movie/10/88/69/10886983_ori.jpg"},"abridged_cast":[{"name":"Natalie Portman","id":"162652154","characters":["Anne Boleyn"]},{"name":"Scarlett Johansson","id":"162652872","characters":["Mary Boleyn"]},{"name":"Eric Bana","id":"162662190","characters":["Henry Tudor"]},{"name":"Jim Sturgess","id":"563717190","characters":["George Boleyn"]},{"name":"Mark Rylance","id":"162708436","characters":["Sir Thomas Boleyn"]}],"alternate_ids":{"imdb":"0467200"},"links":{"self":"http://api.rottentomatoes.com/api/public/v1.0/movies/770672985.json","alternate":"http://www.rottentomatoes.com/m/other_boleyn_girl/","cast":"http://api.rottentomatoes.com/api/public/v1.0/movies/770672985/cast.json","clips":"http://api.rottentomatoes.com/api/public/v1.0/movies/770672985/clips.json","reviews":"http://api.rottentomatoes.com/api/public/v1.0/movies/770672985/reviews.json","similar":"http://api.rottentomatoes.com/api/public/v1.0/movies/770672985/similar.json"}},{"id":"24223","title":"The Family Stone","year":2005,"mpaa_rating":"PG-13","runtime":103,"critics_consensus":"This family holiday dramedy features fine performances but awkward shifts of tone.","release_dates":{"theater":"2005-12-16","dvd":"2006-05-02"},"ratings":{"critics_rating":"Rotten","critics_score":51,"audience_rating":"Upright","audience_score":63},"synopsis":"","posters":{"thumbnail":"http://content9.flixster.com/movie/31/17/311715_mob.jpg","profile":"http://content9.flixster.com/movie/31/17/311715_pro.jpg","detailed":"http://content9.flixster.com/movie/31/17/311715_det.jpg","original":"http://content9.flixster.com/movie/31/17/311715_ori.jpg"},"abridged_cast":[{"name":"Sarah Jessica Parker","id":"162659060","characters":["Meredith Morton"]},{"name":"Luke Wilson","id":"162661851","characters":["Ben Stone"]},{"name":"Dermot Mulroney","id":"162652930","characters":["Everett Stone"]},{"name":"Claire Danes","id":"162654834","characters":["Julie Morton"]},{"name":"Diane Keaton","id":"162660369","characters":["Sybil Stone"]}],"alternate_ids":{"imdb":"0356680"},"links":{"self":"http://api.rottentomatoes.com/api/public/v1.0/movies/24223.json","alternate":"http://www.rottentomatoes.com/m/family_stone/","cast":"http://api.rottentomatoes.com/api/public/v1.0/movies/24223/cast.json","clips":"http://api.rottentomatoes.com/api/public/v1.0/movies/24223/clips.json","reviews":"http://api.rottentomatoes.com/api/public/v1.0/movies/24223/reviews.json","similar":"http://api.rottentomatoes.com/api/public/v1.0/movies/24223/similar.json"}},{"id":"287865404","title":"The Last King of Scotland","year":2006,"mpaa_rating":"R","runtime":123,"critics_consensus":"Forest Whitaker's performance as real-life megalomaniac dictator Idi Amin powers this fictionalized political thriller, a blunt and brutal tale about power and corruption.","release_dates":{"theater":"2006-09-27","dvd":"2007-04-17"},"ratings":{"critics_rating":"Certified Fresh","critics_score":87,"audience_rating":"Upright","audience_score":89},"synopsis":"","posters":{"thumbnail":"http://content9.flixster.com/movie/27/22/94/2722943_mob.jpg","profile":"http://content9.flixster.com/movie/27/22/94/2722943_pro.jpg","detailed":"http://content9.flixster.com/movie/27/22/94/2722943_det.jpg","original":"http://content9.flixster.com/movie/27/22/94/2722943_ori.jpg"},"abridged_cast":[{"name":"Forest Whitaker","id":"162662640","characters":["Idi Amin"]},{"name":"James McAvoy","id":"162714854","characters":["Nicholas Garrigan"]},{"name":"Kerry Washington","id":"162682773","characters":["Kay Amin"]},{"name":"Gillian Anderson","id":"162661592","characters":["Sarah Merrit"]},{"name":"Simon McBurney","id":"770678915","characters":["Stone"]}],"alternate_ids":{"imdb":"0455590"},"links":{"self":"http://api.rottentomatoes.com/api/public/v1.0/movies/287865404.json","alternate":"http://www.rottentomatoes.com/m/last_king_of_scotland/","cast":"http://api.rottentomatoes.com/api/public/v1.0/movies/287865404/cast.json","clips":"http://api.rottentomatoes.com/api/public/v1.0/movies/287865404/clips.json","reviews":"http://api.rottentomatoes.com/api/public/v1.0/movies/287865404/reviews.json","similar":"http://api.rottentomatoes.com/api/public/v1.0/movies/287865404/similar.json"}},{"id":"771315645","title":"The Penguins Of Madagascar","year":2015,"mpaa_rating":"Unrated","runtime":"","release_dates":{"theater":"2015-03-27"},"ratings":{"critics_score":-1,"audience_score":97},"synopsis":"","posters":{"thumbnail":"http://images.rottentomatoescdn.com/images/redesign/poster_default.gif","profile":"http://images.rottentomatoescdn.com/images/redesign/poster_default.gif","detailed":"http://images.rottentomatoescdn.com/images/redesign/poster_default.gif","original":"http://images.rottentomatoescdn.com/images/redesign/poster_default.gif"},"abridged_cast":[],"alternate_ids":{"imdb":"1911658"},"links":{"self":"http://api.rottentomatoes.com/api/public/v1.0/movies/771315645.json","alternate":"http://www.rottentomatoes.com/m/the_penguins_of_madagascar/","cast":"http://api.rottentomatoes.com/api/public/v1.0/movies/771315645/cast.json","clips":"http://api.rottentomatoes.com/api/public/v1.0/movies/771315645/clips.json","reviews":"http://api.rottentomatoes.com/api/public/v1.0/movies/771315645/reviews.json","similar":"http://api.rottentomatoes.com/api/public/v1.0/movies/771315645/similar.json"}},{"id":"770673145","title":"Alvin and the Chipmunks","year":2007,"mpaa_rating":"PG","runtime":91,"critics_consensus":"Though cutely rendered, Alvin and the Chipmunks suffers from bland potty humor and a rehashed kids' movie formula.","release_dates":{"theater":"2007-12-14","dvd":"2008-04-01"},"ratings":{"critics_rating":"Rotten","critics_score":27,"audience_rating":"Upright","audience_score":65},"synopsis":"","posters":{"thumbnail":"http://content9.flixster.com/movie/97/66/56/9766563_mob.jpg","profile":"http://content9.flixster.com/movie/97/66/56/9766563_pro.jpg","detailed":"http://content9.flixster.com/movie/97/66/56/9766563_det.jpg","original":"http://content9.flixster.com/movie/97/66/56/9766563_ori.jpg"},"abridged_cast":[{"name":"Jason Lee","id":"162659070","characters":["David Seville"]},{"name":"David Cross","id":"326299938","characters":["Ian Hawk"]},{"name":"Cameron Richardson","id":"162653347","characters":["Claire"]},{"name":"Jane Lynch","id":"326392219","characters":["Gail"]},{"name":"Justin Long","id":"162652679","characters":["Alvin"]}],"alternate_ids":{"imdb":"0952640"},"links":{"self":"http://api.rottentomatoes.com/api/public/v1.0/movies/770673145.json","alternate":"http://www.rottentomatoes.com/m/1184827-alvin_and_the_chipmunks/","cast":"http://api.rottentomatoes.com/api/public/v1.0/movies/770673145/cast.json","clips":"http://api.rottentomatoes.com/api/public/v1.0/movies/770673145/clips.json","reviews":"http://api.rottentomatoes.com/api/public/v1.0/movies/770673145/reviews.json","similar":"http://api.rottentomatoes.com/api/public/v1.0/movies/770673145/similar.json"}},{"id":"12926","title":"The Godfather, Part II","year":1974,"mpaa_rating":"R","runtime":200,"critics_consensus":"Drawing on strong performances by Al Pacino and Robert De Niro, Francis Ford Coppola's continuation of Mario Puzo's Mafia saga set new standards for sequels that have yet to be matched or broken.","release_dates":{"theater":"1974-12-20","dvd":"2005-05-24"},"ratings":{"critics_rating":"Certified Fresh","critics_score":99,"audience_rating":"Upright","audience_score":97},"synopsis":"","posters":{"thumbnail":"http://content9.flixster.com/movie/11/16/97/11169783_mob.jpg","profile":"http://content9.flixster.com/movie/11/16/97/11169783_pro.jpg","detailed":"http://content9.flixster.com/movie/11/16/97/11169783_det.jpg","original":"http://content9.flixster.com/movie/11/16/97/11169783_ori.jpg"},"abridged_cast":[{"name":"Al Pacino","id":"162654461","characters":["Michael Corleone"]},{"name":"Robert Duvall","id":"162652186","characters":["Tom Hagen"]},{"name":"Diane Keaton","id":"162660369","characters":["Kay Adams"]},{"name":"Robert De Niro","id":"162655521","characters":["Vito Corleone"]},{"name":"John Cazale","id":"162664256","characters":["Fredo Corleone"]}],"alternate_ids":{"imdb":"0071562"},"links":{"self":"http://api.rottentomatoes.com/api/public/v1.0/movies/12926.json","alternate":"http://www.rottentomatoes.com/m/godfather_part_ii/","cast":"http://api.rottentomatoes.com/api/public/v1.0/movies/12926/cast.json","clips":"http://api.rottentomatoes.com/api/public/v1.0/movies/12926/clips.json","reviews":"http://api.rottentomatoes.com/api/public/v1.0/movies/12926/reviews.json","similar":"http://api.rottentomatoes.com/api/public/v1.0/movies/12926/similar.json"}},{"id":"770671487","title":"There Will Be Blood","year":2007,"mpaa_rating":"R","runtime":158,"critics_consensus":"Widely touted as a masterpiece, this sparse and sprawling epic about the underhanded \"heroes\" of capitalism boasts incredible performances by leads Daniel Day-Lewis and Paul Dano, and is director Paul Thomas Anderson's best work to date.","release_dates":{"theater":"2007-12-26","dvd":"2008-04-08"},"ratings":{"critics_rating":"Certified Fresh","critics_score":91,"audience_rating":"Upright","audience_score":86},"synopsis":"","posters":{"thumbnail":"http://content9.flixster.com/movie/11/16/89/11168971_mob.jpg","profile":"http://content9.flixster.com/movie/11/16/89/11168971_pro.jpg","detailed":"http://content9.flixster.com/movie/11/16/89/11168971_det.jpg","original":"http://content9.flixster.com/movie/11/16/89/11168971_ori.jpg"},"abridged_cast":[{"name":"Daniel Day-Lewis","id":"162660044","characters":["Daniel Plainview"]},{"name":"Paul Dano","id":"303713360","characters":["Eli Sunday"]},{"name":"Kevin J. O'Connor","id":"351526126","characters":["Henry"]},{"name":"Ciaran Hinds","id":"162659596","characters":["Fletcher"]},{"name":"Dillon Freasier","id":"770920126","characters":["H.W. Plainview"]}],"alternate_ids":{"imdb":"0469494"},"links":{"self":"http://api.rottentomatoes.com/api/public/v1.0/movies/770671487.json","alternate":"http://www.rottentomatoes.com/m/there_will_be_blood/","cast":"http://api.rottentomatoes.com/api/public/v1.0/movies/770671487/cast.json","clips":"http://api.rottentomatoes.com/api/public/v1.0/movies/770671487/clips.json","reviews":"http://api.rottentomatoes.com/api/public/v1.0/movies/770671487/reviews.json","similar":"http://api.rottentomatoes.com/api/public/v1.0/movies/770671487/similar.json"}},{"id":"771320504","title":"The Single Moms Club","year":2014,"mpaa_rating":"PG-13","runtime":111,"release_dates":{"theater":"2014-03-14"},"ratings":{"critics_score":-1,"audience_score":87},"synopsis":"Tyler Perry presents his newest creation with Single Mom's Club, a Lionsgate release. Perry will star and direct from his own script. ~ Jeremy Wheeler, Rovi","posters":{"thumbnail":"http://content6.flixster.com/movie/11/17/62/11176268_mob.jpg","profile":"http://content6.flixster.com/movie/11/17/62/11176268_pro.jpg","detailed":"http://content6.flixster.com/movie/11/17/62/11176268_det.jpg","original":"http://content6.flixster.com/movie/11/17/62/11176268_ori.jpg"},"abridged_cast":[{"name":"Wendi McLendon-Covey","id":"493912297","characters":["Jan"]},{"name":"Nia Long","id":"162661398","characters":["May"]},{"name":"Amy Smart","id":"162655491","characters":["Hillary"]},{"name":"Zulay Henao","id":"770682001"},{"name":"Cocoa Brown","id":"770745278","characters":["Lytia"]}],"alternate_ids":{"imdb":"2465140"},"links":{"self":"http://api.rottentomatoes.com/api/public/v1.0/movies/771320504.json","alternate":"http://www.rottentomatoes.com/m/the_single_moms_club_2014/","cast":"http://api.rottentomatoes.com/api/public/v1.0/movies/771320504/cast.json","clips":"http://api.rottentomatoes.com/api/public/v1.0/movies/771320504/clips.json","reviews":"http://api.rottentomatoes.com/api/public/v1.0/movies/771320504/reviews.json","similar":"http://api.rottentomatoes.com/api/public/v1.0/movies/771320504/similar.json"}},{"id":"771218289","title":"The Vow","year":2012,"mpaa_rating":"PG-13","runtime":104,"critics_consensus":"Channing Tatum and Rachel McAdams do their best with what they're given, but The Vow is too shallow and familiar to satisfy the discriminating date-night filmgoer.","release_dates":{"theater":"2012-02-10","dvd":"2012-05-08"},"ratings":{"critics_rating":"Rotten","critics_score":29,"audience_rating":"Upright","audience_score":63},"synopsis":"A newlywed couple recovers from a car accident that puts the wife in a coma. Waking up with severe memory loss, her husband endeavors to win her heart again. -- (C) Sony Pictures","posters":{"thumbnail":"http://content9.flixster.com/movie/11/16/52/11165263_mob.jpg","profile":"http://content9.flixster.com/movie/11/16/52/11165263_pro.jpg","detailed":"http://content9.flixster.com/movie/11/16/52/11165263_det.jpg","original":"http://content9.flixster.com/movie/11/16/52/11165263_ori.jpg"},"abridged_cast":[{"name":"Rachel McAdams","id":"162652838","characters":["Paige"]},{"name":"Channing Tatum","id":"162661835","characters":["Leo"]},{"name":"Jessica Lange","id":"162653068","characters":["Rita Thornton"]},{"name":"Sam Neill","id":"162656850","characters":["Bill Thornton"]},{"name":"Wendy Crewson","id":"162656175","characters":["Dr. Fishman"]}],"alternate_ids":{"imdb":"1606389"},"links":{"self":"http://api.rottentomatoes.com/api/public/v1.0/movies/771218289.json","alternate":"http://www.rottentomatoes.com/m/the_vow_2012/","cast":"http://api.rottentomatoes.com/api/public/v1.0/movies/771218289/cast.json","clips":"http://api.rottentomatoes.com/api/public/v1.0/movies/771218289/clips.json","reviews":"http://api.rottentomatoes.com/api/public/v1.0/movies/771218289/reviews.json","similar":"http://api.rottentomatoes.com/api/public/v1.0/movies/771218289/similar.json"}},{"id":"10009","title":"Star Wars: Episode II - Attack of the Clones 3D","year":2002,"mpaa_rating":"PG","runtime":143,"critics_consensus":"Though it still suffers from an overabundance of exposition, the action quotient is upped considerably in Star Wars: Episode II - Attack of the Clones, which makes it an improvement over The Phantom Menace.","release_dates":{"theater":"2002-05-16","dvd":"2002-11-12"},"ratings":{"critics_rating":"Fresh","critics_score":67,"audience_rating":"Upright","audience_score":60},"synopsis":"","posters":{"thumbnail":"http://content7.flixster.com/movie/10/94/47/10944721_mob.jpg","profile":"http://content7.flixster.com/movie/10/94/47/10944721_pro.jpg","detailed":"http://content7.flixster.com/movie/10/94/47/10944721_det.jpg","original":"http://content7.flixster.com/movie/10/94/47/10944721_ori.jpg"},"abridged_cast":[{"name":"Ewan McGregor","id":"162652152","characters":["Obi-Wan Kenobi"]},{"name":"Natalie Portman","id":"162652154","characters":["PadmA? Amidala","Padme Amidala","Padm? Amidala"]},{"name":"Hayden Christensen","id":"162652153","characters":["Anakin Skywalker"]},{"name":"Christopher Lee","id":"162652385","characters":["Count Dooku"]},{"name":"Samuel L. Jackson","id":"162652156","characters":["Mace Windu"]}],"alternate_ids":{"imdb":"0121765"},"links":{"self":"http://api.rottentomatoes.com/api/public/v1.0/movies/10009.json","alternate":"http://www.rottentomatoes.com/m/star_wars_episode_ii_attack_of_the_clones_3d/","cast":"http://api.rottentomatoes.com/api/public/v1.0/movies/10009/cast.json","clips":"http://api.rottentomatoes.com/api/public/v1.0/movies/10009/clips.json","reviews":"http://api.rottentomatoes.com/api/public/v1.0/movies/10009/reviews.json","similar":"http://api.rottentomatoes.com/api/public/v1.0/movies/10009/similar.json"}},{"id":"770684517","title":"The Reader","year":2008,"mpaa_rating":"R","runtime":123,"critics_consensus":"Despite Kate Winslet's superb portrayal, The Reader suggests an emotionally distant, Oscar-baiting historical drama.","release_dates":{"theater":"2008-12-10","dvd":"2009-04-14"},"ratings":{"critics_rating":"Fresh","critics_score":61,"audience_rating":"Upright","audience_score":79},"synopsis":"","posters":{"thumbnail":"http://content8.flixster.com/movie/10/87/76/10877626_mob.jpg","profile":"http://content8.flixster.com/movie/10/87/76/10877626_pro.jpg","detailed":"http://content8.flixster.com/movie/10/87/76/10877626_det.jpg","original":"http://content8.flixster.com/movie/10/87/76/10877626_ori.jpg"},"abridged_cast":[{"name":"Kate Winslet","id":"162659302","characters":["Hanna Schmitz"]},{"name":"Ralph Fiennes","id":"162653681","characters":["Michael Berg"]},{"name":"David Kross","id":"410734401","characters":["Young Michael Berg"]},{"name":"Bruno Ganz","id":"162659154","characters":["Professor Rohl"]},{"name":"Matthias Habich","id":"364606801","characters":["Peter Berg"]}],"alternate_ids":{"imdb":"0976051"},"links":{"self":"http://api.rottentomatoes.com/api/public/v1.0/movies/770684517.json","alternate":"http://www.rottentomatoes.com/m/reader/","cast":"http://api.rottentomatoes.com/api/public/v1.0/movies/770684517/cast.json","clips":"http://api.rottentomatoes.com/api/public/v1.0/movies/770684517/clips.json","reviews":"http://api.rottentomatoes.com/api/public/v1.0/movies/770684517/reviews.json","similar":"http://api.rottentomatoes.com/api/public/v1.0/movies/770684517/similar.json"}},{"id":"140952457","title":"The Benchwarmers","year":2006,"mpaa_rating":"PG-13","runtime":85,"critics_consensus":"A gross-out comedy that is more sophomoric than funny, The Benchwarmers goes down swinging.","release_dates":{"theater":"2006-04-07","dvd":"2006-07-25"},"ratings":{"critics_rating":"Rotten","critics_score":11,"audience_rating":"Upright","audience_score":65},"synopsis":"","posters":{"thumbnail":"http://content6.flixster.com/movie/11/16/98/11169864_mob.jpg","profile":"http://content6.flixster.com/movie/11/16/98/11169864_pro.jpg","detailed":"http://content6.flixster.com/movie/11/16/98/11169864_det.jpg","original":"http://content6.flixster.com/movie/11/16/98/11169864_ori.jpg"},"abridged_cast":[{"name":"Rob Schneider","id":"162653162","characters":["Gus"]},{"name":"David Spade","id":"162656213","characters":["Ritchie"]},{"name":"Jon Heder","id":"162659043","characters":["Clark"]},{"name":"Jon Lovitz","id":"162664237","characters":["Mel"]},{"name":"Craig Kilborn","id":"364661886","characters":["Jerry"]}],"alternate_ids":{"imdb":"0437863"},"links":{"self":"http://api.rottentomatoes.com/api/public/v1.0/movies/140952457.json","alternate":"http://www.rottentomatoes.com/m/benchwarmers/","cast":"http://api.rottentomatoes.com/api/public/v1.0/movies/140952457/cast.json","clips":"http://api.rottentomatoes.com/api/public/v1.0/movies/140952457/clips.json","reviews":"http://api.rottentomatoes.com/api/public/v1.0/movies/140952457/reviews.json","similar":"http://api.rottentomatoes.com/api/public/v1.0/movies/140952457/similar.json"}},{"id":"770802244","title":"The Expendables","year":2010,"mpaa_rating":"R","runtime":103,"critics_consensus":"It makes good on the old-school action it promises, but given all the talent on display, The Expendables should hit harder.","release_dates":{"theater":"2010-08-13","dvd":"2010-11-23"},"ratings":{"critics_rating":"Rotten","critics_score":41,"audience_rating":"Upright","audience_score":65},"synopsis":"An all-star cast of action-movie icons headline Sylvester Stallone's explosive action thriller about a group of hard-nosed mercenaries who are double-crossed during a treacherous mission. Approached by the shadowy Church (Bruce Willis) to overthrow tyrannical South American dictator General Gaza (David Zayas) and restore order to the troubled island country of Vilena, stoic soldier of fortune Barney Ross (Stallone) rounds up an unstoppable team that includes former SAS soldier and blade specialist Lee Christmas (Jason Statham); martial arts expert Yin (Jet Li); trigger-happy Hale Caesar (Terry Crews); and cerebral demolitions expert Toll Road (Randy Couture). Traveling to Vilena on a reconnaissance mission with his old pal Christmas, Barney meets their local contact, a cagey guerrilla fighter named Sandra (Giselle Itie), and together the trio scopes out the landscape.. It isn't long before Barney and Christmas have discovered that their actual target is not General Gaza but James Monroe (Eric Roberts), a former CIA operative who has recently gone rogue. Monroe won't be easy to get to either, because his hulking bodyguard Paine (Steve Austin) is a force to be reckoned with. When their mission is compromised, Barney and Christmas are forced to flee, leaving Sandra behind to face almost certain death. But Barney isn't the kind of soldier to abandon a mission, or a hostage, and now in order to get the job done he'll need the help of his old crew. ~ Jason Buchanan, Rovi","posters":{"thumbnail":"http://content6.flixster.com/movie/11/17/44/11174488_mob.jpg","profile":"http://content6.flixster.com/movie/11/17/44/11174488_pro.jpg","detailed":"http://content6.flixster.com/movie/11/17/44/11174488_det.jpg","original":"http://content6.flixster.com/movie/11/17/44/11174488_ori.jpg"},"abridged_cast":[{"name":"Sylvester Stallone","id":"162664630","characters":["Barney 'The Schizo' Ross","Barney Ross"]},{"name":"Jason Statham","id":"162653720","characters":["Lee Christmas"]},{"name":"Mickey Rourke","id":"162652508","characters":["Tool"]},{"name":"Terry Crews","id":"326392465","characters":["Hale Caesar"]},{"name":"Jet Li","id":"162652223","characters":["Yin Yang"]}],"alternate_ids":{"imdb":"1320253"},"links":{"self":"http://api.rottentomatoes.com/api/public/v1.0/movies/770802244.json","alternate":"http://www.rottentomatoes.com/m/the_expendables/","cast":"http://api.rottentomatoes.com/api/public/v1.0/movies/770802244/cast.json","clips":"http://api.rottentomatoes.com/api/public/v1.0/movies/770802244/clips.json","reviews":"http://api.rottentomatoes.com/api/public/v1.0/movies/770802244/reviews.json","similar":"http://api.rottentomatoes.com/api/public/v1.0/movies/770802244/similar.json"}},{"id":"24224","title":"The Producers","year":2005,"mpaa_rating":"PG-13","runtime":134,"critics_consensus":"Despite the rich source material, The Producers has a stale, stagy feel more suited to the theater than the big screen.","release_dates":{"theater":"2005-12-16","dvd":"2006-05-16"},"ratings":{"critics_rating":"Rotten","critics_score":51,"audience_rating":"Upright","audience_score":63},"synopsis":"","posters":{"thumbnail":"http://content8.flixster.com/movie/11/16/82/11168210_mob.jpg","profile":"http://content8.flixster.com/movie/11/16/82/11168210_pro.jpg","detailed":"http://content8.flixster.com/movie/11/16/82/11168210_det.jpg","original":"http://content8.flixster.com/movie/11/16/82/11168210_ori.jpg"},"abridged_cast":[{"name":"Nathan Lane","id":"162656247","characters":["Max Bialystock"]},{"name":"Matthew Broderick","id":"162655730","characters":["Leopold Bloom"]},{"name":"Uma Thurman","id":"162654901","characters":["Ulla"]},{"name":"Will Ferrell","id":"162652185","characters":["Franz Liebkind"]},{"name":"Gary Beach","id":"770711466","characters":["Roger De Bris"]}],"alternate_ids":{"imdb":"0395251"},"links":{"self":"http://api.rottentomatoes.com/api/public/v1.0/movies/24224.json","alternate":"http://www.rottentomatoes.com/m/producers_the_movie_musical/","cast":"http://api.rottentomatoes.com/api/public/v1.0/movies/24224/cast.json","clips":"http://api.rottentomatoes.com/api/public/v1.0/movies/24224/clips.json","reviews":"http://api.rottentomatoes.com/api/public/v1.0/movies/24224/reviews.json","similar":"http://api.rottentomatoes.com/api/public/v1.0/movies/24224/similar.json"}},{"id":"771228995","title":"The Raven","year":2012,"mpaa_rating":"R","runtime":110,"critics_consensus":"Thinly scripted, unevenly acted, and overall preposterous, The Raven disgraces the legacy of Edgar Allen Poe with a rote murder mystery that's more silly than scary.","release_dates":{"theater":"2012-04-27","dvd":"2012-10-09"},"ratings":{"critics_rating":"Rotten","critics_score":23,"audience_rating":"Spilled","audience_score":46},"synopsis":"The macabre and lurid tales of Edgar Allan Poe are vividly brought to life - and death - in this stylish, gothic thriller starring John Cusack as the infamous author. When a madman begins committing horrific murders inspired by Poe's darkest works, a young Baltimore detective (Luke Evans) joins forces with Poe in a quest to get inside the killer's mind in order to stop him from making every one of Poe's brutal stories a blood chilling reality. A deadly game of cat and mouse ensues, which escalates when Poe's love (Alice Eve) becomes the next target. Intrepid Pictures' The Raven also stars Brendan Gleeson and Oliver Jackson-Cohen. -- (C) Relativity","posters":{"thumbnail":"http://content7.flixster.com/movie/11/16/31/11163173_mob.jpg","profile":"http://content7.flixster.com/movie/11/16/31/11163173_pro.jpg","detailed":"http://content7.flixster.com/movie/11/16/31/11163173_det.jpg","original":"http://content7.flixster.com/movie/11/16/31/11163173_ori.jpg"},"abridged_cast":[{"name":"John Cusack","id":"162652927","characters":["Edgar Allan Poe","Edgar Allen Poe"]},{"name":"Luke Evans","id":"770842583","characters":["Detective Emmett Fields","Inspector Emmit Fields"]},{"name":"Alice Eve","id":"355028246","characters":["Emily"]},{"name":"Brendan Gleeson","id":"162652243","characters":["Colonel Hamilton"]},{"name":"Kevin McNally","id":"162720229","characters":["Maddux"]}],"alternate_ids":{"imdb":"1486192"},"links":{"self":"http://api.rottentomatoes.com/api/public/v1.0/movies/771228995.json","alternate":"http://www.rottentomatoes.com/m/the_raven_2012/","cast":"http://api.rottentomatoes.com/api/public/v1.0/movies/771228995/cast.json","clips":"http://api.rottentomatoes.com/api/public/v1.0/movies/771228995/clips.json","reviews":"http://api.rottentomatoes.com/api/public/v1.0/movies/771228995/reviews.json","similar":"http://api.rottentomatoes.com/api/public/v1.0/movies/771228995/similar.json"}},{"id":"771241349","title":"The Iron Lady","year":2011,"mpaa_rating":"PG-13","runtime":104,"critics_consensus":"Meryl Streep's performance as The Iron Lady is reliably perfect, but it's mired in bland, self-important storytelling.","release_dates":{"theater":"2012-01-13","dvd":"2012-04-10"},"ratings":{"critics_rating":"Rotten","critics_score":51,"audience_rating":"Spilled","audience_score":51},"synopsis":"The Iron Lady is a surprising and intimate portrait of Margaret Thatcher (Meryl Streep), the first and only female Prime Minister of The United Kingdom. One of the 20th century's most famous and influential women, Thatcher came from nowhere to smash through barriers of gender and class to be heard in a male dominated world. -- (C) Weinstein","posters":{"thumbnail":"http://content7.flixster.com/movie/11/17/38/11173845_mob.jpg","profile":"http://content7.flixster.com/movie/11/17/38/11173845_pro.jpg","detailed":"http://content7.flixster.com/movie/11/17/38/11173845_det.jpg","original":"http://content7.flixster.com/movie/11/17/38/11173845_ori.jpg"},"abridged_cast":[{"name":"Meryl Streep","id":"162654900","characters":["Margaret Thatcher"]},{"name":"Jim Broadbent","id":"162653369","characters":["Denis Thatcher"]},{"name":"Harry Lloyd","id":"770722046","characters":["Young Denis Thatcher"]},{"name":"Anthony Head","id":"326392547","characters":["Geoffrey Howe"]},{"name":"Alexandra Roach","id":"771100338","characters":["Young Margaret Thatcher"]}],"alternate_ids":{"imdb":"1007029"},"links":{"self":"http://api.rottentomatoes.com/api/public/v1.0/movies/771241349.json","alternate":"http://www.rottentomatoes.com/m/the_iron_lady/","cast":"http://api.rottentomatoes.com/api/public/v1.0/movies/771241349/cast.json","clips":"http://api.rottentomatoes.com/api/public/v1.0/movies/771241349/clips.json","reviews":"http://api.rottentomatoes.com/api/public/v1.0/movies/771241349/reviews.json","similar":"http://api.rottentomatoes.com/api/public/v1.0/movies/771241349/similar.json"}},{"id":"16978","title":"Anchorman - The Legend Of Ron Burgundy","year":2004,"mpaa_rating":"PG-13","runtime":94,"critics_consensus":"Filled with inspired silliness and quotable lines, Anchorman isn't the most consistent comedy in the world, but Will Ferrell's buffoonish central performance helps keep this portrait of a clueless newsman from going off the rails.","release_dates":{"theater":"2004-07-09","dvd":"2004-12-28"},"ratings":{"critics_rating":"Fresh","critics_score":66,"audience_rating":"Upright","audience_score":87},"synopsis":"","posters":{"thumbnail":"http://content7.flixster.com/movie/11/16/97/11169773_mob.jpg","profile":"http://content7.flixster.com/movie/11/16/97/11169773_pro.jpg","detailed":"http://content7.flixster.com/movie/11/16/97/11169773_det.jpg","original":"http://content7.flixster.com/movie/11/16/97/11169773_ori.jpg"},"abridged_cast":[{"name":"Will Ferrell","id":"162652185","characters":["Ron Burgundy"]},{"name":"Christina Applegate","id":"162663389","characters":["Veronica Corningstone"]},{"name":"Paul Rudd","id":"162653309","characters":["Brian Fantana"]},{"name":"Steve Carell","id":"162652665","characters":["Brick Tamland"]},{"name":"David Koechner","id":"162654117","characters":["Champ Kind"]}],"alternate_ids":{"imdb":"0357413"},"links":{"self":"http://api.rottentomatoes.com/api/public/v1.0/movies/16978.json","alternate":"http://www.rottentomatoes.com/m/anchorman/","cast":"http://api.rottentomatoes.com/api/public/v1.0/movies/16978/cast.json","clips":"http://api.rottentomatoes.com/api/public/v1.0/movies/16978/clips.json","reviews":"http://api.rottentomatoes.com/api/public/v1.0/movies/16978/reviews.json","similar":"http://api.rottentomatoes.com/api/public/v1.0/movies/16978/similar.json"}},{"id":"770794511","title":"The Tooth Fairy","year":2010,"mpaa_rating":"PG","runtime":101,"critics_consensus":"Dwayne Johnson brings the full force of his charm (and his appropriately pale chompers) to the title role, but flat direction and a committee-written script render The Tooth Fairy unacceptably dull.","release_dates":{"theater":"2010-01-22","dvd":"2010-05-04"},"ratings":{"critics_rating":"Rotten","critics_score":18,"audience_rating":"Spilled","audience_score":42},"synopsis":"20th Century Fox presents this family comedy following a star hockey player's (Dwayne Johnson) temporary transformation into a full-fledged tooth fairy as penalty for discouraging a young fan. Director Michael Lembeck (The Santa Clause 2 and 3) helms the family comedy, based on a screenplay by veteran comedic writers Lowell Ganz and Babaloo Mandel, with additional writing provided by Joshua Sternin and Jeffrey Ventimilia. Ashley Judd and Julie Andrews co-star in the Blumhouse and Mayhem Pictures production. ~ Jeremy Wheeler, Rovi","posters":{"thumbnail":"http://content8.flixster.com/movie/10/94/25/10942598_mob.jpg","profile":"http://content8.flixster.com/movie/10/94/25/10942598_pro.jpg","detailed":"http://content8.flixster.com/movie/10/94/25/10942598_det.jpg","original":"http://content8.flixster.com/movie/10/94/25/10942598_ori.jpg"},"abridged_cast":[{"name":"Dwayne \"The Rock\" Johnson","id":"770893686","characters":["Derek Thompson"]},{"name":"Ashley Judd","id":"162662542","characters":["Carly"]},{"name":"Stephen Merchant","id":"770706532","characters":["Tracy"]},{"name":"Ryan Sheckler","id":"770692464","characters":["Mick Donnelly"]},{"name":"Seth MacFarlane","id":"364629414","characters":["Ziggy"]}],"alternate_ids":{"imdb":"0808510"},"links":{"self":"http://api.rottentomatoes.com/api/public/v1.0/movies/770794511.json","alternate":"http://www.rottentomatoes.com/m/1202110-tooth_fairy/","cast":"http://api.rottentomatoes.com/api/public/v1.0/movies/770794511/cast.json","clips":"http://api.rottentomatoes.com/api/public/v1.0/movies/770794511/clips.json","reviews":"http://api.rottentomatoes.com/api/public/v1.0/movies/770794511/reviews.json","similar":"http://api.rottentomatoes.com/api/public/v1.0/movies/770794511/similar.json"}},{"id":"770680569","title":"The International","year":2009,"mpaa_rating":"R","runtime":118,"critics_consensus":"The International boasts some electric action sequences and picturesque locales, but is undone by its preposterous plot.","release_dates":{"theater":"2009-02-13","dvd":"2009-06-09"},"ratings":{"critics_rating":"Rotten","critics_score":59,"audience_rating":"Spilled","audience_score":37},"synopsis":"","posters":{"thumbnail":"http://content8.flixster.com/movie/10/88/40/10884050_mob.jpg","profile":"http://content8.flixster.com/movie/10/88/40/10884050_pro.jpg","detailed":"http://content8.flixster.com/movie/10/88/40/10884050_det.jpg","original":"http://content8.flixster.com/movie/10/88/40/10884050_ori.jpg"},"abridged_cast":[{"name":"Clive Owen","id":"162652511","characters":["Louis Salinger"]},{"name":"Naomi Watts","id":"162654749","characters":["Eleanor Whitman"]},{"name":"Armin Mueller-Stahl","id":"162662205"},{"name":"Brian F. O'Byrne","id":"162722372"}],"alternate_ids":{"imdb":"0963178"},"links":{"self":"http://api.rottentomatoes.com/api/public/v1.0/movies/770680569.json","alternate":"http://www.rottentomatoes.com/m/international/","cast":"http://api.rottentomatoes.com/api/public/v1.0/movies/770680569/cast.json","clips":"http://api.rottentomatoes.com/api/public/v1.0/movies/770680569/clips.json","reviews":"http://api.rottentomatoes.com/api/public/v1.0/movies/770680569/reviews.json","similar":"http://api.rottentomatoes.com/api/public/v1.0/movies/770680569/similar.json"}},{"id":"11649","title":"The Lord of the Rings","year":1978,"mpaa_rating":"PG","runtime":132,"release_dates":{"theater":"1978-11-15","dvd":"2001-09-11"},"ratings":{"critics_rating":"Rotten","critics_score":48,"audience_rating":"Upright","audience_score":65},"synopsis":"","posters":{"thumbnail":"http://content7.flixster.com/movie/11/15/29/11152973_mob.jpg","profile":"http://content7.flixster.com/movie/11/15/29/11152973_pro.jpg","detailed":"http://content7.flixster.com/movie/11/15/29/11152973_det.jpg","original":"http://content7.flixster.com/movie/11/15/29/11152973_ori.jpg"},"abridged_cast":[{"name":"Christopher Guard","id":"162673771","characters":["Frodo"]},{"name":"William Squire","id":"162673772","characters":["Gandalf"]},{"name":"Michael Sholes","id":"770949605"},{"name":"John Hurt","id":"162653221","characters":["Aragorn"]},{"name":"Simon Chandler","id":"238492506","characters":["Meriadoc"]}],"alternate_ids":{"imdb":"0077869"},"links":{"self":"http://api.rottentomatoes.com/api/public/v1.0/movies/11649.json","alternate":"http://www.rottentomatoes.com/m/lord_of_the_rings/","cast":"http://api.rottentomatoes.com/api/public/v1.0/movies/11649/cast.json","clips":"http://api.rottentomatoes.com/api/public/v1.0/movies/11649/clips.json","reviews":"http://api.rottentomatoes.com/api/public/v1.0/movies/11649/reviews.json","similar":"http://api.rottentomatoes.com/api/public/v1.0/movies/11649/similar.json"}},{"id":"771095631","title":"The Hangover Part II","year":2011,"mpaa_rating":"R","runtime":102,"critics_consensus":"A crueler, darker, raunchier carbon copy of the first installment, The Hangover Part II lacks the element of surprise -- and most of the joy -- that helped make the original a hit.","release_dates":{"theater":"2011-05-26","dvd":"2011-12-06"},"ratings":{"critics_rating":"Rotten","critics_score":34,"audience_rating":"Spilled","audience_score":53},"synopsis":"In The Hangover Part II, Phil (Bradley Cooper), Stu (Ed Helms), Alan (Zach Galifianakis) and Doug (Justin Bartha) travel to exotic Thailand for Stu's wedding. After the unforgettable bachelor party in Las Vegas, Stu is taking no chances and has opted for a safe, subdued pre-wedding brunch. However, things don't always go as planned. What happens in Vegas may stay in Vegas, but what happens in Bangkok can't even be imagined. -- (C) Warner Bros","posters":{"thumbnail":"http://content9.flixster.com/movie/11/16/36/11163671_mob.jpg","profile":"http://content9.flixster.com/movie/11/16/36/11163671_pro.jpg","detailed":"http://content9.flixster.com/movie/11/16/36/11163671_det.jpg","original":"http://content9.flixster.com/movie/11/16/36/11163671_ori.jpg"},"abridged_cast":[{"name":"Bradley Cooper","id":"351525448","characters":["Phil"]},{"name":"Ed Helms","id":"770691762","characters":["Stu"]},{"name":"Zach Galifianakis","id":"162655230","characters":["Alan"]},{"name":"Justin Bartha","id":"162659095","characters":["Doug"]},{"name":"Ken Jeong","id":"770692484","characters":["Mr. Chow"]}],"alternate_ids":{"imdb":"1411697"},"links":{"self":"http://api.rottentomatoes.com/api/public/v1.0/movies/771095631.json","alternate":"http://www.rottentomatoes.com/m/the_hangover_2/","cast":"http://api.rottentomatoes.com/api/public/v1.0/movies/771095631/cast.json","clips":"http://api.rottentomatoes.com/api/public/v1.0/movies/771095631/clips.json","reviews":"http://api.rottentomatoes.com/api/public/v1.0/movies/771095631/reviews.json","similar":"http://api.rottentomatoes.com/api/public/v1.0/movies/771095631/similar.json"}},{"id":"770680397","title":"Hannah Montana: The Movie","year":2009,"mpaa_rating":"G","runtime":92,"critics_consensus":"While youthful Miley fans won't complain, Hannah Montana the Movie is little more than a formulaic Disney Channel episode stretched thin.","release_dates":{"theater":"2009-04-10","dvd":"2009-08-18"},"ratings":{"critics_rating":"Rotten","critics_score":45,"audience_rating":"Upright","audience_score":67},"synopsis":"","posters":{"thumbnail":"http://content6.flixster.com/movie/11/12/50/11125016_mob.jpg","profile":"http://content6.flixster.com/movie/11/12/50/11125016_pro.jpg","detailed":"http://content6.flixster.com/movie/11/12/50/11125016_det.jpg","original":"http://content6.flixster.com/movie/11/12/50/11125016_ori.jpg"},"abridged_cast":[{"name":"Miley Cyrus","id":"512231614","characters":["Hannah Montana/Miley Stewart"]},{"name":"Billy Ray Cyrus","id":"359854152","characters":["Robby Ray Stewart"]},{"name":"Emily Osment","id":"770672349","characters":["Lilly"]},{"name":"Jason Earles","id":"364610454","characters":["Jackson"]},{"name":"Mitchel Musso","id":"428909328","characters":["Oliver"]}],"alternate_ids":{"imdb":"1114677"},"links":{"self":"http://api.rottentomatoes.com/api/public/v1.0/movies/770680397.json","alternate":"http://www.rottentomatoes.com/m/hannah_montana_the_movie/","cast":"http://api.rottentomatoes.com/api/public/v1.0/movies/770680397/cast.json","clips":"http://api.rottentomatoes.com/api/public/v1.0/movies/770680397/clips.json","reviews":"http://api.rottentomatoes.com/api/public/v1.0/movies/770680397/reviews.json","similar":"http://api.rottentomatoes.com/api/public/v1.0/movies/770680397/similar.json"}},{"id":"770682016","title":"The Tale of Despereaux","year":2008,"mpaa_rating":"G","runtime":94,"critics_consensus":"Despite its striking visuals, The Tale of Despereaux as a story feels familiar and unimaginative.","release_dates":{"theater":"2008-12-19","dvd":"2009-04-07"},"ratings":{"critics_rating":"Rotten","critics_score":56,"audience_rating":"Spilled","audience_score":45},"synopsis":"","posters":{"thumbnail":"http://content6.flixster.com/movie/10/87/41/10874160_mob.jpg","profile":"http://content6.flixster.com/movie/10/87/41/10874160_pro.jpg","detailed":"http://content6.flixster.com/movie/10/87/41/10874160_det.jpg","original":"http://content6.flixster.com/movie/10/87/41/10874160_ori.jpg"},"abridged_cast":[{"name":"Matthew Broderick","id":"162655730","characters":["Despereaux"]},{"name":"Robbie Coltrane","id":"162655379","characters":["Gregory"]},{"name":"Frances Conroy","id":"162653067","characters":["Antoinette"]},{"name":"Tony Hale","id":"770741100","characters":["Furlough"]},{"name":"Ciaran Hinds","id":"162659596","characters":["Botticelli"]}],"alternate_ids":{"imdb":"0420238"},"links":{"self":"http://api.rottentomatoes.com/api/public/v1.0/movies/770682016.json","alternate":"http://www.rottentomatoes.com/m/tale_of_despereaux/","cast":"http://api.rottentomatoes.com/api/public/v1.0/movies/770682016/cast.json","clips":"http://api.rottentomatoes.com/api/public/v1.0/movies/770682016/clips.json","reviews":"http://api.rottentomatoes.com/api/public/v1.0/movies/770682016/reviews.json","similar":"http://api.rottentomatoes.com/api/public/v1.0/movies/770682016/similar.json"}},{"id":"771257449","title":"Lawless","year":2012,"mpaa_rating":"R","runtime":115,"critics_consensus":"Grim, bloody, and utterly flawed, Lawless doesn't quite achieve the epic status it strains for, but it's too beautifully filmed and powerfully acted to dismiss.","release_dates":{"theater":"2012-08-29","dvd":"2012-11-27"},"ratings":{"critics_rating":"Fresh","critics_score":67,"audience_rating":"Upright","audience_score":75},"synopsis":"Lawless is the true story of the infamous Bondurant Brothers: bootlegging siblings who made a run for the American Dream in Prohibition-era Virginia. In this epic gangster tale, inspired by true-life tales of author Matt Bondurant's family in his novel \"The Wettest County in the World\", the loyalty of three brothers is put to the test against the backdrop of the nation's most notorious crime wave. -- (C) Weinstein","posters":{"thumbnail":"http://content6.flixster.com/movie/11/17/35/11173568_mob.jpg","profile":"http://content6.flixster.com/movie/11/17/35/11173568_pro.jpg","detailed":"http://content6.flixster.com/movie/11/17/35/11173568_det.jpg","original":"http://content6.flixster.com/movie/11/17/35/11173568_ori.jpg"},"abridged_cast":[{"name":"Shia LaBeouf","id":"162654215","characters":["Jack","Jack Bondurant"]},{"name":"Tom Hardy","id":"391527059","characters":["Forrest","Forrest Bondurant"]},{"name":"Jason Clarke","id":"359854726","characters":["Howard","Howard Bondurant"]},{"name":"Guy Pearce","id":"162660324","characters":["Charley Rakes"]},{"name":"Jessica Chastain","id":"770760183","characters":["Maggie","Maggie Beauford"]}],"alternate_ids":{"imdb":"1212450"},"links":{"self":"http://api.rottentomatoes.com/api/public/v1.0/movies/771257449.json","alternate":"http://www.rottentomatoes.com/m/lawless_2012/","cast":"http://api.rottentomatoes.com/api/public/v1.0/movies/771257449/cast.json","clips":"http://api.rottentomatoes.com/api/public/v1.0/movies/771257449/clips.json","reviews":"http://api.rottentomatoes.com/api/public/v1.0/movies/771257449/reviews.json","similar":"http://api.rottentomatoes.com/api/public/v1.0/movies/771257449/similar.json"}},{"id":"10017","title":"The Phantom of the Opera","year":2005,"mpaa_rating":"PG-13","runtime":143,"critics_consensus":"The music of the night has hit something of a sour note: Critics are calling the screen adaptation of Andrew Lloyd Webber's popular musical histrionic, boring, and lacking in both romance and danger. Still, some have praised the film for its sheer spectacle.","release_dates":{"theater":"2005-01-21","dvd":"2005-05-03"},"ratings":{"critics_rating":"Rotten","critics_score":33,"audience_rating":"Upright","audience_score":85},"synopsis":"","posters":{"thumbnail":"http://content9.flixster.com/movie/35/84/18/3584187_mob.jpg","profile":"http://content9.flixster.com/movie/35/84/18/3584187_pro.jpg","detailed":"http://content9.flixster.com/movie/35/84/18/3584187_det.jpg","original":"http://content9.flixster.com/movie/35/84/18/3584187_ori.jpg"},"abridged_cast":[{"name":"Gerard Butler","id":"162659102","characters":["The Phantom"]},{"name":"Emmy Rossum","id":"162659103","characters":["Christine Daae"]},{"name":"Patrick Wilson","id":"162659104","characters":["Vicomte Raoul de Chagny"]},{"name":"Minnie Driver","id":"162656409","characters":["La Carlotta"]},{"name":"Miranda Richardson","id":"162657484","characters":["Madame Giry"]}],"alternate_ids":{"imdb":"0293508"},"links":{"self":"http://api.rottentomatoes.com/api/public/v1.0/movies/10017.json","alternate":"http://www.rottentomatoes.com/m/phantom_of_the_opera/","cast":"http://api.rottentomatoes.com/api/public/v1.0/movies/10017/cast.json","clips":"http://api.rottentomatoes.com/api/public/v1.0/movies/10017/clips.json","reviews":"http://api.rottentomatoes.com/api/public/v1.0/movies/10017/reviews.json","similar":"http://api.rottentomatoes.com/api/public/v1.0/movies/10017/similar.json"}},{"id":"93101300","title":"The Hills Have Eyes","year":2006,"mpaa_rating":"R","runtime":95,"critics_consensus":"Faster paced for today's audiences, this Hills remake ratchets up the gore for the hardcore horror fans, but will turn away casual audiences.","release_dates":{"theater":"2006-03-10","dvd":"2008-03-04"},"ratings":{"critics_rating":"Rotten","critics_score":50,"audience_rating":"Spilled","audience_score":58},"synopsis":"","posters":{"thumbnail":"http://content9.flixster.com/movie/10/91/33/10913327_mob.jpg","profile":"http://content9.flixster.com/movie/10/91/33/10913327_pro.jpg","detailed":"http://content9.flixster.com/movie/10/91/33/10913327_det.jpg","original":"http://content9.flixster.com/movie/10/91/33/10913327_ori.jpg"},"abridged_cast":[{"name":"Aaron Stanford","id":"162678304","characters":["Doug Wood"]},{"name":"Kathleen Quinlan","id":"162664094","characters":["Ethel Carter"]},{"name":"Vinessa Shaw","id":"364606823","characters":["Lynne Wood"]},{"name":"Emilie De Ravin","id":"341816541","characters":["Brenda Carter"]},{"name":"Dan Byrd","id":"326299417","characters":["Bobby Carter"]}],"alternate_ids":{"imdb":"0454841"},"links":{"self":"http://api.rottentomatoes.com/api/public/v1.0/movies/93101300.json","alternate":"http://www.rottentomatoes.com/m/hills_have_eyes/","cast":"http://api.rottentomatoes.com/api/public/v1.0/movies/93101300/cast.json","clips":"http://api.rottentomatoes.com/api/public/v1.0/movies/93101300/clips.json","reviews":"http://api.rottentomatoes.com/api/public/v1.0/movies/93101300/reviews.json","similar":"http://api.rottentomatoes.com/api/public/v1.0/movies/93101300/similar.json"}},{"id":"771365948","title":"The Fault In Our Stars","year":2014,"mpaa_rating":"PG-13","runtime":"","release_dates":{"theater":"2014-06-06"},"ratings":{"critics_score":-1,"audience_score":97},"synopsis":"Hazel and Gus are two extraordinary teenagers who share an acerbic wit, a disdain for the conventional, and a love that sweeps them - and us - on an unforgettable journey. Their relationship is all the more miraculous, given that they met and fell in love at a cancer support group. THE FAULT IN OUR STARS, based upon the number-one bestselling novel by John Green, explores the funny, thrilling and tragic business of being alive and in love.(C) Fox","posters":{"thumbnail":"http://content6.flixster.com/movie/11/17/61/11176136_mob.jpg","profile":"http://content6.flixster.com/movie/11/17/61/11176136_pro.jpg","detailed":"http://content6.flixster.com/movie/11/17/61/11176136_det.jpg","original":"http://content6.flixster.com/movie/11/17/61/11176136_ori.jpg"},"abridged_cast":[{"name":"Shailene Woodley","id":"770676364"},{"name":"Ansel Elgort","id":"771409061"},{"name":"Willem Dafoe","id":"162668400"},{"name":"Nat Wolff","id":"459518388"},{"name":"Laura Dern","id":"162654251"}],"alternate_ids":{"imdb":"2582846"},"links":{"self":"http://api.rottentomatoes.com/api/public/v1.0/movies/771365948.json","alternate":"http://www.rottentomatoes.com/m/the_fault_in_our_stars/","cast":"http://api.rottentomatoes.com/api/public/v1.0/movies/771365948/cast.json","clips":"http://api.rottentomatoes.com/api/public/v1.0/movies/771365948/clips.json","reviews":"http://api.rottentomatoes.com/api/public/v1.0/movies/771365948/reviews.json","similar":"http://api.rottentomatoes.com/api/public/v1.0/movies/771365948/similar.json"}},{"id":"11450","title":"Monty Python and the Holy Grail","year":1974,"mpaa_rating":"PG","runtime":92,"critics_consensus":"A cult classic as gut-bustingly hilarious as it is blithely ridiculous, Monty Python and the Holy Grail has lost none of its exceedingly silly charm.","release_dates":{"theater":"1975-01-01","dvd":"1999-09-07"},"ratings":{"critics_rating":"Certified Fresh","critics_score":97,"audience_rating":"Upright","audience_score":95},"synopsis":"","posters":{"thumbnail":"http://content7.flixster.com/movie/11/16/39/11163965_mob.jpg","profile":"http://content7.flixster.com/movie/11/16/39/11163965_pro.jpg","detailed":"http://content7.flixster.com/movie/11/16/39/11163965_det.jpg","original":"http://content7.flixster.com/movie/11/16/39/11163965_ori.jpg"},"abridged_cast":[{"name":"Graham Chapman","id":"162672158","characters":["Hiccoughing Guard","King Arthur","Three-Headed Knight"]},{"name":"John Cleese","id":"162653372","characters":["Black Knight","French","Sir Lancelot"]},{"name":"Terry Gilliam","id":"162653515","characters":["Old Man from Scene 24","Patsy/Soothsayer"]},{"name":"Eric Idle","id":"162661127","characters":["Concorde","Guard","Maynard","Roger","Sir Robin"]},{"name":"Terry Jones","id":"162672157","characters":["Dennis's Mother","Prin","Sir Bedevere","Three-Headed Knight"]}],"alternate_ids":{"imdb":"0071853"},"links":{"self":"http://api.rottentomatoes.com/api/public/v1.0/movies/11450.json","alternate":"http://www.rottentomatoes.com/m/monty_python_and_the_holy_grail/","cast":"http://api.rottentomatoes.com/api/public/v1.0/movies/11450/cast.json","clips":"http://api.rottentomatoes.com/api/public/v1.0/movies/11450/clips.json","reviews":"http://api.rottentomatoes.com/api/public/v1.0/movies/11450/reviews.json","similar":"http://api.rottentomatoes.com/api/public/v1.0/movies/11450/similar.json"}},{"id":"771363413","title":"The Wind Rises","year":2013,"mpaa_rating":"PG-13","runtime":126,"critics_consensus":"The Wind Rises is a fittingly bittersweet swan song for director Hayao Miyazaki.","release_dates":{"theater":"2014-02-21"},"ratings":{"critics_rating":"Certified Fresh","critics_score":88,"audience_rating":"Upright","audience_score":87},"synopsis":"In \"The Wind Rises,\" Jiro dreams of flying and designing beautiful airplanes, inspired by the famous Italian aeronautical designer Caproni. Nearsighted from a young age and unable to be a pilot, Jiro joins a major Japanese engineering company in 1927 and becomes one of the world's most innovative and accomplished airplane designers. -- (C) Studio Ghibli","posters":{"thumbnail":"http://content7.flixster.com/movie/11/17/49/11174921_mob.jpg","profile":"http://content7.flixster.com/movie/11/17/49/11174921_pro.jpg","detailed":"http://content7.flixster.com/movie/11/17/49/11174921_det.jpg","original":"http://content7.flixster.com/movie/11/17/49/11174921_ori.jpg"},"abridged_cast":[{"name":"Hideaki Anno","id":"265852453","characters":["Jiro Horikoshi (Japanese language version)"]},{"name":"Joseph Gordon-Levitt","id":"162666960","characters":["Jiro Horikoshi (English language version)"]},{"name":"Emily Blunt","id":"162685827","characters":["Naoko Satomi (English language version)"]},{"name":"Miori Takimoto","id":"770874994","characters":["Naoko Satomi (Japanese language version)"]},{"name":"Hidetoshi Nishijima","id":"359855311","characters":["Honjo (Japanese language version)"]}],"alternate_ids":{"imdb":"2013293"},"links":{"self":"http://api.rottentomatoes.com/api/public/v1.0/movies/771363413.json","alternate":"http://www.rottentomatoes.com/m/the_wind_rises/","cast":"http://api.rottentomatoes.com/api/public/v1.0/movies/771363413/cast.json","clips":"http://api.rottentomatoes.com/api/public/v1.0/movies/771363413/clips.json","reviews":"http://api.rottentomatoes.com/api/public/v1.0/movies/771363413/reviews.json","similar":"http://api.rottentomatoes.com/api/public/v1.0/movies/771363413/similar.json"}},{"id":"770816171","title":"The Other Guys","year":2010,"mpaa_rating":"PG-13","runtime":107,"critics_consensus":"A clever parody of cop-buddy action-comedies, The Other Guys delivers several impressive action set pieces and lots of big laughs, thanks to the assured comic chemistry between Will Ferrell and Mark Wahlberg.","release_dates":{"theater":"2010-08-06","dvd":"2010-12-14"},"ratings":{"critics_rating":"Certified Fresh","critics_score":79,"audience_rating":"Spilled","audience_score":59},"synopsis":"A desk-jockey detective and his tough-talking partner get their moment to shine in this buddy police comedy starring Will Ferrell and Mark Wahlberg, and directed by Adam McKay (Anchorman: The Legend of Ron Burgundy, Talladega Nights: The Ballad of Ricky Bobby). New York City detective Allen Gamble (Ferrell) is more comfortable pushing pencils than busting bad guys. A meticulous forensic accountant, his numbers are never off. Detective Terry Hoitz (Wahlberg) is Gamble's reluctant partner. Try as Detective Hoitz might to get back on the streets, an embarrassing encounter with Derek Jeter has left a sizable black mark on his permanent record. Detectives Danson (Dwayne Johnson) and Highsmith (Samuel L. Jackson) are the complete opposites of Gamble and Hoitz: unwaveringly confident, they always get their man, and they do it with style to spare. When the time comes for Gamble and Hoitz to prove their mettle and save the day, their incompetence becomes the stuff of legend. ~ Jason Buchanan, Rovi","posters":{"thumbnail":"http://content7.flixster.com/movie/11/16/94/11169445_mob.jpg","profile":"http://content7.flixster.com/movie/11/16/94/11169445_pro.jpg","detailed":"http://content7.flixster.com/movie/11/16/94/11169445_det.jpg","original":"http://content7.flixster.com/movie/11/16/94/11169445_ori.jpg"},"abridged_cast":[{"name":"Will Ferrell","id":"162652185","characters":["Det. Allen Gamble"]},{"name":"Mark Wahlberg","id":"162653181","characters":["Det. Terry Hoitz"]},{"name":"Eva Mendes","id":"162666504","characters":["Dr. Sheila Gamble"]},{"name":"Michael Keaton","id":"162652681","characters":["Capt. Gene Mauch"]},{"name":"Dwayne \"The Rock\" Johnson","id":"770893686","characters":["Det. Christopher Danson"]}],"alternate_ids":{"imdb":"1386588"},"links":{"self":"http://api.rottentomatoes.com/api/public/v1.0/movies/770816171.json","alternate":"http://www.rottentomatoes.com/m/other_guys/","cast":"http://api.rottentomatoes.com/api/public/v1.0/movies/770816171/cast.json","clips":"http://api.rottentomatoes.com/api/public/v1.0/movies/770816171/clips.json","reviews":"http://api.rottentomatoes.com/api/public/v1.0/movies/770816171/reviews.json","similar":"http://api.rottentomatoes.com/api/public/v1.0/movies/770816171/similar.json"}},{"id":"155655054","title":"The Omen","year":2006,"mpaa_rating":"R","runtime":103,"critics_consensus":"Even with the force of a \"classic\" behind it, remake fever can't hold up the hollowness of this style-drenched Omen.","release_dates":{"theater":"2006-06-06","dvd":"2006-10-17"},"ratings":{"critics_rating":"Rotten","critics_score":27,"audience_rating":"Spilled","audience_score":40},"synopsis":"","posters":{"thumbnail":"http://content9.flixster.com/movie/10/93/48/10934823_mob.jpg","profile":"http://content9.flixster.com/movie/10/93/48/10934823_pro.jpg","detailed":"http://content9.flixster.com/movie/10/93/48/10934823_det.jpg","original":"http://content9.flixster.com/movie/10/93/48/10934823_ori.jpg"},"abridged_cast":[{"name":"Julia Stiles","id":"162660056","characters":["Katherine Thorn"]},{"name":"Liev Schreiber","id":"162653994","characters":["Robert Thorn"]},{"name":"Mia Farrow","id":"162655891","characters":["Mrs. Baylock"]},{"name":"David Thewlis","id":"162656526","characters":["Keith Jennings"]},{"name":"Pete Postlethwaite","id":"162652858","characters":["Father Brennan"]}],"alternate_ids":{"imdb":"0466909"},"links":{"self":"http://api.rottentomatoes.com/api/public/v1.0/movies/155655054.json","alternate":"http://www.rottentomatoes.com/m/omen/","cast":"http://api.rottentomatoes.com/api/public/v1.0/movies/155655054/cast.json","clips":"http://api.rottentomatoes.com/api/public/v1.0/movies/155655054/clips.json","reviews":"http://api.rottentomatoes.com/api/public/v1.0/movies/155655054/reviews.json","similar":"http://api.rottentomatoes.com/api/public/v1.0/movies/155655054/similar.json"}},{"id":"284431475","title":"The Fountain","year":2006,"mpaa_rating":"PG-13","runtime":95,"critics_consensus":"The Fountain -- a movie about metaphysics, universal patterns, Biblical symbolism, and boundless love spread across one thousand years -- is visually rich but suffers from its own unfocused ambitions.","release_dates":{"theater":"2006-11-22","dvd":"2007-05-18"},"ratings":{"critics_rating":"Rotten","critics_score":51,"audience_rating":"Upright","audience_score":74},"synopsis":"","posters":{"thumbnail":"http://content6.flixster.com/movie/11/16/70/11167008_mob.jpg","profile":"http://content6.flixster.com/movie/11/16/70/11167008_pro.jpg","detailed":"http://content6.flixster.com/movie/11/16/70/11167008_det.jpg","original":"http://content6.flixster.com/movie/11/16/70/11167008_ori.jpg"},"abridged_cast":[{"name":"Hugh Jackman","id":"162661503","characters":["Tomas/Tommy/Tom Creo"]},{"name":"Rachel Weisz","id":"162653682","characters":["Isabel/Izzi Creo"]},{"name":"Ellen Burstyn","id":"162660525","characters":["Dr Lillian Guzetti"]},{"name":"Mark Margolis","id":"162686983","characters":["Father Avila"]},{"name":"Stephen McHattie","id":"364627742","characters":["Grand Inquisitor Silecio"]}],"alternate_ids":{"imdb":"0414993"},"links":{"self":"http://api.rottentomatoes.com/api/public/v1.0/movies/284431475.json","alternate":"http://www.rottentomatoes.com/m/the_fountain/","cast":"http://api.rottentomatoes.com/api/public/v1.0/movies/284431475/cast.json","clips":"http://api.rottentomatoes.com/api/public/v1.0/movies/284431475/clips.json","reviews":"http://api.rottentomatoes.com/api/public/v1.0/movies/284431475/reviews.json","similar":"http://api.rottentomatoes.com/api/public/v1.0/movies/284431475/similar.json"}},{"id":"10189","title":"The Italian Job","year":2003,"mpaa_rating":"PG-13","runtime":104,"critics_consensus":"Despite some iffy plot elements, The Italian Job succeeds in delivering an entertaining modern take on the original 1969 heist film, thanks to a charismatic cast.","release_dates":{"theater":"2003-05-30","dvd":"2003-10-07"},"ratings":{"critics_rating":"Fresh","critics_score":73,"audience_rating":"Upright","audience_score":80},"synopsis":"","posters":{"thumbnail":"http://content6.flixster.com/movie/11/16/97/11169788_mob.jpg","profile":"http://content6.flixster.com/movie/11/16/97/11169788_pro.jpg","detailed":"http://content6.flixster.com/movie/11/16/97/11169788_det.jpg","original":"http://content6.flixster.com/movie/11/16/97/11169788_ori.jpg"},"abridged_cast":[{"name":"Mark Wahlberg","id":"162653181","characters":["Charlie Croker"]},{"name":"Charlize Theron","id":"162654733","characters":["Stella Bridger"]},{"name":"Edward Norton","id":"162660884","characters":["Steve Frezelli"]},{"name":"Seth Green","id":"162660883","characters":["Lyle"]},{"name":"Jason Statham","id":"162653720","characters":["Handsome Rob"]}],"alternate_ids":{"imdb":"0317740"},"links":{"self":"http://api.rottentomatoes.com/api/public/v1.0/movies/10189.json","alternate":"http://www.rottentomatoes.com/m/italian_job/","cast":"http://api.rottentomatoes.com/api/public/v1.0/movies/10189/cast.json","clips":"http://api.rottentomatoes.com/api/public/v1.0/movies/10189/clips.json","reviews":"http://api.rottentomatoes.com/api/public/v1.0/movies/10189/reviews.json","similar":"http://api.rottentomatoes.com/api/public/v1.0/movies/10189/similar.json"}},{"id":"770796548","title":"The Sorcerer's Apprentice","year":2010,"mpaa_rating":"PG","runtime":111,"critics_consensus":"It has a likable cast and loads of CGI spectacle, but for all but the least demanding viewers, The Sorcerer's Apprentice will be less than spellbinding.","release_dates":{"theater":"2010-07-14","dvd":"2010-11-30"},"ratings":{"critics_rating":"Rotten","critics_score":41,"audience_rating":"Spilled","audience_score":53},"synopsis":"Inspired by the beloved segment of the Walt Disney classic Fantasia, The Sorcerer's Apprentice moves the setting of the story to modern-day Manhattan, where decidedly average teen Dave Stutler (Jay Baruchel) hones his magical powers under the tutelage of master sorcerer Balthazar Blake (Nicolas Cage). Malevolent wizard Maxim Horvath (Alfred Molina) is determined to claim New York City as his own. And Horvath isn't alone in his diabolical endeavor, because by joining forces with the sinister sorcerer, pop illusionist Drake Stone (Toby Kebbell) aspires to gain powers beyond his wildest imagination. Realizing that he can't take on Horvath and Stone alone, Blake recruits Stutler as his reluctant assistant and begins training him the battle that will determine the fate of the Big Apple. Teresa Palmer and Monica Bellucci co-star. ~ Jason Buchanan, Rovi","posters":{"thumbnail":"http://content9.flixster.com/movie/11/11/99/11119967_mob.jpg","profile":"http://content9.flixster.com/movie/11/11/99/11119967_pro.jpg","detailed":"http://content9.flixster.com/movie/11/11/99/11119967_det.jpg","original":"http://content9.flixster.com/movie/11/11/99/11119967_ori.jpg"},"abridged_cast":[{"name":"Nicolas Cage","id":"162653923","characters":["Balthazar Blake"]},{"name":"Jay Baruchel","id":"259260120","characters":["Dave Stutler"]},{"name":"Alfred Molina","id":"162659152","characters":["Maxim Horvath"]},{"name":"Teresa Palmer","id":"347990464","characters":["Becky Barnes"]},{"name":"Toby Kebbell","id":"341816021","characters":["Drake Stone"]}],"alternate_ids":{"imdb":"0963966"},"links":{"self":"http://api.rottentomatoes.com/api/public/v1.0/movies/770796548.json","alternate":"http://www.rottentomatoes.com/m/sorcerers_apprentice/","cast":"http://api.rottentomatoes.com/api/public/v1.0/movies/770796548/cast.json","clips":"http://api.rottentomatoes.com/api/public/v1.0/movies/770796548/clips.json","reviews":"http://api.rottentomatoes.com/api/public/v1.0/movies/770796548/reviews.json","similar":"http://api.rottentomatoes.com/api/public/v1.0/movies/770796548/similar.json"}},{"id":"326391491","title":"Friday the 13th","year":2009,"mpaa_rating":"R","runtime":98,"critics_consensus":"Though technically well-constructed, Friday the 13th is a series rehash that features little to distinguish it from its predecessors.","release_dates":{"theater":"2009-02-13","dvd":"2009-06-16"},"ratings":{"critics_rating":"Rotten","critics_score":25,"audience_rating":"Spilled","audience_score":46},"synopsis":"","posters":{"thumbnail":"http://content7.flixster.com/movie/10/85/74/10857401_mob.jpg","profile":"http://content7.flixster.com/movie/10/85/74/10857401_pro.jpg","detailed":"http://content7.flixster.com/movie/10/85/74/10857401_det.jpg","original":"http://content7.flixster.com/movie/10/85/74/10857401_ori.jpg"},"abridged_cast":[{"name":"Jared Padalecki","id":"162652261","characters":["Clay Miller"]},{"name":"Danielle Panabaker","id":"162652948","characters":["Jenna"]},{"name":"Amanda Righetti","id":"770682879","characters":["Whitney Miller"]},{"name":"Travis Van Winkle","id":"358177832","characters":["Trent"]},{"name":"Aaron Yoo","id":"528367115","characters":["Chewie"]}],"alternate_ids":{"imdb":"0758746"},"links":{"self":"http://api.rottentomatoes.com/api/public/v1.0/movies/326391491.json","alternate":"http://www.rottentomatoes.com/m/friday_the_13th_prequel/","cast":"http://api.rottentomatoes.com/api/public/v1.0/movies/326391491/cast.json","clips":"http://api.rottentomatoes.com/api/public/v1.0/movies/326391491/clips.json","reviews":"http://api.rottentomatoes.com/api/public/v1.0/movies/326391491/reviews.json","similar":"http://api.rottentomatoes.com/api/public/v1.0/movies/326391491/similar.json"}},{"id":"770739679","title":"Captain America: The First Avenger","year":2011,"mpaa_rating":"PG-13","runtime":124,"critics_consensus":"With plenty of pulpy action, a pleasantly retro vibe, and a handful of fine performances, Captain America is solidly old-fashioned blockbuster entertainment.","release_dates":{"theater":"2011-07-22","dvd":"2011-10-25"},"ratings":{"critics_rating":"Certified Fresh","critics_score":79,"audience_rating":"Upright","audience_score":73},"synopsis":"Captain America: The First Avenger will focus on the early days of the Marvel Universe when Steve Rogers (Chris Evans) volunteers to participate in an experimental program that turns him into the Super Soldier known as Captain America. As Captain America, Rogers joins forces with Bucky Barnes (Sebastian Stan) and Peggy Carter (Hayley Atwell) to wage war on the evil HYDRA organization, led by the villainous Red Skull (Hugo Weaving.) -- (C) Paramount","posters":{"thumbnail":"http://content9.flixster.com/movie/11/15/83/11158339_mob.jpg","profile":"http://content9.flixster.com/movie/11/15/83/11158339_pro.jpg","detailed":"http://content9.flixster.com/movie/11/15/83/11158339_det.jpg","original":"http://content9.flixster.com/movie/11/15/83/11158339_ori.jpg"},"abridged_cast":[{"name":"Chris Evans","id":"162652784","characters":["Captain America/Steve Rogers","Steve Rogers / Captain America","Steve Rogers/Captain America"]},{"name":"Hayley Atwell","id":"417268294","characters":["Peggy Carter"]},{"name":"Sebastian Stan","id":"326299814","characters":["Bucky Barnes","James Buchanan \"Bucky\" Barnes"]},{"name":"Tommy Lee Jones","id":"162666788","characters":["Colonel Chester Phillips"]},{"name":"Hugo Weaving","id":"162709905","characters":["Johann Schmidt/Red Skull","Johann Schmidt/The Red Skull","Red Skull"]}],"alternate_ids":{"imdb":"0458339"},"links":{"self":"http://api.rottentomatoes.com/api/public/v1.0/movies/770739679.json","alternate":"http://www.rottentomatoes.com/m/captain-america/","cast":"http://api.rottentomatoes.com/api/public/v1.0/movies/770739679/cast.json","clips":"http://api.rottentomatoes.com/api/public/v1.0/movies/770739679/clips.json","reviews":"http://api.rottentomatoes.com/api/public/v1.0/movies/770739679/reviews.json","similar":"http://api.rottentomatoes.com/api/public/v1.0/movies/770739679/similar.json"}},{"id":"8565","title":"Wallace & Gromit: The Curse of the Were-Rabbit","year":2005,"mpaa_rating":"G","runtime":94,"critics_consensus":"The Curse of the Were-Rabbit is a subtly touching and wonderfully eccentric adventure featuring Wallace and Gromit.","release_dates":{"theater":"2005-10-07","dvd":"2006-02-07"},"ratings":{"critics_rating":"Certified Fresh","critics_score":95,"audience_rating":"Upright","audience_score":79},"synopsis":"","posters":{"thumbnail":"http://content6.flixster.com/movie/25/02/250296_mob.jpg","profile":"http://content6.flixster.com/movie/25/02/250296_pro.jpg","detailed":"http://content6.flixster.com/movie/25/02/250296_det.jpg","original":"http://content6.flixster.com/movie/25/02/250296_ori.jpg"},"abridged_cast":[{"name":"Peter Sallis","id":"162654410","characters":["Wallace"]},{"name":"Ralph Fiennes","id":"162653681","characters":["Victor Quatermaine"]},{"name":"Helena Bonham Carter","id":"162652820","characters":["Lady Campanula Tottington (Voice)"]},{"name":"Peter Kay","id":"162654412","characters":["PC Mackintosh"]},{"name":"Nicholas Smith","id":"770787535","characters":["Reverend Clement Hedges"]}],"alternate_ids":{"imdb":"0312004"},"links":{"self":"http://api.rottentomatoes.com/api/public/v1.0/movies/8565.json","alternate":"http://www.rottentomatoes.com/m/wallace_and_gromit_curse_of_the_wererabbit/","cast":"http://api.rottentomatoes.com/api/public/v1.0/movies/8565/cast.json","clips":"http://api.rottentomatoes.com/api/public/v1.0/movies/8565/clips.json","reviews":"http://api.rottentomatoes.com/api/public/v1.0/movies/8565/reviews.json","similar":"http://api.rottentomatoes.com/api/public/v1.0/movies/8565/similar.json"}},{"id":"771313085","title":"The Equalizer","year":2014,"mpaa_rating":"Unrated","runtime":"","release_dates":{"theater":"2014-09-26"},"ratings":{"critics_score":-1,"audience_score":96},"synopsis":"Denzel Washington plays a former black ops commando who faked his death for a quiet life in Boston. He comes out of his retirement to rescue a young girl, Teri, and finds himself face to face with Russian gangsters.","posters":{"thumbnail":"http://images.rottentomatoescdn.com/images/redesign/poster_default.gif","profile":"http://images.rottentomatoescdn.com/images/redesign/poster_default.gif","detailed":"http://images.rottentomatoescdn.com/images/redesign/poster_default.gif","original":"http://images.rottentomatoescdn.com/images/redesign/poster_default.gif"},"abridged_cast":[{"name":"Denzel Washington","id":"162661439","characters":["Robert McCall","The Equalizer"]},{"name":"Marton Csokas","id":"162653240"},{"name":"Chloe Grace Moretz","id":"771410621"}],"alternate_ids":{"imdb":"0455944"},"links":{"self":"http://api.rottentomatoes.com/api/public/v1.0/movies/771313085.json","alternate":"http://www.rottentomatoes.com/m/the_equalizer_2013/","cast":"http://api.rottentomatoes.com/api/public/v1.0/movies/771313085/cast.json","clips":"http://api.rottentomatoes.com/api/public/v1.0/movies/771313085/clips.json","reviews":"http://api.rottentomatoes.com/api/public/v1.0/movies/771313085/reviews.json","similar":"http://api.rottentomatoes.com/api/public/v1.0/movies/771313085/similar.json"}},{"id":"357425054","title":"The Return","year":2006,"mpaa_rating":"PG-13","runtime":85,"critics_consensus":"Unoriginality may be an acceptable risk in the Horror genre, but boredom is never okay.","release_dates":{"theater":"2006-11-10","dvd":"2007-02-27"},"ratings":{"critics_rating":"Rotten","critics_score":16,"audience_rating":"Spilled","audience_score":33},"synopsis":"","posters":{"thumbnail":"http://content6.flixster.com/movie/29/81/34/2981344_mob.jpg","profile":"http://content6.flixster.com/movie/29/81/34/2981344_pro.jpg","detailed":"http://content6.flixster.com/movie/29/81/34/2981344_det.jpg","original":"http://content6.flixster.com/movie/29/81/34/2981344_ori.jpg"},"abridged_cast":[{"name":"Sarah Michelle Gellar","id":"162667558","characters":["Joanna Mills"]},{"name":"Peter O'Brien","id":"357425055","characters":["Terry Stahl"]},{"name":"Adam Scott","id":"341817001","characters":["Kurt"]},{"name":"Kate Beahan","id":"326433871","characters":["Michelle"]},{"name":"J.C. MacKenzie","id":"404593970","characters":["Young Griff"]}],"alternate_ids":{"imdb":"0433442"},"links":{"self":"http://api.rottentomatoes.com/api/public/v1.0/movies/357425054.json","alternate":"http://www.rottentomatoes.com/m/return/","cast":"http://api.rottentomatoes.com/api/public/v1.0/movies/357425054/cast.json","clips":"http://api.rottentomatoes.com/api/public/v1.0/movies/357425054/clips.json","reviews":"http://api.rottentomatoes.com/api/public/v1.0/movies/357425054/reviews.json","similar":"http://api.rottentomatoes.com/api/public/v1.0/movies/357425054/similar.json"}}],"links":{"self":"http://api.rottentomatoes.com/api/public/v1.0/movies.json?q=the&page_limit=50&page=5","next":"http://api.rottentomatoes.com/api/public/v1.0/movies.json?q=the&page_limit=50&page=6","prev":"http://api.rottentomatoes.com/api/public/v1.0/movies.json?q=the&page_limit=50&page=4"},"link_template":"http://api.rottentomatoes.com/api/public/v1.0/movies.json?q={search-term}&page_limit={results-per-page}&page={page-number}"}