{"total":52488,"movies":[{"id":"12989","title":"The Shawshank Redemption","year":1994,"mpaa_rating":"R","runtime":142,"critics_consensus":"The Shawshank Redemption is an uplifting, deeply satisfying prison drama with sensitive direction and fine performances.","release_dates":{"theater":"1994-09-10","dvd":"1998-01-27"},"ratings":{"critics_rating":"Certified Fresh","critics_score":90,"audience_rating":"Upright","audience_score":99},"synopsis":"","posters":{"thumbnail":"http://content9.flixster.com/movie/11/16/67/11166727_mob.jpg","profile":"http://content9.flixster.com/movie/11/16/67/11166727_pro.jpg","detailed":"http://content9.flixster.com/movie/11/16/67/11166727_det.jpg","original":"http://content9.flixster.com/movie/11/16/67/11166727_ori.jpg"},"abridged_cast":[{"name":"Tim Robbins","id":"162655168","characters":["Andy Dufresne"]},{"name":"Morgan Freeman","id":"162652224","characters":["Ellis Boy \"Red\" Redding"]},{"name":"Bob Gunton","id":"162678499","characters":["Warden Samuel Norton"]},{"name":"Bill Sadler","id":"770708463","characters":["Heywood"]},{"name":"Clancy Brown","id":"162663805","characters":["Capt. Byron Hadley"]}],"alternate_ids":{"imdb":"0111161"},"links":{"self":"http://api.rottentomatoes.com/api/public/v1.0/movies/12989.json","alternate":"http://www.rottentomatoes.com/m/shawshank_redemption/","cast":"http://api.rottentomatoes.com/api/public/v1.0/movies/12989/cast.json","clips":"http://api.rottentomatoes.com/api/public/v1.0/movies/12989/clips.json","reviews":"http://api.rottentomatoes.com/api/public/v1.0/movies/12989/reviews.json","similar":"http://api.rottentomatoes.com/api/public/v1.0/movies/12989/similar.json"}},{"id":"770670992","title":"We Own the Night","year":2007,"mpaa_rating":"R","runtime":117,"critics_consensus":"Bland characters, cliched dialogue and rickety plotting ensure We Own The Night never lives up to its potential.","release_dates":{"theater":"2007-10-12","dvd":"2008-02-13"},"ratings":{"critics_rating":"Rotten","critics_score":57,"audience_rating":"Upright","audience_score":61},"synopsis":"","posters":{"thumbnail":"http://content8.flixster.com/movie/89/16/71/8916710_mob.jpg","profile":"http://content8.flixster.com/movie/89/16/71/8916710_pro.jpg","detailed":"http://content8.flixster.com/movie/89/16/71/8916710_det.jpg","original":"http://content8.flixster.com/movie/89/16/71/8916710_ori.jpg"},"abridged_cast":[{"name":"Joaquin Phoenix","id":"162655394","characters":["Bobby Green"]},{"name":"Mark Wahlberg","id":"162653181","characters":["Lt. Joseph Grusinsky"]},{"name":"Eva Mendes","id":"162666504","characters":["Amada Juarez"]},{"name":"Robert Duvall","id":"162652186","characters":["Bert Grusinsky"]},{"name":"Antoni Corone","id":"364625463","characters":["Michael Solo"]}],"alternate_ids":{"imdb":"0498399"},"links":{"self":"http://api.rottentomatoes.com/api/public/v1.0/movies/770670992.json","alternate":"http://www.rottentomatoes.com/m/we_own_the_night/","cast":"http://api.rottentomatoes.com/api/public/v1.0/movies/770670992/cast.json","clips":"http://api.rottentomatoes.com/api/public/v1.0/movies/770670992/clips.json","reviews":"http://api.rottentomatoes.com/api/public/v1.0/movies/770670992/reviews.json","similar":"http://api.rottentomatoes.com/api/public/v1.0/movies/770670992/similar.json"}},{"id":"770682608","title":"The Princess and the Frog","year":2009,"mpaa_rating":"G","runtime":95,"critics_consensus":"The warmth of traditional Disney animation makes this occasionally lightweight fairy-tale update a lively and captivating confection for the holidays.","release_dates":{"theater":"2009-12-11","dvd":"2010-03-16"},"ratings":{"critics_rating":"Certified Fresh","critics_score":84,"audience_rating":"Upright","audience_score":74},"synopsis":"","posters":{"thumbnail":"http://content9.flixster.com/movie/10/91/48/10914831_mob.jpg","profile":"http://content9.flixster.com/movie/10/91/48/10914831_pro.jpg","detailed":"http://content9.flixster.com/movie/10/91/48/10914831_det.jpg","original":"http://content9.flixster.com/movie/10/91/48/10914831_ori.jpg"},"abridged_cast":[{"name":"Anika Noni Rose","id":"770691440","characters":["Princess Tiana"]},{"name":"Bruno Campos","id":"760382753","characters":["Prince Naveen"]},{"name":"Keith David","id":"162691693","characters":["Dr. Facilier"]},{"name":"Michael-Leon Wooley","id":"770868489","characters":["Louis"]},{"name":"Jennifer Cody","id":"770696741","characters":["Charlotte"]}],"alternate_ids":{"imdb":"0780521"},"links":{"self":"http://api.rottentomatoes.com/api/public/v1.0/movies/770682608.json","alternate":"http://www.rottentomatoes.com/m/1196003-princess_and_the_frog/","cast":"http://api.rottentomatoes.com/api/public/v1.0/movies/770682608/cast.json","clips":"http://api.rottentomatoes.com/api/public/v1.0/movies/770682608/clips.json","reviews":"http://api.rottentomatoes.com/api/public/v1.0/movies/770682608/reviews.json","similar":"http://api.rottentomatoes.com/api/public/v1.0/movies/770682608/similar.json"}},{"id":"314095341","title":"Texas Chainsaw Massacre: The Beginning","year":2006,"mpaa_rating":"R","runtime":84,"critics_consensus":"The Texas Chainsaw Massacre: The Beginning is full of blood and gore, but not enough scares or a coherent story to make for a successful horror film.","release_dates":{"theater":"2006-10-06","dvd":"2007-01-16"},"ratings":{"critics_rating":"Rotten","critics_score":12,"audience_rating":"Spilled","audience_score":54},"synopsis":"","posters":{"thumbnail":"http://content7.flixster.com/movie/11/13/31/11133153_mob.jpg","profile":"http://content7.flixster.com/movie/11/13/31/11133153_pro.jpg","detailed":"http://content7.flixster.com/movie/11/13/31/11133153_det.jpg","original":"http://content7.flixster.com/movie/11/13/31/11133153_ori.jpg"},"abridged_cast":[{"name":"Jordana Brewster","id":"162662313","characters":["Chrissie"]},{"name":"Taylor Handley","id":"338671247","characters":["Dean Hill"]},{"name":"Diora Baird","id":"338671246","characters":["Bailey"]},{"name":"Matt Bomer","id":"771077752","characters":["Eric Hill"]},{"name":"R. Lee Ermey","id":"162662280","characters":["Sheriff Hoyt"]}],"alternate_ids":{"imdb":"0420294"},"links":{"self":"http://api.rottentomatoes.com/api/public/v1.0/movies/314095341.json","alternate":"http://www.rottentomatoes.com/m/texas_chainsaw_massacre_the_beginning/","cast":"http://api.rottentomatoes.com/api/public/v1.0/movies/314095341/cast.json","clips":"http://api.rottentomatoes.com/api/public/v1.0/movies/314095341/clips.json","reviews":"http://api.rottentomatoes.com/api/public/v1.0/movies/314095341/reviews.json","similar":"http://api.rottentomatoes.com/api/public/v1.0/movies/314095341/similar.json"}},{"id":"155655036","title":"The Break-Up","year":2006,"mpaa_rating":"PG-13","runtime":107,"critics_consensus":"This anti-romantic comedy lacks both laughs and insight, resulting in an odd and unsatisfying experience.","release_dates":{"theater":"2006-06-02","dvd":"2006-10-17"},"ratings":{"critics_rating":"Rotten","critics_score":34,"audience_rating":"Spilled","audience_score":46},"synopsis":"","posters":{"thumbnail":"http://content8.flixster.com/movie/10/89/28/10892870_mob.jpg","profile":"http://content8.flixster.com/movie/10/89/28/10892870_pro.jpg","detailed":"http://content8.flixster.com/movie/10/89/28/10892870_det.jpg","original":"http://content8.flixster.com/movie/10/89/28/10892870_ori.jpg"},"abridged_cast":[{"name":"Vince Vaughn","id":"162652630","characters":["Gary Grobowski"]},{"name":"Jennifer Aniston","id":"162655148","characters":["Brooke Meyers"]},{"name":"Joey Lauren Adams","id":"162657369","characters":["Maddie"]},{"name":"Ann-Margret","id":"162656239","characters":["Wendy Meyers"]},{"name":"Jason Bateman","id":"326298973","characters":["Riggleman"]}],"alternate_ids":{"imdb":"0452594"},"links":{"self":"http://api.rottentomatoes.com/api/public/v1.0/movies/155655036.json","alternate":"http://www.rottentomatoes.com/m/break_up/","cast":"http://api.rottentomatoes.com/api/public/v1.0/movies/155655036/cast.json","clips":"http://api.rottentomatoes.com/api/public/v1.0/movies/155655036/clips.json","reviews":"http://api.rottentomatoes.com/api/public/v1.0/movies/155655036/reviews.json","similar":"http://api.rottentomatoes.com/api/public/v1.0/movies/155655036/similar.json"}},{"id":"190815951","title":"Lady in the Water","year":2006,"mpaa_rating":"PG-13","runtime":109,"critics_consensus":"A far-fetched story with little suspense and unconvincing scenarios, Lady In The Water feels contrived, pretentious, and rather silly.","release_dates":{"theater":"2006-07-21","dvd":"2006-12-19"},"ratings":{"critics_rating":"Rotten","critics_score":24,"audience_rating":"Spilled","audience_score":49},"synopsis":"","posters":{"thumbnail":"http://content9.flixster.com/movie/10/89/48/10894807_mob.jpg","profile":"http://content9.flixster.com/movie/10/89/48/10894807_pro.jpg","detailed":"http://content9.flixster.com/movie/10/89/48/10894807_det.jpg","original":"http://content9.flixster.com/movie/10/89/48/10894807_ori.jpg"},"abridged_cast":[{"name":"Paul Giamatti","id":"162683649","characters":["Cleveland Heep"]},{"name":"Bryce Dallas Howard","id":"162660901","characters":["Story"]},{"name":"Jeffrey Wright","id":"162653065","characters":["Mr. Dury"]},{"name":"Bob Balaban","id":"162674438","characters":["Harry Farber"]},{"name":"Sarita Choudhury","id":"162692793","characters":["Anna Ran"]}],"alternate_ids":{"imdb":"0452637"},"links":{"self":"http://api.rottentomatoes.com/api/public/v1.0/movies/190815951.json","alternate":"http://www.rottentomatoes.com/m/lady_in_the_water/","cast":"http://api.rottentomatoes.com/api/public/v1.0/movies/190815951/cast.json","clips":"http://api.rottentomatoes.com/api/public/v1.0/movies/190815951/clips.json","reviews":"http://api.rottentomatoes.com/api/public/v1.0/movies/190815951/reviews.json","similar":"http://api.rottentomatoes.com/api/public/v1.0/movies/190815951/similar.json"}},{"id":"770782192","title":"The Road","year":2009,"mpaa_rating":"R","runtime":111,"critics_consensus":"The Road's commitment to Cormac McCarthy's dark vision may prove too unyielding for some, but the film benefits from hauntingly powerful performances from Viggo Mortensen and Kodi McPhee.","release_dates":{"theater":"2009-11-25","dvd":"2010-05-25"},"ratings":{"critics_rating":"Certified Fresh","critics_score":75,"audience_rating":"Upright","audience_score":67},"synopsis":"","posters":{"thumbnail":"http://content9.flixster.com/movie/10/92/37/10923731_mob.jpg","profile":"http://content9.flixster.com/movie/10/92/37/10923731_pro.jpg","detailed":"http://content9.flixster.com/movie/10/92/37/10923731_det.jpg","original":"http://content9.flixster.com/movie/10/92/37/10923731_ori.jpg"},"abridged_cast":[{"name":"Viggo Mortensen","id":"162654541","characters":["The Man"]},{"name":"Kodi Smit-McPhee","id":"770673434","characters":["The Boy"]},{"name":"Robert Duvall","id":"162652186","characters":["Old Man"]},{"name":"Charlize Theron","id":"162654733","characters":["Wife"]},{"name":"Guy Pearce","id":"162660324","characters":["The Veteran"]}],"alternate_ids":{"imdb":"0898367"},"links":{"self":"http://api.rottentomatoes.com/api/public/v1.0/movies/770782192.json","alternate":"http://www.rottentomatoes.com/m/10009460-the_road/","cast":"http://api.rottentomatoes.com/api/public/v1.0/movies/770782192/cast.json","clips":"http://api.rottentomatoes.com/api/public/v1.0/movies/770782192/clips.json","reviews":"http://api.rottentomatoes.com/api/public/v1.0/movies/770782192/reviews.json","similar":"http://api.rottentomatoes.com/api/public/v1.0/movies/770782192/similar.json"}},{"id":"712377385","title":"The Eye","year":2008,"mpaa_rating":"PG-13","runtime":97,"critics_consensus":"Featuring wooden performances and minimal scares, The Eye is another tedious remake of an Asian horror film.","release_dates":{"theater":"2008-02-01","dvd":"2008-06-06"},"ratings":{"critics_rating":"Rotten","critics_score":22,"audience_rating":"Spilled","audience_score":44},"synopsis":"","posters":{"thumbnail":"http://content6.flixster.com/movie/11/17/02/11170224_mob.jpg","profile":"http://content6.flixster.com/movie/11/17/02/11170224_pro.jpg","detailed":"http://content6.flixster.com/movie/11/17/02/11170224_det.jpg","original":"http://content6.flixster.com/movie/11/17/02/11170224_ori.jpg"},"abridged_cast":[{"name":"Jessica Alba","id":"162652782","characters":["Sydney Wells"]},{"name":"Alessandro Nivola","id":"162653032","characters":["Dr. Paul Faulkner"]},{"name":"Parker Posey","id":"162670124","characters":["Helen Wells"]},{"name":"Rade Serbedzija","id":"162654597","characters":["Simon McCullough"]},{"name":"Fernanda Romero","id":"770705344"}],"alternate_ids":{"imdb":"0406759"},"links":{"self":"http://api.rottentomatoes.com/api/public/v1.0/movies/712377385.json","alternate":"http://www.rottentomatoes.com/m/10008606-eye/","cast":"http://api.rottentomatoes.com/api/public/v1.0/movies/712377385/cast.json","clips":"http://api.rottentomatoes.com/api/public/v1.0/movies/712377385/clips.json","reviews":"http://api.rottentomatoes.com/api/public/v1.0/movies/712377385/reviews.json","similar":"http://api.rottentomatoes.com/api/public/v1.0/movies/712377385/similar.json"}},{"id":"771324950","title":"Hercules: The Thracian Wars","year":2014,"mpaa_rating":"Unrated","runtime":"","release_dates":{"theater":"2014-07-25"},"ratings":{"critics_score":-1,"audience_score":98},"synopsis":"Haunted by a sin from his past, Hercules has become a mercenary. Along with five faithful companions, he travels ancient Greece selling his services for gold and using his legendary reputation to intimidate enemies. But when the benevolent ruler of Thrace and his daughter seek Hercules' help to defeat a savage and terrifying warlord, Hercules finds that in order for good to triumph and justice to prevail... he must again become the hero he once was... he must embrace his own myth... he must be Hercules. (c) MGM","posters":{"thumbnail":"http://images.rottentomatoescdn.com/images/redesign/poster_default.gif","profile":"http://images.rottentomatoescdn.com/images/redesign/poster_default.gif","detailed":"http://images.rottentomatoescdn.com/images/redesign/poster_default.gif","original":"http://images.rottentomatoescdn.com/images/redesign/poster_default.gif"},"abridged_cast":[{"name":"Dwayne \"The Rock\" Johnson","id":"770893686","characters":["Hercules"]},{"name":"Joseph Fiennes","id":"162653204"},{"name":"Ian McShane","id":"326396263","characters":["Amphiarus"]},{"name":"Rufus Sewell","id":"162654887"},{"name":"Rebecka Ferguson","id":"771034713"}],"alternate_ids":{"imdb":"1267297"},"links":{"self":"http://api.rottentomatoes.com/api/public/v1.0/movies/771324950.json","alternate":"http://www.rottentomatoes.com/m/hercules_the_thracian_wars/","cast":"http://api.rottentomatoes.com/api/public/v1.0/movies/771324950/cast.json","clips":"http://api.rottentomatoes.com/api/public/v1.0/movies/771324950/clips.json","reviews":"http://api.rottentomatoes.com/api/public/v1.0/movies/771324950/reviews.json","similar":"http://api.rottentomatoes.com/api/public/v1.0/movies/771324950/similar.json"}},{"id":"450789491","title":"Stomp the Yard","year":2007,"mpaa_rating":"PG-13","runtime":114,"critics_consensus":"While Stomp the Yard contains impressive musical and dance numbers, it loses its momentum during the intervening soap opera-style subplots.","release_dates":{"theater":"2007-01-12","dvd":"2007-05-18"},"ratings":{"critics_rating":"Rotten","critics_score":26,"audience_rating":"Upright","audience_score":82},"synopsis":"","posters":{"thumbnail":"http://content7.flixster.com/movie/10/89/40/10894045_mob.jpg","profile":"http://content7.flixster.com/movie/10/89/40/10894045_pro.jpg","detailed":"http://content7.flixster.com/movie/10/89/40/10894045_det.jpg","original":"http://content7.flixster.com/movie/10/89/40/10894045_ori.jpg"},"abridged_cast":[{"name":"Columbus Short","id":"364478848","characters":["DJ Williams"]},{"name":"Meagan Good","id":"162654101","characters":["April"]},{"name":"Ne-Yo","id":"474100946","characters":["Rich Brown"]},{"name":"Darrin Dewitt Henson","id":"364598266","characters":["Grant"]},{"name":"Brian J. White","id":"364640300","characters":["Sylvester"]}],"alternate_ids":{"imdb":"0775539"},"links":{"self":"http://api.rottentomatoes.com/api/public/v1.0/movies/450789491.json","alternate":"http://www.rottentomatoes.com/m/stomp_the_yard/","cast":"http://api.rottentomatoes.com/api/public/v1.0/movies/450789491/cast.json","clips":"http://api.rottentomatoes.com/api/public/v1.0/movies/450789491/clips.json","reviews":"http://api.rottentomatoes.com/api/public/v1.0/movies/450789491/reviews.json","similar":"http://api.rottentomatoes.com/api/public/v1.0/movies/450789491/similar.json"}},{"id":"771251235","title":"The Grey","year":2012,"mpaa_rating":"R","runtime":118,"critics_consensus":"The Grey is an exciting tale of survival, populated with fleshed-out characters and a surprising philosophical agenda.","release_dates":{"theater":"2012-01-27","dvd":"2012-05-15"},"ratings":{"critics_rating":"Certified Fresh","critics_score":79,"audience_rating":"Upright","audience_score":61},"synopsis":"In The Grey, Liam Neeson leads an unruly group of oil-rig roughnecks when their plane crashes into the remote Alaskan wilderness. Battling mortal injuries and merciless weather, the survivors have only a few days to escape the icy elements - and a vicious pack of rogue wolves on the hunt - before their time runs out. -- (C) Open Road Films","posters":{"thumbnail":"http://content6.flixster.com/movie/11/16/45/11164556_mob.jpg","profile":"http://content6.flixster.com/movie/11/16/45/11164556_pro.jpg","detailed":"http://content6.flixster.com/movie/11/16/45/11164556_det.jpg","original":"http://content6.flixster.com/movie/11/16/45/11164556_ori.jpg"},"abridged_cast":[{"name":"Liam Neeson","id":"162652242","characters":["Ottway"]},{"name":"Frank Grillo","id":"770679606","characters":["Diaz","John Diaz"]},{"name":"Dermot Mulroney","id":"162652930","characters":["Talget"]},{"name":"Dallas Roberts","id":"162685074","characters":["Hendrick","Henrick"]},{"name":"Joe Anderson","id":"335717925","characters":["Flannery"]}],"alternate_ids":{"imdb":"1601913"},"links":{"self":"http://api.rottentomatoes.com/api/public/v1.0/movies/771251235.json","alternate":"http://www.rottentomatoes.com/m/the_grey_2012/","cast":"http://api.rottentomatoes.com/api/public/v1.0/movies/771251235/cast.json","clips":"http://api.rottentomatoes.com/api/public/v1.0/movies/771251235/clips.json","reviews":"http://api.rottentomatoes.com/api/public/v1.0/movies/771251235/reviews.json","similar":"http://api.rottentomatoes.com/api/public/v1.0/movies/771251235/similar.json"}},{"id":"563717185","title":"Across the Universe","year":2007,"mpaa_rating":"PG-13","runtime":133,"critics_consensus":"Psychedelic musical numbers can't mask Across the Universe's cliched love story and uninteresting characters.","release_dates":{"theater":"2007-09-14","dvd":"2008-02-05"},"ratings":{"critics_rating":"Rotten","critics_score":53,"audience_rating":"Upright","audience_score":82},"synopsis":"","posters":{"thumbnail":"http://content6.flixster.com/movie/10/94/44/10944464_mob.jpg","profile":"http://content6.flixster.com/movie/10/94/44/10944464_pro.jpg","detailed":"http://content6.flixster.com/movie/10/94/44/10944464_det.jpg","original":"http://content6.flixster.com/movie/10/94/44/10944464_ori.jpg"},"abridged_cast":[{"name":"Evan Rachel Wood","id":"162653277","characters":["Lucy"]},{"name":"Jim Sturgess","id":"563717190","characters":["Jude"]},{"name":"Joe Anderson","id":"335717925","characters":["Max Carrigan"]},{"name":"Dana Fuchs","id":"563717195","characters":["Sadie"]},{"name":"Martin Luther McCoy","id":"770802075","characters":["Jo-Jo"]}],"alternate_ids":{"imdb":"0445922"},"links":{"self":"http://api.rottentomatoes.com/api/public/v1.0/movies/563717185.json","alternate":"http://www.rottentomatoes.com/m/across_the_universe/","cast":"http://api.rottentomatoes.com/api/public/v1.0/movies/563717185/cast.json","clips":"http://api.rottentomatoes.com/api/public/v1.0/movies/563717185/clips.json","reviews":"http://api.rottentomatoes.com/api/public/v1.0/movies/563717185/reviews.json","similar":"http://api.rottentomatoes.com/api/public/v1.0/movies/563717185/similar.json"}},{"id":"770856804","title":"The Bounty Hunter","year":2010,"mpaa_rating":"PG-13","runtime":110,"critics_consensus":"Gerard Butler and Jennifer Aniston remain as attractive as ever, but The Bounty Hunter's formula script doesn't know what to do with them -- or the audience's attention.","release_dates":{"theater":"2010-03-19","dvd":"2010-07-13"},"ratings":{"critics_rating":"Rotten","critics_score":13,"audience_rating":"Spilled","audience_score":51},"synopsis":"Hapless bounty hunter Milo Boyd (Gerard Butler) jumps for joy at the prospect of tracking down his bail-skipping ex-wife, Nicole Hurley (Jennifer Aniston), but gets a hard dose of reality when the job proves tougher than anticipated. Every time Milo gets close to resourceful reporter Nicole, she gives him the slip. A high-profile murder has been committed, and Nicole is determined to stay out of jail long enough to crack the case. And she must be getting close, because now someone is trying to take them both out. They may not have been able to make marriage work, but if Milo and Nicole can just stay alive long enough to solve the murder, they might discover they're not such a bad team after all. ~ Jason Buchanan, Rovi","posters":{"thumbnail":"http://content8.flixster.com/movie/11/16/98/11169894_mob.jpg","profile":"http://content8.flixster.com/movie/11/16/98/11169894_pro.jpg","detailed":"http://content8.flixster.com/movie/11/16/98/11169894_det.jpg","original":"http://content8.flixster.com/movie/11/16/98/11169894_ori.jpg"},"abridged_cast":[{"name":"Jennifer Aniston","id":"162655148","characters":["Nicole Hurley"]},{"name":"Gerard Butler","id":"162659102","characters":["Milo Boyd"]},{"name":"Giovanni Perez","id":"770921514","characters":["Uncle Sam"]},{"name":"Joel Garland","id":"770689375","characters":["Dwight"]},{"name":"Jason Kolotouros","id":"771061958","characters":["Gelman"]}],"alternate_ids":{"imdb":"1038919"},"links":{"self":"http://api.rottentomatoes.com/api/public/v1.0/movies/770856804.json","alternate":"http://www.rottentomatoes.com/m/1220551-bounty_hunter/","cast":"http://api.rottentomatoes.com/api/public/v1.0/movies/770856804/cast.json","clips":"http://api.rottentomatoes.com/api/public/v1.0/movies/770856804/clips.json","reviews":"http://api.rottentomatoes.com/api/public/v1.0/movies/770856804/reviews.json","similar":"http://api.rottentomatoes.com/api/public/v1.0/movies/770856804/similar.json"}},{"id":"771349839","title":"Night At The Museum 3","year":2015,"mpaa_rating":"Unrated","runtime":"","release_dates":{"theater":"2014-12-19"},"ratings":{"critics_score":-1,"audience_score":98},"synopsis":"Ben Stiller and director Shawn Levy return for more after-hours mayhem in this third outing of the successful Night at the Museum series. ~ Jeremy Wheeler, Rovi","posters":{"thumbnail":"http://images.rottentomatoescdn.com/images/redesign/poster_default.gif","profile":"http://images.rottentomatoescdn.com/images/redesign/poster_default.gif","detailed":"http://images.rottentomatoescdn.com/images/redesign/poster_default.gif","original":"http://images.rottentomatoescdn.com/images/redesign/poster_default.gif"},"abridged_cast":[{"name":"Ben Stiller","id":"162659371","characters":["Larry Daley"]},{"name":"Robin Williams","id":"162652387","characters":["Teddy Roosevelt"]},{"name":"Dan Stevens (IV)","id":"770698532","characters":["Lancelot"]}],"alternate_ids":{"imdb":"2692250"},"links":{"self":"http://api.rottentomatoes.com/api/public/v1.0/movies/771349839.json","alternate":"http://www.rottentomatoes.com/m/night_at_the_museum_3/","cast":"http://api.rottentomatoes.com/api/public/v1.0/movies/771349839/cast.json","clips":"http://api.rottentomatoes.com/api/public/v1.0/movies/771349839/clips.json","reviews":"http://api.rottentomatoes.com/api/public/v1.0/movies/771349839/reviews.json","similar":"http://api.rottentomatoes.com/api/public/v1.0/movies/771349839/similar.json"}},{"id":"770677066","title":"The Bucket List","year":2007,"mpaa_rating":"PG-13","runtime":97,"critics_consensus":"Not even the earnest performances of the two leads can rescue The Bucket List from its schmaltzy script.","release_dates":{"theater":"2007-12-25","dvd":"2008-06-10"},"ratings":{"critics_rating":"Rotten","critics_score":40,"audience_rating":"Upright","audience_score":78},"synopsis":"","posters":{"thumbnail":"http://content7.flixster.com/movie/11/16/97/11169717_mob.jpg","profile":"http://content7.flixster.com/movie/11/16/97/11169717_pro.jpg","detailed":"http://content7.flixster.com/movie/11/16/97/11169717_det.jpg","original":"http://content7.flixster.com/movie/11/16/97/11169717_ori.jpg"},"abridged_cast":[{"name":"Jack Nicholson","id":"162654979","characters":["Edward Cole"]},{"name":"Morgan Freeman","id":"162652224","characters":["Carter Chambers"]},{"name":"Sean Hayes","id":"162707369","characters":["Thomas"]},{"name":"Beverly Todd","id":"162665927","characters":["Virginia Chambers"]},{"name":"Alfonso Freeman","id":"684709730","characters":["Roger"]}],"alternate_ids":{"imdb":"0825232"},"links":{"self":"http://api.rottentomatoes.com/api/public/v1.0/movies/770677066.json","alternate":"http://www.rottentomatoes.com/m/bucket_list/","cast":"http://api.rottentomatoes.com/api/public/v1.0/movies/770677066/cast.json","clips":"http://api.rottentomatoes.com/api/public/v1.0/movies/770677066/clips.json","reviews":"http://api.rottentomatoes.com/api/public/v1.0/movies/770677066/reviews.json","similar":"http://api.rottentomatoes.com/api/public/v1.0/movies/770677066/similar.json"}},{"id":"11357","title":"The Bourne Identity","year":2002,"mpaa_rating":"PG-13","runtime":117,"critics_consensus":"Expertly blending genre formula with bursts of unexpected wit, The Bourne Identity is an action thriller that delivers -- and then some.","release_dates":{"theater":"2002-06-14","dvd":"2003-01-21"},"ratings":{"critics_rating":"Certified Fresh","critics_score":83,"audience_rating":"Upright","audience_score":93},"synopsis":"","posters":{"thumbnail":"http://content8.flixster.com/movie/11/17/16/11171610_mob.jpg","profile":"http://content8.flixster.com/movie/11/17/16/11171610_pro.jpg","detailed":"http://content8.flixster.com/movie/11/17/16/11171610_det.jpg","original":"http://content8.flixster.com/movie/11/17/16/11171610_ori.jpg"},"abridged_cast":[{"name":"Matt Damon","id":"162653499","characters":["Jason Bourne"]},{"name":"Franka Potente","id":"162655083","characters":["Marie Kreutz"]},{"name":"Clive Owen","id":"162652511","characters":["The Professor"]},{"name":"Chris Cooper","id":"162654289","characters":["Ted Conklin"]},{"name":"Brian Cox","id":"162653324","characters":["Ward Abbott"]}],"alternate_ids":{"imdb":"0258463"},"links":{"self":"http://api.rottentomatoes.com/api/public/v1.0/movies/11357.json","alternate":"http://www.rottentomatoes.com/m/bourne_identity/","cast":"http://api.rottentomatoes.com/api/public/v1.0/movies/11357/cast.json","clips":"http://api.rottentomatoes.com/api/public/v1.0/movies/11357/clips.json","reviews":"http://api.rottentomatoes.com/api/public/v1.0/movies/11357/reviews.json","similar":"http://api.rottentomatoes.com/api/public/v1.0/movies/11357/similar.json"}},{"id":"771225277","title":"Killing Them Softly","year":2012,"mpaa_rating":"R","runtime":97,"critics_consensus":"Killing Them Softly is a darkly comic, visceral thriller that doubles as a cautionary tale on capitalism, whose message is delivered with sledgehammer force.","release_dates":{"theater":"2012-11-30","dvd":"2013-03-26"},"ratings":{"critics_rating":"Certified Fresh","critics_score":75,"audience_rating":"Spilled","audience_score":44},"synopsis":"Three dumb guys who think they're smart rob a Mob protected card game, causing the local criminal economy to collapse. Brad Pitt plays the enforcer hired to track them down and restore order. Killing Them Softly also features Richard Jenkins, James Gandolfini, Ray Liotta, Scoot McNairy, Ben Mendelsohn, and Vincent Curatola. Max Casella, Trevor Long, Slaine and Sam Shepard also make appearances. -- (C) Weinstein","posters":{"thumbnail":"http://content7.flixster.com/movie/11/17/04/11170473_mob.jpg","profile":"http://content7.flixster.com/movie/11/17/04/11170473_pro.jpg","detailed":"http://content7.flixster.com/movie/11/17/04/11170473_det.jpg","original":"http://content7.flixster.com/movie/11/17/04/11170473_ori.jpg"},"abridged_cast":[{"name":"Brad Pitt","id":"162652627","characters":["Jackie"]},{"name":"Scoot McNairy","id":"770681905","characters":["Frankie"]},{"name":"Ben Mendelsohn","id":"284495637","characters":["Russell"]},{"name":"James Gandolfini","id":"162667080","characters":["Mickey"]},{"name":"Richard Jenkins","id":"317606141","characters":["Driver"]}],"alternate_ids":{"imdb":"1764234"},"links":{"self":"http://api.rottentomatoes.com/api/public/v1.0/movies/771225277.json","alternate":"http://www.rottentomatoes.com/m/killing_them_softly/","cast":"http://api.rottentomatoes.com/api/public/v1.0/movies/771225277/cast.json","clips":"http://api.rottentomatoes.com/api/public/v1.0/movies/771225277/clips.json","reviews":"http://api.rottentomatoes.com/api/public/v1.0/movies/771225277/reviews.json","similar":"http://api.rottentomatoes.com/api/public/v1.0/movies/771225277/similar.json"}},{"id":"770799721","title":"The Three Stooges","year":2012,"mpaa_rating":"PG","runtime":92,"critics_consensus":"While nowhere near as painful as it could have been, The Three Stooges fails to add fresh laughs to the Stooges' inestimable cinematic legacy.","release_dates":{"theater":"2012-04-13","dvd":"2012-07-17"},"ratings":{"critics_rating":"Rotten","critics_score":52,"audience_rating":"Spilled","audience_score":48},"synopsis":"Left on a nun's doorstep, Larry, Curly and Moe grow up finger-poking, nyuk-nyuking and woo-woo-wooing their way to uncharted levels of knuckleheaded misadventure. Out to save their childhood home, only The Three Stooges could become embroiled in an oddball murder plot...while also stumbling into starring in a phenomenally successful TV reality show. -- (C) 20th Century Fox","posters":{"thumbnail":"http://content6.flixster.com/movie/11/16/43/11164316_mob.jpg","profile":"http://content6.flixster.com/movie/11/16/43/11164316_pro.jpg","detailed":"http://content6.flixster.com/movie/11/16/43/11164316_det.jpg","original":"http://content6.flixster.com/movie/11/16/43/11164316_ori.jpg"},"abridged_cast":[{"name":"Sean Hayes","id":"162707369","characters":["Larry Fine"]},{"name":"Will Sasso","id":"535071143","characters":["Curly Howard"]},{"name":"Chris Diamantopoulos","id":"420569031","characters":["Moe Howard"]},{"name":"Jane Lynch","id":"326392219","characters":["Mother Superior"]},{"name":"Sofia Vergara","id":"162653186","characters":["Lydia"]}],"alternate_ids":{"imdb":"0383010"},"links":{"self":"http://api.rottentomatoes.com/api/public/v1.0/movies/770799721.json","alternate":"http://www.rottentomatoes.com/m/1205530-three_stooges/","cast":"http://api.rottentomatoes.com/api/public/v1.0/movies/770799721/cast.json","clips":"http://api.rottentomatoes.com/api/public/v1.0/movies/770799721/clips.json","reviews":"http://api.rottentomatoes.com/api/public/v1.0/movies/770799721/reviews.json","similar":"http://api.rottentomatoes.com/api/public/v1.0/movies/770799721/similar.json"}},{"id":"771017189","title":"The Lone Ranger","year":2013,"mpaa_rating":"PG-13","runtime":149,"critics_consensus":"Armie Hammer and Johnny Depp make for an appealing pair of leads, but they're not enough to make up for The Lone Ranger's bland script, bloated length, and blaring action overkill.","release_dates":{"theater":"2013-07-03","dvd":"2013-12-17"},"ratings":{"critics_rating":"Rotten","critics_score":30,"audience_rating":"Spilled","audience_score":53},"synopsis":"From producer Jerry Bruckheimer and director Gore Verbinski, the filmmaking team behind the blockbuster \"Pirates of the Caribbean\" franchise, comes Disney/ Jerry Bruckheimer Films' \"The Lone Ranger,\" a thrilling adventure infused with action and humor, in which the famed masked hero is brought to life through new eyes. Native American spirit warrior Tonto (Johnny Depp) recounts the untold tales that transformed John Reid (Armie Hammer), a man of the law, into a legend of justice-taking the audience on a runaway train of epic surprises and humorous friction as the two unlikely heroes must learn to work together and fight against greed and corruption. (c) Disney","posters":{"thumbnail":"http://content9.flixster.com/movie/11/17/21/11172175_mob.jpg","profile":"http://content9.flixster.com/movie/11/17/21/11172175_pro.jpg","detailed":"http://content9.flixster.com/movie/11/17/21/11172175_det.jpg","original":"http://content9.flixster.com/movie/11/17/21/11172175_ori.jpg"},"abridged_cast":[{"name":"Johnny Depp","id":"162652817","characters":["Tonto"]},{"name":"Armie Hammer","id":"770805003","characters":["John Reid/The Lone Ranger","The Lone Ranger"]},{"name":"William Fichtner","id":"162652209","characters":["Butch Cavendish"]},{"name":"Tom Wilkinson","id":"162653769","characters":["Cole"]},{"name":"Ruth Wilson","id":"598551543","characters":["Rebecca Reid"]}],"alternate_ids":{"imdb":"1210819"},"links":{"self":"http://api.rottentomatoes.com/api/public/v1.0/movies/771017189.json","alternate":"http://www.rottentomatoes.com/m/the_lone_ranger/","cast":"http://api.rottentomatoes.com/api/public/v1.0/movies/771017189/cast.json","clips":"http://api.rottentomatoes.com/api/public/v1.0/movies/771017189/clips.json","reviews":"http://api.rottentomatoes.com/api/public/v1.0/movies/771017189/reviews.json","similar":"http://api.rottentomatoes.com/api/public/v1.0/movies/771017189/similar.json"}},{"id":"770805263","title":"Percy Jackson & the Olympians: The Lightning Thief","year":2010,"mpaa_rating":"PG","runtime":83,"critics_consensus":"Though it may seem like just another Harry Potter knockoff, Percy Jackson benefits from a strong supporting cast, a speedy plot, and plenty of fun with Greek mythology.","release_dates":{"theater":"2010-02-12","dvd":"2010-06-29"},"ratings":{"critics_rating":"Rotten","critics_score":49,"audience_rating":"Spilled","audience_score":54},"synopsis":"A teenager discovers he's the descendant of a Greek god and sets out on an adventure to settle an on-going battle between the gods.","posters":{"thumbnail":"http://content6.flixster.com/movie/10/94/11/10941176_mob.jpg","profile":"http://content6.flixster.com/movie/10/94/11/10941176_pro.jpg","detailed":"http://content6.flixster.com/movie/10/94/11/10941176_det.jpg","original":"http://content6.flixster.com/movie/10/94/11/10941176_ori.jpg"},"abridged_cast":[{"name":"Logan Lerman","id":"341816559","characters":["Percy Jackson"]},{"name":"Brandon T. Jackson","id":"770694652","characters":["Grover"]},{"name":"Alexandra Daddario","id":"770777867","characters":["Annabeth"]},{"name":"Jake Abel","id":"770673230","characters":["Luke"]},{"name":"Sean Bean","id":"162652874","characters":["Zeus"]}],"alternate_ids":{"imdb":"0814255"},"links":{"self":"http://api.rottentomatoes.com/api/public/v1.0/movies/770805263.json","alternate":"http://www.rottentomatoes.com/m/0814255/","cast":"http://api.rottentomatoes.com/api/public/v1.0/movies/770805263/cast.json","clips":"http://api.rottentomatoes.com/api/public/v1.0/movies/770805263/clips.json","reviews":"http://api.rottentomatoes.com/api/public/v1.0/movies/770805263/reviews.json","similar":"http://api.rottentomatoes.com/api/public/v1.0/movies/770805263/similar.json"}},{"id":"771208374","title":"Wrath of the Titans","year":2012,"mpaa_rating":"PG-13","runtime":99,"critics_consensus":"Its 3D effects are an improvement over its predecessor's, but in nearly every other respect, Wrath of the Titans fails to improve upon the stilted acting, wooden dialogue, and chaos-driven plot of the franchise's first installment.","release_dates":{"theater":"2012-03-30","dvd":"2012-06-26"},"ratings":{"critics_rating":"Rotten","critics_score":25,"audience_rating":"Spilled","audience_score":50},"synopsis":"A decade after his heroic defeat of the monstrous Kraken, Perseus-the demigod son of Zeus-is attempting to live a quieter life as a village fisherman and the sole parent to his 10-year old son, Helius. Meanwhile, a struggle for supremacy rages between the gods and the Titans. Dangerously weakened by humanity's lack of devotion, the gods are losing control of the imprisoned Titans and their ferocious leader, Kronos, father of the long-ruling brothers Zeus, Hades and Poseidon. Perseus cannot ignore his true calling when Hades, along with Zeus' godly son, Ares (Edgar Ramirez), switch loyalty and make a deal with Kronos to capture Zeus. The Titans' strength grows stronger as Zeus' remaining godly powers are siphoned... -- (C) Warner Bros.","posters":{"thumbnail":"http://content7.flixster.com/movie/11/16/71/11167121_mob.jpg","profile":"http://content7.flixster.com/movie/11/16/71/11167121_pro.jpg","detailed":"http://content7.flixster.com/movie/11/16/71/11167121_det.jpg","original":"http://content7.flixster.com/movie/11/16/71/11167121_ori.jpg"},"abridged_cast":[{"name":"Sam Worthington","id":"326396777","characters":["Perseus"]},{"name":"Liam Neeson","id":"162652242","characters":["Zeus"]},{"name":"Ralph Fiennes","id":"162653681","characters":["Hades"]},{"name":"Edgar Ramirez","id":"770669707","characters":["Ares"]},{"name":"Toby Kebbell","id":"341816021","characters":["Agenor","Argenor"]}],"alternate_ids":{"imdb":"1646987"},"links":{"self":"http://api.rottentomatoes.com/api/public/v1.0/movies/771208374.json","alternate":"http://www.rottentomatoes.com/m/clash_of_the_titans_2/","cast":"http://api.rottentomatoes.com/api/public/v1.0/movies/771208374/cast.json","clips":"http://api.rottentomatoes.com/api/public/v1.0/movies/771208374/clips.json","reviews":"http://api.rottentomatoes.com/api/public/v1.0/movies/771208374/reviews.json","similar":"http://api.rottentomatoes.com/api/public/v1.0/movies/771208374/similar.json"}},{"id":"771318592","title":"We're The Millers","year":2013,"mpaa_rating":"R","runtime":110,"critics_consensus":"We're the Millers squanders its potential with an uneven, lazily assembled story..","release_dates":{"theater":"2013-08-07","dvd":"2013-11-19"},"ratings":{"critics_rating":"Rotten","critics_score":47,"audience_rating":"Upright","audience_score":73},"synopsis":"David Burke (Jason Sudeikis) is a small-time pot dealer whose clientele includes chefs and soccer moms, but no kids-after all, he has his scruples. So what could go wrong? Plenty. Preferring to keep a low profile for obvious reasons, he learns the hard way that no good deed goes unpunished when he tries to help out some local teens and winds up getting jumped by a trio of gutter punks. Stealing his stash and his cash, they leave him in major debt to his supplier, Brad (Ed Helms). In order to wipe the slate clean-and maintain a clean bill of health-David must now become a big-time drug smuggler by bringing Brad's latest shipment in from Mexico. Twisting the arms of his neighbors, cynical stripper Rose (Jennifer Aniston) and wannabe customer Kenny (Will Poulter), and the tatted-and-pierced streetwise teen Casey (Emma Roberts), he devises a foolproof plan. One fake wife, two pretend kids and a huge, shiny RV later, the \"Millers\" are headed south of the border for a Fourth of July weekend that is sure to end with a bang. (c) WB","posters":{"thumbnail":"http://content7.flixster.com/movie/11/17/15/11171565_mob.jpg","profile":"http://content7.flixster.com/movie/11/17/15/11171565_pro.jpg","detailed":"http://content7.flixster.com/movie/11/17/15/11171565_det.jpg","original":"http://content7.flixster.com/movie/11/17/15/11171565_ori.jpg"},"abridged_cast":[{"name":"Jennifer Aniston","id":"162655148","characters":["Rose O'Reilly"]},{"name":"Jason Sudeikis","id":"770702194","characters":["David Clark"]},{"name":"Will Poulter","id":"770791291","characters":["Kenny Rossmore"]},{"name":"Emma Roberts","id":"326298386","characters":["Casey Mathis"]},{"name":"Ed Helms","id":"770691762","characters":["Brad Gurdlinger"]}],"alternate_ids":{"imdb":"1723121"},"links":{"self":"http://api.rottentomatoes.com/api/public/v1.0/movies/771318592.json","alternate":"http://www.rottentomatoes.com/m/were_the_millers/","cast":"http://api.rottentomatoes.com/api/public/v1.0/movies/771318592/cast.json","clips":"http://api.rottentomatoes.com/api/public/v1.0/movies/771318592/clips.json","reviews":"http://api.rottentomatoes.com/api/public/v1.0/movies/771318592/reviews.json","similar":"http://api.rottentomatoes.com/api/public/v1.0/movies/771318592/similar.json"}},{"id":"770671153","title":"The Chronicles of Narnia: The Voyage of the Dawn Treader","year":2010,"mpaa_rating":"PG","runtime":113,"critics_consensus":"Its leisurely, businesslike pace won't win the franchise many new fans, but Voyage of the Dawn Treader restores some of the Narnia franchise's lost luster with strong performances and impressive special effects.","release_dates":{"theater":"2010-12-10","dvd":"2011-04-08"},"ratings":{"critics_rating":"Rotten","critics_score":49,"audience_rating":"Spilled","audience_score":59},"synopsis":"Upon returning to Narnia to join Prince Caspian for a voyage on the majestic royal vessel known as The Dawn Treader, Lucy, Edmund, and their cousin Eustace encounter merfolk, dragons, dwarves, and a wandering band of lost warriors. As the edge of the world draws near, their remarkable adventure at sea sails toward an exciting, yet uncertain, conclusion. ~ Jason Buchanan, Rovi","posters":{"thumbnail":"http://content9.flixster.com/movie/11/15/45/11154523_mob.jpg","profile":"http://content9.flixster.com/movie/11/15/45/11154523_pro.jpg","detailed":"http://content9.flixster.com/movie/11/15/45/11154523_det.jpg","original":"http://content9.flixster.com/movie/11/15/45/11154523_ori.jpg"},"abridged_cast":[{"name":"Ben Barnes","id":"560040614","characters":["Prince Caspian"]},{"name":"Georgie Henley","id":"284340695","characters":["Lucy","Lucy Pevensie"]},{"name":"Skandar Keynes","id":"326299532","characters":["Edmond","Edmund Pevensie"]},{"name":"Will Poulter","id":"770791291","characters":["Eustace Clarence Scrubb","Eustace Scrubb"]},{"name":"Liam Neeson","id":"162652242","characters":["Aslan"]}],"alternate_ids":{"imdb":"0980970"},"links":{"self":"http://api.rottentomatoes.com/api/public/v1.0/movies/770671153.json","alternate":"http://www.rottentomatoes.com/m/chronicles_of_narnia_the_voyage_of_the_dawn_treader/","cast":"http://api.rottentomatoes.com/api/public/v1.0/movies/770671153/cast.json","clips":"http://api.rottentomatoes.com/api/public/v1.0/movies/770671153/clips.json","reviews":"http://api.rottentomatoes.com/api/public/v1.0/movies/770671153/reviews.json","similar":"http://api.rottentomatoes.com/api/public/v1.0/movies/770671153/similar.json"}},{"id":"512896979","title":"The Invasion","year":2007,"mpaa_rating":"PG-13","runtime":99,"critics_consensus":"The Invasion is slickly made, but it lacks psychological insight and thrills.","release_dates":{"theater":"2007-08-17","dvd":"2008-01-29"},"ratings":{"critics_rating":"Rotten","critics_score":20,"audience_rating":"Spilled","audience_score":41},"synopsis":"","posters":{"thumbnail":"http://content8.flixster.com/movie/11/12/40/11124002_mob.jpg","profile":"http://content8.flixster.com/movie/11/12/40/11124002_pro.jpg","detailed":"http://content8.flixster.com/movie/11/12/40/11124002_det.jpg","original":"http://content8.flixster.com/movie/11/12/40/11124002_ori.jpg"},"abridged_cast":[{"name":"Nicole Kidman","id":"162652279","characters":["Carol Bennell"]},{"name":"Daniel Craig","id":"162687443","characters":["Ben Driscoll"]},{"name":"Jeremy Northam","id":"162657055","characters":["Tucker Kaufman"]},{"name":"Jackson Bond","id":"770699471","characters":["Oliver"]},{"name":"Jeffrey Wright","id":"162653065","characters":["Dr. Stephen Galeano"]}],"alternate_ids":{"imdb":"0427392"},"links":{"self":"http://api.rottentomatoes.com/api/public/v1.0/movies/512896979.json","alternate":"http://www.rottentomatoes.com/m/invasion/","cast":"http://api.rottentomatoes.com/api/public/v1.0/movies/512896979/cast.json","clips":"http://api.rottentomatoes.com/api/public/v1.0/movies/512896979/clips.json","reviews":"http://api.rottentomatoes.com/api/public/v1.0/movies/512896979/reviews.json","similar":"http://api.rottentomatoes.com/api/public/v1.0/movies/512896979/similar.json"}},{"id":"770681706","title":"The Bank Job","year":2008,"mpaa_rating":"R","runtime":111,"critics_consensus":"Well cast and crisply directed, The Bank Job is a thoroughly entertaining British heist thriller.","release_dates":{"theater":"2008-02-19","dvd":"2008-07-15"},"ratings":{"critics_rating":"Certified Fresh","critics_score":79,"audience_rating":"Upright","audience_score":74},"synopsis":"","posters":{"thumbnail":"http://content7.flixster.com/movie/10/88/80/10888073_mob.jpg","profile":"http://content7.flixster.com/movie/10/88/80/10888073_pro.jpg","detailed":"http://content7.flixster.com/movie/10/88/80/10888073_det.jpg","original":"http://content7.flixster.com/movie/10/88/80/10888073_ori.jpg"},"abridged_cast":[{"name":"Jason Statham","id":"162653720","characters":["Terry Leather"]},{"name":"Saffron Burrows","id":"162674374","characters":["Martine Love"]},{"name":"Stephen Campbell Moore","id":"162708657","characters":["Kevin"]},{"name":"Daniel Mays","id":"326433486","characters":["Dave Shilling"]},{"name":"James Faulkner","id":"364636402","characters":["Guy Singer"]}],"alternate_ids":{"imdb":"0200465"},"links":{"self":"http://api.rottentomatoes.com/api/public/v1.0/movies/770681706.json","alternate":"http://www.rottentomatoes.com/m/1189844-the_bank_job/","cast":"http://api.rottentomatoes.com/api/public/v1.0/movies/770681706/cast.json","clips":"http://api.rottentomatoes.com/api/public/v1.0/movies/770681706/clips.json","reviews":"http://api.rottentomatoes.com/api/public/v1.0/movies/770681706/reviews.json","similar":"http://api.rottentomatoes.com/api/public/v1.0/movies/770681706/similar.json"}},{"id":"10084","title":"The Bourne Supremacy","year":2004,"mpaa_rating":"PG-13","runtime":108,"critics_consensus":"A well-maded sequel that delivers the thrills.","release_dates":{"theater":"2004-07-23","dvd":"2004-12-07"},"ratings":{"critics_rating":"Certified Fresh","critics_score":81,"audience_rating":"Upright","audience_score":90},"synopsis":"","posters":{"thumbnail":"http://content9.flixster.com/movie/11/17/16/11171611_mob.jpg","profile":"http://content9.flixster.com/movie/11/17/16/11171611_pro.jpg","detailed":"http://content9.flixster.com/movie/11/17/16/11171611_det.jpg","original":"http://content9.flixster.com/movie/11/17/16/11171611_ori.jpg"},"abridged_cast":[{"name":"Matt Damon","id":"162653499","characters":["David Webb/Jason Bourne"]},{"name":"Franka Potente","id":"162655083","characters":["Marie"]},{"name":"Brian Cox","id":"162653324","characters":["Ward Abbott"]},{"name":"Julia Stiles","id":"162660056","characters":["Nicky","Nicky Parsons"]},{"name":"Karl Urban","id":"162654704","characters":["Kirill"]}],"alternate_ids":{"imdb":"0372183"},"links":{"self":"http://api.rottentomatoes.com/api/public/v1.0/movies/10084.json","alternate":"http://www.rottentomatoes.com/m/bourne_supremacy/","cast":"http://api.rottentomatoes.com/api/public/v1.0/movies/10084/cast.json","clips":"http://api.rottentomatoes.com/api/public/v1.0/movies/10084/clips.json","reviews":"http://api.rottentomatoes.com/api/public/v1.0/movies/10084/reviews.json","similar":"http://api.rottentomatoes.com/api/public/v1.0/movies/10084/similar.json"}},{"id":"770678072","title":"The X-Files: I Want to Believe (The X Files 2)","year":2008,"mpaa_rating":"PG-13","runtime":104,"critics_consensus":"The chemistry between leads David Duchovny and Gillian Anderson do live up to The X-Files' televised legacy, but the roving plot and droning routines make it hard to identify just what we're meant to believe in.","release_dates":{"theater":"2008-07-24","dvd":"2008-12-02"},"ratings":{"critics_rating":"Rotten","critics_score":32,"audience_rating":"Spilled","audience_score":32},"synopsis":"","posters":{"thumbnail":"http://content9.flixster.com/movie/10/88/60/10886051_mob.jpg","profile":"http://content9.flixster.com/movie/10/88/60/10886051_pro.jpg","detailed":"http://content9.flixster.com/movie/10/88/60/10886051_det.jpg","original":"http://content9.flixster.com/movie/10/88/60/10886051_ori.jpg"},"abridged_cast":[{"name":"David Duchovny","id":"162661591","characters":["Fox Mulder"]},{"name":"Gillian Anderson","id":"162661592","characters":["Dana Scully"]},{"name":"Amanda Peet","id":"162652454","characters":["ASAC Dakota Whitney"]},{"name":"Billy Connolly","id":"162662548","characters":["Father Joseph Crissman"]},{"name":"Xzibit","id":"326391887","characters":["Agent Mosley Drummy"]}],"alternate_ids":{"imdb":"0443701"},"links":{"self":"http://api.rottentomatoes.com/api/public/v1.0/movies/770678072.json","alternate":"http://www.rottentomatoes.com/m/x_files_2/","cast":"http://api.rottentomatoes.com/api/public/v1.0/movies/770678072/cast.json","clips":"http://api.rottentomatoes.com/api/public/v1.0/movies/770678072/clips.json","reviews":"http://api.rottentomatoes.com/api/public/v1.0/movies/770678072/reviews.json","similar":"http://api.rottentomatoes.com/api/public/v1.0/movies/770678072/similar.json"}},{"id":"771312656","title":"The Conjuring","year":2013,"mpaa_rating":"R","runtime":112,"critics_consensus":"Well-crafted and gleefully creepy, The Conjuring ratchets up dread through a series of effective old-school scares.","release_dates":{"theater":"2013-07-19","dvd":"2013-10-22"},"ratings":{"critics_rating":"Certified Fresh","critics_score":86,"audience_rating":"Upright","audience_score":83},"synopsis":"Before there was Amityville, there was Harrisville. \"The Conjuring\" tells the true story of Ed and Lorraine Warren (Patrick Wilson, Vera Farmiga), world renowned paranormal investigators, who were called to help a family terrorized by a dark presence in a secluded farmhouse. Forced to confront a powerful demonic entity, the Warrens find themselves caught in the most horrifying case of their lives. -- (C) WB","posters":{"thumbnail":"http://content7.flixster.com/movie/11/17/39/11173945_mob.jpg","profile":"http://content7.flixster.com/movie/11/17/39/11173945_pro.jpg","detailed":"http://content7.flixster.com/movie/11/17/39/11173945_det.jpg","original":"http://content7.flixster.com/movie/11/17/39/11173945_ori.jpg"},"abridged_cast":[{"name":"Vera Farmiga","id":"162655572","characters":["Lorraine Warren"]},{"name":"Patrick Wilson","id":"162659104","characters":["Ed Warren"]},{"name":"Ron Livingston","id":"162653278","characters":["Roger Perron"]},{"name":"Lili Taylor","id":"162668140","characters":["Carolyn Perron"]},{"name":"Shanley Caswell","id":"771098206","characters":["Andrea"]}],"alternate_ids":{"imdb":"1457767"},"links":{"self":"http://api.rottentomatoes.com/api/public/v1.0/movies/771312656.json","alternate":"http://www.rottentomatoes.com/m/the_conjuring/","cast":"http://api.rottentomatoes.com/api/public/v1.0/movies/771312656/cast.json","clips":"http://api.rottentomatoes.com/api/public/v1.0/movies/771312656/clips.json","reviews":"http://api.rottentomatoes.com/api/public/v1.0/movies/771312656/reviews.json","similar":"http://api.rottentomatoes.com/api/public/v1.0/movies/771312656/similar.json"}},{"id":"770783550","title":"Pirate Radio (The Boat That Rocked)","year":2009,"mpaa_rating":"R","runtime":117,"critics_consensus":"The good cast and rollicking soundtrack eventually drown when this comic homage to pirate radio loses its quippy steam.","release_dates":{"theater":"2009-11-13","dvd":"2010-04-13"},"ratings":{"critics_rating":"Fresh","critics_score":61,"audience_rating":"Upright","audience_score":71},"synopsis":"","posters":{"thumbnail":"http://content9.flixster.com/movie/10/92/18/10921895_mob.jpg","profile":"http://content9.flixster.com/movie/10/92/18/10921895_pro.jpg","detailed":"http://content9.flixster.com/movie/10/92/18/10921895_det.jpg","original":"http://content9.flixster.com/movie/10/92/18/10921895_ori.jpg"},"abridged_cast":[{"name":"Philip Seymour Hoffman","id":"162654287","characters":["The Count"]},{"name":"Bill Nighy","id":"162652300","characters":["Quentin"]},{"name":"Rhys Ifans","id":"162669070","characters":["Gavin"]},{"name":"Nick Frost","id":"162684059","characters":["Dave"]},{"name":"Kenneth Branagh","id":"162659680","characters":["Minister Dormandy"]}],"alternate_ids":{"imdb":"1131729"},"links":{"self":"http://api.rottentomatoes.com/api/public/v1.0/movies/770783550.json","alternate":"http://www.rottentomatoes.com/m/pirate_radio/","cast":"http://api.rottentomatoes.com/api/public/v1.0/movies/770783550/cast.json","clips":"http://api.rottentomatoes.com/api/public/v1.0/movies/770783550/clips.json","reviews":"http://api.rottentomatoes.com/api/public/v1.0/movies/770783550/reviews.json","similar":"http://api.rottentomatoes.com/api/public/v1.0/movies/770783550/similar.json"}},{"id":"771305721","title":"The Wolf of Wall Street","year":2013,"mpaa_rating":"R","runtime":179,"critics_consensus":"Funny, self-referential, and irreverent to a fault, The Wolf of Wall Street finds Martin Scorsese and Leonardo DiCaprio at their most infectiously dynamic.","release_dates":{"theater":"2013-12-25","dvd":"2014-03-25"},"ratings":{"critics_rating":"Certified Fresh","critics_score":77,"audience_rating":"Upright","audience_score":84},"synopsis":"Martin Scorsese directs the story of New York stockbroker Jordan Belfort. From the American dream to corporate greed, Belfort goes from penny stocks and righteousness to IPOs and a life of corruption in the late 80s. Excess success and affluence in his early twenties as founder of the brokerage firm Stratton Oakmont warranted Belfort the title \"The Wolf of Wall Street.\" -- (C) Paramount","posters":{"thumbnail":"http://content7.flixster.com/movie/11/17/49/11174981_mob.jpg","profile":"http://content7.flixster.com/movie/11/17/49/11174981_pro.jpg","detailed":"http://content7.flixster.com/movie/11/17/49/11174981_det.jpg","original":"http://content7.flixster.com/movie/11/17/49/11174981_ori.jpg"},"abridged_cast":[{"name":"Leonardo DiCaprio","id":"162659161","characters":["Jordan Belfort"]},{"name":"Jonah Hill","id":"326297850","characters":["Donnie Azoff"]},{"name":"Margot Robbie","id":"770873485","characters":["Naomi Lapaglia"]},{"name":"Matthew McConaughey","id":"162652350","characters":["Mark Hanna"]},{"name":"Kyle Chandler","id":"770695318","characters":["Agent Patrick Denham"]}],"alternate_ids":{"imdb":"0993846"},"links":{"self":"http://api.rottentomatoes.com/api/public/v1.0/movies/771305721.json","alternate":"http://www.rottentomatoes.com/m/the_wolf_of_wall_street_2013/","cast":"http://api.rottentomatoes.com/api/public/v1.0/movies/771305721/cast.json","clips":"http://api.rottentomatoes.com/api/public/v1.0/movies/771305721/clips.json","reviews":"http://api.rottentomatoes.com/api/public/v1.0/movies/771305721/reviews.json","similar":"http://api.rottentomatoes.com/api/public/v1.0/movies/771305721/similar.json"}},{"id":"112770423","title":"She's the Man","year":2006,"mpaa_rating":"PG-13","runtime":105,"critics_consensus":"Shakespeare's wit gets lost in translation with She's the Man's broad slapstick, predictable jokes, and unconvincing plotline.","release_dates":{"theater":"2006-03-17","dvd":"2006-07-18"},"ratings":{"critics_rating":"Rotten","critics_score":43,"audience_rating":"Upright","audience_score":79},"synopsis":"","posters":{"thumbnail":"http://content9.flixster.com/movie/31/32/313227_mob.jpg","profile":"http://content9.flixster.com/movie/31/32/313227_pro.jpg","detailed":"http://content9.flixster.com/movie/31/32/313227_det.jpg","original":"http://content9.flixster.com/movie/31/32/313227_ori.jpg"},"abridged_cast":[{"name":"Amanda Bynes","id":"162668195","characters":["Viola Hastings"]},{"name":"Channing Tatum","id":"162661835","characters":["Duke"]},{"name":"Laura Ramsey","id":"770672011","characters":["Olivia"]},{"name":"Vinnie Jones","id":"162707683","characters":["Coach Dinklage"]},{"name":"Julie Hagerty","id":"162662916","characters":["Daphne"]}],"links":{"self":"http://api.rottentomatoes.com/api/public/v1.0/movies/112770423.json","alternate":"http://www.rottentomatoes.com/m/shes_the_man/","cast":"http://api.rottentomatoes.com/api/public/v1.0/movies/112770423/cast.json","clips":"http://api.rottentomatoes.com/api/public/v1.0/movies/112770423/clips.json","reviews":"http://api.rottentomatoes.com/api/public/v1.0/movies/112770423/reviews.json","similar":"http://api.rottentomatoes.com/api/public/v1.0/movies/112770423/similar.json"}},{"id":"155655156","title":"The Lake House","year":2006,"mpaa_rating":"PG","runtime":98,"critics_consensus":"The plot of The Lake House is a little too convoluted, and the film fails to pull off the sweeping romance it aims for.","release_dates":{"theater":"2006-06-16","dvd":"2006-09-26"},"ratings":{"critics_rating":"Rotten","critics_score":35,"audience_rating":"Upright","audience_score":73},"synopsis":"","posters":{"thumbnail":"http://content8.flixster.com/movie/45/20/452082_mob.jpg","profile":"http://content8.flixster.com/movie/45/20/452082_pro.jpg","detailed":"http://content8.flixster.com/movie/45/20/452082_det.jpg","original":"http://content8.flixster.com/movie/45/20/452082_ori.jpg"},"abridged_cast":[{"name":"Keanu Reeves","id":"162654049","characters":["Alex Wyler"]},{"name":"Sandra Bullock","id":"162652205","characters":["Kate Forster"]},{"name":"Dylan Walsh","id":"405587642","characters":["Morgan"]},{"name":"Shohreh Aghdashloo","id":"326393525","characters":["Anna"]},{"name":"Christopher Plummer","id":"162652929","characters":["Simon Wyler"]}],"alternate_ids":{"imdb":"0410297"},"links":{"self":"http://api.rottentomatoes.com/api/public/v1.0/movies/155655156.json","alternate":"http://www.rottentomatoes.com/m/lake_house/","cast":"http://api.rottentomatoes.com/api/public/v1.0/movies/155655156/cast.json","clips":"http://api.rottentomatoes.com/api/public/v1.0/movies/155655156/clips.json","reviews":"http://api.rottentomatoes.com/api/public/v1.0/movies/155655156/reviews.json","similar":"http://api.rottentomatoes.com/api/public/v1.0/movies/155655156/similar.json"}},{"id":"771230011","title":"The Perks of Being a Wallflower","year":2012,"mpaa_rating":"PG-13","runtime":103,"critics_consensus":"The Perks of Being a Wallflower is a heartfelt and sincere adaptation that's bolstered by strong lead performances.","release_dates":{"theater":"2012-09-21","dvd":"2013-02-12"},"ratings":{"critics_rating":"Certified Fresh","critics_score":85,"audience_rating":"Upright","audience_score":89},"synopsis":"Based on the best-selling novel by Stephen Chbosky, The Perks of Being a Wallflower is a modern classic that captures the dizzying highs and crushing lows of growing up. Starring Logan Lerman, Emma Watson and Ezra Miller, The Perks of Being a Wallflower is a moving tale of love, loss, fear and hope-and the unforgettable friends that help us through life. -- (C) Summit","posters":{"thumbnail":"http://content6.flixster.com/movie/11/16/86/11168692_mob.jpg","profile":"http://content6.flixster.com/movie/11/16/86/11168692_pro.jpg","detailed":"http://content6.flixster.com/movie/11/16/86/11168692_det.jpg","original":"http://content6.flixster.com/movie/11/16/86/11168692_ori.jpg"},"abridged_cast":[{"name":"Logan Lerman","id":"341816559","characters":["Charlie"]},{"name":"Emma Watson","id":"162655378","characters":["Sam"]},{"name":"Ezra Miller","id":"770824298","characters":["Patrick"]},{"name":"Mae Whitman","id":"162654346","characters":["Mary Elizabeth"]},{"name":"Kate Walsh","id":"162652187","characters":["Mother"]}],"alternate_ids":{"imdb":"1659337"},"links":{"self":"http://api.rottentomatoes.com/api/public/v1.0/movies/771230011.json","alternate":"http://www.rottentomatoes.com/m/the_perks_of_being_a_wallflower/","cast":"http://api.rottentomatoes.com/api/public/v1.0/movies/771230011/cast.json","clips":"http://api.rottentomatoes.com/api/public/v1.0/movies/771230011/clips.json","reviews":"http://api.rottentomatoes.com/api/public/v1.0/movies/771230011/reviews.json","similar":"http://api.rottentomatoes.com/api/public/v1.0/movies/771230011/similar.json"}},{"id":"771220969","title":"The Innkeepers","year":2012,"mpaa_rating":"R","runtime":102,"critics_consensus":"It doesn't break any rules of the genre, but The Innkeepers serves as additional proof that Ti West is a young director that discriminating horror fans can trust.","release_dates":{"theater":"2012-02-03","dvd":"2012-04-24"},"ratings":{"critics_rating":"Certified Fresh","critics_score":79,"audience_rating":"Spilled","audience_score":42},"synopsis":"From director Ti West comes The Innkeepers. Set in the venerable Yankee Pedlar Inn, which is about to shut its doors for good after over a century of service. Believed by many to be one of New England's \"most haunted hotels,\" the last remaining employees -Claire (Sara Paxton) and Luke (Pat Healy)- are determined to uncover proof before it shuts down for good. As the Inn's final days draw near, odd guests check in as the pair of minimum wage \"ghost hunters\" begin to experience strange and alarming events that may ultimately cause them to be mere footnotes in the hotel's long unexplained history. -- (C) Magnet Releasing","posters":{"thumbnail":"http://content7.flixster.com/movie/11/16/11/11161153_mob.jpg","profile":"http://content7.flixster.com/movie/11/16/11/11161153_pro.jpg","detailed":"http://content7.flixster.com/movie/11/16/11/11161153_det.jpg","original":"http://content7.flixster.com/movie/11/16/11/11161153_ori.jpg"},"abridged_cast":[{"name":"Sara Paxton","id":"326298387","characters":["Claire"]},{"name":"Pat Healy","id":"410745293","characters":["Luke"]},{"name":"Alison Bartlett","id":"770805733","characters":["Gayle the Angry Mom"]},{"name":"Jake Schlueter","id":"771395157","characters":["Young Boy"]},{"name":"Kelly McGillis","id":"162670615","characters":["Leanne Rease-Jones"]}],"alternate_ids":{"imdb":"1594562"},"links":{"self":"http://api.rottentomatoes.com/api/public/v1.0/movies/771220969.json","alternate":"http://www.rottentomatoes.com/m/the_innkeepers/","cast":"http://api.rottentomatoes.com/api/public/v1.0/movies/771220969/cast.json","clips":"http://api.rottentomatoes.com/api/public/v1.0/movies/771220969/clips.json","reviews":"http://api.rottentomatoes.com/api/public/v1.0/movies/771220969/reviews.json","similar":"http://api.rottentomatoes.com/api/public/v1.0/movies/771220969/similar.json"}},{"id":"287865019","title":"The Covenant","year":2006,"mpaa_rating":"PG-13","runtime":97,"critics_consensus":"The Covenant plays out like a teen soap opera, full of pretty faces, wooden acting, laughable dialogue, and little suspense.","release_dates":{"theater":"2006-09-08","dvd":"2007-01-02"},"ratings":{"critics_rating":"Rotten","critics_score":3,"audience_rating":"Upright","audience_score":62},"synopsis":"","posters":{"thumbnail":"http://content8.flixster.com/movie/23/86/16/2386162_mob.jpg","profile":"http://content8.flixster.com/movie/23/86/16/2386162_pro.jpg","detailed":"http://content8.flixster.com/movie/23/86/16/2386162_det.jpg","original":"http://content8.flixster.com/movie/23/86/16/2386162_ori.jpg"},"abridged_cast":[{"name":"Steven Strait","id":"162653560","characters":["Caleb Danvers"]},{"name":"Sebastian Stan","id":"326299814","characters":["Chase Collins"]},{"name":"Laura Ramsey","id":"770672011","characters":["Sarah Wenham"]},{"name":"Taylor Kitsch","id":"326299816","characters":["Pogue Parry"]},{"name":"Toby Hemingway","id":"326299812","characters":["Reid Garwin"]}],"alternate_ids":{"imdb":"0475944"},"links":{"self":"http://api.rottentomatoes.com/api/public/v1.0/movies/287865019.json","alternate":"http://www.rottentomatoes.com/m/covenant/","cast":"http://api.rottentomatoes.com/api/public/v1.0/movies/287865019/cast.json","clips":"http://api.rottentomatoes.com/api/public/v1.0/movies/287865019/clips.json","reviews":"http://api.rottentomatoes.com/api/public/v1.0/movies/287865019/reviews.json","similar":"http://api.rottentomatoes.com/api/public/v1.0/movies/287865019/similar.json"}},{"id":"770681508","title":"The Love Guru","year":2008,"mpaa_rating":"PG-13","runtime":87,"critics_consensus":"The Love Guru features far too many gross-out gags, and too few earned laughs, ranking as one of Mike Myers' poorest outings.","release_dates":{"theater":"2008-06-20","dvd":"2008-09-16"},"ratings":{"critics_rating":"Rotten","critics_score":14,"audience_rating":"Spilled","audience_score":34},"synopsis":"","posters":{"thumbnail":"http://content9.flixster.com/movie/10/93/40/10934095_mob.jpg","profile":"http://content9.flixster.com/movie/10/93/40/10934095_pro.jpg","detailed":"http://content9.flixster.com/movie/10/93/40/10934095_det.jpg","original":"http://content9.flixster.com/movie/10/93/40/10934095_ori.jpg"},"abridged_cast":[{"name":"Mike Myers","id":"162659399","characters":["Guru Pitka"]},{"name":"Jessica Alba","id":"162652782","characters":["Jane Bullard"]},{"name":"Justin Timberlake","id":"246212645","characters":["Jacques \"Le Coq\" Grande"]},{"name":"Romany Malco","id":"162653311","characters":["Darren Roanoke"]},{"name":"Verne Troyer","id":"427815656","characters":["Coach Cherkov"]}],"alternate_ids":{"imdb":"0811138"},"links":{"self":"http://api.rottentomatoes.com/api/public/v1.0/movies/770681508.json","alternate":"http://www.rottentomatoes.com/m/love_guru/","cast":"http://api.rottentomatoes.com/api/public/v1.0/movies/770681508/cast.json","clips":"http://api.rottentomatoes.com/api/public/v1.0/movies/770681508/clips.json","reviews":"http://api.rottentomatoes.com/api/public/v1.0/movies/770681508/reviews.json","similar":"http://api.rottentomatoes.com/api/public/v1.0/movies/770681508/similar.json"}},{"id":"357424957","title":"The Astronaut Farmer","year":2007,"mpaa_rating":"PG","runtime":104,"critics_consensus":"The Astronaut Farmer is a charming, inspirational drama that successfully avoids modern cinematic cliches while appealing to the optimistic dreamer in all of us.","release_dates":{"theater":"2006-10-15","dvd":"2007-07-10"},"ratings":{"critics_rating":"Rotten","critics_score":57,"audience_rating":"Spilled","audience_score":50},"synopsis":"","posters":{"thumbnail":"http://content9.flixster.com/movie/89/45/11/8945115_mob.jpg","profile":"http://content9.flixster.com/movie/89/45/11/8945115_pro.jpg","detailed":"http://content9.flixster.com/movie/89/45/11/8945115_det.jpg","original":"http://content9.flixster.com/movie/89/45/11/8945115_ori.jpg"},"abridged_cast":[{"name":"Billy Bob Thornton","id":"162652889","characters":["Charles Farmer"]},{"name":"Virginia Madsen","id":"162667395","characters":["Audrey \"Audie\" Farmer"]},{"name":"Jasper Polish","id":"771043347","characters":["Stanley Farmer"]},{"name":"Logan Polish","id":"771043348","characters":["Sunshine Farmer"]},{"name":"Bruce Dern","id":"162658850","characters":["Hal"]}],"alternate_ids":{"imdb":"0469263"},"links":{"self":"http://api.rottentomatoes.com/api/public/v1.0/movies/357424957.json","alternate":"http://www.rottentomatoes.com/m/astronaut_farmer/","cast":"http://api.rottentomatoes.com/api/public/v1.0/movies/357424957/cast.json","clips":"http://api.rottentomatoes.com/api/public/v1.0/movies/357424957/clips.json","reviews":"http://api.rottentomatoes.com/api/public/v1.0/movies/357424957/reviews.json","similar":"http://api.rottentomatoes.com/api/public/v1.0/movies/357424957/similar.json"}},{"id":"771266109","title":"The Imposter","year":2012,"mpaa_rating":"R","runtime":95,"critics_consensus":"Despite its true-crime trappings, The Imposter is an utterly gripping and sometimes heartbreaking documentary thriller cleverly told with narrative flair.","release_dates":{"theater":"2012-07-13","dvd":"2013-01-22"},"ratings":{"critics_rating":"Certified Fresh","critics_score":95,"audience_rating":"Upright","audience_score":78},"synopsis":"Nicholas was 13 the day he disappeared (June 13, 1994). He would have been 16 and 8 months when he was reported found in Spain (October 7, 1997)... In 1994 a 13-year-old boy disappears without a trace from San Antonio, Texas. Three and a half years later he is found alive, thousands of miles away in a village in southern Spain with a story of kidnap and torture. His family is overjoyed to bring him home. But all is not quite as it seems. The boy bears many of the same distinguishing marks he always had, but why does he now have a strange accent? Why does he look so different? And why doesn't the family seem to notice these glaring inconsistencies? It's only when an investigator starts asking questions that this strange tale takes an even stranger turn... -- (C) Indomina","posters":{"thumbnail":"http://content8.flixster.com/movie/11/16/54/11165466_mob.jpg","profile":"http://content8.flixster.com/movie/11/16/54/11165466_pro.jpg","detailed":"http://content8.flixster.com/movie/11/16/54/11165466_det.jpg","original":"http://content8.flixster.com/movie/11/16/54/11165466_ori.jpg"},"abridged_cast":[{"name":"Frederic Bourdin","id":"771414153"},{"name":"Carey Gibson","id":"771414154"},{"name":"Beverly Dollarhide","id":"771414155"},{"name":"Charlie Parker","id":"770732184"},{"name":"Nancy Fisher","id":"771214117"}],"alternate_ids":{"imdb":"1966604"},"links":{"self":"http://api.rottentomatoes.com/api/public/v1.0/movies/771266109.json","alternate":"http://www.rottentomatoes.com/m/the_imposter_2012/","cast":"http://api.rottentomatoes.com/api/public/v1.0/movies/771266109/cast.json","clips":"http://api.rottentomatoes.com/api/public/v1.0/movies/771266109/clips.json","reviews":"http://api.rottentomatoes.com/api/public/v1.0/movies/771266109/reviews.json","similar":"http://api.rottentomatoes.com/api/public/v1.0/movies/771266109/similar.json"}},{"id":"770681977","title":"The A-Team","year":2010,"mpaa_rating":"PG-13","runtime":119,"critics_consensus":"For better and for worse, Joe Carnahan's big-screen version of The A-Team captures the superficial, noisy spirit of the TV series.","release_dates":{"theater":"2010-06-11","dvd":"2010-12-14"},"ratings":{"critics_rating":"Rotten","critics_score":47,"audience_rating":"Upright","audience_score":66},"synopsis":"Director Joe Carnahan resurrects the popular 1980s-era action series with this explosive reboot following the adventures of four Iraq War veterans who begin a second career as mercenaries for hire. Col. John \"Hannibal\" Smith (Liam Neeson), Templeton \"Face\" Peck (Bradley Cooper), B.A. Baracus (Quinton \"Rampage\" Jackson), and H.M. \"Howlin' Mad\" Murdock (Sharlto Copley) are a group of former Special Forces operatives who have been fighting the good fight for eight years when they're sentenced to military prison for a crime they didn't commit. Breaking out with relative ease, they embark on a treacherous quest to clear their names while being hunted across the globe by Charissa Sosa (Jessica Biel), a high-ranking military officer and one of Face's many former lovers. Meanwhile, mysterious CIA operative Lynch (Patrick Wilson) offers tips that help point the federal fugitives in the right direction, which seems to lead straight to former military contractor Pike (Brian Bloom), who may have been responsible for setting them up in the first place. Just when it seems that the A-Team has all the evidence needed to prove their innocence, however, they discover that their latest mission is just getting started. ~ Jason Buchanan, Rovi","posters":{"thumbnail":"http://content8.flixster.com/movie/11/16/63/11166306_mob.jpg","profile":"http://content8.flixster.com/movie/11/16/63/11166306_pro.jpg","detailed":"http://content8.flixster.com/movie/11/16/63/11166306_det.jpg","original":"http://content8.flixster.com/movie/11/16/63/11166306_ori.jpg"},"abridged_cast":[{"name":"Liam Neeson","id":"162652242","characters":["Col. John \"Hannibal\" Smith"]},{"name":"Bradley Cooper","id":"351525448","characters":["Lt. Templeton \"Faceman\" Peck"]},{"name":"Jessica Biel","id":"162652974","characters":["Carissa Sosa","Charissa Sosa"]},{"name":"Quinton \"Rampage\" Jackson","id":"770741500","characters":["B.A. Baracus"]},{"name":"Sharlto Copley","id":"770674319","characters":["\"Howling Mad\" Murdock"]}],"alternate_ids":{"imdb":"0429493"},"links":{"self":"http://api.rottentomatoes.com/api/public/v1.0/movies/770681977.json","alternate":"http://www.rottentomatoes.com/m/a_team/","cast":"http://api.rottentomatoes.com/api/public/v1.0/movies/770681977/cast.json","clips":"http://api.rottentomatoes.com/api/public/v1.0/movies/770681977/clips.json","reviews":"http://api.rottentomatoes.com/api/public/v1.0/movies/770681977/reviews.json","similar":"http://api.rottentomatoes.com/api/public/v1.0/movies/770681977/similar.json"}},{"id":"770855546","title":"Pirates of the Caribbean: On Stranger Tides","year":2011,"mpaa_rating":"PG-13","runtime":137,"critics_consensus":"It's shorter and leaner than the previous sequel, but this Pirates runs aground on a disjointed plot and a non-stop barrage of noisy action sequences.","release_dates":{"theater":"2011-05-20","dvd":"2011-10-18"},"ratings":{"critics_rating":"Rotten","critics_score":33,"audience_rating":"Spilled","audience_score":55},"synopsis":"Johnny Depp returns to his iconic role of Captain Jack Sparrow in an action-packed adventure. Crossing paths with the enigmatic Angelica (Penelope Cruz), he's not sure if it's love-or if she's a ruthless con artist who's using him to find the fabled Fountain of Youth. When she forces him aboard the \"Queen Anne's Revenge,\" the ship of the legendary pirate Blackbeard (Ian McShane), Jack finds himself on an unexpected adventure in which he doesn't know whom to fear more: Blackbeard or Angelica, with whom he shares a mysterious past. -- (C) Disney","posters":{"thumbnail":"http://content6.flixster.com/movie/11/15/67/11156760_mob.jpg","profile":"http://content6.flixster.com/movie/11/15/67/11156760_pro.jpg","detailed":"http://content6.flixster.com/movie/11/15/67/11156760_det.jpg","original":"http://content6.flixster.com/movie/11/15/67/11156760_ori.jpg"},"abridged_cast":[{"name":"Johnny Depp","id":"162652817","characters":["Captain Jack Sparrow"]},{"name":"Penelope Cruz","id":"162652351","characters":["Angelica"]},{"name":"Geoffrey Rush","id":"162659119","characters":["Captain Hector Barbossa"]},{"name":"Ian McShane","id":"326396263","characters":["Blackbeard"]},{"name":"Kevin McNally","id":"162720229","characters":["Joshamee Gibbs"]}],"alternate_ids":{"imdb":"1298650"},"links":{"self":"http://api.rottentomatoes.com/api/public/v1.0/movies/770855546.json","alternate":"http://www.rottentomatoes.com/m/pirates_of_the_caribbean_on_stranger_tides/","cast":"http://api.rottentomatoes.com/api/public/v1.0/movies/770855546/cast.json","clips":"http://api.rottentomatoes.com/api/public/v1.0/movies/770855546/clips.json","reviews":"http://api.rottentomatoes.com/api/public/v1.0/movies/770855546/reviews.json","similar":"http://api.rottentomatoes.com/api/public/v1.0/movies/770855546/similar.json"}},{"id":"771193269","title":"Dr Seuss' The Lorax","year":2012,"mpaa_rating":"PG","runtime":87,"critics_consensus":"Dr. Seuss' The Lorax is cute and funny enough but the moral simplicity of the book gets lost with the zany Hollywood production values.","release_dates":{"theater":"2012-03-02","dvd":"2012-08-07"},"ratings":{"critics_rating":"Rotten","critics_score":54,"audience_rating":"Upright","audience_score":64},"synopsis":"The 3D-CGI feature Dr. Seuss' The Lorax is an adaptation of Dr. Seuss' classic tale of a forest creature who shares the enduring power of hope. The animated adventure follows the journey of a boy as he searches for the one thing that will enable him to win the affection of the girl of his dreams. To find it he must discover the story of the Lorax, the grumpy yet charming creature who fights to protect his world. -- (C) Universal","posters":{"thumbnail":"http://content9.flixster.com/movie/11/16/74/11167427_mob.jpg","profile":"http://content9.flixster.com/movie/11/16/74/11167427_pro.jpg","detailed":"http://content9.flixster.com/movie/11/16/74/11167427_det.jpg","original":"http://content9.flixster.com/movie/11/16/74/11167427_ori.jpg"},"abridged_cast":[{"name":"Danny DeVito","id":"162664270","characters":["The Lorax"]},{"name":"Ed Helms","id":"770691762","characters":["The Once-ler","The Oncel-ler"]},{"name":"Zac Efron","id":"171852647","characters":["Ted"]},{"name":"Taylor Swift","id":"770677834","characters":["Audrey"]},{"name":"Betty White","id":"454007836","characters":["Grammy Norma"]}],"alternate_ids":{"imdb":"1482459"},"links":{"self":"http://api.rottentomatoes.com/api/public/v1.0/movies/771193269.json","alternate":"http://www.rottentomatoes.com/m/the_lorax/","cast":"http://api.rottentomatoes.com/api/public/v1.0/movies/771193269/cast.json","clips":"http://api.rottentomatoes.com/api/public/v1.0/movies/771193269/clips.json","reviews":"http://api.rottentomatoes.com/api/public/v1.0/movies/771193269/reviews.json","similar":"http://api.rottentomatoes.com/api/public/v1.0/movies/771193269/similar.json"}},{"id":"12939","title":"The Green Mile","year":1999,"mpaa_rating":"R","runtime":188,"critics_consensus":"Though The Green Mile is long, critics say it's an absorbing, emotionally powerful experience.","release_dates":{"theater":"1999-12-10","dvd":"2000-06-13"},"ratings":{"critics_rating":"Certified Fresh","critics_score":80,"audience_rating":"Upright","audience_score":94},"synopsis":"","posters":{"thumbnail":"http://content8.flixster.com/movie/11/17/00/11170030_mob.jpg","profile":"http://content8.flixster.com/movie/11/17/00/11170030_pro.jpg","detailed":"http://content8.flixster.com/movie/11/17/00/11170030_det.jpg","original":"http://content8.flixster.com/movie/11/17/00/11170030_ori.jpg"},"abridged_cast":[{"name":"Tom Hanks","id":"162655641","characters":["Paul Edgecomb"]},{"name":"David Morse","id":"162676381","characters":["Brutus \"Brutal\" Howell"]},{"name":"Bonnie Hunt","id":"162654629","characters":["Jan Edgecomb"]},{"name":"Michael Clarke Duncan","id":"162669487","characters":["John Coffey"]},{"name":"James Cromwell","id":"162652553","characters":["Warden Hal Moores"]}],"alternate_ids":{"imdb":"0120689"},"links":{"self":"http://api.rottentomatoes.com/api/public/v1.0/movies/12939.json","alternate":"http://www.rottentomatoes.com/m/green_mile/","cast":"http://api.rottentomatoes.com/api/public/v1.0/movies/12939/cast.json","clips":"http://api.rottentomatoes.com/api/public/v1.0/movies/12939/clips.json","reviews":"http://api.rottentomatoes.com/api/public/v1.0/movies/12939/reviews.json","similar":"http://api.rottentomatoes.com/api/public/v1.0/movies/12939/similar.json"}},{"id":"770674856","title":"Journey to the Center of the Earth","year":2008,"mpaa_rating":"PG","runtime":93,"critics_consensus":"Modern visuals and an old fasioned storyline make this family adventure/comedy a fast-paced, kitschy ride.","release_dates":{"theater":"2008-07-11","dvd":"2008-10-28"},"ratings":{"critics_rating":"Fresh","critics_score":61,"audience_rating":"Spilled","audience_score":52},"synopsis":"","posters":{"thumbnail":"http://content7.flixster.com/movie/11/17/00/11170037_mob.jpg","profile":"http://content7.flixster.com/movie/11/17/00/11170037_pro.jpg","detailed":"http://content7.flixster.com/movie/11/17/00/11170037_det.jpg","original":"http://content7.flixster.com/movie/11/17/00/11170037_ori.jpg"},"abridged_cast":[{"name":"Brendan Fraser","id":"162662763","characters":["Trevor Anderson"]},{"name":"Anita Briem","id":"221260970","characters":["Hannah"]},{"name":"Josh Hutcherson","id":"162654356","characters":["Sean Anderson"]},{"name":"Cale Boyter","id":"162654556"},{"name":"Alex Schwartz","id":"770672862"}],"alternate_ids":{"imdb":"0373051"},"links":{"self":"http://api.rottentomatoes.com/api/public/v1.0/movies/770674856.json","alternate":"http://www.rottentomatoes.com/m/10008588-journey_3d/","cast":"http://api.rottentomatoes.com/api/public/v1.0/movies/770674856/cast.json","clips":"http://api.rottentomatoes.com/api/public/v1.0/movies/770674856/clips.json","reviews":"http://api.rottentomatoes.com/api/public/v1.0/movies/770674856/reviews.json","similar":"http://api.rottentomatoes.com/api/public/v1.0/movies/770674856/similar.json"}},{"id":"770805222","title":"The Crazies","year":2010,"mpaa_rating":"R","runtime":101,"critics_consensus":"Tense, nicely shot, and uncommonly intelligent, The Crazies is a horror remake that, unusually, works.","release_dates":{"theater":"2010-02-26","dvd":"2010-06-29"},"ratings":{"critics_rating":"Fresh","critics_score":71,"audience_rating":"Spilled","audience_score":56},"synopsis":"Sahara director Breck Eisner teams with screenwriters Ray Wright (Pulse) and Scott Kosar (The Texas Chainsaw Massacre) to give George A. Romero's underrated 1973 shocker a shiny new makeover in this update starring Timothy Olyphant and Radha Mitchell. Perform a Google search on \"small-town America,\" and eventually you'll stumble across Ogden Marsh, a picturesque hamlet situated a safe distance from the nearest big city, and full of friendly faces. The citizens of Ogden Marsh are happy, albeit unremarkable people, but they're about to discover just how fragile their warm slice of the American dream really is. When a mysterious toxin transforms the locals into murderous maniacs, it's up to Sheriff David Dutton (Olyphant) to find out why a man who was once an upstanding citizen would attempt to massacre the local youth baseball team, and a caring father would burn his beloved family alive. Within hours the town has descended into total chaos, and the government has ordered it quarantined. Anyone who attempts to escape will be shot on sight, whether they're infected or not. Realizing that their only hope for survival is to fight through the madness that has consumed their once-quiet town, Sheriff Dutton, his pregnant wife, Judy (Mitchell), his deputy Russell (Joe Anderson), and frightened medical center assistant Becca (Danielle Panabaker) wage an epic struggle to discover the source of this malevolent scourge while fending off their infected friends and neighbors. ~ Jason Buchanan, Rovi","posters":{"thumbnail":"http://content6.flixster.com/movie/10/93/48/10934852_mob.jpg","profile":"http://content6.flixster.com/movie/10/93/48/10934852_pro.jpg","detailed":"http://content6.flixster.com/movie/10/93/48/10934852_det.jpg","original":"http://content6.flixster.com/movie/10/93/48/10934852_ori.jpg"},"abridged_cast":[{"name":"Timothy Olyphant","id":"162696544","characters":["David Dutten"]},{"name":"Radha Mitchell","id":"162688762","characters":["Judy Dutten"]},{"name":"Danielle Panabaker","id":"162652948","characters":["Becca"]},{"name":"Joe Anderson","id":"335717925","characters":["Russell"]},{"name":"Christie Lynn Smith","id":"770676363","characters":["Deardra Farnum"]}],"alternate_ids":{"imdb":"0455407"},"links":{"self":"http://api.rottentomatoes.com/api/public/v1.0/movies/770805222.json","alternate":"http://www.rottentomatoes.com/m/1205380-crazies/","cast":"http://api.rottentomatoes.com/api/public/v1.0/movies/770805222/cast.json","clips":"http://api.rottentomatoes.com/api/public/v1.0/movies/770805222/clips.json","reviews":"http://api.rottentomatoes.com/api/public/v1.0/movies/770805222/reviews.json","similar":"http://api.rottentomatoes.com/api/public/v1.0/movies/770805222/similar.json"}},{"id":"770781881","title":"Underworld: The Rise of the Lycans","year":2009,"mpaa_rating":"R","runtime":93,"critics_consensus":"Despite the best efforts of its competent cast, Underworld: Rise of the Lycans is an indistinguishable and unnecessary prequel.","release_dates":{"theater":"2009-01-23","dvd":"2009-05-12"},"ratings":{"critics_rating":"Rotten","critics_score":29,"audience_rating":"Upright","audience_score":64},"synopsis":"","posters":{"thumbnail":"http://content6.flixster.com/movie/11/16/36/11163660_mob.jpg","profile":"http://content6.flixster.com/movie/11/16/36/11163660_pro.jpg","detailed":"http://content6.flixster.com/movie/11/16/36/11163660_det.jpg","original":"http://content6.flixster.com/movie/11/16/36/11163660_ori.jpg"},"abridged_cast":[{"name":"Michael Sheen","id":"326395770","characters":["Lucian"]},{"name":"Bill Nighy","id":"162652300","characters":["Viktor"]},{"name":"Rhona Mitra","id":"162719265","characters":["Sonja"]},{"name":"Steven Mackintosh","id":"162702964","characters":["Tannis"]},{"name":"Kevin Grevioux","id":"770728960","characters":["Raze"]}],"alternate_ids":{"imdb":"0834001"},"links":{"self":"http://api.rottentomatoes.com/api/public/v1.0/movies/770781881.json","alternate":"http://www.rottentomatoes.com/m/underworld_rise_of_the_lycans/","cast":"http://api.rottentomatoes.com/api/public/v1.0/movies/770781881/cast.json","clips":"http://api.rottentomatoes.com/api/public/v1.0/movies/770781881/clips.json","reviews":"http://api.rottentomatoes.com/api/public/v1.0/movies/770781881/reviews.json","similar":"http://api.rottentomatoes.com/api/public/v1.0/movies/770781881/similar.json"}},{"id":"770675029","title":"Walk Hard: The Dewey Cox Story","year":2007,"mpaa_rating":"R","runtime":96,"critics_consensus":"A parody that pokes fun at rock stars and reductive biopics alike, this comedy sings in large part because of stellar performances and clever original music.","release_dates":{"theater":"2007-12-21","dvd":"2008-04-08"},"ratings":{"critics_rating":"Certified Fresh","critics_score":74,"audience_rating":"Spilled","audience_score":57},"synopsis":"","posters":{"thumbnail":"http://content8.flixster.com/movie/10/89/74/10897410_mob.jpg","profile":"http://content8.flixster.com/movie/10/89/74/10897410_pro.jpg","detailed":"http://content8.flixster.com/movie/10/89/74/10897410_det.jpg","original":"http://content8.flixster.com/movie/10/89/74/10897410_ori.jpg"},"abridged_cast":[{"name":"John C. Reilly","id":"162652855","characters":["Dewey Cox"]},{"name":"Jenna Fischer","id":"512880936","characters":["Darlene Madison"]},{"name":"Raymond J. Barry","id":"162750342","characters":["Pa Cox"]},{"name":"Kristen Wiig","id":"770670481","characters":["Edith"]},{"name":"Tim Meadows","id":"162694962","characters":["Sam"]}],"alternate_ids":{"imdb":"0841046"},"links":{"self":"http://api.rottentomatoes.com/api/public/v1.0/movies/770675029.json","alternate":"http://www.rottentomatoes.com/m/walk_hard/","cast":"http://api.rottentomatoes.com/api/public/v1.0/movies/770675029/cast.json","clips":"http://api.rottentomatoes.com/api/public/v1.0/movies/770675029/clips.json","reviews":"http://api.rottentomatoes.com/api/public/v1.0/movies/770675029/reviews.json","similar":"http://api.rottentomatoes.com/api/public/v1.0/movies/770675029/similar.json"}},{"id":"770671962","title":"The Kite Runner","year":2007,"mpaa_rating":"PG-13","runtime":127,"critics_consensus":"Despite some fine performances, The Kite Runner is just shy of rendering the magic of the novel on to the big screen.","release_dates":{"theater":"2007-12-14","dvd":"2008-03-25"},"ratings":{"critics_rating":"Fresh","critics_score":65,"audience_rating":"Upright","audience_score":85},"synopsis":"","posters":{"thumbnail":"http://content6.flixster.com/movie/10/88/95/10889536_mob.jpg","profile":"http://content6.flixster.com/movie/10/88/95/10889536_pro.jpg","detailed":"http://content6.flixster.com/movie/10/88/95/10889536_det.jpg","original":"http://content6.flixster.com/movie/10/88/95/10889536_ori.jpg"},"abridged_cast":[{"name":"Khalid Abdalla","id":"770681633","characters":["Amir"]},{"name":"Homayoun Ershadi","id":"585857153","characters":["Baba Amir's Father"]},{"name":"Zekiria Ebrahimi","id":"771054230","characters":["Young Amir"]},{"name":"Shaun Toub","id":"364655828","characters":["Rahim Khan"]},{"name":"Said Taghmaoui","id":"350393585","characters":["Farid"]}],"alternate_ids":{"imdb":"0419887"},"links":{"self":"http://api.rottentomatoes.com/api/public/v1.0/movies/770671962.json","alternate":"http://www.rottentomatoes.com/m/kite_runner/","cast":"http://api.rottentomatoes.com/api/public/v1.0/movies/770671962/cast.json","clips":"http://api.rottentomatoes.com/api/public/v1.0/movies/770671962/clips.json","reviews":"http://api.rottentomatoes.com/api/public/v1.0/movies/770671962/reviews.json","similar":"http://api.rottentomatoes.com/api/public/v1.0/movies/770671962/similar.json"}},{"id":"16286","title":"The Silence of the Lambs","year":1991,"mpaa_rating":"R","runtime":118,"critics_consensus":"Director Jonathan Demme's smart, taut thriller teeters on the edge between psychological study and all-out horror, and benefits greatly from stellar performances by Anthony Hopkins and Jodie Foster.","release_dates":{"theater":"1991-02-13","dvd":"1998-07-01"},"ratings":{"critics_rating":"Certified Fresh","critics_score":94,"audience_rating":"Upright","audience_score":95},"synopsis":"","posters":{"thumbnail":"http://content7.flixster.com/movie/55/12/86/5512865_mob.jpg","profile":"http://content7.flixster.com/movie/55/12/86/5512865_pro.jpg","detailed":"http://content7.flixster.com/movie/55/12/86/5512865_det.jpg","original":"http://content7.flixster.com/movie/55/12/86/5512865_ori.jpg"},"abridged_cast":[{"name":"Jodie Foster","id":"162654080","characters":["Clarice Starling"]},{"name":"Anthony Hopkins","id":"162653967","characters":["Dr. Hannibal Lecter"]},{"name":"Scott Glenn","id":"162670425","characters":["Jack Crawford"]},{"name":"Anthony Heald","id":"351527485","characters":["Dr. Frederick Chilton"]},{"name":"Brooke Smith","id":"162654447","characters":["Catherine Martin"]}],"alternate_ids":{"imdb":"0102926"},"links":{"self":"http://api.rottentomatoes.com/api/public/v1.0/movies/16286.json","alternate":"http://www.rottentomatoes.com/m/silence_of_the_lambs/","cast":"http://api.rottentomatoes.com/api/public/v1.0/movies/16286/cast.json","clips":"http://api.rottentomatoes.com/api/public/v1.0/movies/16286/clips.json","reviews":"http://api.rottentomatoes.com/api/public/v1.0/movies/16286/reviews.json","similar":"http://api.rottentomatoes.com/api/public/v1.0/movies/16286/similar.json"}},{"id":"155655113","title":"The Fast and the Furious: Tokyo Drift","year":2006,"mpaa_rating":"PG-13","runtime":98,"critics_consensus":"Eye-popping driving sequences coupled with a limp story and flat performances make this Drift an adequate follow-up to the previous Fast and Furious installments. Strictly for the racing crowd and fans of the first two films.","release_dates":{"theater":"2006-06-16","dvd":"2006-09-26"},"ratings":{"critics_rating":"Rotten","critics_score":36,"audience_rating":"Upright","audience_score":71},"synopsis":"","posters":{"thumbnail":"http://content8.flixster.com/movie/11/16/88/11168870_mob.jpg","profile":"http://content8.flixster.com/movie/11/16/88/11168870_pro.jpg","detailed":"http://content8.flixster.com/movie/11/16/88/11168870_det.jpg","original":"http://content8.flixster.com/movie/11/16/88/11168870_ori.jpg"},"abridged_cast":[{"name":"Lucas Black","id":"162655032","characters":["Sean Boswell"]},{"name":"Bow Wow","id":"162654097","characters":["Twinkie"]},{"name":"Nathalie Kelley","id":"405870394","characters":["Neela"]},{"name":"Brian Tee","id":"326391108","characters":["DK"]},{"name":"Sung Kang","id":"162707419","characters":["Han"]}],"alternate_ids":{"imdb":"0463985"},"links":{"self":"http://api.rottentomatoes.com/api/public/v1.0/movies/155655113.json","alternate":"http://www.rottentomatoes.com/m/fast_and_the_furious_tokyo_drift/","cast":"http://api.rottentomatoes.com/api/public/v1.0/movies/155655113/cast.json","clips":"http://api.rottentomatoes.com/api/public/v1.0/movies/155655113/clips.json","reviews":"http://api.rottentomatoes.com/api/public/v1.0/movies/155655113/reviews.json","similar":"http://api.rottentomatoes.com/api/public/v1.0/movies/155655113/similar.json"}},{"id":"248007565","title":"Talladega Nights: The Ballad of Ricky Bobby","year":2006,"mpaa_rating":"PG-13","runtime":110,"critics_consensus":"Though it occasionally stalls, Talladega Nights' mix of satire, clever gags, and excellent ensemble performances put it squarely in the winner's circle.","release_dates":{"theater":"2006-08-04","dvd":"2006-12-12"},"ratings":{"critics_rating":"Certified Fresh","critics_score":72,"audience_rating":"Upright","audience_score":73},"synopsis":"","posters":{"thumbnail":"http://content7.flixster.com/movie/11/16/98/11169805_mob.jpg","profile":"http://content7.flixster.com/movie/11/16/98/11169805_pro.jpg","detailed":"http://content7.flixster.com/movie/11/16/98/11169805_det.jpg","original":"http://content7.flixster.com/movie/11/16/98/11169805_ori.jpg"},"abridged_cast":[{"name":"Will Ferrell","id":"162652185","characters":["Ricky Bobby"]},{"name":"John C. Reilly","id":"162652855","characters":["Cal Naughton Jr."]},{"name":"Sacha Baron Cohen","id":"162652531","characters":["Jean Girard"]},{"name":"Gary Cole","id":"162678007","characters":["Reese Bobby"]},{"name":"Michael Clarke Duncan","id":"162669487","characters":["Lucius Washington"]}],"alternate_ids":{"imdb":"0415306"},"links":{"self":"http://api.rottentomatoes.com/api/public/v1.0/movies/248007565.json","alternate":"http://www.rottentomatoes.com/m/talladega_nights_the_ballad_of_ricky_bobby/","cast":"http://api.rottentomatoes.com/api/public/v1.0/movies/248007565/cast.json","clips":"http://api.rottentomatoes.com/api/public/v1.0/movies/248007565/clips.json","reviews":"http://api.rottentomatoes.com/api/public/v1.0/movies/248007565/reviews.json","similar":"http://api.rottentomatoes.com/api/public/v1.0/movies/248007565/similar.json"}}],"links":{"self":"http://api.rottentomatoes.com/api/public/v1.0/movies.json?q=the&page_limit=50&page=4","next":"http://api.rottentomatoes.com/api/public/v1.0/movies.json?q=the&page_limit=50&page=5","prev":"http://api.rottentomatoes.com/api/public/v1.0/movies.json?q=the&page_limit=50&page=3"},"link_template":"http://api.rottentomatoes.com/api/public/v1.0/movies.json?q={search-term}&page_limit={results-per-page}&page={page-number}"}