{"total":52488,"movies":[{"id":"9463","title":"The Lion King 1 1/2","year":2004,"mpaa_rating":"G","runtime":77,"release_dates":{"theater":"2004-02-10","dvd":"2004-02-10"},"ratings":{"critics_rating":"Fresh","critics_score":76,"audience_rating":"Upright","audience_score":61},"synopsis":"","posters":{"thumbnail":"http://content9.flixster.com/movie/10/93/87/10938787_mob.jpg","profile":"http://content9.flixster.com/movie/10/93/87/10938787_pro.jpg","detailed":"http://content9.flixster.com/movie/10/93/87/10938787_det.jpg","original":"http://content9.flixster.com/movie/10/93/87/10938787_ori.jpg"},"abridged_cast":[{"name":"Nathan Lane","id":"162656247","characters":["Timon"]},{"name":"Ernie Sabella","id":"162656248","characters":["Pumbaa"]},{"name":"Julie Kavner","id":"406923405","characters":["Timon's Mom"]},{"name":"Jerry Stiller","id":"162736766","characters":["Timon's Uncle Max"]},{"name":"Matthew Broderick","id":"162655730","characters":["Simba"]}],"alternate_ids":{"imdb":"0318403"},"links":{"self":"http://api.rottentomatoes.com/api/public/v1.0/movies/9463.json","alternate":"http://www.rottentomatoes.com/m/lion_king_1_12/","cast":"http://api.rottentomatoes.com/api/public/v1.0/movies/9463/cast.json","clips":"http://api.rottentomatoes.com/api/public/v1.0/movies/9463/clips.json","reviews":"http://api.rottentomatoes.com/api/public/v1.0/movies/9463/reviews.json","similar":"http://api.rottentomatoes.com/api/public/v1.0/movies/9463/similar.json"}},{"id":"23533","title":"Back to the Future Part II","year":1989,"mpaa_rating":"PG","runtime":109,"release_dates":{"theater":"1989-01-01","dvd":"2002-12-17"},"ratings":{"critics_rating":"Fresh","critics_score":64,"audience_rating":"Upright","audience_score":85},"synopsis":"","posters":{"thumbnail":"http://content7.flixster.com/movie/11/17/38/11173853_mob.jpg","profile":"http://content7.flixster.com/movie/11/17/38/11173853_pro.jpg","detailed":"http://content7.flixster.com/movie/11/17/38/11173853_det.jpg","original":"http://content7.flixster.com/movie/11/17/38/11173853_ori.jpg"},"abridged_cast":[{"name":"Michael J. Fox","id":"162656043","characters":["Marlene McFly","Marty McFly"]},{"name":"Christopher Lloyd","id":"162657089","characters":["Dr. Emmett Brown"]},{"name":"Lea Thompson","id":"162662325","characters":["Lorraine"]},{"name":"Thomas F. Wilson","id":"283081805","characters":["Biff Tannen/Griff"]},{"name":"Harry Waters Jr.","id":"770924146","characters":["Marvin Berry"]}],"alternate_ids":{"imdb":"0096874"},"links":{"self":"http://api.rottentomatoes.com/api/public/v1.0/movies/23533.json","alternate":"http://www.rottentomatoes.com/m/back_to_the_future_2/","cast":"http://api.rottentomatoes.com/api/public/v1.0/movies/23533/cast.json","clips":"http://api.rottentomatoes.com/api/public/v1.0/movies/23533/clips.json","reviews":"http://api.rottentomatoes.com/api/public/v1.0/movies/23533/reviews.json","similar":"http://api.rottentomatoes.com/api/public/v1.0/movies/23533/similar.json"}},{"id":"771234470","title":"Here Comes the Boom","year":2012,"mpaa_rating":"PG","runtime":105,"critics_consensus":"Here Comes the Boom benefits from Kevin James's genial presence but the film doesn't deliver enough laughs to live up to its title -- or enough satisfying plot to make up the difference.","release_dates":{"theater":"2012-10-12","dvd":"2013-02-05"},"ratings":{"critics_rating":"Rotten","critics_score":38,"audience_rating":"Upright","audience_score":67},"synopsis":"In the comedy Here Comes the Boom, former collegiate wrestler Scott Voss (Kevin James) is a 42-year-old apathetic biology teacher in a failing high school. When cutbacks threaten to cancel the music program and lay off its teacher (Henry Winkler,) Scott begins to raise money by moonlighting as a mixed martial arts fighter. Everyone thinks Scott is crazy - most of all the school nurse, Bella (Salma Hayek) - but in his quest, Scott gains something he never expected as he becomes a sensation that rallies the entire school. -- (C) Official Site","posters":{"thumbnail":"http://content8.flixster.com/movie/11/16/85/11168526_mob.jpg","profile":"http://content8.flixster.com/movie/11/16/85/11168526_pro.jpg","detailed":"http://content8.flixster.com/movie/11/16/85/11168526_det.jpg","original":"http://content8.flixster.com/movie/11/16/85/11168526_ori.jpg"},"abridged_cast":[{"name":"Kevin James","id":"326298578","characters":["Scott Voss"]},{"name":"Salma Hayek","id":"162673418","characters":["Bella","Bella Flores"]},{"name":"Henry Winkler","id":"162660777","characters":["Marty Streb"]},{"name":"Greg Germann","id":"162681830","characters":["Principal Betcher"]},{"name":"Joe Rogan","id":"770672378","characters":["Himself"]}],"alternate_ids":{"imdb":"1648179"},"links":{"self":"http://api.rottentomatoes.com/api/public/v1.0/movies/771234470.json","alternate":"http://www.rottentomatoes.com/m/here_comes_the_boom/","cast":"http://api.rottentomatoes.com/api/public/v1.0/movies/771234470/cast.json","clips":"http://api.rottentomatoes.com/api/public/v1.0/movies/771234470/clips.json","reviews":"http://api.rottentomatoes.com/api/public/v1.0/movies/771234470/reviews.json","similar":"http://api.rottentomatoes.com/api/public/v1.0/movies/771234470/similar.json"}},{"id":"12647","title":"The Perfect Storm","year":2000,"mpaa_rating":"PG-13","runtime":129,"critics_consensus":"While the special effects are well done and quite impressive, this film suffers from any actual drama or characterization. The end result is a film that offers nifty eye-candy and nothing else.","release_dates":{"theater":"2000-06-30","dvd":"2000-11-14"},"ratings":{"critics_rating":"Rotten","critics_score":47,"audience_rating":"Upright","audience_score":64},"synopsis":"","posters":{"thumbnail":"http://content9.flixster.com/movie/11/16/79/11167915_mob.jpg","profile":"http://content9.flixster.com/movie/11/16/79/11167915_pro.jpg","detailed":"http://content9.flixster.com/movie/11/16/79/11167915_det.jpg","original":"http://content9.flixster.com/movie/11/16/79/11167915_ori.jpg"},"abridged_cast":[{"name":"George Clooney","id":"162654528","characters":["Capt. Billy Tyne"]},{"name":"Mark Wahlberg","id":"162653181","characters":["Bobby Shatford"]},{"name":"John C. Reilly","id":"162652855","characters":["Dale \"Murph\" Murphy"]},{"name":"Diane Lane","id":"162652926","characters":["Christine Cotter"]},{"name":"William Fichtner","id":"162652209","characters":["David \"Sully' Sullivan"]}],"links":{"self":"http://api.rottentomatoes.com/api/public/v1.0/movies/12647.json","alternate":"http://www.rottentomatoes.com/m/perfect_storm/","cast":"http://api.rottentomatoes.com/api/public/v1.0/movies/12647/cast.json","clips":"http://api.rottentomatoes.com/api/public/v1.0/movies/12647/clips.json","reviews":"http://api.rottentomatoes.com/api/public/v1.0/movies/12647/reviews.json","similar":"http://api.rottentomatoes.com/api/public/v1.0/movies/12647/similar.json"}},{"id":"10231","title":"Are We There Yet?","year":2003,"mpaa_rating":"PG","runtime":95,"critics_consensus":"This supposed family comedy staring the usually blameless Ice Cube and Nia Long has provoked most critics to write, \"Is it over yet?\"","release_dates":{"theater":"2005-01-21","dvd":"2005-05-24"},"ratings":{"critics_rating":"Rotten","critics_score":11,"audience_rating":"Spilled","audience_score":46},"synopsis":"","posters":{"thumbnail":"http://content6.flixster.com/movie/25/47/254708_mob.jpg","profile":"http://content6.flixster.com/movie/25/47/254708_pro.jpg","detailed":"http://content6.flixster.com/movie/25/47/254708_det.jpg","original":"http://content6.flixster.com/movie/25/47/254708_ori.jpg"},"abridged_cast":[{"name":"Ice Cube","id":"162652332","characters":["Nick Persons"]},{"name":"Nia Long","id":"162661398","characters":["Suzanne Kingston"]},{"name":"Jay Mohr","id":"162667848","characters":["Marty"]},{"name":"M.C. Gainey","id":"753488277","characters":["Al"]},{"name":"Aleisha Allen","id":"162661399","characters":["Lindsey Kingston"]}],"alternate_ids":{"imdb":"0368578"},"links":{"self":"http://api.rottentomatoes.com/api/public/v1.0/movies/10231.json","alternate":"http://www.rottentomatoes.com/m/1141102-are_we_there_yet/","cast":"http://api.rottentomatoes.com/api/public/v1.0/movies/10231/cast.json","clips":"http://api.rottentomatoes.com/api/public/v1.0/movies/10231/clips.json","reviews":"http://api.rottentomatoes.com/api/public/v1.0/movies/10231/reviews.json","similar":"http://api.rottentomatoes.com/api/public/v1.0/movies/10231/similar.json"}},{"id":"771247145","title":"The Host","year":2013,"mpaa_rating":"PG-13","runtime":126,"critics_consensus":"Poorly scripted and dramatically ineffective, The Host is mostly stale and tedious, with moments of unintentional hilarity.","release_dates":{"theater":"2013-03-29","dvd":"2013-07-09"},"ratings":{"critics_rating":"Rotten","critics_score":8,"audience_rating":"Spilled","audience_score":50},"synopsis":"What if everything you love was taken from you in the blink of an eye? \"The Host\" is the next epic love story from the creator of the \"Twilight Saga,\" worldwide bestselling author, Stephenie Meyer. When an unseen enemy threatens mankind by taking over their bodies and erasing their memories, Melanie Stryder (Saoirse Ronan) will risk everything to protect the people she cares most about - Jared (Max Irons), Ian (Jake Abel), her brother Jamie (Chandler Canterbury) and her Uncle Jeb (William Hurt) , proving that love can conquer all in a dangerous new world.","posters":{"thumbnail":"http://content8.flixster.com/movie/11/17/21/11172182_mob.jpg","profile":"http://content8.flixster.com/movie/11/17/21/11172182_pro.jpg","detailed":"http://content8.flixster.com/movie/11/17/21/11172182_det.jpg","original":"http://content8.flixster.com/movie/11/17/21/11172182_ori.jpg"},"abridged_cast":[{"name":"Saoirse Ronan","id":"770680691","characters":["Melanie","Wanderer"]},{"name":"Max Irons","id":"770994694","characters":["Jared Howe"]},{"name":"Jake Abel","id":"770673230","characters":["Ian"]},{"name":"Chandler Canterbury","id":"770683292","characters":["Jamie"]},{"name":"Diane Kruger","id":"162659094","characters":["The Seeker"]}],"alternate_ids":{"imdb":"1517260"},"links":{"self":"http://api.rottentomatoes.com/api/public/v1.0/movies/771247145.json","alternate":"http://www.rottentomatoes.com/m/the_host_2013/","cast":"http://api.rottentomatoes.com/api/public/v1.0/movies/771247145/cast.json","clips":"http://api.rottentomatoes.com/api/public/v1.0/movies/771247145/clips.json","reviews":"http://api.rottentomatoes.com/api/public/v1.0/movies/771247145/reviews.json","similar":"http://api.rottentomatoes.com/api/public/v1.0/movies/771247145/similar.json"}},{"id":"248007524","title":"The Night Listener","year":2006,"mpaa_rating":"R","runtime":81,"critics_consensus":"This psychological thriller compels by blurring the line between truth and fiction; unfortunately, the film itself gets muddled in a hazy account of Maupin's original novel.","release_dates":{"theater":"2006-08-04","dvd":"2007-01-09"},"ratings":{"critics_rating":"Rotten","critics_score":40,"audience_rating":"Spilled","audience_score":35},"synopsis":"","posters":{"thumbnail":"http://content7.flixster.com/movie/18/57/11/1857117_mob.jpg","profile":"http://content7.flixster.com/movie/18/57/11/1857117_pro.jpg","detailed":"http://content7.flixster.com/movie/18/57/11/1857117_det.jpg","original":"http://content7.flixster.com/movie/18/57/11/1857117_ori.jpg"},"abridged_cast":[{"name":"Robin Williams","id":"162652387","characters":["Gabriel Noone"]},{"name":"Toni Collette","id":"162654444","characters":["Donna Logand"]},{"name":"Bobby Cannavale","id":"162685850","characters":["Jess"]},{"name":"Joe Morton","id":"162652976","characters":["Ashe"]},{"name":"Sandra Oh","id":"162661882","characters":["Anna"]}],"alternate_ids":{"imdb":"0448075"},"links":{"self":"http://api.rottentomatoes.com/api/public/v1.0/movies/248007524.json","alternate":"http://www.rottentomatoes.com/m/the_night_listener/","cast":"http://api.rottentomatoes.com/api/public/v1.0/movies/248007524/cast.json","clips":"http://api.rottentomatoes.com/api/public/v1.0/movies/248007524/clips.json","reviews":"http://api.rottentomatoes.com/api/public/v1.0/movies/248007524/reviews.json","similar":"http://api.rottentomatoes.com/api/public/v1.0/movies/248007524/similar.json"}},{"id":"10667","title":"Austin Powers: The Spy Who Shagged Me","year":1999,"mpaa_rating":"PG-13","runtime":105,"critics_consensus":"Provides lots of laughs with Myers at the healm; as funny or funnier than the original.","release_dates":{"theater":"1999-06-11","dvd":"1999-11-16"},"ratings":{"critics_rating":"Rotten","critics_score":51,"audience_rating":"Upright","audience_score":72},"synopsis":"","posters":{"thumbnail":"http://content9.flixster.com/movie/11/17/00/11170075_mob.jpg","profile":"http://content9.flixster.com/movie/11/17/00/11170075_pro.jpg","detailed":"http://content9.flixster.com/movie/11/17/00/11170075_det.jpg","original":"http://content9.flixster.com/movie/11/17/00/11170075_ori.jpg"},"abridged_cast":[{"name":"Mike Myers","id":"162659399","characters":["Austin Powers","Dr. Evil","Fat Bastard"]},{"name":"Heather Graham","id":"162666085","characters":["Felicity Shagwell"]},{"name":"Michael York","id":"162673938","characters":["Basil Exposition"]},{"name":"Robert Wagner","id":"351524779","characters":["Number Two"]},{"name":"Rob Lowe","id":"162663375","characters":["Young Number Two"]}],"alternate_ids":{"imdb":"0145660"},"links":{"self":"http://api.rottentomatoes.com/api/public/v1.0/movies/10667.json","alternate":"http://www.rottentomatoes.com/m/austin_powers_the_spy_who_shagged_me/","cast":"http://api.rottentomatoes.com/api/public/v1.0/movies/10667/cast.json","clips":"http://api.rottentomatoes.com/api/public/v1.0/movies/10667/clips.json","reviews":"http://api.rottentomatoes.com/api/public/v1.0/movies/10667/reviews.json","similar":"http://api.rottentomatoes.com/api/public/v1.0/movies/10667/similar.json"}},{"id":"10585","title":"The Mummy","year":1999,"mpaa_rating":"PG-13","runtime":125,"critics_consensus":"It's difficult to make a persuasive argument for The Mummy as any kind of meaningful cinematic achievement, but it's undeniably fun to watch.","release_dates":{"theater":"1999-06-01","dvd":"1999-09-28"},"ratings":{"critics_rating":"Rotten","critics_score":55,"audience_rating":"Upright","audience_score":75},"synopsis":"","posters":{"thumbnail":"http://content6.flixster.com/movie/11/16/88/11168892_mob.jpg","profile":"http://content6.flixster.com/movie/11/16/88/11168892_pro.jpg","detailed":"http://content6.flixster.com/movie/11/16/88/11168892_det.jpg","original":"http://content6.flixster.com/movie/11/16/88/11168892_ori.jpg"},"abridged_cast":[{"name":"Brendan Fraser","id":"162662763","characters":["Rick O'Connell"]},{"name":"Rachel Weisz","id":"162653682","characters":["Evelyn"]},{"name":"John Hannah","id":"162685704","characters":["Jonathan"]},{"name":"Arnold Vosloo","id":"351526731","characters":["Imhotep"]},{"name":"Kevin J. O'Connor","id":"351526126","characters":["Beni"]}],"alternate_ids":{"imdb":"0120616"},"links":{"self":"http://api.rottentomatoes.com/api/public/v1.0/movies/10585.json","alternate":"http://www.rottentomatoes.com/m/1087270-mummy/","cast":"http://api.rottentomatoes.com/api/public/v1.0/movies/10585/cast.json","clips":"http://api.rottentomatoes.com/api/public/v1.0/movies/10585/clips.json","reviews":"http://api.rottentomatoes.com/api/public/v1.0/movies/10585/reviews.json","similar":"http://api.rottentomatoes.com/api/public/v1.0/movies/10585/similar.json"}},{"id":"11753","title":"The Mummy Returns","year":2001,"mpaa_rating":"PG-13","runtime":129,"critics_consensus":"In The Mummy Returns, the special effects are impressive, but the characters seem secondary to the computer generated imagery.","release_dates":{"theater":"2001-05-04","dvd":"2001-10-02"},"ratings":{"critics_rating":"Rotten","critics_score":47,"audience_rating":"Upright","audience_score":64},"synopsis":"","posters":{"thumbnail":"http://content9.flixster.com/movie/11/17/36/11173659_mob.jpg","profile":"http://content9.flixster.com/movie/11/17/36/11173659_pro.jpg","detailed":"http://content9.flixster.com/movie/11/17/36/11173659_det.jpg","original":"http://content9.flixster.com/movie/11/17/36/11173659_ori.jpg"},"abridged_cast":[{"name":"Brendan Fraser","id":"162662763","characters":["Rick O'Connell"]},{"name":"Rachel Weisz","id":"162653682","characters":["Evelyn/Nefertiri"]},{"name":"John Hannah","id":"162685704","characters":["Jonathan"]},{"name":"Arnold Vosloo","id":"351526731","characters":["Imhotep"]},{"name":"Oded Fehr","id":"162686459","characters":["Ardeth Bay"]}],"alternate_ids":{"imdb":"0209163"},"links":{"self":"http://api.rottentomatoes.com/api/public/v1.0/movies/11753.json","alternate":"http://www.rottentomatoes.com/m/mummy_returns/","cast":"http://api.rottentomatoes.com/api/public/v1.0/movies/11753/cast.json","clips":"http://api.rottentomatoes.com/api/public/v1.0/movies/11753/clips.json","reviews":"http://api.rottentomatoes.com/api/public/v1.0/movies/11753/reviews.json","similar":"http://api.rottentomatoes.com/api/public/v1.0/movies/11753/similar.json"}},{"id":"770672126","title":"Le Scaphandre et le Papillon (The Diving Bell and the Butterfly)","year":2007,"mpaa_rating":"PG-13","runtime":112,"critics_consensus":"Breathtaking visuals and dynamic performances make The Diving Bell and the Butterfly a powerful biopic.","release_dates":{"theater":"2007-11-30","dvd":"2008-04-29"},"ratings":{"critics_rating":"Certified Fresh","critics_score":93,"audience_rating":"Upright","audience_score":92},"synopsis":"","posters":{"thumbnail":"http://content6.flixster.com/movie/10/83/90/10839084_mob.jpg","profile":"http://content6.flixster.com/movie/10/83/90/10839084_pro.jpg","detailed":"http://content6.flixster.com/movie/10/83/90/10839084_det.jpg","original":"http://content6.flixster.com/movie/10/83/90/10839084_ori.jpg"},"abridged_cast":[{"name":"Mathieu Amalric","id":"326393387","characters":["Jean-Dominique 'Jean Do' Bauby"]},{"name":"Emmanuelle Seigner","id":"162703676","characters":["CA?line Desmoulin","Celine Desmoulin","C?line Desmoulin"]},{"name":"Marie-Josee Croze","id":"162695203","characters":["Henriette Roi"]},{"name":"Anne Consigny","id":"202595650","characters":["Claude"]},{"name":"Patrick Chesnais","id":"202595648","characters":["Doctor Lepage"]}],"alternate_ids":{"imdb":"0401383"},"links":{"self":"http://api.rottentomatoes.com/api/public/v1.0/movies/770672126.json","alternate":"http://www.rottentomatoes.com/m/diving_bell_and_the_butterfly/","cast":"http://api.rottentomatoes.com/api/public/v1.0/movies/770672126/cast.json","clips":"http://api.rottentomatoes.com/api/public/v1.0/movies/770672126/clips.json","reviews":"http://api.rottentomatoes.com/api/public/v1.0/movies/770672126/reviews.json","similar":"http://api.rottentomatoes.com/api/public/v1.0/movies/770672126/similar.json"}},{"id":"770672987","title":"The Smurfs","year":2011,"mpaa_rating":"PG","runtime":103,"critics_consensus":"The Smurfs assembles an undeniably talented cast of voice actors and live-action stars -- then crushes them beneath a blue mound of lowest-common-denominator kiddie fare.","release_dates":{"theater":"2011-07-29","dvd":"2011-12-02"},"ratings":{"critics_rating":"Rotten","critics_score":22,"audience_rating":"Spilled","audience_score":44},"synopsis":"The Smurfs make their first 3D trip to the big screen in Columbia Pictures'/Sony Pictures Animation's hybrid live-action and animated family comedy, The Smurfs. When the evil wizard Gargamel chases the Smurfs out of their village, they're forced through a portal, out of their world and into ours, landing in the middle of New York's Central Park. Just three apples high and stuck in the Big Apple, the Smurfs must find a way to get back to their village before Gargamel tracks them down. -- (C) Sony Pictures","posters":{"thumbnail":"http://content7.flixster.com/movie/11/16/36/11163657_mob.jpg","profile":"http://content7.flixster.com/movie/11/16/36/11163657_pro.jpg","detailed":"http://content7.flixster.com/movie/11/16/36/11163657_det.jpg","original":"http://content7.flixster.com/movie/11/16/36/11163657_ori.jpg"},"abridged_cast":[{"name":"Hank Azaria","id":"162695372","characters":["Gargamel"]},{"name":"Neil Patrick Harris","id":"351527581","characters":["Patrick Winslow"]},{"name":"Sofia Vergara","id":"162653186","characters":["Odile"]},{"name":"Jayma Mays","id":"162653327","characters":["Grace Winslow"]},{"name":"Tim Gunn","id":"770781053","characters":["Henri"]}],"alternate_ids":{"imdb":"0472181"},"links":{"self":"http://api.rottentomatoes.com/api/public/v1.0/movies/770672987.json","alternate":"http://www.rottentomatoes.com/m/the_smurfs/","cast":"http://api.rottentomatoes.com/api/public/v1.0/movies/770672987/cast.json","clips":"http://api.rottentomatoes.com/api/public/v1.0/movies/770672987/clips.json","reviews":"http://api.rottentomatoes.com/api/public/v1.0/movies/770672987/reviews.json","similar":"http://api.rottentomatoes.com/api/public/v1.0/movies/770672987/similar.json"}},{"id":"771324694","title":"The Counselor","year":2013,"mpaa_rating":"R","runtime":117,"critics_consensus":"The Counselor raises expectations with its talented cast and creative crew -- then subverts them with a wordy and clumsy suspense thriller that's mercilessly short on suspense or thrills.","release_dates":{"theater":"2013-10-25","dvd":"2014-02-11"},"ratings":{"critics_rating":"Rotten","critics_score":34,"audience_rating":"Spilled","audience_score":25},"synopsis":"Legendary filmmaker Ridley Scott and Pulitzer Prize winning author Cormac McCarthy (No Country for Old Men) have joined forces in the motion picture thriller THE COUNSELOR, starring Michael Fassbender, Penelope Cruz, Cameron Diaz, Javier Bardem, and Brad Pitt. McCarthy, making his screenwriting debut and Scott interweave the author's characteristic wit and dark humor with a nightmarish scenario, in which a respected lawyer's one-time dalliance with an illegal business deal spirals out of control. (c) Official Site","posters":{"thumbnail":"http://content9.flixster.com/movie/11/17/41/11174175_mob.jpg","profile":"http://content9.flixster.com/movie/11/17/41/11174175_pro.jpg","detailed":"http://content9.flixster.com/movie/11/17/41/11174175_det.jpg","original":"http://content9.flixster.com/movie/11/17/41/11174175_ori.jpg"},"abridged_cast":[{"name":"Michael Fassbender","id":"364641814","characters":["Counselor"]},{"name":"Penelope Cruz","id":"162652351","characters":["Laura"]},{"name":"Cameron Diaz","id":"162654443","characters":["Malkina"]},{"name":"Javier Bardem","id":"162661456","characters":["Reiner"]},{"name":"Brad Pitt","id":"162652627","characters":["Westray"]}],"alternate_ids":{"imdb":"2193215"},"links":{"self":"http://api.rottentomatoes.com/api/public/v1.0/movies/771324694.json","alternate":"http://www.rottentomatoes.com/m/the_counselor_2013/","cast":"http://api.rottentomatoes.com/api/public/v1.0/movies/771324694/cast.json","clips":"http://api.rottentomatoes.com/api/public/v1.0/movies/771324694/clips.json","reviews":"http://api.rottentomatoes.com/api/public/v1.0/movies/771324694/reviews.json","similar":"http://api.rottentomatoes.com/api/public/v1.0/movies/771324694/similar.json"}},{"id":"602621026","title":"In the Land of Women","year":2006,"mpaa_rating":"PG-13","runtime":98,"critics_consensus":"While pleasantly acted, In the Land of Women is a dramatically stilted film with underdeveloped characters.","release_dates":{"theater":"2007-04-20","dvd":"2007-10-30"},"ratings":{"critics_rating":"Rotten","critics_score":43,"audience_rating":"Spilled","audience_score":52},"synopsis":"","posters":{"thumbnail":"http://content6.flixster.com/movie/54/85/19/5485192_mob.jpg","profile":"http://content6.flixster.com/movie/54/85/19/5485192_pro.jpg","detailed":"http://content6.flixster.com/movie/54/85/19/5485192_det.jpg","original":"http://content6.flixster.com/movie/54/85/19/5485192_ori.jpg"},"abridged_cast":[{"name":"Adam Brody","id":"162652628","characters":["Carter Webb"]},{"name":"Kristen Stewart","id":"162655167","characters":["Lucy Hardwicke"]},{"name":"Meg Ryan","id":"162658412","characters":["Sarah Hardwicke"]},{"name":"Olympia Dukakis","id":"162654032","characters":["Phyllis"]},{"name":"Makenzie Vega","id":"741457675","characters":["Paige Hardwicke"]}],"alternate_ids":{"imdb":"0419843"},"links":{"self":"http://api.rottentomatoes.com/api/public/v1.0/movies/602621026.json","alternate":"http://www.rottentomatoes.com/m/in_the_land_of_women/","cast":"http://api.rottentomatoes.com/api/public/v1.0/movies/602621026/cast.json","clips":"http://api.rottentomatoes.com/api/public/v1.0/movies/602621026/clips.json","reviews":"http://api.rottentomatoes.com/api/public/v1.0/movies/602621026/reviews.json","similar":"http://api.rottentomatoes.com/api/public/v1.0/movies/602621026/similar.json"}},{"id":"10037","title":"Harry Potter and the Sorcerer's Stone","year":2001,"mpaa_rating":"PG","runtime":152,"critics_consensus":"Being so faithful to the book is both the movie's strength and weakness. The movie unfolds exactly as written in the book, so there is little room for surprises or discoveries. For Potter fans, what more can you ask for?","release_dates":{"theater":"2001-11-16","dvd":"2002-05-28"},"ratings":{"critics_rating":"Certified Fresh","critics_score":80,"audience_rating":"Upright","audience_score":82},"synopsis":"","posters":{"thumbnail":"http://content8.flixster.com/movie/11/17/36/11173610_mob.jpg","profile":"http://content8.flixster.com/movie/11/17/36/11173610_pro.jpg","detailed":"http://content8.flixster.com/movie/11/17/36/11173610_det.jpg","original":"http://content8.flixster.com/movie/11/17/36/11173610_ori.jpg"},"abridged_cast":[{"name":"Daniel Radcliffe","id":"162655375","characters":["Harry Potter"]},{"name":"Emma Watson","id":"162655378","characters":["Hermione Granger"]},{"name":"Rupert Grint","id":"162655376","characters":["Ron Weasley"]},{"name":"Maggie Smith","id":"162652436","characters":["Minerva McGonagall"]},{"name":"Robbie Coltrane","id":"162655379","characters":["Hagrid"]}],"alternate_ids":{"imdb":"0241527"},"links":{"self":"http://api.rottentomatoes.com/api/public/v1.0/movies/10037.json","alternate":"http://www.rottentomatoes.com/m/harry_potter_and_the_sorcerers_stone/","cast":"http://api.rottentomatoes.com/api/public/v1.0/movies/10037/cast.json","clips":"http://api.rottentomatoes.com/api/public/v1.0/movies/10037/clips.json","reviews":"http://api.rottentomatoes.com/api/public/v1.0/movies/10037/reviews.json","similar":"http://api.rottentomatoes.com/api/public/v1.0/movies/10037/similar.json"}},{"id":"10118","title":"The Count of Monte Cristo","year":2002,"mpaa_rating":"PG-13","runtime":131,"critics_consensus":"Though it may not reach for any new artistic heights, The Count of Monte Cristo is an old-fashioned yet enjoyable swashbuckler.","release_dates":{"theater":"2002-01-25","dvd":"2002-09-10"},"ratings":{"critics_rating":"Fresh","critics_score":73,"audience_rating":"Upright","audience_score":88},"synopsis":"","posters":{"thumbnail":"http://content8.flixster.com/movie/11/17/48/11174846_mob.jpg","profile":"http://content8.flixster.com/movie/11/17/48/11174846_pro.jpg","detailed":"http://content8.flixster.com/movie/11/17/48/11174846_det.jpg","original":"http://content8.flixster.com/movie/11/17/48/11174846_ori.jpg"},"abridged_cast":[{"name":"Jim Caviezel","id":"771395445","characters":["Edmond Dantes/The Count of Monte Cristo"]},{"name":"Guy Pearce","id":"162660324","characters":["Fernand"]},{"name":"Dagmara Dominczyk","id":"479131637","characters":["Mercedes"]},{"name":"Richard Harris","id":"162656199","characters":["Abbe Faria"]},{"name":"Luis Guzman","id":"162654309","characters":["Jacopo"]}],"alternate_ids":{"imdb":"0245844"},"links":{"self":"http://api.rottentomatoes.com/api/public/v1.0/movies/10118.json","alternate":"http://www.rottentomatoes.com/m/1110288-count_of_monte_cristo/","cast":"http://api.rottentomatoes.com/api/public/v1.0/movies/10118/cast.json","clips":"http://api.rottentomatoes.com/api/public/v1.0/movies/10118/clips.json","reviews":"http://api.rottentomatoes.com/api/public/v1.0/movies/10118/reviews.json","similar":"http://api.rottentomatoes.com/api/public/v1.0/movies/10118/similar.json"}},{"id":"770874813","title":"The Last Exorcism","year":2010,"mpaa_rating":"PG-13","runtime":87,"critics_consensus":"It doesn't fully deliver on the chilly promise of its Blair Witch-style premise, but The Last Exorcism offers a surprising number of clever thrills.","release_dates":{"theater":"2010-08-27","dvd":"2011-01-04"},"ratings":{"critics_rating":"Fresh","critics_score":72,"audience_rating":"Spilled","audience_score":34},"synopsis":"Disillusioned charlatan Reverend Cotton Marcus (Patrick Fabian) comes face to face with pure evil after recruiting a documentary film crew to capture the final exorcism of his career. For years, Reverend Marcus has taken advantage of the faithful and desperate. Now it's time for him to finally come clean. Just as Reverend Marcus prepares to shoot the film that will set the record straight, he receives an urgent letter from a desperate farmer. The devil has taken possession of his beloved daughter Nell (Ashley Bell), and Reverend Marcus is their last hope for salvation. Up to this point it's been all fun and games; now things are about to get serious. ~ Jason Buchanan, Rovi","posters":{"thumbnail":"http://content7.flixster.com/movie/11/15/17/11151745_mob.jpg","profile":"http://content7.flixster.com/movie/11/15/17/11151745_pro.jpg","detailed":"http://content7.flixster.com/movie/11/15/17/11151745_det.jpg","original":"http://content7.flixster.com/movie/11/15/17/11151745_ori.jpg"},"abridged_cast":[{"name":"Patrick Fabian","id":"388433340","characters":["Cotton Marcus","Reverend Cotton Marcus"]},{"name":"Ashley Bell","id":"770908595","characters":["Nell Sweetzer"]},{"name":"Iris Bahr","id":"326393546","characters":["Iris Reisen"]},{"name":"Louis Herthum","id":"770737292","characters":["Louis Sweetzer"]},{"name":"Caleb Jones","id":"771048266","characters":["Caleb Sweetzer"]}],"alternate_ids":{"imdb":"1320244"},"links":{"self":"http://api.rottentomatoes.com/api/public/v1.0/movies/770874813.json","alternate":"http://www.rottentomatoes.com/m/last_exorcism/","cast":"http://api.rottentomatoes.com/api/public/v1.0/movies/770874813/cast.json","clips":"http://api.rottentomatoes.com/api/public/v1.0/movies/770874813/clips.json","reviews":"http://api.rottentomatoes.com/api/public/v1.0/movies/770874813/reviews.json","similar":"http://api.rottentomatoes.com/api/public/v1.0/movies/770874813/similar.json"}},{"id":"771236985","title":"The Descendants","year":2011,"mpaa_rating":"R","runtime":115,"critics_consensus":"Funny, moving, and beautifully acted, The Descendants captures the unpredictable messiness of life with eloquence and uncommon grace.","release_dates":{"theater":"2011-11-18","dvd":"2012-03-13"},"ratings":{"critics_rating":"Certified Fresh","critics_score":89,"audience_rating":"Upright","audience_score":79},"synopsis":"From Alexander Payne, the creator of the Oscar-winning Sideways, set in Hawaii, The Descendants is a sometimes humorous, sometimes tragic journey for Matt King (George Clooney) an indifferent husband and father of two girls, who is forced to re-examine his past and embrace his future when his wife suffers a boating accident off of Waikiki. The event leads to a rapprochement with his young daughters while Matt wrestles with a decision to sell the family's land handed down from Hawaiian royalty and missionaries. -- (C) Fox Searchlight","posters":{"thumbnail":"http://content9.flixster.com/movie/11/15/77/11157747_mob.jpg","profile":"http://content9.flixster.com/movie/11/15/77/11157747_pro.jpg","detailed":"http://content9.flixster.com/movie/11/15/77/11157747_det.jpg","original":"http://content9.flixster.com/movie/11/15/77/11157747_ori.jpg"},"abridged_cast":[{"name":"George Clooney","id":"162654528","characters":["Matt King"]},{"name":"Shailene Woodley","id":"770676364","characters":["Alexandra","Alexandra King"]},{"name":"Amara Miller","id":"771106556","characters":["Scottie","Scottie King"]},{"name":"Judy Greer","id":"162654580","characters":["Julie","Julie Speer"]},{"name":"Beau Bridges","id":"162664689","characters":["Cousin Hugh","Hugh"]}],"alternate_ids":{"imdb":"1033575"},"links":{"self":"http://api.rottentomatoes.com/api/public/v1.0/movies/771236985.json","alternate":"http://www.rottentomatoes.com/m/the_descendants_2011/","cast":"http://api.rottentomatoes.com/api/public/v1.0/movies/771236985/cast.json","clips":"http://api.rottentomatoes.com/api/public/v1.0/movies/771236985/clips.json","reviews":"http://api.rottentomatoes.com/api/public/v1.0/movies/771236985/reviews.json","similar":"http://api.rottentomatoes.com/api/public/v1.0/movies/771236985/similar.json"}},{"id":"9395","title":"Lady and the Tramp","year":1955,"mpaa_rating":"G","runtime":76,"critics_consensus":"A nostalgic charmer, Lady and the Tramp's token sweetness is mighty but the songs and richly colored animation are technically superb and make for a memorable experience.","release_dates":{"theater":"1955-06-22","dvd":"2012-02-07"},"ratings":{"critics_rating":"Fresh","critics_score":89,"audience_rating":"Upright","audience_score":79},"synopsis":"","posters":{"thumbnail":"http://content7.flixster.com/movie/10/84/96/10849641_mob.jpg","profile":"http://content7.flixster.com/movie/10/84/96/10849641_pro.jpg","detailed":"http://content7.flixster.com/movie/10/84/96/10849641_det.jpg","original":"http://content7.flixster.com/movie/10/84/96/10849641_ori.jpg"},"abridged_cast":[{"name":"Peggy Lee","id":"162655793","characters":["Am","Darling","Peg","Si"]},{"name":"Barbara Luddy","id":"162655794","characters":["Lady"]},{"name":"Larry Roberts","id":"770688930","characters":["Tramp"]},{"name":"Bill Thompson","id":"162655796","characters":["Bull","Dachsie","Jock"]},{"name":"Stan Freberg","id":"770679175","characters":["Beaver"]}],"alternate_ids":{"imdb":"0048280"},"links":{"self":"http://api.rottentomatoes.com/api/public/v1.0/movies/9395.json","alternate":"http://www.rottentomatoes.com/m/lady_and_the_tramp/","cast":"http://api.rottentomatoes.com/api/public/v1.0/movies/9395/cast.json","clips":"http://api.rottentomatoes.com/api/public/v1.0/movies/9395/clips.json","reviews":"http://api.rottentomatoes.com/api/public/v1.0/movies/9395/reviews.json","similar":"http://api.rottentomatoes.com/api/public/v1.0/movies/9395/similar.json"}},{"id":"771221507","title":"The Secret World of Arrietty","year":2012,"mpaa_rating":"G","runtime":94,"critics_consensus":"Visually lush, refreshingly free of family-friendly clatter, and anchored with soulful depth, The Secret World of Arrietty lives up to Studio Ghibli's reputation.","release_dates":{"theater":"2012-02-17","dvd":"2012-05-22"},"ratings":{"critics_rating":"Certified Fresh","critics_score":94,"audience_rating":"Upright","audience_score":85},"synopsis":"Arrietty (Bridgit Mendler), a tiny, but tenacious 14-year-old, lives with her parents (Will Arnett and Amy Poehler) in the recesses of a suburban garden home, unbeknownst to the homeowner and her housekeeper (Carol Burnett). Like all little people, Arrietty (AIR-ee-ett-ee) remains hidden from view, except during occasional covert ventures beyond the floorboards to \"borrow\" scrap supplies like sugar cubes from her human hosts. But when 12-year-old Shawn (David Henrie), a human boy who comes to stay in the home, discovers his mysterious housemate one evening, a secret friendship blossoms. If discovered, their relationship could drive Arrietty's family from the home and straight into danger. -- (C) Disney","posters":{"thumbnail":"http://content7.flixster.com/movie/11/16/10/11161029_mob.jpg","profile":"http://content7.flixster.com/movie/11/16/10/11161029_pro.jpg","detailed":"http://content7.flixster.com/movie/11/16/10/11161029_det.jpg","original":"http://content7.flixster.com/movie/11/16/10/11161029_ori.jpg"},"abridged_cast":[{"name":"Bridgit Mendler","id":"770797252","characters":["Arrietty (English version)"]},{"name":"Amy Poehler","id":"162672465","characters":["Arrietty's Mother (English version)","Homily (English version)"]},{"name":"Will Arnett","id":"335717464","characters":["Arrietty's Father  (English version)","Pod (English version)"]},{"name":"Carol Burnett","id":"162661407","characters":["Hara (English version)","The Housekeeper (English version)"]},{"name":"David Henrie","id":"699055003","characters":["Shawn (English version)"]}],"alternate_ids":{"imdb":"1568921"},"links":{"self":"http://api.rottentomatoes.com/api/public/v1.0/movies/771221507.json","alternate":"http://www.rottentomatoes.com/m/the_secret_world_of_arrietty/","cast":"http://api.rottentomatoes.com/api/public/v1.0/movies/771221507/cast.json","clips":"http://api.rottentomatoes.com/api/public/v1.0/movies/771221507/clips.json","reviews":"http://api.rottentomatoes.com/api/public/v1.0/movies/771221507/reviews.json","similar":"http://api.rottentomatoes.com/api/public/v1.0/movies/771221507/similar.json"}},{"id":"10314","title":"Cheaper by the Dozen","year":2003,"mpaa_rating":"PG","runtime":98,"critics_consensus":"In this family of twelve children, much chaos ensues, but little hilarity.","release_dates":{"theater":"2003-12-25","dvd":"2004-04-06"},"ratings":{"critics_rating":"Rotten","critics_score":23,"audience_rating":"Spilled","audience_score":57},"synopsis":"","posters":{"thumbnail":"http://content8.flixster.com/movie/10/92/26/10922674_mob.jpg","profile":"http://content8.flixster.com/movie/10/92/26/10922674_pro.jpg","detailed":"http://content8.flixster.com/movie/10/92/26/10922674_det.jpg","original":"http://content8.flixster.com/movie/10/92/26/10922674_ori.jpg"},"abridged_cast":[{"name":"Steve Martin","id":"162654836","characters":["Tom Baker"]},{"name":"Bonnie Hunt","id":"162654629","characters":["Kate Baker"]},{"name":"Piper Perabo","id":"162653535","characters":["Nora Baker"]},{"name":"Tom Welling","id":"162654593","characters":["Charlie Baker"]},{"name":"Hilary Duff","id":"162652728","characters":["Lorraine Baker"]}],"alternate_ids":{"imdb":"0349205"},"links":{"self":"http://api.rottentomatoes.com/api/public/v1.0/movies/10314.json","alternate":"http://www.rottentomatoes.com/m/cheaper_by_the_dozen/","cast":"http://api.rottentomatoes.com/api/public/v1.0/movies/10314/cast.json","clips":"http://api.rottentomatoes.com/api/public/v1.0/movies/10314/clips.json","reviews":"http://api.rottentomatoes.com/api/public/v1.0/movies/10314/reviews.json","similar":"http://api.rottentomatoes.com/api/public/v1.0/movies/10314/similar.json"}},{"id":"771202361","title":"The American","year":2010,"mpaa_rating":"R","runtime":105,"critics_consensus":"As beautifully shot as it is emotionally restrained, The American is an unusually divisive spy thriller -- and one that rests on an unusually subdued performance from George Clooney.","release_dates":{"theater":"2010-09-01","dvd":"2010-12-28"},"ratings":{"critics_rating":"Fresh","critics_score":66,"audience_rating":"Spilled","audience_score":38},"synopsis":"Story: Academy Award winner George Clooney stars in the title role of this suspense thriller. As an assassin, Jack is constantly on the move and always alone. After a job in Sweden ends more harshly than expected for this American abroad, Jack retreats to the Italian countryside. He relishes being away from death for a spell as he holes up in a small medieval town. While there, Jack takes an assignment to construct a weapon for a mysterious contact, Mathilde (Thekla Reuten). Savoring the peaceful quietude he finds in the mountains of Abruzzo, Jack accepts the friendship of local priest Father Benedetto (Paolo Bonacelli) and pursues a torrid liaison with a beautiful woman, Clara (Violante Placido). Jack and Clara's time together evolves into a romance, one seemingly free of danger. But by stepping out of the shadows, Jack may be tempting fate.-- (C) Focus","posters":{"thumbnail":"http://content9.flixster.com/movie/11/13/86/11138675_mob.jpg","profile":"http://content9.flixster.com/movie/11/13/86/11138675_pro.jpg","detailed":"http://content9.flixster.com/movie/11/13/86/11138675_det.jpg","original":"http://content9.flixster.com/movie/11/13/86/11138675_ori.jpg"},"abridged_cast":[{"name":"George Clooney","id":"162654528","characters":["Jack","Jack/Edward"]},{"name":"Paolo Bonacelli","id":"260682616","characters":["Father Benedetto"]},{"name":"Thekla Reuten","id":"364627453","characters":["Mathilde"]},{"name":"Violante Placido","id":"260696098","characters":["Clara"]},{"name":"Irina Bjorklund","id":"358124393","characters":["Ingrid"]}],"alternate_ids":{"imdb":"1440728"},"links":{"self":"http://api.rottentomatoes.com/api/public/v1.0/movies/771202361.json","alternate":"http://www.rottentomatoes.com/m/american/","cast":"http://api.rottentomatoes.com/api/public/v1.0/movies/771202361/cast.json","clips":"http://api.rottentomatoes.com/api/public/v1.0/movies/771202361/clips.json","reviews":"http://api.rottentomatoes.com/api/public/v1.0/movies/771202361/reviews.json","similar":"http://api.rottentomatoes.com/api/public/v1.0/movies/771202361/similar.json"}},{"id":"22536","title":"The Devil's Advocate","year":1997,"mpaa_rating":"R","runtime":130,"critics_consensus":"Though it is ultimately somewhat undone by its own lofty ambitions, The Devil's Advocate is a mostly effective blend of supernatural thrills and character exploration.","release_dates":{"theater":"1997-10-17","dvd":"1998-11-16"},"ratings":{"critics_rating":"Fresh","critics_score":66,"audience_rating":"Upright","audience_score":80},"synopsis":"","posters":{"thumbnail":"http://content6.flixster.com/movie/83/07/830796_mob.jpg","profile":"http://content6.flixster.com/movie/83/07/830796_pro.jpg","detailed":"http://content6.flixster.com/movie/83/07/830796_det.jpg","original":"http://content6.flixster.com/movie/83/07/830796_ori.jpg"},"abridged_cast":[{"name":"Keanu Reeves","id":"162654049","characters":["Kevin Lomax"]},{"name":"Al Pacino","id":"162654461","characters":["John Milton"]},{"name":"Charlize Theron","id":"162654733","characters":["Mary Ann Lomax"]},{"name":"Jeffrey Jones","id":"162668540","characters":["Eddie Barzoon"]},{"name":"Judith Ivey","id":"162668052","characters":["Mrs. Lomax"]}],"alternate_ids":{"imdb":"0118971"},"links":{"self":"http://api.rottentomatoes.com/api/public/v1.0/movies/22536.json","alternate":"http://www.rottentomatoes.com/m/devils_advocate/","cast":"http://api.rottentomatoes.com/api/public/v1.0/movies/22536/cast.json","clips":"http://api.rottentomatoes.com/api/public/v1.0/movies/22536/clips.json","reviews":"http://api.rottentomatoes.com/api/public/v1.0/movies/22536/reviews.json","similar":"http://api.rottentomatoes.com/api/public/v1.0/movies/22536/similar.json"}},{"id":"17007","title":"The Chronicles of Riddick","year":2004,"mpaa_rating":"PG-13","runtime":120,"critics_consensus":"As an action movie, Riddick offers some thrills, but as a sequel to Pitch Black, it's a disappointment.","release_dates":{"theater":"2004-06-11","dvd":"2004-11-16"},"ratings":{"critics_rating":"Rotten","critics_score":29,"audience_rating":"Upright","audience_score":66},"synopsis":"","posters":{"thumbnail":"http://content8.flixster.com/movie/11/17/07/11170766_mob.jpg","profile":"http://content8.flixster.com/movie/11/17/07/11170766_pro.jpg","detailed":"http://content8.flixster.com/movie/11/17/07/11170766_det.jpg","original":"http://content8.flixster.com/movie/11/17/07/11170766_ori.jpg"},"abridged_cast":[{"name":"Vin Diesel","id":"162652472","characters":["Richard B. Riddick"]},{"name":"Colm Feore","id":"162653771","characters":["Lord Marshal"]},{"name":"Thandie Newton","id":"162708663","characters":["Dame Vaako"]},{"name":"Judi Dench","id":"162652435","characters":["Aereon"]},{"name":"Karl Urban","id":"162654704","characters":["Vaako"]}],"alternate_ids":{"imdb":"0296572"},"links":{"self":"http://api.rottentomatoes.com/api/public/v1.0/movies/17007.json","alternate":"http://www.rottentomatoes.com/m/chronicles_of_riddick/","cast":"http://api.rottentomatoes.com/api/public/v1.0/movies/17007/cast.json","clips":"http://api.rottentomatoes.com/api/public/v1.0/movies/17007/clips.json","reviews":"http://api.rottentomatoes.com/api/public/v1.0/movies/17007/reviews.json","similar":"http://api.rottentomatoes.com/api/public/v1.0/movies/17007/similar.json"}},{"id":"410934212","title":"American Pie 5: The Naked Mile","year":2006,"mpaa_rating":"R","runtime":102,"release_dates":{"theater":"2006-12-19","dvd":"2006-12-19"},"ratings":{"critics_score":-1,"audience_rating":"Upright","audience_score":61},"synopsis":"","posters":{"thumbnail":"http://content9.flixster.com/movie/10/93/68/10936871_mob.jpg","profile":"http://content9.flixster.com/movie/10/93/68/10936871_pro.jpg","detailed":"http://content9.flixster.com/movie/10/93/68/10936871_det.jpg","original":"http://content9.flixster.com/movie/10/93/68/10936871_ori.jpg"},"abridged_cast":[{"name":"John White","id":"410934215","characters":["Erik Stifler"]},{"name":"Steve Talley","id":"410934214","characters":["Adam Stifler"]},{"name":"Candace Kaye Kroslak","id":"771018652"},{"name":"Eugene Levy","id":"162653784","characters":["Jim's Dad"]},{"name":"Christopher McDonald","id":"162680629"}],"alternate_ids":{"imdb":"0808146"},"links":{"self":"http://api.rottentomatoes.com/api/public/v1.0/movies/410934212.json","alternate":"http://www.rottentomatoes.com/m/american-pie-5-the-naked-mile/","cast":"http://api.rottentomatoes.com/api/public/v1.0/movies/410934212/cast.json","clips":"http://api.rottentomatoes.com/api/public/v1.0/movies/410934212/clips.json","reviews":"http://api.rottentomatoes.com/api/public/v1.0/movies/410934212/reviews.json","similar":"http://api.rottentomatoes.com/api/public/v1.0/movies/410934212/similar.json"}},{"id":"13659","title":"The Blues Brothers","year":1980,"mpaa_rating":"R","runtime":133,"critics_consensus":"Too over the top for its own good, but ultimately rescued by the cast's charm, director John Landis' grace, and several soul-stirring musical numbers.","release_dates":{"theater":"1980-06-20","dvd":"2005-08-30"},"ratings":{"critics_rating":"Certified Fresh","critics_score":87,"audience_rating":"Upright","audience_score":93},"synopsis":"","posters":{"thumbnail":"http://content7.flixster.com/movie/11/17/19/11171945_mob.jpg","profile":"http://content7.flixster.com/movie/11/17/19/11171945_pro.jpg","detailed":"http://content7.flixster.com/movie/11/17/19/11171945_det.jpg","original":"http://content7.flixster.com/movie/11/17/19/11171945_ori.jpg"},"abridged_cast":[{"name":"John Belushi","id":"162668062","characters":["Joliet Jake"]},{"name":"Dan Aykroyd","id":"162664389","characters":["Elwood"]},{"name":"James Brown","id":"465973187","characters":["Rev. Cleophus James"]},{"name":"John Candy","id":"162656491","characters":["Burton Mercer"]},{"name":"Ray Charles","id":"364655730","characters":["Ray"]}],"alternate_ids":{"imdb":"0080455"},"links":{"self":"http://api.rottentomatoes.com/api/public/v1.0/movies/13659.json","alternate":"http://www.rottentomatoes.com/m/blues_brothers/","cast":"http://api.rottentomatoes.com/api/public/v1.0/movies/13659/cast.json","clips":"http://api.rottentomatoes.com/api/public/v1.0/movies/13659/clips.json","reviews":"http://api.rottentomatoes.com/api/public/v1.0/movies/13659/reviews.json","similar":"http://api.rottentomatoes.com/api/public/v1.0/movies/13659/similar.json"}},{"id":"10328","title":"The Wedding Planner","year":2001,"mpaa_rating":"PG-13","runtime":104,"critics_consensus":"Instead of being light and charming, this romantic comedy is heavy-handed and contrived in its execution. Also, it's too unoriginal.","release_dates":{"theater":"2001-01-26","dvd":"2001-07-03"},"ratings":{"critics_rating":"Rotten","critics_score":17,"audience_rating":"Spilled","audience_score":59},"synopsis":"","posters":{"thumbnail":"http://content8.flixster.com/movie/10/89/24/10892426_mob.jpg","profile":"http://content8.flixster.com/movie/10/89/24/10892426_pro.jpg","detailed":"http://content8.flixster.com/movie/10/89/24/10892426_det.jpg","original":"http://content8.flixster.com/movie/10/89/24/10892426_ori.jpg"},"abridged_cast":[{"name":"Jennifer Lopez","id":"162652167","characters":["Mary Fiore"]},{"name":"Matthew McConaughey","id":"162652350","characters":["Steve Edison"]},{"name":"Bridgette Wilson","id":"162683103","characters":["Fran Donolly"]},{"name":"Justin Chambers","id":"162683065","characters":["Massimo"]},{"name":"Judy Greer","id":"162654580","characters":["Penny"]}],"links":{"self":"http://api.rottentomatoes.com/api/public/v1.0/movies/10328.json","alternate":"http://www.rottentomatoes.com/m/wedding_planner/","cast":"http://api.rottentomatoes.com/api/public/v1.0/movies/10328/cast.json","clips":"http://api.rottentomatoes.com/api/public/v1.0/movies/10328/clips.json","reviews":"http://api.rottentomatoes.com/api/public/v1.0/movies/10328/reviews.json","similar":"http://api.rottentomatoes.com/api/public/v1.0/movies/10328/similar.json"}},{"id":"770680521","title":"The Promotion","year":2008,"mpaa_rating":"R","runtime":86,"critics_consensus":"With a workplace-related theme worthy of satire, The Promotion features some sharp witticisms but ultimately disappoints.","release_dates":{"theater":"2008-03-09","dvd":"2008-09-02"},"ratings":{"critics_rating":"Rotten","critics_score":53,"audience_rating":"Spilled","audience_score":28},"synopsis":"","posters":{"thumbnail":"http://content9.flixster.com/movie/11/15/05/11150595_mob.jpg","profile":"http://content9.flixster.com/movie/11/15/05/11150595_pro.jpg","detailed":"http://content9.flixster.com/movie/11/15/05/11150595_det.jpg","original":"http://content9.flixster.com/movie/11/15/05/11150595_ori.jpg"},"abridged_cast":[{"name":"Seann William Scott","id":"162652909","characters":["Doug"]},{"name":"John C. Reilly","id":"162652855","characters":["Richard"]},{"name":"Jenna Fischer","id":"512880936"},{"name":"Lili Taylor","id":"162668140"},{"name":"Fred Armisen","id":"326300196"}],"alternate_ids":{"imdb":"0803057"},"links":{"self":"http://api.rottentomatoes.com/api/public/v1.0/movies/770680521.json","alternate":"http://www.rottentomatoes.com/m/10009624-promotion/","cast":"http://api.rottentomatoes.com/api/public/v1.0/movies/770680521/cast.json","clips":"http://api.rottentomatoes.com/api/public/v1.0/movies/770680521/clips.json","reviews":"http://api.rottentomatoes.com/api/public/v1.0/movies/770680521/reviews.json","similar":"http://api.rottentomatoes.com/api/public/v1.0/movies/770680521/similar.json"}},{"id":"266752526","title":"The Last Kiss","year":2006,"mpaa_rating":"R","runtime":103,"critics_consensus":"You'll either find the The Last Kiss to be a phony bore or a refreshing take about young 20-somethings at the crossroads between their carefree lifestyle and responsibility. Zach Braff and the rest of the appealing cast make the case for the latter.","release_dates":{"theater":"2006-09-15","dvd":"2006-12-26"},"ratings":{"critics_rating":"Rotten","critics_score":46,"audience_rating":"Spilled","audience_score":59},"synopsis":"","posters":{"thumbnail":"http://content8.flixster.com/movie/10/88/16/10881610_mob.jpg","profile":"http://content8.flixster.com/movie/10/88/16/10881610_pro.jpg","detailed":"http://content8.flixster.com/movie/10/88/16/10881610_det.jpg","original":"http://content8.flixster.com/movie/10/88/16/10881610_ori.jpg"},"abridged_cast":[{"name":"Zach Braff","id":"162655018","characters":["Michael"]},{"name":"Jacinda Barrett","id":"162662601","characters":["Jenna"]},{"name":"Casey Affleck","id":"162706324","characters":["Chris"]},{"name":"Rachel Bilson","id":"326393630","characters":["Kim"]},{"name":"Michael Weston","id":"397495260","characters":["Izzy"]}],"alternate_ids":{"imdb":"0434139"},"links":{"self":"http://api.rottentomatoes.com/api/public/v1.0/movies/266752526.json","alternate":"http://www.rottentomatoes.com/m/last_kiss/","cast":"http://api.rottentomatoes.com/api/public/v1.0/movies/266752526/cast.json","clips":"http://api.rottentomatoes.com/api/public/v1.0/movies/266752526/clips.json","reviews":"http://api.rottentomatoes.com/api/public/v1.0/movies/266752526/reviews.json","similar":"http://api.rottentomatoes.com/api/public/v1.0/movies/266752526/similar.json"}},{"id":"10397","title":"The Forgotten","year":2004,"mpaa_rating":"PG-13","runtime":91,"critics_consensus":"The premise grows too ridiculous to take seriously.","release_dates":{"theater":"2004-09-24","dvd":"2005-01-18"},"ratings":{"critics_rating":"Rotten","critics_score":31,"audience_rating":"Spilled","audience_score":36},"synopsis":"","posters":{"thumbnail":"http://content6.flixster.com/movie/25/55/255520_mob.jpg","profile":"http://content6.flixster.com/movie/25/55/255520_pro.jpg","detailed":"http://content6.flixster.com/movie/25/55/255520_det.jpg","original":"http://content6.flixster.com/movie/25/55/255520_ori.jpg"},"abridged_cast":[{"name":"Julianne Moore","id":"162654248","characters":["Telly"]},{"name":"Dominic West","id":"162662802","characters":["Ash"]},{"name":"Gary Sinise","id":"162659320","characters":["Dr. Jack Munce"]},{"name":"Alfre Woodard","id":"162662573","characters":["Anne Pope"]},{"name":"Linus Roache","id":"162687174","characters":["A Friendly Man"]}],"alternate_ids":{"imdb":"0356618"},"links":{"self":"http://api.rottentomatoes.com/api/public/v1.0/movies/10397.json","alternate":"http://www.rottentomatoes.com/m/forgotten/","cast":"http://api.rottentomatoes.com/api/public/v1.0/movies/10397/cast.json","clips":"http://api.rottentomatoes.com/api/public/v1.0/movies/10397/clips.json","reviews":"http://api.rottentomatoes.com/api/public/v1.0/movies/10397/reviews.json","similar":"http://api.rottentomatoes.com/api/public/v1.0/movies/10397/similar.json"}},{"id":"381100441","title":"Arthur and the Invisibles (Arthur and the Minimoys)","year":2006,"mpaa_rating":"PG","runtime":94,"critics_consensus":"Arthur wastes its big-name voice talent on a predictable script and substandard CG animation.","release_dates":{"theater":"2007-01-12","dvd":"2007-05-15"},"ratings":{"critics_rating":"Rotten","critics_score":21,"audience_rating":"Spilled","audience_score":57},"synopsis":"","posters":{"thumbnail":"http://content8.flixster.com/movie/11/17/01/11170130_mob.jpg","profile":"http://content8.flixster.com/movie/11/17/01/11170130_pro.jpg","detailed":"http://content8.flixster.com/movie/11/17/01/11170130_det.jpg","original":"http://content8.flixster.com/movie/11/17/01/11170130_ori.jpg"},"abridged_cast":[{"name":"Freddie Highmore","id":"162652818","characters":["Arthur"]},{"name":"Mia Farrow","id":"162655891","characters":["Arthur's Grandmother"]},{"name":"David Bowie","id":"162659532","characters":["Maltazard"]},{"name":"Madonna","id":"162660816","characters":["Princess Selenia"]},{"name":"Snoop Dogg","id":"162661723","characters":["Max"]}],"alternate_ids":{"imdb":"0344854"},"links":{"self":"http://api.rottentomatoes.com/api/public/v1.0/movies/381100441.json","alternate":"http://www.rottentomatoes.com/m/10004659-arthur/","cast":"http://api.rottentomatoes.com/api/public/v1.0/movies/381100441/cast.json","clips":"http://api.rottentomatoes.com/api/public/v1.0/movies/381100441/clips.json","reviews":"http://api.rottentomatoes.com/api/public/v1.0/movies/381100441/reviews.json","similar":"http://api.rottentomatoes.com/api/public/v1.0/movies/381100441/similar.json"}},{"id":"10579","title":"Lara Croft Tomb Raider - The Cradle of Life","year":2003,"mpaa_rating":"PG-13","runtime":117,"critics_consensus":"Though the sequel is an improvement over the first movie, it's still lacking in thrills.","release_dates":{"theater":"2003-07-21","dvd":"2003-11-18"},"ratings":{"critics_rating":"Rotten","critics_score":24,"audience_rating":"Spilled","audience_score":45},"synopsis":"","posters":{"thumbnail":"http://content8.flixster.com/movie/10/82/13/10821386_mob.jpg","profile":"http://content8.flixster.com/movie/10/82/13/10821386_pro.jpg","detailed":"http://content8.flixster.com/movie/10/82/13/10821386_det.jpg","original":"http://content8.flixster.com/movie/10/82/13/10821386_ori.jpg"},"abridged_cast":[{"name":"Angelina Jolie","id":"162652626","characters":["Lara Croft"]},{"name":"Gerard Butler","id":"162659102","characters":["Terry Sheridan"]},{"name":"Ciaran Hinds","id":"162659596","characters":["Jonathan Reiss"]},{"name":"Chris Barrie","id":"162664800","characters":["Hillary"]},{"name":"Noah Taylor","id":"162708662","characters":["Bryce"]}],"alternate_ids":{"imdb":"0325703"},"links":{"self":"http://api.rottentomatoes.com/api/public/v1.0/movies/10579.json","alternate":"http://www.rottentomatoes.com/m/lara_croft_tomb_raider_the_cradle_of_life/","cast":"http://api.rottentomatoes.com/api/public/v1.0/movies/10579/cast.json","clips":"http://api.rottentomatoes.com/api/public/v1.0/movies/10579/clips.json","reviews":"http://api.rottentomatoes.com/api/public/v1.0/movies/10579/reviews.json","similar":"http://api.rottentomatoes.com/api/public/v1.0/movies/10579/similar.json"}},{"id":"3618","title":"The Skeleton Key","year":2005,"mpaa_rating":"PG-13","runtime":103,"critics_consensus":"Thanks to its creaky and formulaic script, The Skeleton Key is more mumbo-jumbo than hoodoo and more dull than scary.","release_dates":{"theater":"2005-08-12","dvd":"2005-11-15"},"ratings":{"critics_rating":"Rotten","critics_score":37,"audience_rating":"Spilled","audience_score":58},"synopsis":"","posters":{"thumbnail":"http://content7.flixster.com/movie/24/99/249993_mob.jpg","profile":"http://content7.flixster.com/movie/24/99/249993_pro.jpg","detailed":"http://content7.flixster.com/movie/24/99/249993_det.jpg","original":"http://content7.flixster.com/movie/24/99/249993_ori.jpg"},"abridged_cast":[{"name":"Kate Hudson","id":"162653218","characters":["Caroline Ellis"]},{"name":"Gena Rowlands","id":"162653219","characters":["Violet Devereaux"]},{"name":"Peter Sarsgaard","id":"162653220","characters":["Luke"]},{"name":"John Hurt","id":"162653221","characters":["Ben Devereaux"]},{"name":"Joy Bryant","id":"162653223","characters":["Jill"]}],"alternate_ids":{"imdb":"0397101"},"links":{"self":"http://api.rottentomatoes.com/api/public/v1.0/movies/3618.json","alternate":"http://www.rottentomatoes.com/m/1149472-skeleton_key/","cast":"http://api.rottentomatoes.com/api/public/v1.0/movies/3618/cast.json","clips":"http://api.rottentomatoes.com/api/public/v1.0/movies/3618/clips.json","reviews":"http://api.rottentomatoes.com/api/public/v1.0/movies/3618/reviews.json","similar":"http://api.rottentomatoes.com/api/public/v1.0/movies/3618/similar.json"}},{"id":"770793166","title":"The Tree of Life","year":2011,"mpaa_rating":"PG-13","runtime":139,"critics_consensus":"Terrence Malick's singularly deliberate style may prove unrewarding for some, but for patient viewers, Tree of Life is an emotional as well as visual treat.","release_dates":{"theater":"2011-05-27","dvd":"2011-10-11"},"ratings":{"critics_rating":"Certified Fresh","critics_score":84,"audience_rating":"Spilled","audience_score":59},"synopsis":"From Terrence Malick, the acclaimed director of such classic films as Badlands, Days of Heaven and The Thin Red Line, The Tree of Life is the impressionistic story of a Midwestern family in the 1950's. The film follows the life journey of the eldest son, Jack, through the innocence of childhood to his disillusioned adult years as he tries to reconcile a complicated relationship with his father (Brad Pitt). Jack (played as an adult by Sean Penn) finds himself a lost soul in the modern world, seeking answers to the origins and meaning of life while questioning the existence of faith. Through Malick's signature imagery, we see how both brute nature and spiritual grace shape not only our lives as individuals and families, but all life. -- (C) Fox Searchlight","posters":{"thumbnail":"http://content6.flixster.com/movie/11/15/72/11157220_mob.jpg","profile":"http://content6.flixster.com/movie/11/15/72/11157220_pro.jpg","detailed":"http://content6.flixster.com/movie/11/15/72/11157220_det.jpg","original":"http://content6.flixster.com/movie/11/15/72/11157220_ori.jpg"},"abridged_cast":[{"name":"Brad Pitt","id":"162652627","characters":["Mr. O'Brien"]},{"name":"Sean Penn","id":"162652280","characters":["Jack","Jack O'Brien"]},{"name":"Jessica Chastain","id":"770760183","characters":["Mrs. O'Brien"]},{"name":"Hunter McCracken","id":"771106321","characters":["Young Jack"]},{"name":"Laramie Eppler","id":"771102164","characters":["R.L."]}],"alternate_ids":{"imdb":"0478304"},"links":{"self":"http://api.rottentomatoes.com/api/public/v1.0/movies/770793166.json","alternate":"http://www.rottentomatoes.com/m/the_tree_of_life_2011/","cast":"http://api.rottentomatoes.com/api/public/v1.0/movies/770793166/cast.json","clips":"http://api.rottentomatoes.com/api/public/v1.0/movies/770793166/clips.json","reviews":"http://api.rottentomatoes.com/api/public/v1.0/movies/770793166/reviews.json","similar":"http://api.rottentomatoes.com/api/public/v1.0/movies/770793166/similar.json"}},{"id":"771252912","title":"The Best Exotic Marigold Hotel","year":2012,"mpaa_rating":"PG-13","runtime":123,"critics_consensus":"The Best Exotic Marigold Hotel isn't groundbreaking storytelling, but it's a sweet story about the senior set featuring a top-notch cast of veteran actors.","release_dates":{"theater":"2012-05-04","dvd":"2012-09-18"},"ratings":{"critics_rating":"Certified Fresh","critics_score":78,"audience_rating":"Upright","audience_score":79},"synopsis":"The Best Exotic Marigold Hotel follows a group of British retirees who decide to \"outsource\" their retirement to less expensive and seemingly exotic India. Enticed by advertisements for the newly restored Marigold Hotel and bolstered with visions of a life of leisure, they arrive to find the palace a shell of its former self. Though the new environment is less luxurious than imagined, they are forever transformed by their shared experiences, discovering that life and love can begin again when you let go of the past. -- (C) Fox Searchlight","posters":{"thumbnail":"http://content8.flixster.com/movie/11/16/30/11163058_mob.jpg","profile":"http://content8.flixster.com/movie/11/16/30/11163058_pro.jpg","detailed":"http://content8.flixster.com/movie/11/16/30/11163058_det.jpg","original":"http://content8.flixster.com/movie/11/16/30/11163058_ori.jpg"},"abridged_cast":[{"name":"Tom Wilkinson","id":"162653769","characters":["Graham Dashwood"]},{"name":"Maggie Smith","id":"162652436","characters":["Muriel Donnelly"]},{"name":"Judi Dench","id":"162652435","characters":["Evelyn Greenslade"]},{"name":"Bill Nighy","id":"162652300","characters":["Douglas Ainslie"]},{"name":"Dev Patel","id":"770799096","characters":["Sonny Kapoor"]}],"alternate_ids":{"imdb":"1412386"},"links":{"self":"http://api.rottentomatoes.com/api/public/v1.0/movies/771252912.json","alternate":"http://www.rottentomatoes.com/m/the_best_exotic_marigold_hotel_2012/","cast":"http://api.rottentomatoes.com/api/public/v1.0/movies/771252912/cast.json","clips":"http://api.rottentomatoes.com/api/public/v1.0/movies/771252912/clips.json","reviews":"http://api.rottentomatoes.com/api/public/v1.0/movies/771252912/reviews.json","similar":"http://api.rottentomatoes.com/api/public/v1.0/movies/771252912/similar.json"}},{"id":"9457","title":"The Emperor's New Groove","year":2000,"mpaa_rating":"G","runtime":79,"critics_consensus":"The Emperor's New Groove isn't the most ambitious animated film, but its brisk pace, fresh characters, and big laughs make for a great time for the whole family.","release_dates":{"theater":"2000-12-15","dvd":"2001-05-01"},"ratings":{"critics_rating":"Certified Fresh","critics_score":85,"audience_rating":"Upright","audience_score":84},"synopsis":"","posters":{"thumbnail":"http://content9.flixster.com/movie/25/10/251095_mob.jpg","profile":"http://content9.flixster.com/movie/25/10/251095_pro.jpg","detailed":"http://content9.flixster.com/movie/25/10/251095_det.jpg","original":"http://content9.flixster.com/movie/25/10/251095_ori.jpg"},"abridged_cast":[{"name":"David Spade","id":"162656213","characters":["Kuzko"]},{"name":"John Goodman","id":"162655706","characters":["Pacha"]},{"name":"Eartha Kitt","id":"162658527","characters":["Yzma"]},{"name":"Patrick Warburton","id":"326392258","characters":["Kronk"]},{"name":"Wendie Malick","id":"162654478","characters":["Chica"]}],"alternate_ids":{"imdb":"0120917"},"links":{"self":"http://api.rottentomatoes.com/api/public/v1.0/movies/9457.json","alternate":"http://www.rottentomatoes.com/m/emperors_new_groove/","cast":"http://api.rottentomatoes.com/api/public/v1.0/movies/9457/cast.json","clips":"http://api.rottentomatoes.com/api/public/v1.0/movies/9457/clips.json","reviews":"http://api.rottentomatoes.com/api/public/v1.0/movies/9457/reviews.json","similar":"http://api.rottentomatoes.com/api/public/v1.0/movies/9457/similar.json"}},{"id":"10032","title":"The Neverending Story","year":1984,"mpaa_rating":"PG","runtime":94,"critics_consensus":"A magical journey about the power of a young boy's imagination to save a dying fantasy land, The NeverEnding Story remains a much-loved kids adventure.","release_dates":{"theater":"1984-07-20","dvd":"2001-09-04"},"ratings":{"critics_rating":"Fresh","critics_score":80,"audience_rating":"Upright","audience_score":82},"synopsis":"","posters":{"thumbnail":"http://content9.flixster.com/movie/11/16/67/11166755_mob.jpg","profile":"http://content9.flixster.com/movie/11/16/67/11166755_pro.jpg","detailed":"http://content9.flixster.com/movie/11/16/67/11166755_det.jpg","original":"http://content9.flixster.com/movie/11/16/67/11166755_ori.jpg"},"abridged_cast":[{"name":"Noah Hathaway","id":"162659202","characters":["Atreyu"]},{"name":"Barret Oliver","id":"162659201","characters":["Bastian"]},{"name":"Tami Stronach","id":"162659203","characters":["Childlike empress"]},{"name":"Moses Gunn","id":"162699707","characters":["Cairon"]},{"name":"Patricia Hayes","id":"506738633","characters":["Urgl"]}],"alternate_ids":{"imdb":"0088323"},"links":{"self":"http://api.rottentomatoes.com/api/public/v1.0/movies/10032.json","alternate":"http://www.rottentomatoes.com/m/the_neverending_story_1984/","cast":"http://api.rottentomatoes.com/api/public/v1.0/movies/10032/cast.json","clips":"http://api.rottentomatoes.com/api/public/v1.0/movies/10032/clips.json","reviews":"http://api.rottentomatoes.com/api/public/v1.0/movies/10032/reviews.json","similar":"http://api.rottentomatoes.com/api/public/v1.0/movies/10032/similar.json"}},{"id":"13049","title":"Terminator 3 - Rise of the Machines","year":2003,"mpaa_rating":"R","runtime":109,"critics_consensus":"Although T3 never reaches the heights of the second movie, it is a welcome addition to the Terminator franchise.","release_dates":{"theater":"2003-12-31","dvd":"2003-11-11"},"ratings":{"critics_rating":"Fresh","critics_score":70,"audience_rating":"Spilled","audience_score":47},"synopsis":"","posters":{"thumbnail":"http://content7.flixster.com/movie/10/94/47/10944773_mob.jpg","profile":"http://content7.flixster.com/movie/10/94/47/10944773_pro.jpg","detailed":"http://content7.flixster.com/movie/10/94/47/10944773_det.jpg","original":"http://content7.flixster.com/movie/10/94/47/10944773_ori.jpg"},"abridged_cast":[{"name":"Arnold Schwarzenegger","id":"162662233","characters":["T-101"]},{"name":"Nick Stahl","id":"162686939","characters":["John Connor"]},{"name":"Claire Danes","id":"162654834","characters":["Kate"]},{"name":"Kristanna Loken","id":"162686940","characters":["T-X"]},{"name":"David Andrews","id":"162673729","characters":["Robert Brewster"]}],"alternate_ids":{"imdb":"0181852"},"links":{"self":"http://api.rottentomatoes.com/api/public/v1.0/movies/13049.json","alternate":"http://www.rottentomatoes.com/m/terminator_3_rise_of_the_machines/","cast":"http://api.rottentomatoes.com/api/public/v1.0/movies/13049/cast.json","clips":"http://api.rottentomatoes.com/api/public/v1.0/movies/13049/clips.json","reviews":"http://api.rottentomatoes.com/api/public/v1.0/movies/13049/reviews.json","similar":"http://api.rottentomatoes.com/api/public/v1.0/movies/13049/similar.json"}},{"id":"10262","title":"A Night at the Roxbury","year":1998,"mpaa_rating":"PG-13","runtime":83,"critics_consensus":"Has the same problems as the worst SNL movies: one-note characters and plots unreasonably stretched to feature length runtime.","release_dates":{"theater":"1998-10-02","dvd":"1999-04-20"},"ratings":{"critics_rating":"Rotten","critics_score":11,"audience_rating":"Upright","audience_score":70},"synopsis":"","posters":{"thumbnail":"http://content8.flixster.com/movie/11/17/36/11173682_mob.jpg","profile":"http://content8.flixster.com/movie/11/17/36/11173682_pro.jpg","detailed":"http://content8.flixster.com/movie/11/17/36/11173682_det.jpg","original":"http://content8.flixster.com/movie/11/17/36/11173682_ori.jpg"},"abridged_cast":[{"name":"Will Ferrell","id":"162652185","characters":["Steve Butabi"]},{"name":"Chris Kattan","id":"162661549","characters":["Doug Butabi"]},{"name":"Molly Shannon","id":"162669077","characters":["Emily"]},{"name":"Dan Hedaya","id":"162669804","characters":["Mr. Butabi"]},{"name":"Richard Grieco","id":"162717841","characters":["himself"]}],"alternate_ids":{"imdb":"0120770"},"links":{"self":"http://api.rottentomatoes.com/api/public/v1.0/movies/10262.json","alternate":"http://www.rottentomatoes.com/m/night_at_the_roxbury/","cast":"http://api.rottentomatoes.com/api/public/v1.0/movies/10262/cast.json","clips":"http://api.rottentomatoes.com/api/public/v1.0/movies/10262/clips.json","reviews":"http://api.rottentomatoes.com/api/public/v1.0/movies/10262/reviews.json","similar":"http://api.rottentomatoes.com/api/public/v1.0/movies/10262/similar.json"}},{"id":"771304691","title":"Out of the Furnace","year":2013,"mpaa_rating":"R","runtime":116,"critics_consensus":"While it may not make the most of its incredible cast, Out of the Furnace is still so packed with talent that it's hard to turn away.","release_dates":{"theater":"2013-12-06","dvd":"2014-03-11"},"ratings":{"critics_rating":"Rotten","critics_score":53,"audience_rating":"Spilled","audience_score":53},"synopsis":"From Scott Cooper, the critically-acclaimed writer and director of Crazy Heart, comes a gripping and gritty drama about family, fate, circumstance, and justice. Russell Baze (Christian Bale) has a rough life: he works a dead-end blue collar job at the local steel mill by day, and cares for his terminally ill father by night. When Russell's brother Rodney (Casey Affleck) returns home from serving time in Iraq, he gets lured into one of the most ruthless crime rings in the Northeast and mysteriously disappears. The police fail to crack the case, so - with nothing left to lose - Russell takes matters into his own hands, putting his life on the line to seek justice for his brother. The impressive cast of Christian Bale and Woody Harrelson are rounded out by Casey Affleck, Forest Whitaker, Willem Dafoe, Zoe Saldana and Sam Shepard. (c) Relativity","posters":{"thumbnail":"http://content6.flixster.com/movie/11/17/46/11174676_mob.jpg","profile":"http://content6.flixster.com/movie/11/17/46/11174676_pro.jpg","detailed":"http://content6.flixster.com/movie/11/17/46/11174676_det.jpg","original":"http://content6.flixster.com/movie/11/17/46/11174676_ori.jpg"},"abridged_cast":[{"name":"Christian Bale","id":"162652645","characters":["Russell Baze"]},{"name":"Casey Affleck","id":"162706324","characters":["Rodney Baze Jr."]},{"name":"Zoe Saldana","id":"162660050","characters":["Lena Taylor"]},{"name":"Sam Shepard","id":"162662816","characters":["Gerald \"Red\" Baze","Red"]},{"name":"Woody Harrelson","id":"162654250","characters":["Harlan DeGroat"]}],"alternate_ids":{"imdb":"1206543"},"links":{"self":"http://api.rottentomatoes.com/api/public/v1.0/movies/771304691.json","alternate":"http://www.rottentomatoes.com/m/out_of_the_furnace/","cast":"http://api.rottentomatoes.com/api/public/v1.0/movies/771304691/cast.json","clips":"http://api.rottentomatoes.com/api/public/v1.0/movies/771304691/clips.json","reviews":"http://api.rottentomatoes.com/api/public/v1.0/movies/771304691/reviews.json","similar":"http://api.rottentomatoes.com/api/public/v1.0/movies/771304691/similar.json"}},{"id":"13306","title":"Dawn of the Dead","year":1978,"mpaa_rating":"R","runtime":126,"critics_consensus":"One of the most compelling and entertaining zombie films ever, Dawn of the Dead perfectly blends pure horror and gore with social commentary on bourgeois society.","release_dates":{"theater":"1979-05-24","dvd":"2004-09-07"},"ratings":{"critics_rating":"Fresh","critics_score":95,"audience_rating":"Upright","audience_score":90},"synopsis":"","posters":{"thumbnail":"http://content6.flixster.com/movie/11/15/38/11153820_mob.jpg","profile":"http://content6.flixster.com/movie/11/15/38/11153820_pro.jpg","detailed":"http://content6.flixster.com/movie/11/15/38/11153820_det.jpg","original":"http://content6.flixster.com/movie/11/15/38/11153820_ori.jpg"},"abridged_cast":[{"name":"Scott Reiniger","id":"770912889","characters":["Roger"]},{"name":"Ken Foree","id":"343307742","characters":["Peter"]},{"name":"David Emge","id":"343307741","characters":["Stephen"]},{"name":"Gaylen Ross","id":"341816942","characters":["Francine"]},{"name":"Tom Savini","id":"162685873","characters":["Motorcycle Raider"]}],"alternate_ids":{"imdb":"0077402"},"links":{"self":"http://api.rottentomatoes.com/api/public/v1.0/movies/13306.json","alternate":"http://www.rottentomatoes.com/m/1005339-dawn_of_the_dead/","cast":"http://api.rottentomatoes.com/api/public/v1.0/movies/13306/cast.json","clips":"http://api.rottentomatoes.com/api/public/v1.0/movies/13306/clips.json","reviews":"http://api.rottentomatoes.com/api/public/v1.0/movies/13306/reviews.json","similar":"http://api.rottentomatoes.com/api/public/v1.0/movies/13306/similar.json"}},{"id":"771234469","title":"The Ides of March","year":2011,"mpaa_rating":"R","runtime":102,"critics_consensus":"While not exactly exposing revelatory truths, The Ides of March is supremely well-acted drama that moves at a measured, confident clip.","release_dates":{"theater":"2011-10-07","dvd":"2012-01-17"},"ratings":{"critics_rating":"Certified Fresh","critics_score":85,"audience_rating":"Upright","audience_score":73},"synopsis":"The Ides of March takes place during the frantic last days before a heavily contested Ohio presidential primary, when an up-and-coming campaign press secretary (Ryan Gosling) finds himself involved in a political scandal that threatens to upend his candidate's shot at the presidency. -- (C) Sony Pictures","posters":{"thumbnail":"http://content7.flixster.com/movie/11/16/37/11163769_mob.jpg","profile":"http://content7.flixster.com/movie/11/16/37/11163769_pro.jpg","detailed":"http://content7.flixster.com/movie/11/16/37/11163769_det.jpg","original":"http://content7.flixster.com/movie/11/16/37/11163769_ori.jpg"},"abridged_cast":[{"name":"Ryan Gosling","id":"162654751","characters":["Stephen Meyers"]},{"name":"George Clooney","id":"162654528","characters":["Governor Mike Morris"]},{"name":"Philip Seymour Hoffman","id":"162654287","characters":["Paul Zara Philip"]},{"name":"Paul Giamatti","id":"162683649","characters":["Tom Duffy"]},{"name":"Evan Rachel Wood","id":"162653277","characters":["Molly Stearns"]}],"alternate_ids":{"imdb":"1124035"},"links":{"self":"http://api.rottentomatoes.com/api/public/v1.0/movies/771234469.json","alternate":"http://www.rottentomatoes.com/m/the_ides_of_march/","cast":"http://api.rottentomatoes.com/api/public/v1.0/movies/771234469/cast.json","clips":"http://api.rottentomatoes.com/api/public/v1.0/movies/771234469/clips.json","reviews":"http://api.rottentomatoes.com/api/public/v1.0/movies/771234469/reviews.json","similar":"http://api.rottentomatoes.com/api/public/v1.0/movies/771234469/similar.json"}},{"id":"770673478","title":"Lars and the Real Girl","year":2007,"mpaa_rating":"PG-13","runtime":106,"critics_consensus":"Lars and the Real Girl could've so easily been a one-joke movie. But the talented cast, a great script, and direction never condescends to its character or the audience.","release_dates":{"theater":"2007-10-12","dvd":"2008-04-15"},"ratings":{"critics_rating":"Certified Fresh","critics_score":81,"audience_rating":"Upright","audience_score":84},"synopsis":"","posters":{"thumbnail":"http://content8.flixster.com/movie/96/89/85/9689854_mob.jpg","profile":"http://content8.flixster.com/movie/96/89/85/9689854_pro.jpg","detailed":"http://content8.flixster.com/movie/96/89/85/9689854_det.jpg","original":"http://content8.flixster.com/movie/96/89/85/9689854_ori.jpg"},"abridged_cast":[{"name":"Ryan Gosling","id":"162654751","characters":["Lars"]},{"name":"Emily Mortimer","id":"162660091","characters":["Karin"]},{"name":"Paul Schneider","id":"238447168","characters":["Gus"]},{"name":"Patricia Clarkson","id":"162654530","characters":["Dagmar"]},{"name":"Kelli Garner","id":"258229231","characters":["Margo"]}],"alternate_ids":{"imdb":"0805564"},"links":{"self":"http://api.rottentomatoes.com/api/public/v1.0/movies/770673478.json","alternate":"http://www.rottentomatoes.com/m/1175569-lars_and_the_real_girl/","cast":"http://api.rottentomatoes.com/api/public/v1.0/movies/770673478/cast.json","clips":"http://api.rottentomatoes.com/api/public/v1.0/movies/770673478/clips.json","reviews":"http://api.rottentomatoes.com/api/public/v1.0/movies/770673478/reviews.json","similar":"http://api.rottentomatoes.com/api/public/v1.0/movies/770673478/similar.json"}},{"id":"13323","title":"The Talented Mr. Ripley","year":1999,"mpaa_rating":"R","runtime":139,"critics_consensus":"With Matt Damon's unsettling performance offering a darkly twisted counterpoint to Anthony Minghella's glossy direction, The Talented Mr. Ripley is a suspense thriller that lingers.","release_dates":{"theater":"1999-12-25","dvd":"2000-06-27"},"ratings":{"critics_rating":"Certified Fresh","critics_score":83,"audience_rating":"Upright","audience_score":80},"synopsis":"","posters":{"thumbnail":"http://content9.flixster.com/movie/26/92/269207_mob.jpg","profile":"http://content9.flixster.com/movie/26/92/269207_pro.jpg","detailed":"http://content9.flixster.com/movie/26/92/269207_det.jpg","original":"http://content9.flixster.com/movie/26/92/269207_ori.jpg"},"abridged_cast":[{"name":"Matt Damon","id":"162653499","characters":["Tom Ripley"]},{"name":"Gwyneth Paltrow","id":"162653966","characters":["Marge Sherwood"]},{"name":"Jude Law","id":"162659420","characters":["Dickie Greenleaf"]},{"name":"Cate Blanchett","id":"162659162","characters":["Meredith Logue"]},{"name":"Philip Seymour Hoffman","id":"162654287","characters":["Freddie Miles"]}],"alternate_ids":{"imdb":"0134119"},"links":{"self":"http://api.rottentomatoes.com/api/public/v1.0/movies/13323.json","alternate":"http://www.rottentomatoes.com/m/talented_mr_ripley/","cast":"http://api.rottentomatoes.com/api/public/v1.0/movies/13323/cast.json","clips":"http://api.rottentomatoes.com/api/public/v1.0/movies/13323/clips.json","reviews":"http://api.rottentomatoes.com/api/public/v1.0/movies/13323/reviews.json","similar":"http://api.rottentomatoes.com/api/public/v1.0/movies/13323/similar.json"}},{"id":"10467","title":"The Spongebob Squarepants Movie","year":2004,"mpaa_rating":"PG","runtime":30,"critics_consensus":"Surreally goofy and entertaining for both children and their parents.","release_dates":{"theater":"2004-11-19","dvd":"2005-03-01"},"ratings":{"critics_rating":"Fresh","critics_score":68,"audience_rating":"Upright","audience_score":76},"synopsis":"","posters":{"thumbnail":"http://content6.flixster.com/movie/11/16/97/11169792_mob.jpg","profile":"http://content6.flixster.com/movie/11/16/97/11169792_pro.jpg","detailed":"http://content6.flixster.com/movie/11/16/97/11169792_det.jpg","original":"http://content6.flixster.com/movie/11/16/97/11169792_ori.jpg"},"abridged_cast":[{"name":"Tom Kenny","id":"162663804","characters":["SpongeBob SquarePants"]},{"name":"Bill Fagerbakke","id":"341817707","characters":["Patrick Star"]},{"name":"Rodger Bumpass","id":"162663807","characters":["Squidward Tentacles"]},{"name":"Clancy Brown","id":"162663805","characters":["Mr. Krabs"]},{"name":"Dee Bradley Baker","id":"551528216"}],"alternate_ids":{"imdb":"0345950"},"links":{"self":"http://api.rottentomatoes.com/api/public/v1.0/movies/10467.json","alternate":"http://www.rottentomatoes.com/m/spongebob_squarepants_movie/","cast":"http://api.rottentomatoes.com/api/public/v1.0/movies/10467/cast.json","clips":"http://api.rottentomatoes.com/api/public/v1.0/movies/10467/clips.json","reviews":"http://api.rottentomatoes.com/api/public/v1.0/movies/10467/reviews.json","similar":"http://api.rottentomatoes.com/api/public/v1.0/movies/10467/similar.json"}},{"id":"770768030","title":"The Rum Diary","year":2011,"mpaa_rating":"R","runtime":120,"critics_consensus":"It's colorful and amiable enough, and Depp's heart is clearly in the right place, but The Rum Diary fails to add sufficient focus to its rambling source material.","release_dates":{"theater":"2011-10-28","dvd":"2012-02-14"},"ratings":{"critics_rating":"Rotten","critics_score":50,"audience_rating":"Spilled","audience_score":36},"synopsis":"Based on the debut novel by Hunter S. Thompson. Tiring of the noise and madness of New York and the crushing conventions of late Eisenhower-era America, Paul Kemp (Johnny Depp) travels to the pristine island of Puerto Rico to write for a local newspaper, run by downtrodden editor Lotterman (Richard Jenkins). Adopting the rum-soaked life of the island, Paul soon becomes obsessed with Chenault (Amber Heard), the wildly attractive Connecticut-born fiancee of Sanderson (Aaron Eckhart). Sanderson is one of a growing number of American entrepreneurs who are determined to convert Puerto Rico into a capitalist paradise in service of the wealthy. When Kemp is recruited by Sanderson to write favorably about his latest unsavory scheme, the journalist is presented with a choice: to use his words for the corrupt businessmen's financial benefit, or use them to take the bastards down. -- (C) FilmDistrict","posters":{"thumbnail":"http://content8.flixster.com/movie/11/16/10/11161094_mob.jpg","profile":"http://content8.flixster.com/movie/11/16/10/11161094_pro.jpg","detailed":"http://content8.flixster.com/movie/11/16/10/11161094_det.jpg","original":"http://content8.flixster.com/movie/11/16/10/11161094_ori.jpg"},"abridged_cast":[{"name":"Johnny Depp","id":"162652817","characters":["Paul Kemp"]},{"name":"Aaron Eckhart","id":"162668655","characters":["Sanderson"]},{"name":"Michael Rispoli","id":"770696986","characters":["Sala"]},{"name":"Amber Heard","id":"770673718","characters":["Chenault"]},{"name":"Richard Jenkins","id":"317606141","characters":["Lotterman"]}],"alternate_ids":{"imdb":"0376136"},"links":{"self":"http://api.rottentomatoes.com/api/public/v1.0/movies/770768030.json","alternate":"http://www.rottentomatoes.com/m/The-Rum-Diary/","cast":"http://api.rottentomatoes.com/api/public/v1.0/movies/770768030/cast.json","clips":"http://api.rottentomatoes.com/api/public/v1.0/movies/770768030/clips.json","reviews":"http://api.rottentomatoes.com/api/public/v1.0/movies/770768030/reviews.json","similar":"http://api.rottentomatoes.com/api/public/v1.0/movies/770768030/similar.json"}},{"id":"771030924","title":"Immortals","year":2011,"mpaa_rating":"R","runtime":110,"critics_consensus":"The melding of real sets, CG work, and Tarsem's signature style produces fireworks, though the same can't be said for Immortals slack, boring storytelling.","release_dates":{"theater":"2011-11-11","dvd":"2012-03-06"},"ratings":{"critics_rating":"Rotten","critics_score":35,"audience_rating":"Spilled","audience_score":49},"synopsis":"The brutal and bloodthirsty King Hyperion (Mickey Rourke) and his murderous Heraklion army are rampaging across Greece in search of the long lost Bow of Epirus. With the invincible Bow, the king will be able to overthrow the Gods of Olympus and become the undisputed master of his world. With ruthless efficiency, Hyperion and his legions destroy everything in their wake, and it seems nothing will stop the evil king's mission. As village after village is obliterated, a stonemason named Theseus (Henry Cavill) vows to avenge the death of his mother in one of Hyperion's raids. When Theseus meets the Sybelline Oracle, Phaedra (Freida Pinto), her disturbing visions of the young man's future convince her that he is the key to stopping the destruction. With her help, Theseus assembles a small band of followers and embraces his destiny in a final desperate battle for the future of humanity. -- (C) Relativity Media","posters":{"thumbnail":"http://content7.flixster.com/movie/11/15/89/11158957_mob.jpg","profile":"http://content7.flixster.com/movie/11/15/89/11158957_pro.jpg","detailed":"http://content7.flixster.com/movie/11/15/89/11158957_det.jpg","original":"http://content7.flixster.com/movie/11/15/89/11158957_ori.jpg"},"abridged_cast":[{"name":"Henry Cavill","id":"341817917","characters":["Theseus"]},{"name":"Mickey Rourke","id":"162652508","characters":["King Hyperion"]},{"name":"Freida Pinto","id":"770799097","characters":["Phaedra"]},{"name":"Stephen Dorff","id":"162666782","characters":["Stavros"]},{"name":"Kellan Lutz","id":"770685152","characters":["Poseidon"]}],"alternate_ids":{"imdb":"1253864"},"links":{"self":"http://api.rottentomatoes.com/api/public/v1.0/movies/771030924.json","alternate":"http://www.rottentomatoes.com/m/immortals_2011/","cast":"http://api.rottentomatoes.com/api/public/v1.0/movies/771030924/cast.json","clips":"http://api.rottentomatoes.com/api/public/v1.0/movies/771030924/clips.json","reviews":"http://api.rottentomatoes.com/api/public/v1.0/movies/771030924/reviews.json","similar":"http://api.rottentomatoes.com/api/public/v1.0/movies/771030924/similar.json"}},{"id":"770789347","title":"The Goods: Live Hard, Sell Hard","year":2009,"mpaa_rating":"R","runtime":89,"critics_consensus":"Despite the talent in front of and behind the camera, The Goods: Live Hard, Sell Hard largely misfires, proving a squandered opportunity for all involved.","release_dates":{"theater":"2009-08-14","dvd":"2009-11-10"},"ratings":{"critics_rating":"Rotten","critics_score":27,"audience_rating":"Spilled","audience_score":37},"synopsis":"","posters":{"thumbnail":"http://content6.flixster.com/movie/10/89/28/10892840_mob.jpg","profile":"http://content6.flixster.com/movie/10/89/28/10892840_pro.jpg","detailed":"http://content6.flixster.com/movie/10/89/28/10892840_det.jpg","original":"http://content6.flixster.com/movie/10/89/28/10892840_ori.jpg"},"abridged_cast":[{"name":"Jeremy Piven","id":"162654464","characters":["Don Ready"]},{"name":"Ving Rhames","id":"162693220","characters":["Jibby Newsome"]},{"name":"Ed Helms","id":"770691762","characters":["Paxton Harding"]},{"name":"James Brolin","id":"162670952","characters":["Ben Selleck"]},{"name":"David Koechner","id":"162654117","characters":["Brent Gage"]}],"alternate_ids":{"imdb":"1092633"},"links":{"self":"http://api.rottentomatoes.com/api/public/v1.0/movies/770789347.json","alternate":"http://www.rottentomatoes.com/m/goods_the_don_ready_story/","cast":"http://api.rottentomatoes.com/api/public/v1.0/movies/770789347/cast.json","clips":"http://api.rottentomatoes.com/api/public/v1.0/movies/770789347/clips.json","reviews":"http://api.rottentomatoes.com/api/public/v1.0/movies/770789347/reviews.json","similar":"http://api.rottentomatoes.com/api/public/v1.0/movies/770789347/similar.json"}},{"id":"771349768","title":"The Legend of Hercules","year":2014,"mpaa_rating":"PG-13","runtime":99,"critics_consensus":"Cheap-looking, poorly acted, and dull, The Legend of Hercules is neither fun enough to qualify as an action movie nor absorbing enough to work on a dramatic level.","release_dates":{"theater":"2014-01-10"},"ratings":{"critics_rating":"Rotten","critics_score":3,"audience_rating":"Spilled","audience_score":42},"synopsis":"In the epic origin story THE LEGEND OF HERCULES, Kellan Lutz stars as the mythical Greek hero - the son of Zeus, a half-god, half-man blessed with extraordinary strength. Betrayed by his stepfather, the King, and exiled and sold into slavery because of a forbidden love, Hercules must use his formidable powers to fight his way back to his rightful kingdom. Through harrowing battles and gladiator-arena death matches, Hercules embarks on a legendary odyssey to overthrow the King and restore peace to the land. (c) Summit","posters":{"thumbnail":"http://content8.flixster.com/movie/11/17/48/11174802_mob.jpg","profile":"http://content8.flixster.com/movie/11/17/48/11174802_pro.jpg","detailed":"http://content8.flixster.com/movie/11/17/48/11174802_det.jpg","original":"http://content8.flixster.com/movie/11/17/48/11174802_ori.jpg"},"abridged_cast":[{"name":"Kellan Lutz","id":"770685152","characters":["Hercules"]},{"name":"Liam McIntyre","id":"771395286","characters":["Sotiris"]},{"name":"Scott Adkins","id":"770704326","characters":["King Amphitryon"]},{"name":"Liam Garrigan","id":"770802549","characters":["Iphicles"]},{"name":"Johnathon Schaech","id":"364606705","characters":["Tarak"]}],"alternate_ids":{"imdb":"1043726"},"links":{"self":"http://api.rottentomatoes.com/api/public/v1.0/movies/771349768.json","alternate":"http://www.rottentomatoes.com/m/the_legend_of_hercules/","cast":"http://api.rottentomatoes.com/api/public/v1.0/movies/771349768/cast.json","clips":"http://api.rottentomatoes.com/api/public/v1.0/movies/771349768/clips.json","reviews":"http://api.rottentomatoes.com/api/public/v1.0/movies/771349768/reviews.json","similar":"http://api.rottentomatoes.com/api/public/v1.0/movies/771349768/similar.json"}},{"id":"771324803","title":"Pirates of the Caribbean: Dead Men Tell No Tales","year":2016,"mpaa_rating":"Unrated","runtime":"","release_dates":{},"ratings":{"critics_score":-1,"audience_score":98},"synopsis":"","posters":{"thumbnail":"http://images.rottentomatoescdn.com/images/redesign/poster_default.gif","profile":"http://images.rottentomatoescdn.com/images/redesign/poster_default.gif","detailed":"http://images.rottentomatoescdn.com/images/redesign/poster_default.gif","original":"http://images.rottentomatoescdn.com/images/redesign/poster_default.gif"},"abridged_cast":[{"name":"Johnny Depp","id":"162652817","characters":["Captain Jack Sparrow"]}],"alternate_ids":{"imdb":"1790809"},"links":{"self":"http://api.rottentomatoes.com/api/public/v1.0/movies/771324803.json","alternate":"http://www.rottentomatoes.com/m/pirates_of_the_caribbean_dead_men_tell_no_tales/","cast":"http://api.rottentomatoes.com/api/public/v1.0/movies/771324803/cast.json","clips":"http://api.rottentomatoes.com/api/public/v1.0/movies/771324803/clips.json","reviews":"http://api.rottentomatoes.com/api/public/v1.0/movies/771324803/reviews.json","similar":"http://api.rottentomatoes.com/api/public/v1.0/movies/771324803/similar.json"}}],"links":{"self":"http://api.rottentomatoes.com/api/public/v1.0/movies.json?q=the&page_limit=50&page=13","next":"http://api.rottentomatoes.com/api/public/v1.0/movies.json?q=the&page_limit=50&page=14","prev":"http://api.rottentomatoes.com/api/public/v1.0/movies.json?q=the&page_limit=50&page=12"},"link_template":"http://api.rottentomatoes.com/api/public/v1.0/movies.json?q={search-term}&page_limit={results-per-page}&page={page-number}"}