
{"total":52488,"movies":[{"id":"771367644","title":"A Walk Among the Tombstones","year":2014,"mpaa_rating":"R","runtime":"","release_dates":{"theater":"2014-09-19"},"ratings":{"critics_score":-1,"audience_score":100},"synopsis":"","posters":{"thumbnail":"http://images.rottentomatoescdn.com/images/redesign/poster_default.gif","profile":"http://images.rottentomatoescdn.com/images/redesign/poster_default.gif","detailed":"http://images.rottentomatoescdn.com/images/redesign/poster_default.gif","original":"http://images.rottentomatoescdn.com/images/redesign/poster_default.gif"},"abridged_cast":[{"name":"Liam Neeson","id":"162652242"},{"name":"Ruth Wilson","id":"598551543"},{"name":"Dan Stevens (IV)","id":"770698532"},{"name":"Sebastian Roche","id":"421794232"},{"name":"Mark Consuelos","id":"162653205"}],"alternate_ids":{"imdb":"0365907"},"links":{"self":"http://api.rottentomatoes.com/api/public/v1.0/movies/771367644.json","alternate":"http://www.rottentomatoes.com/m/a_walk_among_the_tombstones/","cast":"http://api.rottentomatoes.com/api/public/v1.0/movies/771367644/cast.json","clips":"http://api.rottentomatoes.com/api/public/v1.0/movies/771367644/clips.json","reviews":"http://api.rottentomatoes.com/api/public/v1.0/movies/771367644/reviews.json","similar":"http://api.rottentomatoes.com/api/public/v1.0/movies/771367644/similar.json"}},{"id":"770818176","title":"Evil - In the Time of Heroes","year":2009,"mpaa_rating":"Unrated","runtime":88,"release_dates":{"theater":"2014-03-25"},"ratings":{"critics_score":-1,"audience_score":93},"synopsis":"","posters":{"thumbnail":"http://content6.flixster.com/movie/11/17/65/11176560_mob.jpg","profile":"http://content6.flixster.com/movie/11/17/65/11176560_pro.jpg","detailed":"http://content6.flixster.com/movie/11/17/65/11176560_det.jpg","original":"http://content6.flixster.com/movie/11/17/65/11176560_ori.jpg"},"abridged_cast":[{"name":"Billy Zane","id":"162668093"},{"name":"Argiris Thanasoulas","id":"770708052"},{"name":"Meletis Georgiadis","id":"770686126"},{"name":"Andreas Kontopoulos","id":"770704682"},{"name":"Ioanna Pappa","id":"771481460"}],"links":{"self":"http://api.rottentomatoes.com/api/public/v1.0/movies/770818176.json","alternate":"http://www.rottentomatoes.com/m/evil_in_the_time_of_heroes_2009/","cast":"http://api.rottentomatoes.com/api/public/v1.0/movies/770818176/cast.json","clips":"http://api.rottentomatoes.com/api/public/v1.0/movies/770818176/clips.json","reviews":"http://api.rottentomatoes.com/api/public/v1.0/movies/770818176/reviews.json","similar":"http://api.rottentomatoes.com/api/public/v1.0/movies/770818176/similar.json"}},{"id":"771358461","title":"Alvin & The Chipmunks 4","year":2015,"mpaa_rating":"G","runtime":"","release_dates":{"theater":"2015-12-11"},"ratings":{"critics_score":-1,"audience_score":83},"synopsis":"","posters":{"thumbnail":"http://images.rottentomatoescdn.com/images/redesign/poster_default.gif","profile":"http://images.rottentomatoescdn.com/images/redesign/poster_default.gif","detailed":"http://images.rottentomatoescdn.com/images/redesign/poster_default.gif","original":"http://images.rottentomatoescdn.com/images/redesign/poster_default.gif"},"abridged_cast":[],"links":{"self":"http://api.rottentomatoes.com/api/public/v1.0/movies/771358461.json","alternate":"http://www.rottentomatoes.com/m/alvin_and_the_chipmunks_4/","cast":"http://api.rottentomatoes.com/api/public/v1.0/movies/771358461/cast.json","clips":"http://api.rottentomatoes.com/api/public/v1.0/movies/771358461/clips.json","reviews":"http://api.rottentomatoes.com/api/public/v1.0/movies/771358461/reviews.json","similar":"http://api.rottentomatoes.com/api/public/v1.0/movies/771358461/similar.json"}},{"id":"771372408","title":"Chaplin of the Mountains","year":2014,"mpaa_rating":"Unrated","runtime":93,"release_dates":{"theater":"2014-02-21"},"ratings":{"critics_rating":"Fresh","critics_score":60,"audience_rating":"Upright","audience_score":100},"synopsis":"A recently orphaned young Kurdish-French woman travels to Kurdistan to find her mother's village, likely destroyed during the Anfal genocide. On her journey she meets two American film students who are travelling to remote villages screening Charlie Chaplin films. They decide to help her search, an undertaking that brings them to the war-weary Mount Qandil, dubbed by the locals the Kurdish Bermuda Triangle, along the Iraqi-Turkish-Iranian borders. - See (c) Official Site","posters":{"thumbnail":"http://content7.flixster.com/movie/11/17/64/11176413_mob.jpg","profile":"http://content7.flixster.com/movie/11/17/64/11176413_pro.jpg","detailed":"http://content7.flixster.com/movie/11/17/64/11176413_det.jpg","original":"http://content7.flixster.com/movie/11/17/64/11176413_ori.jpg"},"abridged_cast":[{"name":"Estelle Bajou","id":"771476091","characters":["Naze"]},{"name":"Zack Gold","id":"771089320","characters":["David"]},{"name":"Bennet Viso","id":"771481424","characters":["Alan"]},{"name":"Kurdo Galali","id":"771021284","characters":["Rebior"]},{"name":"Taies Farzan","id":"335717028","characters":["Shireen"]}],"alternate_ids":{"imdb":"2913916"},"links":{"self":"http://api.rottentomatoes.com/api/public/v1.0/movies/771372408.json","alternate":"http://www.rottentomatoes.com/m/chaplin_of_the_mountains_2013/","cast":"http://api.rottentomatoes.com/api/public/v1.0/movies/771372408/cast.json","clips":"http://api.rottentomatoes.com/api/public/v1.0/movies/771372408/clips.json","reviews":"http://api.rottentomatoes.com/api/public/v1.0/movies/771372408/reviews.json","similar":"http://api.rottentomatoes.com/api/public/v1.0/movies/771372408/similar.json"}},{"id":"771041147","title":"Rise of the Planet of the Apes","year":2011,"mpaa_rating":"PG-13","runtime":105,"critics_consensus":"Led by Rupert Wyatt's stylish direction, some impressive special effects, and a mesmerizing performance by Andy Serkis, Rise of the Planet of the Apes breathes unlikely new life into a long-running franchise.","release_dates":{"theater":"2011-08-05","dvd":"2011-12-13"},"ratings":{"critics_rating":"Certified Fresh","critics_score":82,"audience_rating":"Upright","audience_score":77},"synopsis":"A single act of both compassion and arrogance leads to a war unlike any other -- and to the Rise of the Planet of the Apes. The Oscar-winning visual effects team that brought to life the worlds of Avatar and Lord of the Rings is breaking new ground, creating a CGI ape that delivers a dramatic performance of unprecedented emotion and intelligence, and epic battles on which rest the upended destinies of man and primate. -- (C) Official Site","posters":{"thumbnail":"http://content6.flixster.com/movie/11/15/84/11158476_mob.jpg","profile":"http://content6.flixster.com/movie/11/15/84/11158476_pro.jpg","detailed":"http://content6.flixster.com/movie/11/15/84/11158476_det.jpg","original":"http://content6.flixster.com/movie/11/15/84/11158476_ori.jpg"},"abridged_cast":[{"name":"James Franco","id":"162653202","characters":["Will Rodman"]},{"name":"Freida Pinto","id":"770799097","characters":["Caroline","Caroline Aranha"]},{"name":"John Lithgow","id":"162661569","characters":["Charles Rodman"]},{"name":"Andy Serkis","id":"269710329","characters":["Caesar"]},{"name":"Brian Cox","id":"162653324","characters":["John  Landon"]}],"alternate_ids":{"imdb":"1318514"},"links":{"self":"http://api.rottentomatoes.com/api/public/v1.0/movies/771041147.json","alternate":"http://www.rottentomatoes.com/m/rise_of_the_planet_of_the_apes/","cast":"http://api.rottentomatoes.com/api/public/v1.0/movies/771041147/cast.json","clips":"http://api.rottentomatoes.com/api/public/v1.0/movies/771041147/clips.json","reviews":"http://api.rottentomatoes.com/api/public/v1.0/movies/771041147/reviews.json","similar":"http://api.rottentomatoes.com/api/public/v1.0/movies/771041147/similar.json"}},{"id":"771375188","title":"Gekijo-ban Tiger & Bunny -the Rising","year":2014,"mpaa_rating":"Unrated","runtime":93,"release_dates":{"theater":"2014-03-15"},"ratings":{"critics_score":-1,"audience_score":100},"synopsis":"The city of Stern Bild is protected by corporate superheroes known as NEXT, who fight crime while promoting their sponsors on the popular show \"HERO TV.\" Veteran hero Wild Tiger relies on his years of experience and instincts to fight crime, but his tendency to destroy public property for the sake of protecting the lives of the innocent has earned him the nickname \"Crusher for Justice.\" Now, under orders from his new employer, Wild Tiger finds himself forced to team up with Barnaby Brooks Jr., a rookie with an attitude. Two polar opposites work to fight evil in this thrilling buddy-hero action series!","posters":{"thumbnail":"http://images.rottentomatoescdn.com/images/redesign/poster_default.gif","profile":"http://images.rottentomatoescdn.com/images/redesign/poster_default.gif","detailed":"http://images.rottentomatoescdn.com/images/redesign/poster_default.gif","original":"http://images.rottentomatoescdn.com/images/redesign/poster_default.gif"},"abridged_cast":[{"name":"Hirata, Hiroaki","id":"771480879"},{"name":"Masakazu Morita","id":"625222743"},{"name":"Seiichi Morita","id":"770852184"},{"name":"Yuuichi Nakamura","id":"770831614"}],"links":{"self":"http://api.rottentomatoes.com/api/public/v1.0/movies/771375188.json","alternate":"http://www.rottentomatoes.com/m/gekijo_ban_tiger_and_bunny_the_rising/","cast":"http://api.rottentomatoes.com/api/public/v1.0/movies/771375188/cast.json","clips":"http://api.rottentomatoes.com/api/public/v1.0/movies/771375188/clips.json","reviews":"http://api.rottentomatoes.com/api/public/v1.0/movies/771375188/reviews.json","similar":"http://api.rottentomatoes.com/api/public/v1.0/movies/771375188/similar.json"}},{"id":"771375830","title":"Road to the Open","year":2014,"mpaa_rating":"PG","runtime":90,"release_dates":{"theater":"2014-03-28"},"ratings":{"critics_score":-1,"audience_score":0},"synopsis":"A man helps his best friend and tennis partner out of a desperate rut in life through a long shot attempt at an international tennis tournament, The Open.","posters":{"thumbnail":"http://images.rottentomatoescdn.com/images/redesign/poster_default.gif","profile":"http://images.rottentomatoescdn.com/images/redesign/poster_default.gif","detailed":"http://images.rottentomatoescdn.com/images/redesign/poster_default.gif","original":"http://images.rottentomatoescdn.com/images/redesign/poster_default.gif"},"abridged_cast":[{"name":"Troy McKay","id":"771280257","characters":["Jerry McDonald"]},{"name":"Phillip DeVona","id":"371353721","characters":["Miles"]},{"name":"Michelle Gunn","id":"771099655"},{"name":"Eric Roberts","id":"162653104"},{"name":"John Schneider","id":"162653174"}],"alternate_ids":{"imdb":"2459160"},"links":{"self":"http://api.rottentomatoes.com/api/public/v1.0/movies/771375830.json","alternate":"http://www.rottentomatoes.com/m/road_to_the_open/","cast":"http://api.rottentomatoes.com/api/public/v1.0/movies/771375830/cast.json","clips":"http://api.rottentomatoes.com/api/public/v1.0/movies/771375830/clips.json","reviews":"http://api.rottentomatoes.com/api/public/v1.0/movies/771375830/reviews.json","similar":"http://api.rottentomatoes.com/api/public/v1.0/movies/771375830/similar.json"}},{"id":"771318588","title":"The Incredible Burt Wonderstone","year":2013,"mpaa_rating":"PG-13","runtime":100,"critics_consensus":"The Incredible Burt Wonderstone serves up some goofy laughs, but given its outrageous conceit, it's surprisingly safe and predictable.","release_dates":{"theater":"2013-03-15","dvd":"2013-06-25"},"ratings":{"critics_rating":"Rotten","critics_score":36,"audience_rating":"Spilled","audience_score":34},"synopsis":"Superstar magicians Burt Wonderstone (Steve Carell) and Anton Marvelton (Steve Buscemi) have ruled the Las Vegas strip for years, raking in millions with illusions as big as Burt's growing ego. But lately the duo's greatest deception is their public friendship, while secretly they've grown to loathe each other. Facing cutthroat competition from guerilla street magician Steve Gray (Jim Carrey), whose cult following surges with each outrageous stunt, even their show looks stale. But there's still a chance Burt and Anton can save the act-both onstage and off-if Burt can get back in touch with what made him love magic in the first place.(c) WB","posters":{"thumbnail":"http://content8.flixster.com/movie/11/17/20/11172014_mob.jpg","profile":"http://content8.flixster.com/movie/11/17/20/11172014_pro.jpg","detailed":"http://content8.flixster.com/movie/11/17/20/11172014_det.jpg","original":"http://content8.flixster.com/movie/11/17/20/11172014_ori.jpg"},"abridged_cast":[{"name":"Steve Carell","id":"162652665","characters":["Burt Wonderstone"]},{"name":"Steve Buscemi","id":"162652875","characters":["Anton Marvelton"]},{"name":"Olivia Wilde","id":"326299741","characters":["Jane"]},{"name":"Jim Carrey","id":"162659418","characters":["Steve Gray"]},{"name":"James Gandolfini","id":"162667080","characters":["Doug Munny"]}],"alternate_ids":{"imdb":"0790628"},"links":{"self":"http://api.rottentomatoes.com/api/public/v1.0/movies/771318588.json","alternate":"http://www.rottentomatoes.com/m/the_incredible_burt_wonderstone/","cast":"http://api.rottentomatoes.com/api/public/v1.0/movies/771318588/cast.json","clips":"http://api.rottentomatoes.com/api/public/v1.0/movies/771318588/clips.json","reviews":"http://api.rottentomatoes.com/api/public/v1.0/movies/771318588/reviews.json","similar":"http://api.rottentomatoes.com/api/public/v1.0/movies/771318588/similar.json"}},{"id":"771371306","title":"Lamb Of God's As The Palaces Burn","year":2014,"mpaa_rating":"Unrated","runtime":120,"release_dates":{"theater":"2014-02-27"},"ratings":{"critics_rating":"Fresh","critics_score":79,"audience_rating":"Upright","audience_score":100},"synopsis":"A feature-length documentary that originally sought to follow the band and their fans throughout the world, to demonstrate how music ties us together when we can't find any other common bond. However, during the filming process in 2012, the story abruptly took a dramatic turn, bringing the band into a Kafkaesque nightmare, when lead singer Randy Blythe was arrested on charges of manslaughter, blamed for the death of one of their young fans in the Czech Republic. What followed was a heart-wrenching courtroom drama that left fans, friends, and curious onlookers around the world on the edge of their seats.","posters":{"thumbnail":"http://images.rottentomatoescdn.com/images/redesign/poster_default.gif","profile":"http://images.rottentomatoescdn.com/images/redesign/poster_default.gif","detailed":"http://images.rottentomatoescdn.com/images/redesign/poster_default.gif","original":"http://images.rottentomatoescdn.com/images/redesign/poster_default.gif"},"abridged_cast":[{"name":"Randy Blythe","id":"770749193"},{"name":"Chris Adler","id":"770749191"},{"name":"Willie Adler","id":"771474847"},{"name":"Mark Morton","id":"770749192"},{"name":"John Campbell","id":"770710889"}],"links":{"self":"http://api.rottentomatoes.com/api/public/v1.0/movies/771371306.json","alternate":"http://www.rottentomatoes.com/m/lamb_of_gods_as_the_palaces_burn/","cast":"http://api.rottentomatoes.com/api/public/v1.0/movies/771371306/cast.json","clips":"http://api.rottentomatoes.com/api/public/v1.0/movies/771371306/clips.json","reviews":"http://api.rottentomatoes.com/api/public/v1.0/movies/771371306/reviews.json","similar":"http://api.rottentomatoes.com/api/public/v1.0/movies/771371306/similar.json"}},{"id":"771370777","title":"Friday The 13th","year":2015,"mpaa_rating":"Unrated","runtime":"","release_dates":{"theater":"2015-03-13"},"ratings":{"critics_score":-1,"audience_score":95},"synopsis":"","posters":{"thumbnail":"http://images.rottentomatoescdn.com/images/redesign/poster_default.gif","profile":"http://images.rottentomatoescdn.com/images/redesign/poster_default.gif","detailed":"http://images.rottentomatoescdn.com/images/redesign/poster_default.gif","original":"http://images.rottentomatoescdn.com/images/redesign/poster_default.gif"},"abridged_cast":[],"links":{"self":"http://api.rottentomatoes.com/api/public/v1.0/movies/771370777.json","alternate":"http://www.rottentomatoes.com/m/friday_the_13th_2015/","cast":"http://api.rottentomatoes.com/api/public/v1.0/movies/771370777/cast.json","clips":"http://api.rottentomatoes.com/api/public/v1.0/movies/771370777/clips.json","reviews":"http://api.rottentomatoes.com/api/public/v1.0/movies/771370777/reviews.json","similar":"http://api.rottentomatoes.com/api/public/v1.0/movies/771370777/similar.json"}},{"id":"771365264","title":"Into The Storm","year":2014,"mpaa_rating":"PG-13","runtime":"","release_dates":{"theater":"2014-08-08"},"ratings":{"critics_score":-1,"audience_score":94},"synopsis":"A group of high school students document the events and aftermath of a devastating tornado.","posters":{"thumbnail":"http://images.rottentomatoescdn.com/images/redesign/poster_default.gif","profile":"http://images.rottentomatoescdn.com/images/redesign/poster_default.gif","detailed":"http://images.rottentomatoescdn.com/images/redesign/poster_default.gif","original":"http://images.rottentomatoescdn.com/images/redesign/poster_default.gif"},"abridged_cast":[{"name":"Richard Armitage","id":"546952855"},{"name":"Sarah Wayne Callies","id":"326299358"},{"name":"Jeremy Sumpter","id":"162662294"},{"name":"Nathan Kress","id":"770804123"},{"name":"Matt Walsh","id":"364651482"}],"links":{"self":"http://api.rottentomatoes.com/api/public/v1.0/movies/771365264.json","alternate":"http://www.rottentomatoes.com/m/into_the_storm_2014/","cast":"http://api.rottentomatoes.com/api/public/v1.0/movies/771365264/cast.json","clips":"http://api.rottentomatoes.com/api/public/v1.0/movies/771365264/clips.json","reviews":"http://api.rottentomatoes.com/api/public/v1.0/movies/771365264/reviews.json","similar":"http://api.rottentomatoes.com/api/public/v1.0/movies/771365264/similar.json"}},{"id":"9385","title":"The Lion King","year":1994,"mpaa_rating":"G","runtime":87,"critics_consensus":"Emotionally stirring, richly drawn, and beautifully animated, The Lion King stands tall within Disney's pantheon of classic family films.","release_dates":{"theater":"2011-09-16","dvd":"2003-10-07"},"ratings":{"critics_rating":"Certified Fresh","critics_score":90,"audience_rating":"Upright","audience_score":93},"synopsis":"","posters":{"thumbnail":"http://content7.flixster.com/movie/11/16/04/11160477_mob.jpg","profile":"http://content7.flixster.com/movie/11/16/04/11160477_pro.jpg","detailed":"http://content7.flixster.com/movie/11/16/04/11160477_det.jpg","original":"http://content7.flixster.com/movie/11/16/04/11160477_ori.jpg"},"abridged_cast":[{"name":"Matthew Broderick","id":"162655730","characters":["Simba"]},{"name":"Jeremy Irons","id":"162652244","characters":["Scar"]},{"name":"James Earl Jones","id":"162655731","characters":["Mufasa"]},{"name":"Moira Kelly","id":"162663417","characters":["Nala"]},{"name":"Nathan Lane","id":"162656247","characters":["Timon"]}],"alternate_ids":{"imdb":"0110357"},"links":{"self":"http://api.rottentomatoes.com/api/public/v1.0/movies/9385.json","alternate":"http://www.rottentomatoes.com/m/the_lion_king/","cast":"http://api.rottentomatoes.com/api/public/v1.0/movies/9385/cast.json","clips":"http://api.rottentomatoes.com/api/public/v1.0/movies/9385/clips.json","reviews":"http://api.rottentomatoes.com/api/public/v1.0/movies/9385/reviews.json","similar":"http://api.rottentomatoes.com/api/public/v1.0/movies/9385/similar.json"}},{"id":"771355196","title":"When The Game Stands Tall","year":2014,"mpaa_rating":"Unrated","runtime":"","release_dates":{"theater":"2014-08-22"},"ratings":{"critics_score":-1,"audience_score":91},"synopsis":"","posters":{"thumbnail":"http://images.rottentomatoescdn.com/images/redesign/poster_default.gif","profile":"http://images.rottentomatoescdn.com/images/redesign/poster_default.gif","detailed":"http://images.rottentomatoescdn.com/images/redesign/poster_default.gif","original":"http://images.rottentomatoescdn.com/images/redesign/poster_default.gif"},"abridged_cast":[{"name":"Jim Caviezel","id":"771395445"},{"name":"Laura Dern","id":"162654251"},{"name":"Alexander Ludwig","id":"770682403"},{"name":"Michael Chiklis","id":"162652783"},{"name":"Gavin Casalegno","id":"771417649"}],"links":{"self":"http://api.rottentomatoes.com/api/public/v1.0/movies/771355196.json","alternate":"http://www.rottentomatoes.com/m/when_the_game_stands_tall/","cast":"http://api.rottentomatoes.com/api/public/v1.0/movies/771355196/cast.json","clips":"http://api.rottentomatoes.com/api/public/v1.0/movies/771355196/clips.json","reviews":"http://api.rottentomatoes.com/api/public/v1.0/movies/771355196/reviews.json","similar":"http://api.rottentomatoes.com/api/public/v1.0/movies/771355196/similar.json"}},{"id":"771373892","title":"Noah: The IMAX Experience","year":2014,"mpaa_rating":"Unrated","runtime":120,"release_dates":{"theater":"2014-03-28"},"ratings":{"critics_score":-1,"audience_score":95},"synopsis":"In a world ravaged by human sin, Noah is given a divine mission: to build an Ark to save creation from the coming flood.","posters":{"thumbnail":"http://images.rottentomatoescdn.com/images/redesign/poster_default.gif","profile":"http://images.rottentomatoescdn.com/images/redesign/poster_default.gif","detailed":"http://images.rottentomatoescdn.com/images/redesign/poster_default.gif","original":"http://images.rottentomatoescdn.com/images/redesign/poster_default.gif"},"abridged_cast":[{"name":"Russell Crowe","id":"162652569"},{"name":"Emma Watson","id":"162655378"},{"name":"Logan Lerman","id":"341816559"},{"name":"Jennifer Connelly","id":"162652853"},{"name":"Anthony Hopkins","id":"162653967"}],"links":{"self":"http://api.rottentomatoes.com/api/public/v1.0/movies/771373892.json","alternate":"http://www.rottentomatoes.com/m/noah_the_imax_experience/","cast":"http://api.rottentomatoes.com/api/public/v1.0/movies/771373892/cast.json","clips":"http://api.rottentomatoes.com/api/public/v1.0/movies/771373892/clips.json","reviews":"http://api.rottentomatoes.com/api/public/v1.0/movies/771373892/reviews.json","similar":"http://api.rottentomatoes.com/api/public/v1.0/movies/771373892/similar.json"}},{"id":"771371304","title":"From The Rough","year":2014,"mpaa_rating":"PG","runtime":"","release_dates":{"theater":"2014-04-25"},"ratings":{"critics_score":-1,"audience_score":87},"synopsis":"In the late 1990s, Cassandra Turner becomes the first female head coach of a men's team in NCAA Division 1 Athletics when she takes the reins of Tennessee A&M's men's golf team. While facing opposition from all sides including her university's administration, the PGA, opposing teams, and the players themselves, she is not only able to break the gender barrier at her position, but to recruit white golfers to play for a historically black college, breaking racial barriers as well.","posters":{"thumbnail":"http://images.rottentomatoescdn.com/images/redesign/poster_default.gif","profile":"http://images.rottentomatoescdn.com/images/redesign/poster_default.gif","detailed":"http://images.rottentomatoescdn.com/images/redesign/poster_default.gif","original":"http://images.rottentomatoescdn.com/images/redesign/poster_default.gif"},"abridged_cast":[{"name":"Michael Clarke Duncan","id":"162669487"},{"name":"Tom Felton","id":"400215238"},{"name":"Justin Chon","id":"422942992"},{"name":"Taraji P. Henson","id":"598455133"},{"name":"Marcus Lyle Brown","id":"371353719"}],"links":{"self":"http://api.rottentomatoes.com/api/public/v1.0/movies/771371304.json","alternate":"http://www.rottentomatoes.com/m/from_the_rough_2014/","cast":"http://api.rottentomatoes.com/api/public/v1.0/movies/771371304/cast.json","clips":"http://api.rottentomatoes.com/api/public/v1.0/movies/771371304/clips.json","reviews":"http://api.rottentomatoes.com/api/public/v1.0/movies/771371304/reviews.json","similar":"http://api.rottentomatoes.com/api/public/v1.0/movies/771371304/similar.json"}},{"id":"771362052","title":"Supermensch: The Legend of Shep Gordon","year":2013,"mpaa_rating":"R","runtime":84,"release_dates":{"theater":"2014-06-06"},"ratings":{"critics_score":-1,"audience_score":83},"synopsis":"In 1991, music manager Shep Gordon held Mike Myers over a barrel a few weeks before shooting \"Wayne's World\" regarding an Alice Cooper song Myers wanted to use in the film. They have been close friends ever since. Twenty-two years later, the story of Gordon's legendary life in the uber fast lane is now told in Myers' directorial debut. And this time it's Myers who has Gordon over a barrel.","posters":{"thumbnail":"http://images.rottentomatoescdn.com/images/redesign/poster_default.gif","profile":"http://images.rottentomatoescdn.com/images/redesign/poster_default.gif","detailed":"http://images.rottentomatoescdn.com/images/redesign/poster_default.gif","original":"http://images.rottentomatoescdn.com/images/redesign/poster_default.gif"},"abridged_cast":[{"name":"Shep Gordon","id":"771115804"},{"name":"Alice Cooper","id":"364625202"},{"name":"Michael Douglas","id":"162660400"},{"name":"Emeril Lagasse","id":"770731785"},{"name":"Tom Arnold","id":"162654812"}],"alternate_ids":{"imdb":"3074780"},"links":{"self":"http://api.rottentomatoes.com/api/public/v1.0/movies/771362052.json","alternate":"http://www.rottentomatoes.com/m/supermensch_the_legend_of_shep_gordon/","cast":"http://api.rottentomatoes.com/api/public/v1.0/movies/771362052/cast.json","clips":"http://api.rottentomatoes.com/api/public/v1.0/movies/771362052/clips.json","reviews":"http://api.rottentomatoes.com/api/public/v1.0/movies/771362052/reviews.json","similar":"http://api.rottentomatoes.com/api/public/v1.0/movies/771362052/similar.json"}},{"id":"771355302","title":"Walking The Camino: Six Ways To Santiago","year":2013,"mpaa_rating":"Unrated","runtime":84,"release_dates":{"theater":"2014-03-07"},"ratings":{"critics_score":-1,"audience_rating":"Upright","audience_score":90},"synopsis":"500 miles on foot. Bunk-beds. Blisters. Stunning landscapes. World-class snorers. Hot searing sun, freezing cold rain. Kindness from strangers. Debilitating injury. Unexpected romance. No toilet paper when you really need it. Profound grief and deep doubt. Hunger. Laughing with new friends. Total exhaustion. You are guaranteed to experience all of this when walking the ancient pilgrim path, the Camino de Santiago. (c) Official Site","posters":{"thumbnail":"http://images.rottentomatoescdn.com/images/redesign/poster_default.gif","profile":"http://images.rottentomatoescdn.com/images/redesign/poster_default.gif","detailed":"http://images.rottentomatoescdn.com/images/redesign/poster_default.gif","original":"http://images.rottentomatoescdn.com/images/redesign/poster_default.gif"},"abridged_cast":[],"alternate_ids":{"imdb":"2406422"},"links":{"self":"http://api.rottentomatoes.com/api/public/v1.0/movies/771355302.json","alternate":"http://www.rottentomatoes.com/m/walking_the_camino_six_ways_to_santiago/","cast":"http://api.rottentomatoes.com/api/public/v1.0/movies/771355302/cast.json","clips":"http://api.rottentomatoes.com/api/public/v1.0/movies/771355302/clips.json","reviews":"http://api.rottentomatoes.com/api/public/v1.0/movies/771355302/reviews.json","similar":"http://api.rottentomatoes.com/api/public/v1.0/movies/771355302/similar.json"}},{"id":"10513","title":"The Lord of the Rings: The Two Towers","year":2002,"mpaa_rating":"PG-13","runtime":180,"critics_consensus":"The Two Towers balances spectacular action with emotional storytelling, leaving audiences both wholly satisfied and eager for the final chapter.","release_dates":{"theater":"2002-12-12","dvd":"2003-08-26"},"ratings":{"critics_rating":"Certified Fresh","critics_score":96,"audience_rating":"Upright","audience_score":95},"synopsis":"","posters":{"thumbnail":"http://content7.flixster.com/movie/11/16/64/11166421_mob.jpg","profile":"http://content7.flixster.com/movie/11/16/64/11166421_pro.jpg","detailed":"http://content7.flixster.com/movie/11/16/64/11166421_det.jpg","original":"http://content7.flixster.com/movie/11/16/64/11166421_ori.jpg"},"abridged_cast":[{"name":"Elijah Wood","id":"162652512","characters":["Frodo Baggins"]},{"name":"Ian McKellen","id":"162653241","characters":["Gandalf"]},{"name":"Liv Tyler","id":"162661412","characters":["Arwen"]},{"name":"Viggo Mortensen","id":"162654541","characters":["Aragorn"]},{"name":"Sean Astin","id":"162659177","characters":["Samwise Gamgee"]}],"alternate_ids":{"imdb":"0167261"},"links":{"self":"http://api.rottentomatoes.com/api/public/v1.0/movies/10513.json","alternate":"http://www.rottentomatoes.com/m/the_lord_of_the_rings_the_two_towers/","cast":"http://api.rottentomatoes.com/api/public/v1.0/movies/10513/cast.json","clips":"http://api.rottentomatoes.com/api/public/v1.0/movies/10513/clips.json","reviews":"http://api.rottentomatoes.com/api/public/v1.0/movies/10513/reviews.json","similar":"http://api.rottentomatoes.com/api/public/v1.0/movies/10513/similar.json"}},{"id":"10786","title":"The Cable Guy","year":1996,"mpaa_rating":"PG-13","runtime":96,"release_dates":{"theater":"1996-06-14","dvd":"2000-08-08"},"ratings":{"critics_rating":"Rotten","critics_score":54,"audience_rating":"Spilled","audience_score":51},"synopsis":"","posters":{"thumbnail":"http://content9.flixster.com/movie/11/17/44/11174403_mob.jpg","profile":"http://content9.flixster.com/movie/11/17/44/11174403_pro.jpg","detailed":"http://content9.flixster.com/movie/11/17/44/11174403_det.jpg","original":"http://content9.flixster.com/movie/11/17/44/11174403_ori.jpg"},"abridged_cast":[{"name":"Jim Carrey","id":"162659418","characters":["Chip Douglas the Cable Guy"]},{"name":"Matthew Broderick","id":"162655730","characters":["Steven","Steven Kovacs"]},{"name":"Leslie Mann","id":"162664741","characters":["Robin Harris"]},{"name":"Jack Black","id":"162662218","characters":["Rick"]},{"name":"George Segal","id":"162669033","characters":["Earl Kovacs"]}],"alternate_ids":{"imdb":"0115798"},"links":{"self":"http://api.rottentomatoes.com/api/public/v1.0/movies/10786.json","alternate":"http://www.rottentomatoes.com/m/cable_guy/","cast":"http://api.rottentomatoes.com/api/public/v1.0/movies/10786/cast.json","clips":"http://api.rottentomatoes.com/api/public/v1.0/movies/10786/clips.json","reviews":"http://api.rottentomatoes.com/api/public/v1.0/movies/10786/reviews.json","similar":"http://api.rottentomatoes.com/api/public/v1.0/movies/10786/similar.json"}},{"id":"771363431","title":"Beneath The Harvest Sky","year":2014,"mpaa_rating":"Unrated","runtime":116,"release_dates":{"theater":"2014-05-02"},"ratings":{"critics_score":-1,"audience_score":100},"synopsis":"The official trailer for BENEATH THE HARVEST SKY is now available via Tribeca Film. Making its U.S. debut at this year's Tribeca Film Festival, BENEATH THE HARVEST SKY follows Casper (Emory Cohen, THE PLACE BEYOND THE PINES) and Dominic (Callan McAuliffe, THE GREAT GATSBY), who have been fiercely loyal friends since childhood. Desperate for a way out of their quiet town on the Maine-Canada border, the boys make a pact to pool their earnings on a car and hit the road. But when Casper is drawn into drug smuggling with his outlaw father (Aidan Gillen, \"The Wire,\" \"Game of Thrones\") to pay his share, their friendship is pushed to the brink and adult choices forced on them all too soon. A standout narrative debut from Aron Gaudet and Gita Pullapilly (THE WAY WE GET BY), BENEATH THE HARVEST SKY is a gripping coming-of-age thriller set against an authentic portrait of small-town American life. (C) Tribeca","posters":{"thumbnail":"http://content8.flixster.com/movie/11/17/66/11176694_mob.jpg","profile":"http://content8.flixster.com/movie/11/17/66/11176694_pro.jpg","detailed":"http://content8.flixster.com/movie/11/17/66/11176694_det.jpg","original":"http://content8.flixster.com/movie/11/17/66/11176694_ori.jpg"},"abridged_cast":[{"name":"Emory Cohen","id":"770813996","characters":["Casper"]},{"name":"Callan McAuliffe","id":"771075420","characters":["Dominic"]},{"name":"Aidan Gillen","id":"364651634"},{"name":"Zoe Levin","id":"771099766"},{"name":"Carla Gallo","id":"770703227"}],"alternate_ids":{"imdb":"2313896"},"links":{"self":"http://api.rottentomatoes.com/api/public/v1.0/movies/771363431.json","alternate":"http://www.rottentomatoes.com/m/beneath_the_harvest_sky/","cast":"http://api.rottentomatoes.com/api/public/v1.0/movies/771363431/cast.json","clips":"http://api.rottentomatoes.com/api/public/v1.0/movies/771363431/clips.json","reviews":"http://api.rottentomatoes.com/api/public/v1.0/movies/771363431/reviews.json","similar":"http://api.rottentomatoes.com/api/public/v1.0/movies/771363431/similar.json"}},{"id":"771355591","title":"Norm Of The North","year":2015,"mpaa_rating":"Unrated","runtime":"","release_dates":{"theater":"2015-01-16"},"ratings":{"critics_score":-1,"audience_score":93},"synopsis":"","posters":{"thumbnail":"http://images.rottentomatoescdn.com/images/redesign/poster_default.gif","profile":"http://images.rottentomatoescdn.com/images/redesign/poster_default.gif","detailed":"http://images.rottentomatoescdn.com/images/redesign/poster_default.gif","original":"http://images.rottentomatoescdn.com/images/redesign/poster_default.gif"},"abridged_cast":[{"name":"Ken Jeong","id":"770692484"},{"name":"Rob Schneider","id":"162653162"},{"name":"Zachary Gordon","id":"770802329"},{"name":"Loretta Devine","id":"478292187"},{"name":"Rachel Grate","id":"771222747"}],"links":{"self":"http://api.rottentomatoes.com/api/public/v1.0/movies/771355591.json","alternate":"http://www.rottentomatoes.com/m/norm_of_the_north/","cast":"http://api.rottentomatoes.com/api/public/v1.0/movies/771355591/cast.json","clips":"http://api.rottentomatoes.com/api/public/v1.0/movies/771355591/clips.json","reviews":"http://api.rottentomatoes.com/api/public/v1.0/movies/771355591/reviews.json","similar":"http://api.rottentomatoes.com/api/public/v1.0/movies/771355591/similar.json"}},{"id":"771371262","title":"Focus On The Family Presents: Irreplaceable","year":2014,"mpaa_rating":"PG","runtime":180,"release_dates":{"theater":"2014-05-06"},"ratings":{"critics_score":-1,"audience_score":48},"synopsis":"Fathom Events, Focus on the Family(TM) and Pine Creek Entertainment invite you to explore \"What is family - and does it still matter in today's society?\" in the one-night cinema event Irreplaceable. Broadcast to select movie theatres nationwide on Tuesday, May 6 at 7:30pm (local time), join host Tim Sisarich as he meets with experts around the globe to explore this fascinating subject in a documentary and panel discussion that will discuss views on family and its role in society.","posters":{"thumbnail":"http://images.rottentomatoescdn.com/images/redesign/poster_default.gif","profile":"http://images.rottentomatoescdn.com/images/redesign/poster_default.gif","detailed":"http://images.rottentomatoescdn.com/images/redesign/poster_default.gif","original":"http://images.rottentomatoescdn.com/images/redesign/poster_default.gif"},"abridged_cast":[{"name":"Tim Sisarich","id":"771474754","characters":["Host"]}],"links":{"self":"http://api.rottentomatoes.com/api/public/v1.0/movies/771371262.json","alternate":"http://www.rottentomatoes.com/m/focus_on_the_family_presents_irreplaceable/","cast":"http://api.rottentomatoes.com/api/public/v1.0/movies/771371262/cast.json","clips":"http://api.rottentomatoes.com/api/public/v1.0/movies/771371262/clips.json","reviews":"http://api.rottentomatoes.com/api/public/v1.0/movies/771371262/reviews.json","similar":"http://api.rottentomatoes.com/api/public/v1.0/movies/771371262/similar.json"}},{"id":"771354633","title":"Stand Clear Of The Closing Doors","year":2013,"mpaa_rating":"Unrated","runtime":130,"release_dates":{"theater":"2014-05-23"},"ratings":{"critics_score":-1,"audience_score":100},"synopsis":"An undocumented Mexican maid searches for her autistic teenage son in the New York City subway system as Hurricane Sandy bears down on the Eastern Seaboard in this drama from director Sam Fleischner (Cave Flower, What They Do). Ricky is a highly-imaginative 13-year-old boy with severe autism. An outcast in school, Ricky fears the punishment his mother will mete out one day after she admonishes him for ditching class. Frightened, he vanishes into the subway, where he is forced to come out of his comfort zone in order to survive. Meanwhile, on the surface, Ricky's mother ventures out into the neighborhood to find him. When days go by with no sign of Ricky, his panicked mother begins to fear the worst. The situation turns critical when weather reports indicate that Hurricane Sandy will soon arrive in the city, and as the lost teen summons all his bravery to survive the harrowing ordeal, his desperate mother discovers just how far the members of her community are willing to go in order to help one another in times of need. ~ Jason Buchanan, Rovi","posters":{"thumbnail":"http://content7.flixster.com/movie/11/17/09/11170989_mob.jpg","profile":"http://content7.flixster.com/movie/11/17/09/11170989_pro.jpg","detailed":"http://content7.flixster.com/movie/11/17/09/11170989_det.jpg","original":"http://content7.flixster.com/movie/11/17/09/11170989_ori.jpg"},"abridged_cast":[{"name":"Andrea Suarez Paz","id":"771444029","characters":["Mariana"]},{"name":"Jesus Sanchez-Velez","id":"771444030","characters":["Ricky"]},{"name":"Azul Zorrilla","id":"771444031","characters":["Carla"]},{"name":"Tenoch Huerta Mejia","id":"770830718","characters":["Ricardo Sr."]},{"name":"Marsha Stephanie Blake","id":"770919770","characters":["Carmen"]}],"alternate_ids":{"imdb":"2405372"},"links":{"self":"http://api.rottentomatoes.com/api/public/v1.0/movies/771354633.json","alternate":"http://www.rottentomatoes.com/m/stand_clear_of_the_closing_doors/","cast":"http://api.rottentomatoes.com/api/public/v1.0/movies/771354633/cast.json","clips":"http://api.rottentomatoes.com/api/public/v1.0/movies/771354633/clips.json","reviews":"http://api.rottentomatoes.com/api/public/v1.0/movies/771354633/reviews.json","similar":"http://api.rottentomatoes.com/api/public/v1.0/movies/771354633/similar.json"}},{"id":"771373070","title":"How The Grinch Stole Christmas","year":2017,"mpaa_rating":"Unrated","runtime":"","release_dates":{"theater":"2017-11-17"},"ratings":{"critics_score":-1,"audience_score":92},"synopsis":"","posters":{"thumbnail":"http://images.rottentomatoescdn.com/images/redesign/poster_default.gif","profile":"http://images.rottentomatoescdn.com/images/redesign/poster_default.gif","detailed":"http://images.rottentomatoescdn.com/images/redesign/poster_default.gif","original":"http://images.rottentomatoescdn.com/images/redesign/poster_default.gif"},"abridged_cast":[],"links":{"self":"http://api.rottentomatoes.com/api/public/v1.0/movies/771373070.json","alternate":"http://www.rottentomatoes.com/m/how_the_grinch_stole_christmas_2017/","cast":"http://api.rottentomatoes.com/api/public/v1.0/movies/771373070/cast.json","clips":"http://api.rottentomatoes.com/api/public/v1.0/movies/771373070/clips.json","reviews":"http://api.rottentomatoes.com/api/public/v1.0/movies/771373070/reviews.json","similar":"http://api.rottentomatoes.com/api/public/v1.0/movies/771373070/similar.json"}},{"id":"771374712","title":"Leave The World Behind","year":2014,"mpaa_rating":"Unrated","runtime":97,"release_dates":{"theater":"2014-03-13"},"ratings":{"critics_score":-1,"audience_score":83},"synopsis":"Electronic muisc group Swedish House Mafia embark on their \"One Last Tour\" world tour. ~ Cammila Collar, Rovi","posters":{"thumbnail":"http://content9.flixster.com/movie/11/17/67/11176735_mob.jpg","profile":"http://content9.flixster.com/movie/11/17/67/11176735_pro.jpg","detailed":"http://content9.flixster.com/movie/11/17/67/11176735_det.jpg","original":"http://content9.flixster.com/movie/11/17/67/11176735_ori.jpg"},"abridged_cast":[{"name":"Swedish House Mafia","id":"771410819"},{"name":"Sebastian Ingrosso","id":"771480466"},{"name":"Axel Hedfors","id":"771480467"},{"name":"Steve Angello","id":"771480468"}],"alternate_ids":{"imdb":"3288290"},"links":{"self":"http://api.rottentomatoes.com/api/public/v1.0/movies/771374712.json","alternate":"http://www.rottentomatoes.com/m/leave_the_world_behind/","cast":"http://api.rottentomatoes.com/api/public/v1.0/movies/771374712/cast.json","clips":"http://api.rottentomatoes.com/api/public/v1.0/movies/771374712/clips.json","reviews":"http://api.rottentomatoes.com/api/public/v1.0/movies/771374712/reviews.json","similar":"http://api.rottentomatoes.com/api/public/v1.0/movies/771374712/similar.json"}},{"id":"771361297","title":"Legend Of The Goatman: Horrifying Monsters, Cryptids And Ghosts","year":2013,"mpaa_rating":"Unrated","runtime":"","release_dates":{"theater":"2014-09-01"},"ratings":{"critics_score":-1,"audience_score":89},"synopsis":"Residents of Maryland claim a half man, half goat creature haunts the forest causing the disappearance of family pets and some unlucky humans. In one amazing encounter, a prospector is kidnapped and help in a cave for days by a family of mysterious creatures. Scientists now admits it's possible that unknown species are lurking in the rural areas.","posters":{"thumbnail":"http://images.rottentomatoescdn.com/images/redesign/poster_default.gif","profile":"http://images.rottentomatoescdn.com/images/redesign/poster_default.gif","detailed":"http://images.rottentomatoescdn.com/images/redesign/poster_default.gif","original":"http://images.rottentomatoescdn.com/images/redesign/poster_default.gif"},"abridged_cast":[],"links":{"self":"http://api.rottentomatoes.com/api/public/v1.0/movies/771361297.json","alternate":"http://www.rottentomatoes.com/m/legend_of_the_goatman_horrifying_monsters_cryptids_and_ghosts/","cast":"http://api.rottentomatoes.com/api/public/v1.0/movies/771361297/cast.json","clips":"http://api.rottentomatoes.com/api/public/v1.0/movies/771361297/clips.json","reviews":"http://api.rottentomatoes.com/api/public/v1.0/movies/771361297/reviews.json","similar":"http://api.rottentomatoes.com/api/public/v1.0/movies/771361297/similar.json"}},{"id":"771363484","title":"Lucky Them","year":2013,"mpaa_rating":"Unrated","runtime":97,"release_dates":{"theater":"2014-05-30"},"ratings":{"critics_score":-1,"audience_score":100},"synopsis":"Megan Griffiths's rueful comedy Lucky Them stars Toni Collette as Ellie Klug, a beloved rock journalist who has been covering the Seattle music scene for decades. When her boss (Oliver Platt) orders her to look into the mysterious disappearance of a onetime superstar on the scene, who also happened to be romantically involved with Ellie, the jaded writer joins forces with a wannabe documentary filmmaker (Thomas Haden Church) to hunt down the singer who may or may not have killed himself. Complicating matters, Ellie finds herself falling in love with a young singer/songwriter who is looking for his big break. Lucky Them screened at the 2013 Toronto International Film Festival. ~ Perry Seibert, Rovi","posters":{"thumbnail":"http://images.rottentomatoescdn.com/images/redesign/poster_default.gif","profile":"http://images.rottentomatoescdn.com/images/redesign/poster_default.gif","detailed":"http://images.rottentomatoescdn.com/images/redesign/poster_default.gif","original":"http://images.rottentomatoescdn.com/images/redesign/poster_default.gif"},"abridged_cast":[{"name":"Toni Collette","id":"162654444"},{"name":"Thomas Haden Church","id":"162683650"},{"name":"Ryan Eggold","id":"770802816"},{"name":"Oliver Platt","id":"162655456"},{"name":"Ahna O'Reilly","id":"771043511"}],"alternate_ids":{"imdb":"1885299"},"links":{"self":"http://api.rottentomatoes.com/api/public/v1.0/movies/771363484.json","alternate":"http://www.rottentomatoes.com/m/lucky_them/","cast":"http://api.rottentomatoes.com/api/public/v1.0/movies/771363484/cast.json","clips":"http://api.rottentomatoes.com/api/public/v1.0/movies/771363484/clips.json","reviews":"http://api.rottentomatoes.com/api/public/v1.0/movies/771363484/reviews.json","similar":"http://api.rottentomatoes.com/api/public/v1.0/movies/771363484/similar.json"}},{"id":"771373254","title":"Untitled Planet Of The Apes","year":2016,"mpaa_rating":"Unrated","runtime":"","release_dates":{"theater":"2016-07-29"},"ratings":{"critics_score":-1,"audience_score":89},"synopsis":"","posters":{"thumbnail":"http://images.rottentomatoescdn.com/images/redesign/poster_default.gif","profile":"http://images.rottentomatoescdn.com/images/redesign/poster_default.gif","detailed":"http://images.rottentomatoescdn.com/images/redesign/poster_default.gif","original":"http://images.rottentomatoescdn.com/images/redesign/poster_default.gif"},"abridged_cast":[],"links":{"self":"http://api.rottentomatoes.com/api/public/v1.0/movies/771373254.json","alternate":"http://www.rottentomatoes.com/m/untitled_planet_of_the_apes/","cast":"http://api.rottentomatoes.com/api/public/v1.0/movies/771373254/cast.json","clips":"http://api.rottentomatoes.com/api/public/v1.0/movies/771373254/clips.json","reviews":"http://api.rottentomatoes.com/api/public/v1.0/movies/771373254/reviews.json","similar":"http://api.rottentomatoes.com/api/public/v1.0/movies/771373254/similar.json"}},{"id":"771373930","title":"Elton John: The Million Dollar Piano","year":2014,"mpaa_rating":"PG-13","runtime":120,"release_dates":{"theater":"2014-03-26"},"ratings":{"critics_score":-1,"audience_score":64},"synopsis":"Fathom Events, CinemaLive, and Rocket Music Entertainment Group are ecstatic to bring Sir Elton John to select cinemas nationwide for a spectacular two-night event on Tuesday, March 18 and Wednesday, March 26. Captured live from his residency at The Colosseum at Caesars Palace in Las Vegas, The Million Dollar Piano features all of Elton's greatest hits from throughout his legendary career PLUS an exclusive behind-the-scenes look at the making of Goodbye Yellow Brick Road.","posters":{"thumbnail":"http://images.rottentomatoescdn.com/images/redesign/poster_default.gif","profile":"http://images.rottentomatoescdn.com/images/redesign/poster_default.gif","detailed":"http://images.rottentomatoescdn.com/images/redesign/poster_default.gif","original":"http://images.rottentomatoescdn.com/images/redesign/poster_default.gif"},"abridged_cast":[{"name":"Elton John","id":"335719504"}],"links":{"self":"http://api.rottentomatoes.com/api/public/v1.0/movies/771373930.json","alternate":"http://www.rottentomatoes.com/m/elton_john_the_million_dollar_piano/","cast":"http://api.rottentomatoes.com/api/public/v1.0/movies/771373930/cast.json","clips":"http://api.rottentomatoes.com/api/public/v1.0/movies/771373930/clips.json","reviews":"http://api.rottentomatoes.com/api/public/v1.0/movies/771373930/reviews.json","similar":"http://api.rottentomatoes.com/api/public/v1.0/movies/771373930/similar.json"}},{"id":"771240092","title":"Big Joy","year":2014,"mpaa_rating":"Unrated","runtime":82,"release_dates":{"theater":"2014-03-21"},"ratings":{"critics_score":-1,"audience_score":100},"synopsis":"\"Follow Your Own Weird\" was the maxim by which James Broughton (1913-1999) lived each and every day. A pre-Beat-era poet, underground filmmaker, lover, gay man and artist who dared to live boldly and experiment wildly, Broughton is the subject of the documentary film, Big Joy: The Adventures of James Broughton. Whether as an out poet during the oppressive and anti-gay McCarthy era or as the bard of the modern gay rights movement, James' expansive life inspired thousands towards \"Big Joy\". (c) Official Facebook","posters":{"thumbnail":"http://content7.flixster.com/movie/11/17/03/11170341_mob.jpg","profile":"http://content7.flixster.com/movie/11/17/03/11170341_pro.jpg","detailed":"http://content7.flixster.com/movie/11/17/03/11170341_det.jpg","original":"http://content7.flixster.com/movie/11/17/03/11170341_ori.jpg"},"abridged_cast":[{"name":"James Broughton","id":"770760836"},{"name":"Lawrence Ferlinghetti","id":"395113349"},{"name":"Anna Halprin","id":"770858266"},{"name":"George Kuchar","id":"519478370"},{"name":"Jack Foley","id":"770832038"}],"alternate_ids":{"imdb":"2048708"},"links":{"self":"http://api.rottentomatoes.com/api/public/v1.0/movies/771240092.json","alternate":"http://www.rottentomatoes.com/m/big_joy/","cast":"http://api.rottentomatoes.com/api/public/v1.0/movies/771240092/cast.json","clips":"http://api.rottentomatoes.com/api/public/v1.0/movies/771240092/clips.json","reviews":"http://api.rottentomatoes.com/api/public/v1.0/movies/771240092/reviews.json","similar":"http://api.rottentomatoes.com/api/public/v1.0/movies/771240092/similar.json"}},{"id":"771370553","title":"Medusa: aka The resurrection of Medusa","year":2014,"mpaa_rating":"Unrated","runtime":"","release_dates":{"theater":"2014-08-17"},"ratings":{"critics_score":-1,"audience_score":63},"synopsis":"A mythology professor (Jeff Allen), attempts to fight the resurrection of the temptress Medusa through a recently acquired malevolent artifact.","posters":{"thumbnail":"http://images.rottentomatoescdn.com/images/redesign/poster_default.gif","profile":"http://images.rottentomatoescdn.com/images/redesign/poster_default.gif","detailed":"http://images.rottentomatoescdn.com/images/redesign/poster_default.gif","original":"http://images.rottentomatoescdn.com/images/redesign/poster_default.gif"},"abridged_cast":[{"name":"William McNamara","id":"770671541"},{"name":"Algerita Wynn Lewis","id":"770920435"},{"name":"Jorge Ameer","id":"364611492"},{"name":"Katy Foley","id":"771432485"},{"name":"Carlos Moreno Jr.","id":"770735791"}],"links":{"self":"http://api.rottentomatoes.com/api/public/v1.0/movies/771370553.json","alternate":"http://www.rottentomatoes.com/m/medusa_aka_the_resurrection_of_medusa/","cast":"http://api.rottentomatoes.com/api/public/v1.0/movies/771370553/cast.json","clips":"http://api.rottentomatoes.com/api/public/v1.0/movies/771370553/clips.json","reviews":"http://api.rottentomatoes.com/api/public/v1.0/movies/771370553/reviews.json","similar":"http://api.rottentomatoes.com/api/public/v1.0/movies/771370553/similar.json"}},{"id":"771373882","title":"Beyond Sight: The Derek Rabelo Story","year":2014,"mpaa_rating":"PG","runtime":91,"release_dates":{"theater":"2014-03-07"},"ratings":{"critics_score":-1,"audience_score":0},"synopsis":"Amidst the small beautiful city of Guarapari, Brazil, Derek Rabelo's father prayed that his son would become a famous professional surfer. Unfortunately on May 25th 1992, his prayer seemed unanswered when Derek was born blind. Seventeen years later Derek decided that despite his blindness he still wanted to surf and that he wanted to surf Pipeline on the North Shore of Oahu. Through the encouragement of his parents, best friend, and surf coach, Derek embarked on a three-year journey of grueling mental, physical and spiritual training. As Derek perseveres towards his goal of surfing Pipeline, he inspires the best pro-surfers in the world including Kelly Slater, Damien Hobgood, Rob Machado, Lakey Peterson, Taj Burrow, Laird Hamilton and more, who are featured in the film. You will learn from Derek's story that the best journeys in life are walked by faith, and not by sight. (C) Official Site","posters":{"thumbnail":"http://content8.flixster.com/movie/11/17/66/11176610_mob.jpg","profile":"http://content8.flixster.com/movie/11/17/66/11176610_pro.jpg","detailed":"http://content8.flixster.com/movie/11/17/66/11176610_det.jpg","original":"http://content8.flixster.com/movie/11/17/66/11176610_ori.jpg"},"abridged_cast":[{"name":"Derek Rabelo","id":"771478969"},{"name":"Bethany Hamilton","id":"770777056"},{"name":"Kelly Slater","id":"364640047"}],"alternate_ids":{"imdb":"2933292"},"links":{"self":"http://api.rottentomatoes.com/api/public/v1.0/movies/771373882.json","alternate":"http://www.rottentomatoes.com/m/beyond_sight_the_derek_rabelo_story/","cast":"http://api.rottentomatoes.com/api/public/v1.0/movies/771373882/cast.json","clips":"http://api.rottentomatoes.com/api/public/v1.0/movies/771373882/clips.json","reviews":"http://api.rottentomatoes.com/api/public/v1.0/movies/771373882/reviews.json","similar":"http://api.rottentomatoes.com/api/public/v1.0/movies/771373882/similar.json"}},{"id":"771353980","title":"Het Meisje en de Dood (The Girl and Death)","year":2012,"mpaa_rating":"Unrated","runtime":127,"release_dates":{"theater":"2014-05-09"},"ratings":{"critics_score":-1,"audience_score":100},"synopsis":"","posters":{"thumbnail":"http://images.rottentomatoescdn.com/images/redesign/poster_default.gif","profile":"http://images.rottentomatoescdn.com/images/redesign/poster_default.gif","detailed":"http://images.rottentomatoescdn.com/images/redesign/poster_default.gif","original":"http://images.rottentomatoescdn.com/images/redesign/poster_default.gif"},"abridged_cast":[{"name":"Sylvia Hoeks","id":"770796455"},{"name":"Dieter Hallervorden","id":"770826697"},{"name":"Renata Litvinova","id":"770670320"},{"name":"Sergey Makovetskiy","id":"771078020"},{"name":"Maxim Kovalevski","id":"771028646"}],"alternate_ids":{"imdb":"2103171"},"links":{"self":"http://api.rottentomatoes.com/api/public/v1.0/movies/771353980.json","alternate":"http://www.rottentomatoes.com/m/het_meisje_en_de_dood/","cast":"http://api.rottentomatoes.com/api/public/v1.0/movies/771353980/cast.json","clips":"http://api.rottentomatoes.com/api/public/v1.0/movies/771353980/clips.json","reviews":"http://api.rottentomatoes.com/api/public/v1.0/movies/771353980/reviews.json","similar":"http://api.rottentomatoes.com/api/public/v1.0/movies/771353980/similar.json"}},{"id":"771375916","title":"Tiger & Bunny: The Rising","year":2014,"mpaa_rating":"Unrated","runtime":"","release_dates":{"theater":"2014-03-14"},"ratings":{"critics_score":-1,"audience_score":100},"synopsis":"The heroes of TIGER & BUNNY are back in an all-new feature-length film! Picking up after the events of the Maverick incident, Kotetsu T. Kaburagi, a.k.a. Wild Tiger, and Barnaby Brooks Jr. resume their careers as heroes fighting crime in HERO TV's Second League. But their partnership comes to a sudden end when Apollon Media's new owner Mark Schneider fires Kotetsu and moves Barnaby back into the First League, pairing him up with Golden Ryan, a new hero with awesome powers and a huge ego to match. When the heroes are sent to investigate a string of strange incidents tied closely to the city's Goddess Legend, they discover three superpowered NEXTs plotting to bring terror and destruction to Stern Bild. With the lives of millions hanging in the balance, Barnaby and Golden Ryan must overcome their differences to contain the approaching doom, while a jobless Kotetsu's resolve as a hero is put to the test as he struggles to help his fellow heroes from the sidelines. (C)SUNRISE/T&B PARTNERS","posters":{"thumbnail":"http://content7.flixster.com/movie/11/17/66/11176637_mob.jpg","profile":"http://content7.flixster.com/movie/11/17/66/11176637_pro.jpg","detailed":"http://content7.flixster.com/movie/11/17/66/11176637_det.jpg","original":"http://content7.flixster.com/movie/11/17/66/11176637_ori.jpg"},"abridged_cast":[],"alternate_ids":{"imdb":"3204012"},"links":{"self":"http://api.rottentomatoes.com/api/public/v1.0/movies/771375916.json","alternate":"http://www.rottentomatoes.com/m/tiger_and_bunny_the_rising/","cast":"http://api.rottentomatoes.com/api/public/v1.0/movies/771375916/cast.json","clips":"http://api.rottentomatoes.com/api/public/v1.0/movies/771375916/clips.json","reviews":"http://api.rottentomatoes.com/api/public/v1.0/movies/771375916/reviews.json","similar":"http://api.rottentomatoes.com/api/public/v1.0/movies/771375916/similar.json"}},{"id":"771320679","title":"More Than The Rainbow","year":2014,"mpaa_rating":"Unrated","runtime":83,"release_dates":{"theater":"2014-05-02"},"ratings":{"critics_score":-1,"audience_score":100},"synopsis":"In our time, an equally compelling presence roams the streets of New York armed with only a camera: Matt Weber. There is no telling how many stories Weber has attempted to capture since he first started taking pictures out of the window of the cab he used to drive. But his quarter century-plus devotion to candidly depicting the lives of his fellow New Yorkers, many of them from the fringes of society, has yielded a remarkable document of a New York that most of us will never experience. Part character study and part meditation on photography, MORE THAN THE RAINBOW interweaves live action, still photography and revealing interviews with Weber and fellow photographers. Shot on both hi-def video and in 35mm, and largely scored to the music of Thelonious Monk, this beautiful and evocative documentary is a poetic celebration of the world's greatest city and the individuals who walk its streets. (c) First run Features","posters":{"thumbnail":"http://content9.flixster.com/movie/11/17/65/11176579_mob.jpg","profile":"http://content9.flixster.com/movie/11/17/65/11176579_pro.jpg","detailed":"http://content9.flixster.com/movie/11/17/65/11176579_det.jpg","original":"http://content9.flixster.com/movie/11/17/65/11176579_ori.jpg"},"abridged_cast":[{"name":"Matt Weber","id":"770903983"},{"name":"Ralph Gibson","id":"770699351"},{"name":"Zoe Strauss","id":"771482122"},{"name":"Eric Kroll","id":"770861197"},{"name":"Dave Beckerman","id":"771482123"}],"alternate_ids":{"imdb":"1921027"},"links":{"self":"http://api.rottentomatoes.com/api/public/v1.0/movies/771320679.json","alternate":"http://www.rottentomatoes.com/m/more_than_the_rainbow_2012/","cast":"http://api.rottentomatoes.com/api/public/v1.0/movies/771320679/cast.json","clips":"http://api.rottentomatoes.com/api/public/v1.0/movies/771320679/clips.json","reviews":"http://api.rottentomatoes.com/api/public/v1.0/movies/771320679/reviews.json","similar":"http://api.rottentomatoes.com/api/public/v1.0/movies/771320679/similar.json"}},{"id":"771371397","title":"From Both Sides Of The Aegean: Expulsion And Exchange Of Populations, Tukey-greece 1922-1924","year":2014,"mpaa_rating":"Unrated","runtime":"","release_dates":{"theater":"2014-03-21"},"ratings":{"critics_score":-1,"audience_score":100},"synopsis":"After the success of her film SMYRNA THE DESTRUCTION OF A COSMOPOLITAN CITY, 1900-1922, award-winning Director, Maria Iliou returns to the QUAD with her second in a two-part series, FROM BOTH SIDES OF THE AEGEAN in which she documents the ethnic cleansing and violent expulsion of Greeks from the Ottoman Empire. In the first compulsory \"exchange of populations\" in the modern world, 1.2 million Greek Orthodox and 400,000 Muslims were forcibly relocated from Turkey to Greece and Greece to Turkey respectively. Maria Iliou and historical consultant Alexander Kitroeff once again gather a remarkable library of archival film and photographs as background to individual testimonies of Greek Orthodox and Muslim refugees across generations. Iliou brings a new perspective to the story: the film's probing interviews reveal the painful similarities of the experiences, and inspire hope that the grandchildren of the refugees from both sides of the Aegean Sea can begin to understand and reach out to each other. (C)","posters":{"thumbnail":"http://images.rottentomatoescdn.com/images/redesign/poster_default.gif","profile":"http://images.rottentomatoescdn.com/images/redesign/poster_default.gif","detailed":"http://images.rottentomatoescdn.com/images/redesign/poster_default.gif","original":"http://images.rottentomatoescdn.com/images/redesign/poster_default.gif"},"abridged_cast":[],"links":{"self":"http://api.rottentomatoes.com/api/public/v1.0/movies/771371397.json","alternate":"http://www.rottentomatoes.com/m/from_both_sides_of_the_aegean_expulsion_and_exchange_of_populations_tukey_greece_1922_1924/","cast":"http://api.rottentomatoes.com/api/public/v1.0/movies/771371397/cast.json","clips":"http://api.rottentomatoes.com/api/public/v1.0/movies/771371397/clips.json","reviews":"http://api.rottentomatoes.com/api/public/v1.0/movies/771371397/reviews.json","similar":"http://api.rottentomatoes.com/api/public/v1.0/movies/771371397/similar.json"}},{"id":"771373504","title":"National Theatre Live: A Small Family Business","year":2014,"mpaa_rating":"Unrated","runtime":"","release_dates":{"theater":"2014-06-12"},"ratings":{"critics_score":-1,"audience_score":25},"synopsis":"Jack McCracken: a man of principle in a corrupt world. But not for long. Moments after taking over his father-in-law's business he's approached by a private detective armed with some compromising information. Jack's integrity fades away as he discovers his extended family to be thieves and adulterers, looting the business from their suburban homes. Rampant self-interest takes over and comic hysteria builds to a macabre climax.","posters":{"thumbnail":"http://images.rottentomatoescdn.com/images/redesign/poster_default.gif","profile":"http://images.rottentomatoescdn.com/images/redesign/poster_default.gif","detailed":"http://images.rottentomatoescdn.com/images/redesign/poster_default.gif","original":"http://images.rottentomatoescdn.com/images/redesign/poster_default.gif"},"abridged_cast":[{"name":"Nigel Lindsay","id":"770867136"},{"name":"Debra Gillett","id":"770967545"},{"name":"Gawn Grainger","id":"770682181"},{"name":"Amy Marston","id":"770731222"},{"name":"Samuel Taylor","id":"770883010"}],"links":{"self":"http://api.rottentomatoes.com/api/public/v1.0/movies/771373504.json","alternate":"http://www.rottentomatoes.com/m/national_theatre_live_a_small_family_business/","cast":"http://api.rottentomatoes.com/api/public/v1.0/movies/771373504/cast.json","clips":"http://api.rottentomatoes.com/api/public/v1.0/movies/771373504/clips.json","reviews":"http://api.rottentomatoes.com/api/public/v1.0/movies/771373504/reviews.json","similar":"http://api.rottentomatoes.com/api/public/v1.0/movies/771373504/similar.json"}},{"id":"771375175","title":"Grit: The Oprf Football Documentary","year":2014,"mpaa_rating":"Unrated","runtime":"","release_dates":{"theater":"2014-03-15"},"ratings":{"critics_score":-1,"audience_score":100},"synopsis":"","posters":{"thumbnail":"http://images.rottentomatoescdn.com/images/redesign/poster_default.gif","profile":"http://images.rottentomatoescdn.com/images/redesign/poster_default.gif","detailed":"http://images.rottentomatoescdn.com/images/redesign/poster_default.gif","original":"http://images.rottentomatoescdn.com/images/redesign/poster_default.gif"},"abridged_cast":[],"links":{"self":"http://api.rottentomatoes.com/api/public/v1.0/movies/771375175.json","alternate":"http://www.rottentomatoes.com/m/grit_the_oprf_football_documentary/","cast":"http://api.rottentomatoes.com/api/public/v1.0/movies/771375175/cast.json","clips":"http://api.rottentomatoes.com/api/public/v1.0/movies/771375175/clips.json","reviews":"http://api.rottentomatoes.com/api/public/v1.0/movies/771375175/reviews.json","similar":"http://api.rottentomatoes.com/api/public/v1.0/movies/771375175/similar.json"}},{"id":"771367577","title":"A Fragile Trust: Plagiarism, Power And Jayson Blair At The New York Times","year":2014,"mpaa_rating":"Unrated","runtime":78,"release_dates":{"theater":"2014-04-11"},"ratings":{"critics_score":-1,"audience_score":0},"synopsis":"accountability in the mainstream media. Featuring exclusive interviews, including Blair himself, A FRAGILE TRUST is the first film to tell the whole sordid story of the scandal while exploring these deeper themes. SYNOPSIS: Logline (37 words): A FRAGILE TRUST tells the shocking story of Jayson Blair, the most infamous serial plagiarist of our time, and how he unleashed the massive A FRAGILE TRUST tells the shocking story of Jayson Blair, the most infamous serial plagiarist of our time, and how he unleashed the massive scandal that rocked the New York Times and the entire world of journalism. The story of \"The Blair Affair\" is both a compelling, character-&#8208;driven narrative about an important chapter in the history of journalism, and a complex story about power, ethics, representation, race, and accountability in the mainstream media. Featuring exclusive interviews, including Blair himself, A FRAGILE TRUST is the first film to tell the whole sordid story of the scandal while exploring these deeper themes. (c) Official Site","posters":{"thumbnail":"http://content6.flixster.com/movie/11/17/66/11176692_mob.jpg","profile":"http://content6.flixster.com/movie/11/17/66/11176692_pro.jpg","detailed":"http://content6.flixster.com/movie/11/17/66/11176692_det.jpg","original":"http://content6.flixster.com/movie/11/17/66/11176692_ori.jpg"},"abridged_cast":[{"name":"Jayson Blair","id":"770765838"}],"alternate_ids":{"imdb":"2525342"},"links":{"self":"http://api.rottentomatoes.com/api/public/v1.0/movies/771367577.json","alternate":"http://www.rottentomatoes.com/m/a_fragile_trust_plagiarism_power_and_jayson_blair_at_the_new_york_times_2013/","cast":"http://api.rottentomatoes.com/api/public/v1.0/movies/771367577/cast.json","clips":"http://api.rottentomatoes.com/api/public/v1.0/movies/771367577/clips.json","reviews":"http://api.rottentomatoes.com/api/public/v1.0/movies/771367577/reviews.json","similar":"http://api.rottentomatoes.com/api/public/v1.0/movies/771367577/similar.json"}},{"id":"770683887","title":"Meet The Browns","year":2008,"mpaa_rating":"PG-13","runtime":101,"critics_consensus":"Angela Bassett's considerable charms can't compensate for Meet the Browns' incessant melodrama and scattered narrative threads.","release_dates":{"theater":"2008-03-21","dvd":"2008-07-01"},"ratings":{"critics_rating":"Rotten","critics_score":32,"audience_rating":"Upright","audience_score":70},"synopsis":"","posters":{"thumbnail":"http://content9.flixster.com/movie/10/87/66/10876627_mob.jpg","profile":"http://content9.flixster.com/movie/10/87/66/10876627_pro.jpg","detailed":"http://content9.flixster.com/movie/10/87/66/10876627_det.jpg","original":"http://content9.flixster.com/movie/10/87/66/10876627_ori.jpg"},"abridged_cast":[{"name":"Angela Bassett","id":"162652631","characters":["Brenda"]},{"name":"Rick Fox","id":"326394292","characters":["Harry"]},{"name":"Margaret Avery","id":"540762871","characters":["Sarah"]},{"name":"Frankie Faison","id":"162719266","characters":["L.B"]},{"name":"Jenifer Lewis","id":"162676323","characters":["Vera"]}],"alternate_ids":{"imdb":"1047494"},"links":{"self":"http://api.rottentomatoes.com/api/public/v1.0/movies/770683887.json","alternate":"http://www.rottentomatoes.com/m/meet-the-browns2008/","cast":"http://api.rottentomatoes.com/api/public/v1.0/movies/770683887/cast.json","clips":"http://api.rottentomatoes.com/api/public/v1.0/movies/770683887/clips.json","reviews":"http://api.rottentomatoes.com/api/public/v1.0/movies/770683887/reviews.json","similar":"http://api.rottentomatoes.com/api/public/v1.0/movies/770683887/similar.json"}},{"id":"770803691","title":"Precious: Based on the Novel Push by Sapphire","year":2008,"mpaa_rating":"R","runtime":110,"critics_consensus":"Precious is a grim yet ultimately triumphant film about abuse and inner-city life, largely bolstered by exceptional performances from its cast.","release_dates":{"theater":"2009-11-06","dvd":"2010-03-09"},"ratings":{"critics_rating":"Certified Fresh","critics_score":91,"audience_rating":"Upright","audience_score":81},"synopsis":"","posters":{"thumbnail":"http://content6.flixster.com/movie/10/89/30/10893020_mob.jpg","profile":"http://content6.flixster.com/movie/10/89/30/10893020_pro.jpg","detailed":"http://content6.flixster.com/movie/10/89/30/10893020_det.jpg","original":"http://content6.flixster.com/movie/10/89/30/10893020_ori.jpg"},"abridged_cast":[{"name":"Gabourey Sidibe","id":"770840363","characters":["Clareece \"Precious\" Jones"]},{"name":"Lenny Kravitz","id":"770709278","characters":["Nurse John"]},{"name":"Paula Patton","id":"326392480","characters":["Ms. Rain"]},{"name":"Mo'Nique","id":"770677969","characters":["Mary"]},{"name":"Mariah Carey","id":"162673895","characters":["Mrs. Weiss"]}],"alternate_ids":{"imdb":"0929632"},"links":{"self":"http://api.rottentomatoes.com/api/public/v1.0/movies/770803691.json","alternate":"http://www.rottentomatoes.com/m/precious/","cast":"http://api.rottentomatoes.com/api/public/v1.0/movies/770803691/cast.json","clips":"http://api.rottentomatoes.com/api/public/v1.0/movies/770803691/clips.json","reviews":"http://api.rottentomatoes.com/api/public/v1.0/movies/770803691/reviews.json","similar":"http://api.rottentomatoes.com/api/public/v1.0/movies/770803691/similar.json"}},{"id":"771323155","title":"The Monuments Men","year":2013,"mpaa_rating":"PG-13","runtime":112,"critics_consensus":"Its intentions are noble and its cast is impressive, but neither can compensate for The Monuments Men's stiffly nostalgic tone and curiously slack narrative.","release_dates":{"theater":"2014-02-07"},"ratings":{"critics_rating":"Rotten","critics_score":34,"audience_rating":"Spilled","audience_score":51},"synopsis":"Based on the true story of the greatest treasure hunt in history, The Monuments Men is an action drama focusing on an unlikely World War II platoon, tasked by FDR with going into Germany to rescue artistic masterpieces from Nazi thieves and returning them to their rightful owners. It would be an impossible mission: with the art trapped behind enemy lines, and with the German army under orders to destroy everything as the Reich fell, how could these guys - seven museum directors, curators, and art historians, all more familiar with Michelangelo than the M-1 - possibly hope to succeed? But as the Monuments Men, as they were called, found themselves in a race against time to avoid the destruction of 1000 years of culture, they would risk their lives to protect and defend mankind's greatest achievements. From director George Clooney, the film stars George Clooney, Matt Damon, Bill Murray, John Goodman, Jean Dujardin, Bob Balaban, Hugh Bonneville, and Cate Blanchett. The screenplay is by George Clooney & Grant Heslov, based on the book by Robert M. Edsel with Bret Witter. Produced by Grant Heslov and George Clooney. (c) Sony","posters":{"thumbnail":"http://content9.flixster.com/movie/11/17/43/11174399_mob.jpg","profile":"http://content9.flixster.com/movie/11/17/43/11174399_pro.jpg","detailed":"http://content9.flixster.com/movie/11/17/43/11174399_det.jpg","original":"http://content9.flixster.com/movie/11/17/43/11174399_ori.jpg"},"abridged_cast":[{"name":"George Clooney","id":"162654528","characters":["Frank Stokes"]},{"name":"Matt Damon","id":"162653499","characters":["James Granger"]},{"name":"Bill Murray","id":"162653064","characters":["Richard Campbell"]},{"name":"John Goodman","id":"162655706","characters":["Walter Garfield"]},{"name":"Jean Dujardin","id":"285373792","characters":["Jean Claude Clermont"]}],"alternate_ids":{"imdb":"2177771"},"links":{"self":"http://api.rottentomatoes.com/api/public/v1.0/movies/771323155.json","alternate":"http://www.rottentomatoes.com/m/the_monuments_men/","cast":"http://api.rottentomatoes.com/api/public/v1.0/movies/771323155/cast.json","clips":"http://api.rottentomatoes.com/api/public/v1.0/movies/771323155/clips.json","reviews":"http://api.rottentomatoes.com/api/public/v1.0/movies/771323155/reviews.json","similar":"http://api.rottentomatoes.com/api/public/v1.0/movies/771323155/similar.json"}},{"id":"1971","title":"The Dukes of Hazzard","year":2005,"mpaa_rating":"PG-13","runtime":104,"critics_consensus":"A dumb, goofy, and vacuous adaptation of a TV show where plot is simply an excuse to string together the car chases.","release_dates":{"theater":"2005-08-05","dvd":"2005-12-06"},"ratings":{"critics_rating":"Rotten","critics_score":13,"audience_rating":"Spilled","audience_score":47},"synopsis":"","posters":{"thumbnail":"http://content7.flixster.com/movie/11/16/45/11164565_mob.jpg","profile":"http://content7.flixster.com/movie/11/16/45/11164565_pro.jpg","detailed":"http://content7.flixster.com/movie/11/16/45/11164565_det.jpg","original":"http://content7.flixster.com/movie/11/16/45/11164565_ori.jpg"},"abridged_cast":[{"name":"Johnny Knoxville","id":"162652591","characters":["Luke Duke"]},{"name":"Seann William Scott","id":"162652909","characters":["Bo Duke"]},{"name":"Jessica Simpson","id":"162652910","characters":["Daisy Duke"]},{"name":"Burt Reynolds","id":"162652552","characters":["Boss Hogg"]},{"name":"Joe Don Baker","id":"162661730","characters":["Governor Jim Applewhite"]}],"alternate_ids":{"imdb":"0377818"},"links":{"self":"http://api.rottentomatoes.com/api/public/v1.0/movies/1971.json","alternate":"http://www.rottentomatoes.com/m/dukes_of_hazzard/","cast":"http://api.rottentomatoes.com/api/public/v1.0/movies/1971/cast.json","clips":"http://api.rottentomatoes.com/api/public/v1.0/movies/1971/clips.json","reviews":"http://api.rottentomatoes.com/api/public/v1.0/movies/1971/reviews.json","similar":"http://api.rottentomatoes.com/api/public/v1.0/movies/1971/similar.json"}},{"id":"770816664","title":"The King's Speech","year":2010,"mpaa_rating":"PG-13","runtime":118,"critics_consensus":"Colin Firth gives a masterful performance in The King's Speech, a predictable but stylishly produced and rousing period drama.","release_dates":{"theater":"2010-11-26","dvd":"2011-04-19"},"ratings":{"critics_rating":"Certified Fresh","critics_score":94,"audience_rating":"Upright","audience_score":92},"synopsis":"After the death of his father King George V (Michael Gambon) and the scandalous abdication of King Edward VIII (Guy Pearce), Bertie (Colin Firth) who has suffered from a debilitating speech impediment all his life, is suddenly crowned King George VI of England. With his country on the brink of war and in desperate need of a leader, his wife, Elizabeth (Helena Bonham Carter), the future Queen Mother, arranges for her husband to see an eccentric speech therapist, Lionel Logue (Geoffrey Rush). After a rough start, the two delve into an unorthodox course of treatment and eventually form an unbreakable bond. With the support of Logue, his family, his government and Winston Churchill (Timothy Spall), the King will overcome his stammer and deliver a radio-address that inspires his people and unites them in battle. Based on the true story of King George VI, THE KING'S SPEECH follows the Royal Monarch's quest to find his voice. -- (C) Weinstein","posters":{"thumbnail":"http://content7.flixster.com/movie/11/15/44/11154473_mob.jpg","profile":"http://content7.flixster.com/movie/11/15/44/11154473_pro.jpg","detailed":"http://content7.flixster.com/movie/11/15/44/11154473_det.jpg","original":"http://content7.flixster.com/movie/11/15/44/11154473_ori.jpg"},"abridged_cast":[{"name":"Colin Firth","id":"162654659","characters":["George 'Bertie' VI","King George VI"]},{"name":"Geoffrey Rush","id":"162659119","characters":["Lionel Logue"]},{"name":"Helena Bonham Carter","id":"162652820","characters":["Queen Elizabeth","Queen Elizabeth the Queen Mother"]},{"name":"Guy Pearce","id":"162660324","characters":["King Edward VIII"]},{"name":"Timothy Spall","id":"162698684","characters":["Winston Churchill"]}],"alternate_ids":{"imdb":"1504320"},"links":{"self":"http://api.rottentomatoes.com/api/public/v1.0/movies/770816664.json","alternate":"http://www.rottentomatoes.com/m/the_kings_speech/","cast":"http://api.rottentomatoes.com/api/public/v1.0/movies/770816664/cast.json","clips":"http://api.rottentomatoes.com/api/public/v1.0/movies/770816664/clips.json","reviews":"http://api.rottentomatoes.com/api/public/v1.0/movies/770816664/reviews.json","similar":"http://api.rottentomatoes.com/api/public/v1.0/movies/770816664/similar.json"}},{"id":"10679","title":"The Truman Show","year":1998,"mpaa_rating":"PG","runtime":103,"critics_consensus":"A funny, tender, and thought-provoking film, The Truman Show is all the more noteworthy for its remarkably prescient vision of runaway celebrity culture and a nation with an insatiable thirst for the private details of ordinary lives.","release_dates":{"theater":"1998-06-05","dvd":"1999-01-26"},"ratings":{"critics_rating":"Certified Fresh","critics_score":94,"audience_rating":"Upright","audience_score":88},"synopsis":"","posters":{"thumbnail":"http://content8.flixster.com/movie/11/12/69/11126926_mob.jpg","profile":"http://content8.flixster.com/movie/11/12/69/11126926_pro.jpg","detailed":"http://content8.flixster.com/movie/11/12/69/11126926_det.jpg","original":"http://content8.flixster.com/movie/11/12/69/11126926_ori.jpg"},"abridged_cast":[{"name":"Jim Carrey","id":"162659418","characters":["Truman Burbank"]},{"name":"Laura Linney","id":"162653768","characters":["Meryl"]},{"name":"Ed Harris","id":"162654543","characters":["Christof"]},{"name":"Noah Emmerich","id":"364621452","characters":["Marlon"]},{"name":"Natascha McElhone","id":"162652438","characters":["Lauren/Sylvia"]}],"alternate_ids":{"imdb":"0120382"},"links":{"self":"http://api.rottentomatoes.com/api/public/v1.0/movies/10679.json","alternate":"http://www.rottentomatoes.com/m/truman_show/","cast":"http://api.rottentomatoes.com/api/public/v1.0/movies/10679/cast.json","clips":"http://api.rottentomatoes.com/api/public/v1.0/movies/10679/clips.json","reviews":"http://api.rottentomatoes.com/api/public/v1.0/movies/10679/reviews.json","similar":"http://api.rottentomatoes.com/api/public/v1.0/movies/10679/similar.json"}},{"id":"770810295","title":"The Adjustment Bureau","year":2011,"mpaa_rating":"PG-13","runtime":99,"critics_consensus":"First-time writer/director George Nolfi struggles to maintain a consistent tone, but The Adjustment Bureau rises on the strong, believable chemistry of its stars.","release_dates":{"theater":"2011-03-04","dvd":"2011-06-21"},"ratings":{"critics_rating":"Fresh","critics_score":72,"audience_rating":"Upright","audience_score":67},"synopsis":"On the brink of winning a seat in the U.S. Senate, ambitious politician David Norris (Damon) meets beautiful contemporary ballet dancer Elise Sellas (Emily Blunt)--a woman like none he's ever known. But just as he realizes he's falling for her, mysterious men conspire to keep the two apart. David learns he is up against the agents of Fate itself--the men of The Adjustment Bureau--who will do everything in their considerable power to prevent David and Elise from being together. In the face of overwhelming odds, he must either let her go and accept a predetermined path...or risk everything to defy Fate and be with her. Based on a short story by Philip K. Dick. -- (C) Universal Pictures","posters":{"thumbnail":"http://content9.flixster.com/movie/11/17/65/11176587_mob.jpg","profile":"http://content9.flixster.com/movie/11/17/65/11176587_pro.jpg","detailed":"http://content9.flixster.com/movie/11/17/65/11176587_det.jpg","original":"http://content9.flixster.com/movie/11/17/65/11176587_ori.jpg"},"abridged_cast":[{"name":"Matt Damon","id":"162653499","characters":["David Norris"]},{"name":"Emily Blunt","id":"162685827","characters":["Elise Sellas"]},{"name":"Anthony Mackie","id":"162653786","characters":["Harry Mitchell"]},{"name":"John Slattery","id":"364618219","characters":["Richardson"]},{"name":"Michael Kelly","id":"162654310","characters":["Charlie Traynor"]}],"alternate_ids":{"imdb":"1385826"},"links":{"self":"http://api.rottentomatoes.com/api/public/v1.0/movies/770810295.json","alternate":"http://www.rottentomatoes.com/m/adjustment_bureau/","cast":"http://api.rottentomatoes.com/api/public/v1.0/movies/770810295/cast.json","clips":"http://api.rottentomatoes.com/api/public/v1.0/movies/770810295/clips.json","reviews":"http://api.rottentomatoes.com/api/public/v1.0/movies/770810295/reviews.json","similar":"http://api.rottentomatoes.com/api/public/v1.0/movies/770810295/similar.json"}},{"id":"770681509","title":"Step Up 2 the Streets","year":2008,"mpaa_rating":"PG-13","runtime":97,"critics_consensus":"There's a kinetic appeal to the handsome cast and their smooth moves, but everything else about Step Up 2 the Streets is been there, danced that.","release_dates":{"theater":"2008-02-14","dvd":"2008-07-15"},"ratings":{"critics_rating":"Rotten","critics_score":27,"audience_rating":"Upright","audience_score":77},"synopsis":"","posters":{"thumbnail":"http://content9.flixster.com/movie/11/16/92/11169283_mob.jpg","profile":"http://content9.flixster.com/movie/11/16/92/11169283_pro.jpg","detailed":"http://content9.flixster.com/movie/11/16/92/11169283_det.jpg","original":"http://content9.flixster.com/movie/11/16/92/11169283_ori.jpg"},"abridged_cast":[{"name":"Briana Evigan","id":"770693880","characters":["Andie"]},{"name":"Robert Hoffman","id":"420106035","characters":["Chase Collins"]},{"name":"Will Kemp","id":"162661505","characters":["Blake Collins"]},{"name":"Sonja Sohn","id":"162692465","characters":["Sarah"]},{"name":"Adam G. Sevani","id":"770698377","characters":["Moose"]}],"alternate_ids":{"imdb":"1023481"},"links":{"self":"http://api.rottentomatoes.com/api/public/v1.0/movies/770681509.json","alternate":"http://www.rottentomatoes.com/m/step_up_2_the_streets/","cast":"http://api.rottentomatoes.com/api/public/v1.0/movies/770681509/cast.json","clips":"http://api.rottentomatoes.com/api/public/v1.0/movies/770681509/clips.json","reviews":"http://api.rottentomatoes.com/api/public/v1.0/movies/770681509/reviews.json","similar":"http://api.rottentomatoes.com/api/public/v1.0/movies/770681509/similar.json"}},{"id":"771308687","title":"The Secret Life Of Walter Mitty","year":2013,"mpaa_rating":"PG","runtime":125,"critics_consensus":"It doesn't lack for ambition, but The Secret Life of Walter Mitty fails to back up its grand designs with enough substance to anchor the spectacle.","release_dates":{"theater":"2013-12-25","dvd":"2014-04-15"},"ratings":{"critics_rating":"Rotten","critics_score":50,"audience_rating":"Upright","audience_score":75},"synopsis":"Ben Stiller directs and stars in THE SECRET LIFE OF WALTER MITTY, James Thurber's classic story of a day-dreamer who escapes his anonymous life by disappearing into a world of fantasies filled with heroism, romance and action. When his job along with that of his co-worker (Kristen Wiig) are threatened, Walter takes action in the real world embarking on a global journey that turns into an adventure more extraordinary than anything he could have ever imagined. (c) Fox","posters":{"thumbnail":"http://content9.flixster.com/movie/11/17/54/11175495_mob.jpg","profile":"http://content9.flixster.com/movie/11/17/54/11175495_pro.jpg","detailed":"http://content9.flixster.com/movie/11/17/54/11175495_det.jpg","original":"http://content9.flixster.com/movie/11/17/54/11175495_ori.jpg"},"abridged_cast":[{"name":"Ben Stiller","id":"162659371","characters":["Walter Mitty"]},{"name":"Kristen Wiig","id":"770670481","characters":["Cheryl Melhoff"]},{"name":"Patton Oswalt","id":"162655225","characters":["Todd Maher"]},{"name":"Shirley MacLaine","id":"162652664","characters":["Edna Mitty"]},{"name":"Adam Scott","id":"341817001","characters":["Ted Hendricks"]}],"alternate_ids":{"imdb":"0359950"},"links":{"self":"http://api.rottentomatoes.com/api/public/v1.0/movies/771308687.json","alternate":"http://www.rottentomatoes.com/m/the_secret_life_of_walter_mitty_2013/","cast":"http://api.rottentomatoes.com/api/public/v1.0/movies/771308687/cast.json","clips":"http://api.rottentomatoes.com/api/public/v1.0/movies/771308687/clips.json","reviews":"http://api.rottentomatoes.com/api/public/v1.0/movies/771308687/reviews.json","similar":"http://api.rottentomatoes.com/api/public/v1.0/movies/771308687/similar.json"}},{"id":"771204295","title":"The Muppets","year":2011,"mpaa_rating":"PG","runtime":102,"critics_consensus":"Clever, charming, and heartfelt, The Muppets is a welcome big screen return for Jim Henson's lovable creations that will both win new fans and delight longtime devotees.","release_dates":{"theater":"2011-11-23","dvd":"2012-03-20"},"ratings":{"critics_rating":"Certified Fresh","critics_score":96,"audience_rating":"Upright","audience_score":80},"synopsis":"On vacation in Los Angeles, Walter, the world's biggest Muppet fan, and his friends Gary (Jason Segel) and Mary (Amy Adams) from Smalltown, USA, discover the nefarious plan of oilman Tex Richman (Chris Cooper) to raze the Muppet Theater and drill for the oil recently discovered beneath the Muppets' former stomping grounds. To stage The Greatest Muppet Telethon Ever and raise the $10 million needed to save the theater, Walter, Mary and Gary help Kermit reunite the Muppets, who have all gone their separate ways: Fozzie now performs with a Reno casino tribute band called the Moopets, Miss Piggy is a plus-size fashion editor at Vogue Paris, Animal is in a Santa Barbara clinic for anger management, and Gonzo is a high-powered plumbing magnate. -- (C) Walt Disney","posters":{"thumbnail":"http://content8.flixster.com/movie/11/15/92/11159214_mob.jpg","profile":"http://content8.flixster.com/movie/11/15/92/11159214_pro.jpg","detailed":"http://content8.flixster.com/movie/11/15/92/11159214_det.jpg","original":"http://content8.flixster.com/movie/11/15/92/11159214_ori.jpg"},"abridged_cast":[{"name":"Jason Segel","id":"770670222","characters":["Gary"]},{"name":"Amy Adams","id":"162653029","characters":["Mary"]},{"name":"Chris Cooper","id":"162654289","characters":["Tex Richman"]},{"name":"Rashida Jones","id":"364598291","characters":["ABC Executive","CDE Executive"]},{"name":"Steve Whitmire","id":"162656592","characters":["Beaker","Kermit","Rizzo","Statler"]}],"alternate_ids":{"imdb":"1204342"},"links":{"self":"http://api.rottentomatoes.com/api/public/v1.0/movies/771204295.json","alternate":"http://www.rottentomatoes.com/m/the_muppets/","cast":"http://api.rottentomatoes.com/api/public/v1.0/movies/771204295/cast.json","clips":"http://api.rottentomatoes.com/api/public/v1.0/movies/771204295/clips.json","reviews":"http://api.rottentomatoes.com/api/public/v1.0/movies/771204295/reviews.json","similar":"http://api.rottentomatoes.com/api/public/v1.0/movies/771204295/similar.json"}},{"id":"13328","title":"The Texas Chainsaw Massacre","year":2003,"mpaa_rating":"R","runtime":97,"critics_consensus":"An unnecessary remake that's more gory and less scary than the original.","release_dates":{"theater":"2003-10-17","dvd":"2004-03-30"},"ratings":{"critics_rating":"Rotten","critics_score":36,"audience_rating":"Spilled","audience_score":58},"synopsis":"","posters":{"thumbnail":"http://content7.flixster.com/movie/11/13/31/11133149_mob.jpg","profile":"http://content7.flixster.com/movie/11/13/31/11133149_pro.jpg","detailed":"http://content7.flixster.com/movie/11/13/31/11133149_det.jpg","original":"http://content7.flixster.com/movie/11/13/31/11133149_ori.jpg"},"abridged_cast":[{"name":"Jessica Biel","id":"162652974","characters":["Erin Hardesty"]},{"name":"Jonathan Tucker","id":"162690546","characters":["Morgan"]},{"name":"Erica Leerhsen","id":"162722192","characters":["Pepper Harrington"]},{"name":"Mike Vogel","id":"162653343","characters":["Andy"]},{"name":"Eric Balfour","id":"351527762","characters":["Kemper Hardesty"]}],"alternate_ids":{"imdb":"0324216"},"links":{"self":"http://api.rottentomatoes.com/api/public/v1.0/movies/13328.json","alternate":"http://www.rottentomatoes.com/m/texas_chainsaw_massacre/","cast":"http://api.rottentomatoes.com/api/public/v1.0/movies/13328/cast.json","clips":"http://api.rottentomatoes.com/api/public/v1.0/movies/13328/clips.json","reviews":"http://api.rottentomatoes.com/api/public/v1.0/movies/13328/reviews.json","similar":"http://api.rottentomatoes.com/api/public/v1.0/movies/13328/similar.json"}}],"links":{"self":"http://api.rottentomatoes.com/api/public/v1.0/movies.json?q=the&page_limit=50&page=10","next":"http://api.rottentomatoes.com/api/public/v1.0/movies.json?q=the&page_limit=50&page=11","prev":"http://api.rottentomatoes.com/api/public/v1.0/movies.json?q=the&page_limit=50&page=9"},"link_template":"http://api.rottentomatoes.com/api/public/v1.0/movies.json?q={search-term}&page_limit={results-per-page}&page={page-number}"}