{"total":52488,"movies":[{"id":"771323152","title":"The Book of Life","year":2014,"mpaa_rating":"Unrated","runtime":"","release_dates":{"theater":"2014-10-17"},"ratings":{"critics_score":-1,"audience_score":86},"synopsis":"Guillermo Del Toro presents this forbidden love tale during the Mexican Day of the Dead celebration with this computer animation feature from Reel FX and Fox Animation. Jorge R. Gutierrez penned the script with Doug Langdale. ~ Jeremy Wheeler, Rovi","posters":{"thumbnail":"http://images.rottentomatoescdn.com/images/redesign/poster_default.gif","profile":"http://images.rottentomatoescdn.com/images/redesign/poster_default.gif","detailed":"http://images.rottentomatoescdn.com/images/redesign/poster_default.gif","original":"http://images.rottentomatoescdn.com/images/redesign/poster_default.gif"},"abridged_cast":[{"name":"Channing Tatum","id":"162661835"},{"name":"Zoe Saldana","id":"162660050"},{"name":"Diego Luna","id":"162663833"},{"name":"Christina Applegate","id":"162663389"},{"name":"Ice Cube","id":"162652332"}],"alternate_ids":{"imdb":"2262227"},"links":{"self":"http://api.rottentomatoes.com/api/public/v1.0/movies/771323152.json","alternate":"http://www.rottentomatoes.com/m/the_book_of_life_2014/","cast":"http://api.rottentomatoes.com/api/public/v1.0/movies/771323152/cast.json","clips":"http://api.rottentomatoes.com/api/public/v1.0/movies/771323152/clips.json","reviews":"http://api.rottentomatoes.com/api/public/v1.0/movies/771323152/reviews.json","similar":"http://api.rottentomatoes.com/api/public/v1.0/movies/771323152/similar.json"}},{"id":"147302864","title":"The Wild","year":2006,"mpaa_rating":"G","runtime":82,"critics_consensus":"With a rehashed plot and unimpressive animation, there's nothing wild about The Wild.","release_dates":{"theater":"2006-04-14","dvd":"2006-09-12"},"ratings":{"critics_rating":"Rotten","critics_score":20,"audience_rating":"Spilled","audience_score":36},"synopsis":"","posters":{"thumbnail":"http://content6.flixster.com/movie/31/40/314000_mob.jpg","profile":"http://content6.flixster.com/movie/31/40/314000_pro.jpg","detailed":"http://content6.flixster.com/movie/31/40/314000_det.jpg","original":"http://content6.flixster.com/movie/31/40/314000_ori.jpg"},"abridged_cast":[{"name":"Kiefer Sutherland","id":"162657285","characters":["Sampson"]},{"name":"Jim Belushi","id":"326392257","characters":["Benny"]},{"name":"Eddie Izzard","id":"162676569","characters":["Nigel"]},{"name":"Janeane Garofalo","id":"162655238","characters":["Bridget"]},{"name":"William Shatner","id":"162661860","characters":["Kazar"]}],"alternate_ids":{"imdb":"0405469"},"links":{"self":"http://api.rottentomatoes.com/api/public/v1.0/movies/147302864.json","alternate":"http://www.rottentomatoes.com/m/wild/","cast":"http://api.rottentomatoes.com/api/public/v1.0/movies/147302864/cast.json","clips":"http://api.rottentomatoes.com/api/public/v1.0/movies/147302864/clips.json","reviews":"http://api.rottentomatoes.com/api/public/v1.0/movies/147302864/reviews.json","similar":"http://api.rottentomatoes.com/api/public/v1.0/movies/147302864/similar.json"}},{"id":"5625","title":"The Constant Gardener","year":2005,"mpaa_rating":"R","runtime":128,"critics_consensus":"The Constant Gardener is a smart, gripping, and suspenseful thriller with rich performances from the leads.","release_dates":{"theater":"2005-08-31","dvd":"2006-01-10"},"ratings":{"critics_rating":"Certified Fresh","critics_score":84,"audience_rating":"Upright","audience_score":82},"synopsis":"","posters":{"thumbnail":"http://content6.flixster.com/movie/25/00/250092_mob.jpg","profile":"http://content6.flixster.com/movie/25/00/250092_pro.jpg","detailed":"http://content6.flixster.com/movie/25/00/250092_det.jpg","original":"http://content6.flixster.com/movie/25/00/250092_ori.jpg"},"abridged_cast":[{"name":"Ralph Fiennes","id":"162653681","characters":["Justin Quayle"]},{"name":"Rachel Weisz","id":"162653682","characters":["Tessa Quayle"]},{"name":"Danny Huston","id":"162653683","characters":["Sandy Woodrow"]},{"name":"Bill Nighy","id":"162652300","characters":["Sir Bernard Pellegrin"]},{"name":"Pete Postlethwaite","id":"162652858","characters":["Lorbeer"]}],"alternate_ids":{"imdb":"0387131"},"links":{"self":"http://api.rottentomatoes.com/api/public/v1.0/movies/5625.json","alternate":"http://www.rottentomatoes.com/m/constant_gardener/","cast":"http://api.rottentomatoes.com/api/public/v1.0/movies/5625/cast.json","clips":"http://api.rottentomatoes.com/api/public/v1.0/movies/5625/clips.json","reviews":"http://api.rottentomatoes.com/api/public/v1.0/movies/5625/reviews.json","similar":"http://api.rottentomatoes.com/api/public/v1.0/movies/5625/similar.json"}},{"id":"771362044","title":"Under the Skin","year":2013,"mpaa_rating":"R","runtime":107,"release_dates":{"theater":"2014-04-04"},"ratings":{"critics_rating":"Fresh","critics_score":89,"audience_score":94},"synopsis":"An alien in human form is on a journey through Scotland.","posters":{"thumbnail":"http://content8.flixster.com/movie/11/17/62/11176242_mob.jpg","profile":"http://content8.flixster.com/movie/11/17/62/11176242_pro.jpg","detailed":"http://content8.flixster.com/movie/11/17/62/11176242_det.jpg","original":"http://content8.flixster.com/movie/11/17/62/11176242_ori.jpg"},"abridged_cast":[{"name":"Scarlett Johansson","id":"162652872"},{"name":"Antonia Campbell-Hughes","id":"770741676"},{"name":"Paul Brannigan","id":"771409822"},{"name":"Robert J. Goodwin","id":"771081875"},{"name":"Krystof Hadek","id":"162705035"}],"alternate_ids":{"imdb":"1441395"},"links":{"self":"http://api.rottentomatoes.com/api/public/v1.0/movies/771362044.json","alternate":"http://www.rottentomatoes.com/m/under_the_skin_2013/","cast":"http://api.rottentomatoes.com/api/public/v1.0/movies/771362044/cast.json","clips":"http://api.rottentomatoes.com/api/public/v1.0/movies/771362044/clips.json","reviews":"http://api.rottentomatoes.com/api/public/v1.0/movies/771362044/reviews.json","similar":"http://api.rottentomatoes.com/api/public/v1.0/movies/771362044/similar.json"}},{"id":"771361478","title":"The Art of the Steal","year":2013,"mpaa_rating":"R","runtime":90,"release_dates":{"theater":"2014-03-14"},"ratings":{"critics_rating":"Fresh","critics_score":64,"audience_score":90},"synopsis":"Crunch Calhoun (Kurt Russell), a third rate motorcycle daredevil and semi-reformed art thief, agrees to get back into the con game and pull off one final lucrative art theft with his untrustworthy brother, Nicky (Matt Dillon). Reassembling the old team, Crunch comes up with a plan to steal a priceless historical book, but the successful heist leads to another far riskier plan devised by Nicky. They fail to realize each other's separate agendas when their plan goes awry in this con comedy about honor, revenge and the bonds of brotherhood. (c) Radius-TWC","posters":{"thumbnail":"http://content9.flixster.com/movie/11/17/61/11176167_mob.jpg","profile":"http://content9.flixster.com/movie/11/17/61/11176167_pro.jpg","detailed":"http://content9.flixster.com/movie/11/17/61/11176167_det.jpg","original":"http://content9.flixster.com/movie/11/17/61/11176167_ori.jpg"},"abridged_cast":[{"name":"Kurt Russell","id":"162652945","characters":["Crunch Calhoun"]},{"name":"Matt Dillon","id":"162652207","characters":["Nicky Calhoun"]},{"name":"Terence Stamp","id":"162701660"},{"name":"Jay Baruchel","id":"259260120"},{"name":"Katheryn Winnick","id":"410722794","characters":["Lola"]}],"alternate_ids":{"imdb":"2172985"},"links":{"self":"http://api.rottentomatoes.com/api/public/v1.0/movies/771361478.json","alternate":"http://www.rottentomatoes.com/m/the_art_of_the_steal/","cast":"http://api.rottentomatoes.com/api/public/v1.0/movies/771361478/cast.json","clips":"http://api.rottentomatoes.com/api/public/v1.0/movies/771361478/clips.json","reviews":"http://api.rottentomatoes.com/api/public/v1.0/movies/771361478/reviews.json","similar":"http://api.rottentomatoes.com/api/public/v1.0/movies/771361478/similar.json"}},{"id":"771355933","title":"The Lunchbox","year":2014,"mpaa_rating":"PG","runtime":105,"critics_consensus":"Warm, affectionate, and sweet but not cloying, The Lunchbox is a clever crowd-pleaser from first-time director Ritesh Batra.","release_dates":{"theater":"2014-02-28"},"ratings":{"critics_rating":"Certified Fresh","critics_score":93,"audience_rating":"Upright","audience_score":86},"synopsis":"Middle class housewife Ila is trying once again to add some spice to her marriage, this time through her cooking. She desperately hopes that this new recipe will finally arouse some kind of reaction from her neglectful husband. She prepares a special lunchbox to be delivered to him at work, but, unbeknownst to her, it is mistakenly delivered to another office worker, Saajan, a lonely man on the verge of retirement. Curious about the lack of reaction from her husband, Ila puts a little note in the following day's lunchbox, in the hopes of getting to the bottom of the mystery. This begins a series of lunchbox notes between Saajan and Ila, and the mere comfort of communicating with a stranger anonymously soon evolves into an unexpected friendship. Gradually, their notes become little confessions about their loneliness, memories, regrets, fears, and even small joys. They each discover a new sense of self and find an anchor to hold on to in the big city of Mumbai that so often crushes hopes and dreams. Still strangers physically, Ila and Saajan become lost in a virtual relationship that could jeopardize both their realities. (C) Sony Classics","posters":{"thumbnail":"http://content9.flixster.com/movie/11/17/63/11176303_mob.jpg","profile":"http://content9.flixster.com/movie/11/17/63/11176303_pro.jpg","detailed":"http://content9.flixster.com/movie/11/17/63/11176303_det.jpg","original":"http://content9.flixster.com/movie/11/17/63/11176303_ori.jpg"},"abridged_cast":[{"name":"Irfan Khan","id":"280206663","characters":["Saajan Fernandes"]},{"name":"Nimrat Kaur","id":"771046373","characters":["Ila"]},{"name":"Nawazuddin Siddiqui","id":"770867888","characters":["Shaikh"]},{"name":"Denzil Smith","id":"770739255","characters":["Mr. Shroff"]},{"name":"Bharati Achrekar","id":"770756854","characters":["Mrs. Deshpande"]}],"alternate_ids":{"imdb":"2350496"},"links":{"self":"http://api.rottentomatoes.com/api/public/v1.0/movies/771355933.json","alternate":"http://www.rottentomatoes.com/m/the_lunchbox/","cast":"http://api.rottentomatoes.com/api/public/v1.0/movies/771355933/cast.json","clips":"http://api.rottentomatoes.com/api/public/v1.0/movies/771355933/clips.json","reviews":"http://api.rottentomatoes.com/api/public/v1.0/movies/771355933/reviews.json","similar":"http://api.rottentomatoes.com/api/public/v1.0/movies/771355933/similar.json"}},{"id":"771350902","title":"The Longest Ride","year":2015,"mpaa_rating":"Unrated","runtime":"","release_dates":{"theater":"2015-04-03"},"ratings":{"critics_score":-1,"audience_score":82},"synopsis":"","posters":{"thumbnail":"http://images.rottentomatoescdn.com/images/redesign/poster_default.gif","profile":"http://images.rottentomatoescdn.com/images/redesign/poster_default.gif","detailed":"http://images.rottentomatoescdn.com/images/redesign/poster_default.gif","original":"http://images.rottentomatoescdn.com/images/redesign/poster_default.gif"},"abridged_cast":[],"alternate_ids":{"imdb":"2726560"},"links":{"self":"http://api.rottentomatoes.com/api/public/v1.0/movies/771350902.json","alternate":"http://www.rottentomatoes.com/m/the_longest_ride/","cast":"http://api.rottentomatoes.com/api/public/v1.0/movies/771350902/cast.json","clips":"http://api.rottentomatoes.com/api/public/v1.0/movies/771350902/clips.json","reviews":"http://api.rottentomatoes.com/api/public/v1.0/movies/771350902/reviews.json","similar":"http://api.rottentomatoes.com/api/public/v1.0/movies/771350902/similar.json"}},{"id":"771349837","title":"The Maze Runner","year":2014,"mpaa_rating":"Unrated","runtime":"","release_dates":{"theater":"2014-09-19"},"ratings":{"critics_score":-1,"audience_score":99},"synopsis":"When Thomas wakes up trapped in a massive maze with a group of other boys, he has no memory of the outside world other than strange dreams about a mysterious organization known as W.C.K.D. Only by piecing together fragments of his past with clues he discovers in the maze can Thomas hope to uncover his true purpose and a way to escape. Based upon the best-selling novel by James Dashner. (c) Fox","posters":{"thumbnail":"http://images.rottentomatoescdn.com/images/redesign/poster_default.gif","profile":"http://images.rottentomatoescdn.com/images/redesign/poster_default.gif","detailed":"http://images.rottentomatoescdn.com/images/redesign/poster_default.gif","original":"http://images.rottentomatoescdn.com/images/redesign/poster_default.gif"},"abridged_cast":[{"name":"Dylan O'Brien","id":"771375271"},{"name":"Kaya Scodelario","id":"770803276"},{"name":"Will Poulter","id":"770791291"},{"name":"Thomas Sangster","id":"162710614"},{"name":"Aml Ameen","id":"364640368"}],"alternate_ids":{"imdb":"1790864"},"links":{"self":"http://api.rottentomatoes.com/api/public/v1.0/movies/771349837.json","alternate":"http://www.rottentomatoes.com/m/the_maze_runner/","cast":"http://api.rottentomatoes.com/api/public/v1.0/movies/771349837/cast.json","clips":"http://api.rottentomatoes.com/api/public/v1.0/movies/771349837/clips.json","reviews":"http://api.rottentomatoes.com/api/public/v1.0/movies/771349837/reviews.json","similar":"http://api.rottentomatoes.com/api/public/v1.0/movies/771349837/similar.json"}},{"id":"771359099","title":"The Amazing Spider-Man 3","year":2016,"mpaa_rating":"Unrated","runtime":"","release_dates":{"theater":"2016-06-10"},"ratings":{"critics_score":-1,"audience_score":98},"synopsis":"Everyone's favorite web-crawler returns in this comic-book sequel from Sony Pictures. ~ Jason Buchanan, Rovi","posters":{"thumbnail":"http://images.rottentomatoescdn.com/images/redesign/poster_default.gif","profile":"http://images.rottentomatoescdn.com/images/redesign/poster_default.gif","detailed":"http://images.rottentomatoescdn.com/images/redesign/poster_default.gif","original":"http://images.rottentomatoescdn.com/images/redesign/poster_default.gif"},"abridged_cast":[{"name":"Andrew Garfield","id":"770779702"}],"alternate_ids":{"imdb":"2250912"},"links":{"self":"http://api.rottentomatoes.com/api/public/v1.0/movies/771359099.json","alternate":"http://www.rottentomatoes.com/m/the_amazing_spider_man_3/","cast":"http://api.rottentomatoes.com/api/public/v1.0/movies/771359099/cast.json","clips":"http://api.rottentomatoes.com/api/public/v1.0/movies/771359099/clips.json","reviews":"http://api.rottentomatoes.com/api/public/v1.0/movies/771359099/reviews.json","similar":"http://api.rottentomatoes.com/api/public/v1.0/movies/771359099/similar.json"}},{"id":"770818088","title":"The Losers","year":2010,"mpaa_rating":"PG-13","runtime":98,"critics_consensus":"The Losers is loud, fast, and unrelentingly violent -- but it's also funny and well-acted, which will make all the difference for some action fans.","release_dates":{"theater":"2010-04-23","dvd":"2010-07-20"},"ratings":{"critics_rating":"Rotten","critics_score":49,"audience_rating":"Spilled","audience_score":54},"synopsis":"Director Sylvain White adapts the Vertigo comic about a team of mercenaries who wage war on the CIA after they're double-crossed in the field and left to die. Clay (Jeffrey Dean Morgan), Jensen (Chris Evans), Roque (Idris Elba), Pooch (Columbus Short), and Cougar (Oscar Jaenada) were on a black-ops mission in the Bolivian jungle when rogue CIA agent Max (Jason Patric) hung them out to dry. After beating the odds and surviving their ordeal, the team decides to strike back against Max even if it means sacrificing their own lives to do so. Aiding them on their treacherous suicide mission is sexy operative Aisha (Zoe Saldana), who has her own reasons for wanting to see Max get his just deserts. But getting to Max won't be easy, because in addition to having the CIA on his side, he's about to spark a war that could plunge the entire globe into chaos. Their time quickly running out as Max's plan kicks into overdrive, the Special Forces unit that everyone assumed dead arms themselves to the teeth and prepares to strike back with a vengeance. ~ Jason Buchanan, Rovi","posters":{"thumbnail":"http://content8.flixster.com/movie/11/17/00/11170062_mob.jpg","profile":"http://content8.flixster.com/movie/11/17/00/11170062_pro.jpg","detailed":"http://content8.flixster.com/movie/11/17/00/11170062_det.jpg","original":"http://content8.flixster.com/movie/11/17/00/11170062_ori.jpg"},"abridged_cast":[{"name":"Jeffrey Dean Morgan","id":"770674876","characters":["Clay"]},{"name":"Zoe Saldana","id":"162660050","characters":["Aisha"]},{"name":"Chris Evans","id":"162652784","characters":["Jensen"]},{"name":"Idris Elba","id":"162654425","characters":["Roque"]},{"name":"Columbus Short","id":"364478848","characters":["Pooch"]}],"alternate_ids":{"imdb":"0480255"},"links":{"self":"http://api.rottentomatoes.com/api/public/v1.0/movies/770818088.json","alternate":"http://www.rottentomatoes.com/m/1226860-losers/","cast":"http://api.rottentomatoes.com/api/public/v1.0/movies/770818088/cast.json","clips":"http://api.rottentomatoes.com/api/public/v1.0/movies/770818088/clips.json","reviews":"http://api.rottentomatoes.com/api/public/v1.0/movies/770818088/reviews.json","similar":"http://api.rottentomatoes.com/api/public/v1.0/movies/770818088/similar.json"}},{"id":"771251238","title":"The Smurfs 2","year":2013,"mpaa_rating":"PG","runtime":105,"critics_consensus":"Like its predecessor, Smurfs 2 may amuse small children, but it's largely an unambitious, charm-free collection of slapstick gags and one-liners.","release_dates":{"theater":"2013-07-31","dvd":"2013-12-03"},"ratings":{"critics_rating":"Rotten","critics_score":14,"audience_rating":"Spilled","audience_score":58},"synopsis":"The Smurfs are back with this follow-up to the blockbuster smash hit from 2011. J. David Stem and David Weiss provide the script, from a story they wrote with Jay Scherick and David Ronn. ~ Jeremy Wheeler, Rovi","posters":{"thumbnail":"http://content8.flixster.com/movie/11/17/53/11175394_mob.jpg","profile":"http://content8.flixster.com/movie/11/17/53/11175394_pro.jpg","detailed":"http://content8.flixster.com/movie/11/17/53/11175394_det.jpg","original":"http://content8.flixster.com/movie/11/17/53/11175394_ori.jpg"},"abridged_cast":[{"name":"Hank Azaria","id":"162695372","characters":["Gargamel"]},{"name":"Neil Patrick Harris","id":"351527581","characters":["Patrick"]},{"name":"Brendan Gleeson","id":"162652243","characters":["Victor"]},{"name":"Jayma Mays","id":"162653327","characters":["Grace"]},{"name":"Katy Perry","id":"771081446","characters":["Smurfette"]}],"alternate_ids":{"imdb":"2017020"},"links":{"self":"http://api.rottentomatoes.com/api/public/v1.0/movies/771251238.json","alternate":"http://www.rottentomatoes.com/m/the_smurfs_2/","cast":"http://api.rottentomatoes.com/api/public/v1.0/movies/771251238/cast.json","clips":"http://api.rottentomatoes.com/api/public/v1.0/movies/771251238/clips.json","reviews":"http://api.rottentomatoes.com/api/public/v1.0/movies/771251238/reviews.json","similar":"http://api.rottentomatoes.com/api/public/v1.0/movies/771251238/similar.json"}},{"id":"771202144","title":"The Girl with the Dragon Tattoo","year":2011,"mpaa_rating":"R","runtime":157,"critics_consensus":"Brutal yet captivating, The Girl With the Dragon Tattoo is the result of David Fincher working at his lurid best with total role commitment from star Rooney Mara.","release_dates":{"theater":"2011-12-20","dvd":"2012-03-20"},"ratings":{"critics_rating":"Certified Fresh","critics_score":86,"audience_rating":"Upright","audience_score":86},"synopsis":"The Girl with the Dragon Tattoo is the first film in Columbia Pictures' three-picture adaptation of Stieg Larsson's literary blockbuster The Millennium Trilogy. Directed by David Fincher and starring Daniel Craig and Rooney Mara, the film is based on the first novel in the trilogy, which altogether have sold 50 million copies in 46 countries and become a worldwide phenomenon. -- (C) Sony","posters":{"thumbnail":"http://content8.flixster.com/movie/11/16/39/11163974_mob.jpg","profile":"http://content8.flixster.com/movie/11/16/39/11163974_pro.jpg","detailed":"http://content8.flixster.com/movie/11/16/39/11163974_det.jpg","original":"http://content8.flixster.com/movie/11/16/39/11163974_ori.jpg"},"abridged_cast":[{"name":"Daniel Craig","id":"162687443","characters":["Mikael Blomkvist"]},{"name":"Rooney Mara","id":"770826640","characters":["Lisbeth Salander"]},{"name":"Christopher Plummer","id":"162652929","characters":["Henrik Vanger"]},{"name":"Stellan Skarsgard","id":"162684205","characters":["Martin Vanger"]},{"name":"Steven Berkoff","id":"162654984","characters":["Dirch Frode","Frode"]}],"alternate_ids":{"imdb":"1568346"},"links":{"self":"http://api.rottentomatoes.com/api/public/v1.0/movies/771202144.json","alternate":"http://www.rottentomatoes.com/m/the_girl_with_the_dragon_tattoo/","cast":"http://api.rottentomatoes.com/api/public/v1.0/movies/771202144/cast.json","clips":"http://api.rottentomatoes.com/api/public/v1.0/movies/771202144/clips.json","reviews":"http://api.rottentomatoes.com/api/public/v1.0/movies/771202144/reviews.json","similar":"http://api.rottentomatoes.com/api/public/v1.0/movies/771202144/similar.json"}},{"id":"10214","title":"The Wedding Singer","year":1998,"mpaa_rating":"PG-13","runtime":96,"critics_consensus":"It's decidedly uneven -- and surprisingly sappy for an early Adam Sandler comedy -- but The Wedding Singer is also sweet, funny, and beguiling.","release_dates":{"theater":"1998-02-13","dvd":"1998-08-05"},"ratings":{"critics_rating":"Fresh","critics_score":67,"audience_rating":"Upright","audience_score":81},"synopsis":"","posters":{"thumbnail":"http://content6.flixster.com/movie/10/87/41/10874148_mob.jpg","profile":"http://content6.flixster.com/movie/10/87/41/10874148_pro.jpg","detailed":"http://content6.flixster.com/movie/10/87/41/10874148_det.jpg","original":"http://content6.flixster.com/movie/10/87/41/10874148_ori.jpg"},"abridged_cast":[{"name":"Adam Sandler","id":"162652550","characters":["Robbie Hart"]},{"name":"Drew Barrymore","id":"162652402","characters":["Julia Sullivan"]},{"name":"Allen Covert","id":"364597463","characters":["Sammy"]},{"name":"Christine Taylor","id":"298138973","characters":["Holly"]},{"name":"Matthew Glave","id":"568063690","characters":["Glen Gulia"]}],"alternate_ids":{"imdb":"0120888"},"links":{"self":"http://api.rottentomatoes.com/api/public/v1.0/movies/10214.json","alternate":"http://www.rottentomatoes.com/m/wedding_singer/","cast":"http://api.rottentomatoes.com/api/public/v1.0/movies/10214/cast.json","clips":"http://api.rottentomatoes.com/api/public/v1.0/movies/10214/clips.json","reviews":"http://api.rottentomatoes.com/api/public/v1.0/movies/10214/reviews.json","similar":"http://api.rottentomatoes.com/api/public/v1.0/movies/10214/similar.json"}},{"id":"10117","title":"The Ring Two","year":2005,"mpaa_rating":"PG-13","runtime":110,"critics_consensus":"Ring Two serves up horror cliches, and not even Hideo Nakata, the director of the movies from which this one is based, can save the movie from a dull screenplay full of absurdities.","release_dates":{"theater":"2005-03-18","dvd":"2005-08-23"},"ratings":{"critics_rating":"Rotten","critics_score":20,"audience_rating":"Spilled","audience_score":34},"synopsis":"","posters":{"thumbnail":"http://content9.flixster.com/movie/10/86/94/10869455_mob.jpg","profile":"http://content9.flixster.com/movie/10/86/94/10869455_pro.jpg","detailed":"http://content9.flixster.com/movie/10/86/94/10869455_det.jpg","original":"http://content9.flixster.com/movie/10/86/94/10869455_ori.jpg"},"abridged_cast":[{"name":"Naomi Watts","id":"162654749","characters":["Rachel Keller"]},{"name":"Simon Baker","id":"162652695","characters":["Max Rourke"]},{"name":"David Dorfman","id":"162660316","characters":["Aidan"]},{"name":"Elizabeth Perkins","id":"162652928","characters":["Dr. Emma Temple"]},{"name":"Gary Cole","id":"162678007","characters":["Martin Savidge"]}],"alternate_ids":{"imdb":"0377109"},"links":{"self":"http://api.rottentomatoes.com/api/public/v1.0/movies/10117.json","alternate":"http://www.rottentomatoes.com/m/ring_two/","cast":"http://api.rottentomatoes.com/api/public/v1.0/movies/10117/cast.json","clips":"http://api.rottentomatoes.com/api/public/v1.0/movies/10117/clips.json","reviews":"http://api.rottentomatoes.com/api/public/v1.0/movies/10117/reviews.json","similar":"http://api.rottentomatoes.com/api/public/v1.0/movies/10117/similar.json"}},{"id":"771313084","title":"In Secret","year":2013,"mpaa_rating":"R","runtime":109,"critics_consensus":"Although it benefits from a strong cast, In Secret's stars can't totally compensate for the movie's sodden pacing and overly familiar story.","release_dates":{"theater":"2014-02-21"},"ratings":{"critics_rating":"Rotten","critics_score":47,"audience_rating":"Spilled","audience_score":48},"synopsis":"Based on Emile Zola's scandalous novel, Therese Raquin, IN SECRET is a tale of obsessive love, adultery and revenge set in the lower depths of 1860s Paris. Therese (Elizabeth Olsen of \"Martha Marcy May Marlene\"), a sexually repressed beautiful young woman, is trapped into a loveless marriage to her sickly cousin, Camille (Tom Felton of the \"Harry Potter\" franchise), by her domineering aunt, Madame Raquin (two-time Academy Award winner Jessica Lange). Therese spends her days confined behind the counter of a small shop and her evenings watching Madame play dominos with an eclectic group. After she meets her husband's alluring childhood friend, Laurent (Oscar Isaac of \"Inside Llewyn Davis\"), she embarks on an illicit affair that leads to tragic consequences. (c) Roadside","posters":{"thumbnail":"http://content8.flixster.com/movie/11/17/56/11175650_mob.jpg","profile":"http://content8.flixster.com/movie/11/17/56/11175650_pro.jpg","detailed":"http://content8.flixster.com/movie/11/17/56/11175650_det.jpg","original":"http://content8.flixster.com/movie/11/17/56/11175650_ori.jpg"},"abridged_cast":[{"name":"Elizabeth Olsen","id":"770827678","characters":["Therese","Therese Raquin"]},{"name":"Tom Felton","id":"400215238","characters":["Camille","Camille Raquin"]},{"name":"Jessica Lange","id":"162653068","characters":["Madame Raquin"]},{"name":"Oscar Isaac","id":"364655827","characters":["Laurent","Laurent LeClaire"]},{"name":"Shirley Henderson","id":"162729895","characters":["Suzanne"]}],"alternate_ids":{"imdb":"0409379"},"links":{"self":"http://api.rottentomatoes.com/api/public/v1.0/movies/771313084.json","alternate":"http://www.rottentomatoes.com/m/in_secret/","cast":"http://api.rottentomatoes.com/api/public/v1.0/movies/771313084/cast.json","clips":"http://api.rottentomatoes.com/api/public/v1.0/movies/771313084/clips.json","reviews":"http://api.rottentomatoes.com/api/public/v1.0/movies/771313084/reviews.json","similar":"http://api.rottentomatoes.com/api/public/v1.0/movies/771313084/similar.json"}},{"id":"771325548","title":"The Right Kind of Wrong","year":2013,"mpaa_rating":"R","runtime":97,"release_dates":{"theater":"2014-03-14","dvd":"2014-05-20"},"ratings":{"critics_rating":"Rotten","critics_score":11,"audience_score":76},"synopsis":"In Jeremiah S. Chechik's romantic comedy The Right Kind of Wrong, everyone knows Leo (Ryan Kwanten) has many faults because his estranged wife has devoted a popular blog to detailing his failings. That does not stop him from attempting to win the heart of the girl of his dreams (Sara Canning) the day he meets her, even though she's headed to get married to a seemingly perfect guy. ~ Perry Seibert, Rovi","posters":{"thumbnail":"http://content6.flixster.com/movie/11/17/56/11175644_mob.jpg","profile":"http://content6.flixster.com/movie/11/17/56/11175644_pro.jpg","detailed":"http://content6.flixster.com/movie/11/17/56/11175644_det.jpg","original":"http://content6.flixster.com/movie/11/17/56/11175644_ori.jpg"},"abridged_cast":[{"name":"Ryan Kwanten","id":"356196877","characters":["Leo Palamino"]},{"name":"Sara Canning","id":"770816579","characters":["Colette"]},{"name":"Catherine O'Hara","id":"162658234"},{"name":"Will Sasso","id":"535071143"},{"name":"Ryan McPartlin","id":"770805049"}],"alternate_ids":{"imdb":"2286990"},"links":{"self":"http://api.rottentomatoes.com/api/public/v1.0/movies/771325548.json","alternate":"http://www.rottentomatoes.com/m/the_right_kind_of_wrong/","cast":"http://api.rottentomatoes.com/api/public/v1.0/movies/771325548/cast.json","clips":"http://api.rottentomatoes.com/api/public/v1.0/movies/771325548/clips.json","reviews":"http://api.rottentomatoes.com/api/public/v1.0/movies/771325548/reviews.json","similar":"http://api.rottentomatoes.com/api/public/v1.0/movies/771325548/similar.json"}},{"id":"771359096","title":"The Double","year":2014,"mpaa_rating":"R","runtime":93,"release_dates":{"theater":"2014-05-09"},"ratings":{"critics_rating":"Fresh","critics_score":94,"audience_score":98},"synopsis":"Eisenberg plays Simon, a timid, isolated man who's overlooked at work, scorned by his mother, and ignored by the woman of his dreams (Wasikowska). The arrival of a new co-worker, James (also played by Eisenberg), serves to upset the balance. James is both Simon's exact physical double and his opposite - confident, charismatic and good with women. To Simon's horror, James slowly starts taking over his life. (c) Magnolia","posters":{"thumbnail":"http://content7.flixster.com/movie/11/17/57/11175729_mob.jpg","profile":"http://content7.flixster.com/movie/11/17/57/11175729_pro.jpg","detailed":"http://content7.flixster.com/movie/11/17/57/11175729_det.jpg","original":"http://content7.flixster.com/movie/11/17/57/11175729_ori.jpg"},"abridged_cast":[{"name":"Cathy Moriarty","id":"162676382"},{"name":"Wallace Shawn","id":"162671862"},{"name":"Noah Taylor","id":"162708662"},{"name":"James Fox","id":"162656129"},{"name":"Paddy Considine","id":"162652573"}],"alternate_ids":{"imdb":"1825157"},"links":{"self":"http://api.rottentomatoes.com/api/public/v1.0/movies/771359096.json","alternate":"http://www.rottentomatoes.com/m/the_double_2013/","cast":"http://api.rottentomatoes.com/api/public/v1.0/movies/771359096/cast.json","clips":"http://api.rottentomatoes.com/api/public/v1.0/movies/771359096/clips.json","reviews":"http://api.rottentomatoes.com/api/public/v1.0/movies/771359096/reviews.json","similar":"http://api.rottentomatoes.com/api/public/v1.0/movies/771359096/similar.json"}},{"id":"771364869","title":"The Bag Man","year":2014,"mpaa_rating":"R","runtime":108,"release_dates":{"theater":"2014-02-28","dvd":"2014-04-01"},"ratings":{"critics_rating":"Rotten","critics_score":8,"audience_rating":"Spilled","audience_score":55},"synopsis":"THE BAG MAN is a taut crime thriller that follows the story of JACK (John Cusack), a tough guy with chronic bad luck but human touches. Hired by DRAGNA (Robert De Niro), a legendary crime boss to complete a simple but unusual task, the plot centers around the anticipated arrival of Dragna who has summoned JACK and a host of shady characters to a remote location for unknown reasons. Over the course of a long and violently eventful night awaiting Dragna's arrival, Jack's path crosses that of RIVKA (Rebecca Da Costa), a stunningly beautiful woman whose life becomes physically and emotionally entangled with Jack's. When Dragna finally arrives on the scene there are sudden and extreme consequences for all. (c) Cinedigm","posters":{"thumbnail":"http://content7.flixster.com/movie/11/17/60/11176009_mob.jpg","profile":"http://content7.flixster.com/movie/11/17/60/11176009_pro.jpg","detailed":"http://content7.flixster.com/movie/11/17/60/11176009_det.jpg","original":"http://content7.flixster.com/movie/11/17/60/11176009_ori.jpg"},"abridged_cast":[{"name":"John Cusack","id":"162652927","characters":["Jack"]},{"name":"Robert De Niro","id":"162655521","characters":["Dragna"]},{"name":"Rebecca Da Costa","id":"771380036","characters":["Rivka"]},{"name":"Crispin Glover","id":"371357765","characters":["Ned"]},{"name":"Dominic Purcell","id":"162717664","characters":["Larson"]}],"alternate_ids":{"imdb":"2212008"},"links":{"self":"http://api.rottentomatoes.com/api/public/v1.0/movies/771364869.json","alternate":"http://www.rottentomatoes.com/m/the_bag_man/","cast":"http://api.rottentomatoes.com/api/public/v1.0/movies/771364869/cast.json","clips":"http://api.rottentomatoes.com/api/public/v1.0/movies/771364869/clips.json","reviews":"http://api.rottentomatoes.com/api/public/v1.0/movies/771364869/reviews.json","similar":"http://api.rottentomatoes.com/api/public/v1.0/movies/771364869/similar.json"}},{"id":"15615","title":"The Exorcist","year":1973,"mpaa_rating":"R","runtime":122,"critics_consensus":"The Exorcist rides its supernatural theme to magical effect, with remarkable special effects and an eerie atmosphere, resulting in one of the scariest films of all time.","release_dates":{"theater":"1973-12-26","dvd":"1998-12-01"},"ratings":{"critics_rating":"Certified Fresh","critics_score":88,"audience_rating":"Upright","audience_score":87},"synopsis":"","posters":{"thumbnail":"http://content8.flixster.com/movie/11/16/80/11168090_mob.jpg","profile":"http://content8.flixster.com/movie/11/16/80/11168090_pro.jpg","detailed":"http://content8.flixster.com/movie/11/16/80/11168090_det.jpg","original":"http://content8.flixster.com/movie/11/16/80/11168090_ori.jpg"},"abridged_cast":[{"name":"Ellen Burstyn","id":"162660525","characters":["Chris MacNeil"]},{"name":"Linda Blair","id":"162670649","characters":["Regan MacNeil"]},{"name":"Max von Sydow","id":"162657879","characters":["Father Merrin"]},{"name":"Jason Miller","id":"768079841","characters":["Father Damien Karras"]},{"name":"Kitty Winn","id":"326390978","characters":["Sharon"]}],"alternate_ids":{"imdb":"0070047"},"links":{"self":"http://api.rottentomatoes.com/api/public/v1.0/movies/15615.json","alternate":"http://www.rottentomatoes.com/m/exorcist/","cast":"http://api.rottentomatoes.com/api/public/v1.0/movies/15615/cast.json","clips":"http://api.rottentomatoes.com/api/public/v1.0/movies/15615/clips.json","reviews":"http://api.rottentomatoes.com/api/public/v1.0/movies/15615/reviews.json","similar":"http://api.rottentomatoes.com/api/public/v1.0/movies/15615/similar.json"}},{"id":"14900","title":"The Breakfast Club","year":1985,"mpaa_rating":"R","runtime":97,"critics_consensus":"The Breakfast Club is a warm, insightful, and very funny look into the inner lives of teenagers.","release_dates":{"theater":"1985-05-15","dvd":"2003-09-02"},"ratings":{"critics_rating":"Certified Fresh","critics_score":91,"audience_rating":"Upright","audience_score":92},"synopsis":"","posters":{"thumbnail":"http://content8.flixster.com/movie/11/17/12/11171278_mob.jpg","profile":"http://content8.flixster.com/movie/11/17/12/11171278_pro.jpg","detailed":"http://content8.flixster.com/movie/11/17/12/11171278_det.jpg","original":"http://content8.flixster.com/movie/11/17/12/11171278_ori.jpg"},"abridged_cast":[{"name":"Emilio Estevez","id":"162663376","characters":["Andrew Clark"]},{"name":"Judd Nelson","id":"162664668","characters":["John Bender"]},{"name":"Molly Ringwald","id":"162659987","characters":["Claire Standish"]},{"name":"Anthony Michael Hall","id":"162676968","characters":["Brian Johnson"]},{"name":"Ally Sheedy","id":"162661744","characters":["Allison Reynolds"]}],"alternate_ids":{"imdb":"0088847"},"links":{"self":"http://api.rottentomatoes.com/api/public/v1.0/movies/14900.json","alternate":"http://www.rottentomatoes.com/m/breakfast_club/","cast":"http://api.rottentomatoes.com/api/public/v1.0/movies/14900/cast.json","clips":"http://api.rottentomatoes.com/api/public/v1.0/movies/14900/clips.json","reviews":"http://api.rottentomatoes.com/api/public/v1.0/movies/14900/reviews.json","similar":"http://api.rottentomatoes.com/api/public/v1.0/movies/14900/similar.json"}},{"id":"771355875","title":"The Missing Picture","year":2014,"mpaa_rating":"Unrated","runtime":90,"release_dates":{"theater":"2014-03-19"},"ratings":{"critics_rating":"Fresh","critics_score":97,"audience_score":75},"synopsis":"SYNOPSIS: For many years, I have been looking for the missing picture: a photograph taken between 1975 and 1979 by the Khmer Rouge when they ruled over Cambodia...On its own, of course, an image cannot prove mass murder, but it gives us cause for thought, prompts us to meditate, to record History. I searched for it vainly in the archives, in old papers, in the country villages of Cambodia. Today I know: this image must be missing. I was not really looking for it; would it not be obscene and insignificant? So I created it. What I give you today is neither the picture nor the search for a unique image, but the picture of a quest: the quest that cinema allows. (c) Strand","posters":{"thumbnail":"http://content9.flixster.com/movie/11/17/39/11173979_mob.jpg","profile":"http://content9.flixster.com/movie/11/17/39/11173979_pro.jpg","detailed":"http://content9.flixster.com/movie/11/17/39/11173979_det.jpg","original":"http://content9.flixster.com/movie/11/17/39/11173979_ori.jpg"},"abridged_cast":[{"name":"Randal Douc","id":"770820187"}],"alternate_ids":{"imdb":"2852470"},"links":{"self":"http://api.rottentomatoes.com/api/public/v1.0/movies/771355875.json","alternate":"http://www.rottentomatoes.com/m/the_missing_picture/","cast":"http://api.rottentomatoes.com/api/public/v1.0/movies/771355875/cast.json","clips":"http://api.rottentomatoes.com/api/public/v1.0/movies/771355875/clips.json","reviews":"http://api.rottentomatoes.com/api/public/v1.0/movies/771355875/reviews.json","similar":"http://api.rottentomatoes.com/api/public/v1.0/movies/771355875/similar.json"}},{"id":"10169","title":"The Waterboy","year":1998,"mpaa_rating":"PG-13","runtime":90,"critics_consensus":"This is an insult to its genre with low humor and cheap gags.","release_dates":{"theater":"1998-11-06","dvd":"1999-03-16"},"ratings":{"critics_rating":"Rotten","critics_score":35,"audience_rating":"Upright","audience_score":72},"synopsis":"","posters":{"thumbnail":"http://content7.flixster.com/movie/25/44/254405_mob.jpg","profile":"http://content7.flixster.com/movie/25/44/254405_pro.jpg","detailed":"http://content7.flixster.com/movie/25/44/254405_det.jpg","original":"http://content7.flixster.com/movie/25/44/254405_ori.jpg"},"abridged_cast":[{"name":"Adam Sandler","id":"162652550","characters":["Bobby Boucher"]},{"name":"Kathy Bates","id":"162660148","characters":["Mama Boucher"]},{"name":"Henry Winkler","id":"162660777","characters":["Coach Klein"]},{"name":"Fairuza Balk","id":"162731353","characters":["Vicki Vallencourt"]},{"name":"Jerry Reed","id":"364615441","characters":["Red Beaulieu"]}],"alternate_ids":{"imdb":"0120484"},"links":{"self":"http://api.rottentomatoes.com/api/public/v1.0/movies/10169.json","alternate":"http://www.rottentomatoes.com/m/waterboy/","cast":"http://api.rottentomatoes.com/api/public/v1.0/movies/10169/cast.json","clips":"http://api.rottentomatoes.com/api/public/v1.0/movies/10169/clips.json","reviews":"http://api.rottentomatoes.com/api/public/v1.0/movies/10169/reviews.json","similar":"http://api.rottentomatoes.com/api/public/v1.0/movies/10169/similar.json"}},{"id":"771365263","title":"The Giver","year":2014,"mpaa_rating":"Unrated","runtime":"","release_dates":{"theater":"2014-08-15"},"ratings":{"critics_score":-1,"audience_score":99},"synopsis":"The haunting story of THE GIVER centers on Jonas, who lives in a seemingly ideal, if colorless, world of conformity and contentment. Not until he is given his life assignment as the Receiver of Memory does he begin to understand the dark, complex secrets behind his fragile community. The film is based on Lois Lowry's beloved young adult novel of the same name, which was the winner the 1994 Newbury Medal and has sold over 10 million copies worldwide. (C) Weinstein","posters":{"thumbnail":"http://images.rottentomatoescdn.com/images/redesign/poster_default.gif","profile":"http://images.rottentomatoescdn.com/images/redesign/poster_default.gif","detailed":"http://images.rottentomatoescdn.com/images/redesign/poster_default.gif","original":"http://images.rottentomatoescdn.com/images/redesign/poster_default.gif"},"abridged_cast":[{"name":"Jeff Bridges","id":"162655890","characters":["The Giver"]},{"name":"Meryl Streep","id":"162654900","characters":["Chief Elder"]},{"name":"Katie Holmes","id":"162652648"},{"name":"Cameron Monaghan","id":"770678611"},{"name":"Taylor Swift","id":"770677834","characters":["Rosemary"]}],"alternate_ids":{"imdb":"0435651"},"links":{"self":"http://api.rottentomatoes.com/api/public/v1.0/movies/771365263.json","alternate":"http://www.rottentomatoes.com/m/the_giver/","cast":"http://api.rottentomatoes.com/api/public/v1.0/movies/771365263/cast.json","clips":"http://api.rottentomatoes.com/api/public/v1.0/movies/771365263/clips.json","reviews":"http://api.rottentomatoes.com/api/public/v1.0/movies/771365263/reviews.json","similar":"http://api.rottentomatoes.com/api/public/v1.0/movies/771365263/similar.json"}},{"id":"11094","title":"The Fast and the Furious","year":2001,"mpaa_rating":"PG-13","runtime":107,"critics_consensus":"Sleek and shiny on the surface, The Fast and the Furious recalls those cheesy teenage exploitation flicks of the 1950s.","release_dates":{"theater":"2001-06-22","dvd":"2002-01-01"},"ratings":{"critics_rating":"Rotten","critics_score":53,"audience_rating":"Upright","audience_score":74},"synopsis":"","posters":{"thumbnail":"http://content6.flixster.com/movie/11/16/88/11168868_mob.jpg","profile":"http://content6.flixster.com/movie/11/16/88/11168868_pro.jpg","detailed":"http://content6.flixster.com/movie/11/16/88/11168868_det.jpg","original":"http://content6.flixster.com/movie/11/16/88/11168868_ori.jpg"},"abridged_cast":[{"name":"Paul Walker","id":"162654234","characters":["Brian O'Conner"]},{"name":"Vin Diesel","id":"162652472","characters":["Dominic Toretto"]},{"name":"Michelle Rodriguez","id":"162668831","characters":["Letty"]},{"name":"Jordana Brewster","id":"162662313","characters":["Mia Toretto"]},{"name":"Rick Yune","id":"382065689","characters":["Johnny Tran"]}],"alternate_ids":{"imdb":"0232500"},"links":{"self":"http://api.rottentomatoes.com/api/public/v1.0/movies/11094.json","alternate":"http://www.rottentomatoes.com/m/1108372-fast_and_the_furious/","cast":"http://api.rottentomatoes.com/api/public/v1.0/movies/11094/cast.json","clips":"http://api.rottentomatoes.com/api/public/v1.0/movies/11094/clips.json","reviews":"http://api.rottentomatoes.com/api/public/v1.0/movies/11094/reviews.json","similar":"http://api.rottentomatoes.com/api/public/v1.0/movies/11094/similar.json"}},{"id":"770678782","title":"The Spirit","year":2008,"mpaa_rating":"PG-13","runtime":102,"critics_consensus":"Though its visuals are unique, The Spirit's plot is almost incomprehensible, the dialogue is ludicrously mannered, and the characters are unmemorable.","release_dates":{"theater":"2008-12-25","dvd":"2009-04-14"},"ratings":{"critics_rating":"Rotten","critics_score":14,"audience_rating":"Spilled","audience_score":26},"synopsis":"","posters":{"thumbnail":"http://content7.flixster.com/movie/10/87/76/10877625_mob.jpg","profile":"http://content7.flixster.com/movie/10/87/76/10877625_pro.jpg","detailed":"http://content7.flixster.com/movie/10/87/76/10877625_det.jpg","original":"http://content7.flixster.com/movie/10/87/76/10877625_ori.jpg"},"abridged_cast":[{"name":"Gabriel Macht","id":"162688468","characters":["The Spirit"]},{"name":"Samuel L. Jackson","id":"162652156","characters":["The Octopus"]},{"name":"Sarah Paulson","id":"563559693","characters":["Ellen"]},{"name":"Eva Mendes","id":"162666504","characters":["Sand Saref"]},{"name":"Dan Lauria","id":"748848781","characters":["Dolan"]}],"alternate_ids":{"imdb":"0831887"},"links":{"self":"http://api.rottentomatoes.com/api/public/v1.0/movies/770678782.json","alternate":"http://www.rottentomatoes.com/m/the_spirit/","cast":"http://api.rottentomatoes.com/api/public/v1.0/movies/770678782/cast.json","clips":"http://api.rottentomatoes.com/api/public/v1.0/movies/770678782/clips.json","reviews":"http://api.rottentomatoes.com/api/public/v1.0/movies/770678782/reviews.json","similar":"http://api.rottentomatoes.com/api/public/v1.0/movies/770678782/similar.json"}},{"id":"10238","title":"Remember the Titans","year":2000,"mpaa_rating":"PG","runtime":113,"critics_consensus":"An inspirational crowd-pleaser with a healthy dose of social commentary, Remember the Titans may be predictable, but it's also well-crafted and features terrific performances.","release_dates":{"theater":"2000-09-23","dvd":"2001-03-20"},"ratings":{"critics_rating":"Fresh","critics_score":73,"audience_rating":"Upright","audience_score":93},"synopsis":"","posters":{"thumbnail":"http://content6.flixster.com/movie/25/47/254720_mob.jpg","profile":"http://content6.flixster.com/movie/25/47/254720_pro.jpg","detailed":"http://content6.flixster.com/movie/25/47/254720_det.jpg","original":"http://content6.flixster.com/movie/25/47/254720_ori.jpg"},"abridged_cast":[{"name":"Denzel Washington","id":"162661439","characters":["Coach Herman Boone"]},{"name":"Will Patton","id":"162690561","characters":["Coach Bill Yoast"]},{"name":"Donald Faison","id":"162667850","characters":["Petey Jones"]},{"name":"Wood Harris","id":"162696247","characters":["Julius \"Big Ju\" Campbell"]},{"name":"Ryan Hurst","id":"326393487","characters":["Gerry Bertier"]}],"alternate_ids":{"imdb":"0210945"},"links":{"self":"http://api.rottentomatoes.com/api/public/v1.0/movies/10238.json","alternate":"http://www.rottentomatoes.com/m/remember_the_titans/","cast":"http://api.rottentomatoes.com/api/public/v1.0/movies/10238/cast.json","clips":"http://api.rottentomatoes.com/api/public/v1.0/movies/10238/clips.json","reviews":"http://api.rottentomatoes.com/api/public/v1.0/movies/10238/reviews.json","similar":"http://api.rottentomatoes.com/api/public/v1.0/movies/10238/similar.json"}},{"id":"771359342","title":"The Amazing Spiderman 4","year":2018,"mpaa_rating":"Unrated","runtime":"","release_dates":{"theater":"2018-05-04"},"ratings":{"critics_score":-1,"audience_score":98},"synopsis":"","posters":{"thumbnail":"http://images.rottentomatoescdn.com/images/redesign/poster_default.gif","profile":"http://images.rottentomatoescdn.com/images/redesign/poster_default.gif","detailed":"http://images.rottentomatoescdn.com/images/redesign/poster_default.gif","original":"http://images.rottentomatoescdn.com/images/redesign/poster_default.gif"},"abridged_cast":[],"links":{"self":"http://api.rottentomatoes.com/api/public/v1.0/movies/771359342.json","alternate":"http://www.rottentomatoes.com/m/the_amazing_spiderman_4/","cast":"http://api.rottentomatoes.com/api/public/v1.0/movies/771359342/cast.json","clips":"http://api.rottentomatoes.com/api/public/v1.0/movies/771359342/clips.json","reviews":"http://api.rottentomatoes.com/api/public/v1.0/movies/771359342/reviews.json","similar":"http://api.rottentomatoes.com/api/public/v1.0/movies/771359342/similar.json"}},{"id":"771221353","title":"The Woman in Black","year":2012,"mpaa_rating":"PG-13","runtime":94,"critics_consensus":"Traditional to a fault, The Woman in Black foregoes gore for chills -- although it may not provide enough of them for viewers attuned to more modern, high-stakes horror.","release_dates":{"theater":"2012-02-03","dvd":"2012-05-22"},"ratings":{"critics_rating":"Fresh","critics_score":66,"audience_rating":"Spilled","audience_score":55},"synopsis":"A young lawyer (Radcliffe) travels to a remote village where he discovers the vengeful ghost of a scorner woman is terrorizing the locals. -- (C) CBS Films","posters":{"thumbnail":"http://content8.flixster.com/movie/11/16/52/11165294_mob.jpg","profile":"http://content8.flixster.com/movie/11/16/52/11165294_pro.jpg","detailed":"http://content8.flixster.com/movie/11/16/52/11165294_det.jpg","original":"http://content8.flixster.com/movie/11/16/52/11165294_ori.jpg"},"abridged_cast":[{"name":"Daniel Radcliffe","id":"162655375","characters":["Arthur Kipps"]},{"name":"Ciaran Hinds","id":"162659596","characters":["Daily","Mr. Daily","Samuel Daily"]},{"name":"Janet McTeer","id":"162662355","characters":["Mrs.  Daily","Mrs. Daily"]},{"name":"Shaun Dooley","id":"770729459","characters":["Fisher"]},{"name":"David Burke","id":"770715685","characters":["PC Collins"]}],"alternate_ids":{"imdb":"1596365"},"links":{"self":"http://api.rottentomatoes.com/api/public/v1.0/movies/771221353.json","alternate":"http://www.rottentomatoes.com/m/the_woman_in_black_2011/","cast":"http://api.rottentomatoes.com/api/public/v1.0/movies/771221353/cast.json","clips":"http://api.rottentomatoes.com/api/public/v1.0/movies/771221353/clips.json","reviews":"http://api.rottentomatoes.com/api/public/v1.0/movies/771221353/reviews.json","similar":"http://api.rottentomatoes.com/api/public/v1.0/movies/771221353/similar.json"}},{"id":"771265550","title":"The Players","year":2014,"mpaa_rating":"Unrated","runtime":109,"release_dates":{"theater":"2014-04-04"},"ratings":{"critics_rating":"Rotten","critics_score":35,"audience_score":72},"synopsis":"Eight short films explore the subject of male infidelity. Serial cheaters, Fred and Greg, spend a night on the town doing what they do best, and with absolutely no regrets. The duo play various characters in assorted extracurricular situations, ranging from sexist to the darker sides of carnal desires.","posters":{"thumbnail":"http://content6.flixster.com/movie/11/16/29/11162908_mob.jpg","profile":"http://content6.flixster.com/movie/11/16/29/11162908_pro.jpg","detailed":"http://content6.flixster.com/movie/11/16/29/11162908_det.jpg","original":"http://content6.flixster.com/movie/11/16/29/11162908_ori.jpg"},"abridged_cast":[{"name":"Sandrine Kiberlain","id":"162702331","characters":["Marie-Christine"]},{"name":"Isabelle Nanty","id":"405588920","characters":["Christine"]},{"name":"Guillaume Canet","id":"162688284","characters":["Thibault"]},{"name":"Gilles Lellouche","id":"284404954","characters":["Greg/Nicolas/Bernard /Antoine/Eric"]},{"name":"Jean Dujardin","id":"285373792","characters":["Fred/Olivier/Francois/Laurent/James"]}],"alternate_ids":{"imdb":"2087850"},"links":{"self":"http://api.rottentomatoes.com/api/public/v1.0/movies/771265550.json","alternate":"http://www.rottentomatoes.com/m/the_players_2014/","cast":"http://api.rottentomatoes.com/api/public/v1.0/movies/771265550/cast.json","clips":"http://api.rottentomatoes.com/api/public/v1.0/movies/771265550/clips.json","reviews":"http://api.rottentomatoes.com/api/public/v1.0/movies/771265550/reviews.json","similar":"http://api.rottentomatoes.com/api/public/v1.0/movies/771265550/similar.json"}},{"id":"770103358","title":"The Mist","year":2007,"mpaa_rating":"R","runtime":125,"critics_consensus":"Frank Darabont's impressive camerawork and politically incisive script make The Mist a truly frightening experience.","release_dates":{"theater":"2007-11-21","dvd":"2008-03-18"},"ratings":{"critics_rating":"Fresh","critics_score":73,"audience_rating":"Upright","audience_score":65},"synopsis":"","posters":{"thumbnail":"http://content7.flixster.com/movie/10/93/48/10934809_mob.jpg","profile":"http://content7.flixster.com/movie/10/93/48/10934809_pro.jpg","detailed":"http://content7.flixster.com/movie/10/93/48/10934809_det.jpg","original":"http://content7.flixster.com/movie/10/93/48/10934809_ori.jpg"},"abridged_cast":[{"name":"Thomas Jane","id":"162688276","characters":["David Drayton"]},{"name":"Marcia Gay Harden","id":"162652892","characters":["Mrs. Carmody"]},{"name":"Laurie Holden","id":"326396647","characters":["Amanda Dumfries"]},{"name":"Andre Braugher","id":"162692369","characters":["Brent Norton"]},{"name":"Toby Jones","id":"326393436","characters":["Ollie"]}],"alternate_ids":{"imdb":"0884328"},"links":{"self":"http://api.rottentomatoes.com/api/public/v1.0/movies/770103358.json","alternate":"http://www.rottentomatoes.com/m/mist/","cast":"http://api.rottentomatoes.com/api/public/v1.0/movies/770103358/cast.json","clips":"http://api.rottentomatoes.com/api/public/v1.0/movies/770103358/clips.json","reviews":"http://api.rottentomatoes.com/api/public/v1.0/movies/770103358/reviews.json","similar":"http://api.rottentomatoes.com/api/public/v1.0/movies/770103358/similar.json"}},{"id":"771353053","title":"The Interview","year":2014,"mpaa_rating":"Unrated","runtime":"","release_dates":{"theater":"2014-10-10"},"ratings":{"critics_score":-1,"audience_score":99},"synopsis":"A talk show host and his producer get wrapped up in a plot to kill North Korea's prime minister in this comedy from actor/writer/director Seth Rogen. ~ Jeremy Wheeler, Rovi","posters":{"thumbnail":"http://images.rottentomatoescdn.com/images/redesign/poster_default.gif","profile":"http://images.rottentomatoescdn.com/images/redesign/poster_default.gif","detailed":"http://images.rottentomatoescdn.com/images/redesign/poster_default.gif","original":"http://images.rottentomatoescdn.com/images/redesign/poster_default.gif"},"abridged_cast":[{"name":"Seth Rogen","id":"162653310"},{"name":"James Franco","id":"162653202"},{"name":"Lizzy Caplan","id":"347990526"},{"name":"Randall Park","id":"770767249"},{"name":"Timothy Simons","id":"771437833"}],"alternate_ids":{"imdb":"2788710"},"links":{"self":"http://api.rottentomatoes.com/api/public/v1.0/movies/771353053.json","alternate":"http://www.rottentomatoes.com/m/the_interview_2014/","cast":"http://api.rottentomatoes.com/api/public/v1.0/movies/771353053/cast.json","clips":"http://api.rottentomatoes.com/api/public/v1.0/movies/771353053/clips.json","reviews":"http://api.rottentomatoes.com/api/public/v1.0/movies/771353053/reviews.json","similar":"http://api.rottentomatoes.com/api/public/v1.0/movies/771353053/similar.json"}},{"id":"771353029","title":"The Judge","year":2014,"mpaa_rating":"Unrated","runtime":"","release_dates":{"theater":"2014-10-10"},"ratings":{"critics_score":-1,"audience_score":99},"synopsis":"Robert Downey Jr. plays a lawyer who heads home when his father, a judge, is implicated as a murder suspect in this comedy drama from Warner Bros. Vera Farmiga, Robert Duvall, Vincent D'Onofrio and Billy Bob Thornton head up the rest of the starring cast. ~ Jeremy Wheeler, Rovi","posters":{"thumbnail":"http://images.rottentomatoescdn.com/images/redesign/poster_default.gif","profile":"http://images.rottentomatoescdn.com/images/redesign/poster_default.gif","detailed":"http://images.rottentomatoescdn.com/images/redesign/poster_default.gif","original":"http://images.rottentomatoescdn.com/images/redesign/poster_default.gif"},"abridged_cast":[{"name":"Robert Downey Jr.","id":"162654529"},{"name":"Robert Duvall","id":"162652186"},{"name":"Vera Farmiga","id":"162655572"},{"name":"Vincent D'Onofrio","id":"162654048"},{"name":"Billy Bob Thornton","id":"162652889"}],"alternate_ids":{"imdb":"1872194"},"links":{"self":"http://api.rottentomatoes.com/api/public/v1.0/movies/771353029.json","alternate":"http://www.rottentomatoes.com/m/the_judge_2014/","cast":"http://api.rottentomatoes.com/api/public/v1.0/movies/771353029/cast.json","clips":"http://api.rottentomatoes.com/api/public/v1.0/movies/771353029/clips.json","reviews":"http://api.rottentomatoes.com/api/public/v1.0/movies/771353029/reviews.json","similar":"http://api.rottentomatoes.com/api/public/v1.0/movies/771353029/similar.json"}},{"id":"14020","title":"The Rocky Horror Picture Show","year":1975,"mpaa_rating":"R","runtime":100,"release_dates":{"theater":"1975-09-25","dvd":"2000-10-03"},"ratings":{"critics_rating":"Fresh","critics_score":78,"audience_rating":"Upright","audience_score":86},"synopsis":"","posters":{"thumbnail":"http://content8.flixster.com/movie/11/16/48/11164850_mob.jpg","profile":"http://content8.flixster.com/movie/11/16/48/11164850_pro.jpg","detailed":"http://content8.flixster.com/movie/11/16/48/11164850_det.jpg","original":"http://content8.flixster.com/movie/11/16/48/11164850_ori.jpg"},"abridged_cast":[{"name":"Tim Curry","id":"162653373","characters":["Dr. Frank-N-Furter"]},{"name":"Susan Sarandon","id":"162654579","characters":["Janet Weiss"]},{"name":"Barry Bostwick","id":"162677211","characters":["Brad Majors"]},{"name":"Richard O'Brien","id":"162666153","characters":["Riff Raff"]},{"name":"Jonathan Adams","id":"770773894","characters":["Dr. Everett V. Scott"]}],"alternate_ids":{"imdb":"0073629"},"links":{"self":"http://api.rottentomatoes.com/api/public/v1.0/movies/14020.json","alternate":"http://www.rottentomatoes.com/m/rocky_horror_picture_show/","cast":"http://api.rottentomatoes.com/api/public/v1.0/movies/14020/cast.json","clips":"http://api.rottentomatoes.com/api/public/v1.0/movies/14020/clips.json","reviews":"http://api.rottentomatoes.com/api/public/v1.0/movies/14020/reviews.json","similar":"http://api.rottentomatoes.com/api/public/v1.0/movies/14020/similar.json"}},{"id":"314387262","title":"The Grudge 2","year":2006,"mpaa_rating":"PG-13","runtime":102,"critics_consensus":"A diminished sequel that makes even less sense than The Grudge 1.","release_dates":{"theater":"2006-10-13","dvd":"2007-02-06"},"ratings":{"critics_rating":"Rotten","critics_score":10,"audience_rating":"Spilled","audience_score":41},"synopsis":"","posters":{"thumbnail":"http://content9.flixster.com/movie/27/09/95/2709951_mob.jpg","profile":"http://content9.flixster.com/movie/27/09/95/2709951_pro.jpg","detailed":"http://content9.flixster.com/movie/27/09/95/2709951_det.jpg","original":"http://content9.flixster.com/movie/27/09/95/2709951_ori.jpg"},"abridged_cast":[{"name":"Amber Tamblyn","id":"347990463","characters":["Aubrey Davis"]},{"name":"Arielle Kebbel","id":"326298389","characters":["Allison"]},{"name":"Jennifer Beals","id":"162657735","characters":["Trish"]},{"name":"Edison Chen","id":"196116025","characters":["Eason"]},{"name":"Sarah Roemer","id":"533332072","characters":["Lacey"]}],"alternate_ids":{"imdb":"0433386"},"links":{"self":"http://api.rottentomatoes.com/api/public/v1.0/movies/314387262.json","alternate":"http://www.rottentomatoes.com/m/grudge_2/","cast":"http://api.rottentomatoes.com/api/public/v1.0/movies/314387262/cast.json","clips":"http://api.rottentomatoes.com/api/public/v1.0/movies/314387262/clips.json","reviews":"http://api.rottentomatoes.com/api/public/v1.0/movies/314387262/reviews.json","similar":"http://api.rottentomatoes.com/api/public/v1.0/movies/314387262/similar.json"}},{"id":"771249885","title":"The Watch","year":2012,"mpaa_rating":"R","runtime":101,"critics_consensus":"The Watch uneasily mixes sci-fi elements with gross-out gags and strands its talented cast with a script that favors vulgarity over wit at nearly every turn.","release_dates":{"theater":"2012-07-27","dvd":"2012-11-13"},"ratings":{"critics_rating":"Rotten","critics_score":17,"audience_rating":"Spilled","audience_score":40},"synopsis":"Four everyday suburban guys come together as an excuse to escape their humdrum lives one night a week. But when they accidentally discover that their town has become overrun with aliens posing as ordinary suburbanites, they have no choice but to save their neighborhood -- and the world -- from total extermination. -- (C) 20th Century Fox","posters":{"thumbnail":"http://content6.flixster.com/movie/11/16/75/11167520_mob.jpg","profile":"http://content6.flixster.com/movie/11/16/75/11167520_pro.jpg","detailed":"http://content6.flixster.com/movie/11/16/75/11167520_det.jpg","original":"http://content6.flixster.com/movie/11/16/75/11167520_ori.jpg"},"abridged_cast":[{"name":"Ben Stiller","id":"162659371","characters":["Evan"]},{"name":"Vince Vaughn","id":"162652630","characters":["Bob"]},{"name":"Jonah Hill","id":"326297850","characters":["Franklin"]},{"name":"Richard Ayoade","id":"770698236","characters":["Jamarcus"]},{"name":"Rosemarie DeWitt","id":"356196984","characters":["Abby"]}],"alternate_ids":{"imdb":"1298649"},"links":{"self":"http://api.rottentomatoes.com/api/public/v1.0/movies/771249885.json","alternate":"http://www.rottentomatoes.com/m/the_watch_2012/","cast":"http://api.rottentomatoes.com/api/public/v1.0/movies/771249885/cast.json","clips":"http://api.rottentomatoes.com/api/public/v1.0/movies/771249885/clips.json","reviews":"http://api.rottentomatoes.com/api/public/v1.0/movies/771249885/reviews.json","similar":"http://api.rottentomatoes.com/api/public/v1.0/movies/771249885/similar.json"}},{"id":"771312867","title":"The Rover","year":2014,"mpaa_rating":"R","runtime":100,"release_dates":{"theater":"2014-07-25"},"ratings":{"critics_score":-1,"audience_score":98},"synopsis":"10 years following the collapse of society, a man will go to any lengths to take back the one thing that still matters to him. (c) A24","posters":{"thumbnail":"http://content6.flixster.com/movie/11/17/60/11176020_mob.jpg","profile":"http://content6.flixster.com/movie/11/17/60/11176020_pro.jpg","detailed":"http://content6.flixster.com/movie/11/17/60/11176020_det.jpg","original":"http://content6.flixster.com/movie/11/17/60/11176020_ori.jpg"},"abridged_cast":[{"name":"Robert Pattinson","id":"770677984","characters":["Rey"]},{"name":"Guy Pearce","id":"162660324","characters":["Eric"]},{"name":"Scoot McNairy","id":"770681905"},{"name":"David Field","id":"178823720"},{"name":"Anthony Hayes","id":"326393958"}],"alternate_ids":{"imdb":"2345737"},"links":{"self":"http://api.rottentomatoes.com/api/public/v1.0/movies/771312867.json","alternate":"http://www.rottentomatoes.com/m/the_rover/","cast":"http://api.rottentomatoes.com/api/public/v1.0/movies/771312867/cast.json","clips":"http://api.rottentomatoes.com/api/public/v1.0/movies/771312867/clips.json","reviews":"http://api.rottentomatoes.com/api/public/v1.0/movies/771312867/reviews.json","similar":"http://api.rottentomatoes.com/api/public/v1.0/movies/771312867/similar.json"}},{"id":"319163349","title":"The Queen","year":2006,"mpaa_rating":"PG-13","runtime":103,"critics_consensus":"Full of wit, humor, and pathos, Stephen Frears' moving portrait of the British royals during the period after Princess Diana's death features not one but two remarkable performances, that of Helen Mirren as Queen Elizabeth II and Michael Sheen as the newly-ordained Prime Minister Tony Blair. They embody their characters and lay bare the motivations behind these prominent people, giving viewers a glimpse into the inner workings of the British monarchy.","release_dates":{"theater":"2006-10-06","dvd":"2007-04-24"},"ratings":{"critics_rating":"Certified Fresh","critics_score":97,"audience_rating":"Upright","audience_score":76},"synopsis":"","posters":{"thumbnail":"http://content6.flixster.com/movie/11/17/61/11176112_mob.jpg","profile":"http://content6.flixster.com/movie/11/17/61/11176112_pro.jpg","detailed":"http://content6.flixster.com/movie/11/17/61/11176112_det.jpg","original":"http://content6.flixster.com/movie/11/17/61/11176112_ori.jpg"},"abridged_cast":[{"name":"Kangana Ranaut","id":"722927536","characters":["Rani"]},{"name":"Rajkumar Yadav","id":"771419026"},{"name":"Helen Mirren","id":"162662871","characters":["The Queen"]},{"name":"Michael Sheen","id":"326395770","characters":["Tony Blair"]},{"name":"James Cromwell","id":"162652553","characters":["Prince Philip"]}],"alternate_ids":{"imdb":"0436697"},"links":{"self":"http://api.rottentomatoes.com/api/public/v1.0/movies/319163349.json","alternate":"http://www.rottentomatoes.com/m/queen/","cast":"http://api.rottentomatoes.com/api/public/v1.0/movies/319163349/cast.json","clips":"http://api.rottentomatoes.com/api/public/v1.0/movies/319163349/clips.json","reviews":"http://api.rottentomatoes.com/api/public/v1.0/movies/319163349/reviews.json","similar":"http://api.rottentomatoes.com/api/public/v1.0/movies/319163349/similar.json"}},{"id":"771355914","title":"The Congress","year":2013,"mpaa_rating":"Unrated","runtime":122,"release_dates":{"theater":"2014-06-27"},"ratings":{"critics_rating":"Fresh","critics_score":89,"audience_score":98},"synopsis":"Directed by Ari Folman (Oscar (R)-nominated Waltz With Bashir), starring Robin Wright (\"House Of Cards\"; The Girl With The Dragon Tattoo), Jon Hamm (AMC's \"Mad Men\"), Paul Giamatti (Sideways; John Dies At The End) and Harvey Keitel (Taxi Driver; Bad Lieutenant), The Congress blends live-action and psychedelic animation as an aging, out-of-work actress (Wright playing an alternate reality version of herself) accepts her final job: preserving her digital image for a future Hollywood. Empire Magazine proclaims it \"an extraordinary and very touching film that exists somewhere in the twilight zone between the existential brainteasers of Charlie Kaufman and the psychedelic wonders of Hayao Miyazaki.\" (c) Drafthouse Films","posters":{"thumbnail":"http://content6.flixster.com/movie/11/17/17/11171788_mob.jpg","profile":"http://content6.flixster.com/movie/11/17/17/11171788_pro.jpg","detailed":"http://content6.flixster.com/movie/11/17/17/11171788_det.jpg","original":"http://content6.flixster.com/movie/11/17/17/11171788_ori.jpg"},"abridged_cast":[{"name":"Robin Wright","id":"162659319"},{"name":"Harvey Keitel","id":"162664761"},{"name":"Danny Huston","id":"162653683"},{"name":"Paul Giamatti","id":"162683649"},{"name":"Jon Hamm","id":"770696952"}],"alternate_ids":{"imdb":"1821641"},"links":{"self":"http://api.rottentomatoes.com/api/public/v1.0/movies/771355914.json","alternate":"http://www.rottentomatoes.com/m/the_congress/","cast":"http://api.rottentomatoes.com/api/public/v1.0/movies/771355914/cast.json","clips":"http://api.rottentomatoes.com/api/public/v1.0/movies/771355914/clips.json","reviews":"http://api.rottentomatoes.com/api/public/v1.0/movies/771355914/reviews.json","similar":"http://api.rottentomatoes.com/api/public/v1.0/movies/771355914/similar.json"}},{"id":"771350283","title":"A Million Ways to Die in the West","year":2014,"mpaa_rating":"Unrated","runtime":"","release_dates":{"theater":"2014-05-30"},"ratings":{"critics_score":-1,"audience_score":98},"synopsis":"Seth MacFarlane directs, produces, co-writes and plays the role of the cowardly sheep farmer Albert in A Million Ways to Die in the West. After Albert backs out of a gunfight, his fickle girlfriend leaves him for another man. When a mysterious and beautiful woman rides into town, she helps him find his courage and they begin to fall in love. But when her husband, a notorious outlaw, arrives seeking revenge, the farmer must put his newfound courage to the test. Starring alongside MacFarlane are Oscar (R) winner Charlize Theron, Liam Neeson, Amanda Seyfried, Giovanni Ribisi, Sarah Silverman and Neil Patrick Harris. MacFarlane reunites many of the filmmakers behind Universal and MRC's hit film Ted including Scott Stuber (Bluegrass Films) and Jason Clark who produce, and Wellesley Wild and Alec Sulkin who co-wrote the script. (c)Universal","posters":{"thumbnail":"http://content7.flixster.com/movie/11/17/60/11176053_mob.jpg","profile":"http://content7.flixster.com/movie/11/17/60/11176053_pro.jpg","detailed":"http://content7.flixster.com/movie/11/17/60/11176053_det.jpg","original":"http://content7.flixster.com/movie/11/17/60/11176053_ori.jpg"},"abridged_cast":[{"name":"Seth MacFarlane","id":"364629414"},{"name":"Charlize Theron","id":"162654733"},{"name":"Amanda Seyfried","id":"364614826"},{"name":"Giovanni Ribisi","id":"162655082"},{"name":"Liam Neeson","id":"162652242"}],"alternate_ids":{"imdb":"2557490"},"links":{"self":"http://api.rottentomatoes.com/api/public/v1.0/movies/771350283.json","alternate":"http://www.rottentomatoes.com/m/a_million_ways_to_die_in_the_west/","cast":"http://api.rottentomatoes.com/api/public/v1.0/movies/771350283/cast.json","clips":"http://api.rottentomatoes.com/api/public/v1.0/movies/771350283/clips.json","reviews":"http://api.rottentomatoes.com/api/public/v1.0/movies/771350283/reviews.json","similar":"http://api.rottentomatoes.com/api/public/v1.0/movies/771350283/similar.json"}},{"id":"771350024","title":"The Green Inferno","year":2013,"mpaa_rating":"R","runtime":103,"release_dates":{"theater":"2014-09-05"},"ratings":{"critics_rating":"Fresh","critics_score":70,"audience_score":98},"synopsis":"","posters":{"thumbnail":"http://images.rottentomatoescdn.com/images/redesign/poster_default.gif","profile":"http://images.rottentomatoescdn.com/images/redesign/poster_default.gif","detailed":"http://images.rottentomatoescdn.com/images/redesign/poster_default.gif","original":"http://images.rottentomatoescdn.com/images/redesign/poster_default.gif"},"abridged_cast":[{"name":"Lorenza Izzo","id":"771396602"},{"name":"Ariel Levy","id":"770674437"},{"name":"Aaron Burns","id":"770841470"},{"name":"Daryl Sabara","id":"162662386"},{"name":"Kirby Bliss Blanton","id":"770805383"}],"alternate_ids":{"imdb":"2403021"},"links":{"self":"http://api.rottentomatoes.com/api/public/v1.0/movies/771350024.json","alternate":"http://www.rottentomatoes.com/m/the_green_inferno/","cast":"http://api.rottentomatoes.com/api/public/v1.0/movies/771350024/cast.json","clips":"http://api.rottentomatoes.com/api/public/v1.0/movies/771350024/clips.json","reviews":"http://api.rottentomatoes.com/api/public/v1.0/movies/771350024/reviews.json","similar":"http://api.rottentomatoes.com/api/public/v1.0/movies/771350024/similar.json"}},{"id":"771258835","title":"The Man From U.N.C.L.E.","year":2015,"mpaa_rating":"Unrated","runtime":"","release_dates":{"theater":"2015-01-16"},"ratings":{"critics_score":-1,"audience_score":97},"synopsis":"Guy Ritchie reboots the Man from U.N.C.L.E. tv series surrounding two secret agents working for the United Network Command for Law and Enforcement agency with this Warner Bros. production.","posters":{"thumbnail":"http://images.rottentomatoescdn.com/images/redesign/poster_default.gif","profile":"http://images.rottentomatoescdn.com/images/redesign/poster_default.gif","detailed":"http://images.rottentomatoescdn.com/images/redesign/poster_default.gif","original":"http://images.rottentomatoescdn.com/images/redesign/poster_default.gif"},"abridged_cast":[{"name":"Henry Cavill","id":"341817917","characters":["Napoleon Solo"]},{"name":"Armie Hammer","id":"770805003","characters":["Illya Kuryakin"]},{"name":"Elizabeth Debicki","id":"771106567"},{"name":"Alicia Vikander","id":"771083890"},{"name":"Hugh Grant","id":"162660188"}],"alternate_ids":{"imdb":"1638355"},"links":{"self":"http://api.rottentomatoes.com/api/public/v1.0/movies/771258835.json","alternate":"http://www.rottentomatoes.com/m/the_man_from_uncle/","cast":"http://api.rottentomatoes.com/api/public/v1.0/movies/771258835/cast.json","clips":"http://api.rottentomatoes.com/api/public/v1.0/movies/771258835/clips.json","reviews":"http://api.rottentomatoes.com/api/public/v1.0/movies/771258835/reviews.json","similar":"http://api.rottentomatoes.com/api/public/v1.0/movies/771258835/similar.json"}},{"id":"771357456","title":"The Face of Love","year":2014,"mpaa_rating":"PG-13","runtime":92,"critics_consensus":"Perhaps worth checking out if only for the opportunity to see reliably powerful work from Annette Bening and Ed Harris, The Face of Love undermines its leads' performances with a scattershot script and aimless direction.","release_dates":{"theater":"2014-03-07"},"ratings":{"critics_rating":"Rotten","critics_score":45,"audience_rating":"Upright","audience_score":65},"synopsis":"FACE OF LOVE is the story of a widow named Nikki (Annette Bening) who, several years after the loss of her husband Garrett, meets a man named Tom (Ed Harris) who looks exactly like her deceased husband. Suddenly, a flood of old feelings rush back to her: she's met the love of her life. Again. The film is a romantic story filled with humor, surprise, and reflections on the mystery of love surrounding us. Bening and Harris star, with an important supporting turn from Robin Williams as Nikki's confidante and would-be lover. (c) IFC Films","posters":{"thumbnail":"http://content7.flixster.com/movie/11/17/63/11176329_mob.jpg","profile":"http://content7.flixster.com/movie/11/17/63/11176329_pro.jpg","detailed":"http://content7.flixster.com/movie/11/17/63/11176329_det.jpg","original":"http://content7.flixster.com/movie/11/17/63/11176329_ori.jpg"},"abridged_cast":[{"name":"Annette Bening","id":"162660402","characters":["Nikki"]},{"name":"Ed Harris","id":"162654543","characters":["Tom/Garrett"]},{"name":"Robin Williams","id":"162652387","characters":["Roger"]},{"name":"Jess Weixler","id":"397419009","characters":["Summer"]},{"name":"Amy Brenneman","id":"162654643","characters":["Ann"]}],"alternate_ids":{"imdb":"1839642"},"links":{"self":"http://api.rottentomatoes.com/api/public/v1.0/movies/771357456.json","alternate":"http://www.rottentomatoes.com/m/the_face_of_love/","cast":"http://api.rottentomatoes.com/api/public/v1.0/movies/771357456/cast.json","clips":"http://api.rottentomatoes.com/api/public/v1.0/movies/771357456/clips.json","reviews":"http://api.rottentomatoes.com/api/public/v1.0/movies/771357456/reviews.json","similar":"http://api.rottentomatoes.com/api/public/v1.0/movies/771357456/similar.json"}},{"id":"771352963","title":"The Quiet Ones","year":2013,"mpaa_rating":"PG-13","runtime":98,"release_dates":{"theater":"2014-04-25"},"ratings":{"critics_score":-1,"audience_score":90},"synopsis":"A university student (Sam Claflin of The Hunger Games: Catching Fire) and some classmates are recruited to carry out a private experiment -- to create a poltergeist. Their subject: an alluring, but dangerously disturbed young woman (Olivia Cooke of Bates Motel). Their quest: to explore the dark energy that her damaged psyche might manifest. As the experiment unravels along with their sanity, the rogue PHD students, led by their determined professor (Jared Harris of Mad Men), are soon confronted with a terrifying reality: they have triggered an unspeakable force with a power beyond all explanation. Inspired by true events, The Quiet Ones is directed by John Pogue from a screenplay by Craig Rosenberg and Oren Moverman and John Pogue, and based on a screenplay by Tom de Ville. (c) Lionsgate","posters":{"thumbnail":"http://content8.flixster.com/movie/11/17/61/11176138_mob.jpg","profile":"http://content8.flixster.com/movie/11/17/61/11176138_pro.jpg","detailed":"http://content8.flixster.com/movie/11/17/61/11176138_det.jpg","original":"http://content8.flixster.com/movie/11/17/61/11176138_ori.jpg"},"abridged_cast":[{"name":"Sam Claflin","id":"771073196"},{"name":"Jared Harris","id":"162676363"},{"name":"Erin Richards","id":"771053435"},{"name":"Rory Fleck-Byrne","id":"771441088"},{"name":"Olivia Cooke","id":"771439949"}],"alternate_ids":{"imdb":"2235779"},"links":{"self":"http://api.rottentomatoes.com/api/public/v1.0/movies/771352963.json","alternate":"http://www.rottentomatoes.com/m/the_quiet_ones_2013/","cast":"http://api.rottentomatoes.com/api/public/v1.0/movies/771352963/cast.json","clips":"http://api.rottentomatoes.com/api/public/v1.0/movies/771352963/clips.json","reviews":"http://api.rottentomatoes.com/api/public/v1.0/movies/771352963/reviews.json","similar":"http://api.rottentomatoes.com/api/public/v1.0/movies/771352963/similar.json"}},{"id":"462970402","title":"The Ex","year":2006,"mpaa_rating":"PG-13","runtime":84,"critics_consensus":"The Ex suffers from inept direction and characters that are either unsympathetic or plain unpleasant to watch.","release_dates":{"theater":"2007-05-11","dvd":"2007-08-21"},"ratings":{"critics_rating":"Rotten","critics_score":19,"audience_rating":"Spilled","audience_score":33},"synopsis":"","posters":{"thumbnail":"http://content6.flixster.com/movie/70/43/07/7043072_mob.jpg","profile":"http://content6.flixster.com/movie/70/43/07/7043072_pro.jpg","detailed":"http://content6.flixster.com/movie/70/43/07/7043072_det.jpg","original":"http://content6.flixster.com/movie/70/43/07/7043072_ori.jpg"},"abridged_cast":[{"name":"Zach Braff","id":"162655018","characters":["Tom Reilly"]},{"name":"Amanda Peet","id":"162652454","characters":["Sofia Kowalski"]},{"name":"Jason Bateman","id":"326298973","characters":["Chip Sanders"]},{"name":"Charles Grodin","id":"162662571","characters":["Bob Kowalski"]},{"name":"Mia Farrow","id":"162655891","characters":["Amelia Kowalski"]}],"alternate_ids":{"imdb":"0458364"},"links":{"self":"http://api.rottentomatoes.com/api/public/v1.0/movies/462970402.json","alternate":"http://www.rottentomatoes.com/m/fast-track-the-ex/","cast":"http://api.rottentomatoes.com/api/public/v1.0/movies/462970402/cast.json","clips":"http://api.rottentomatoes.com/api/public/v1.0/movies/462970402/clips.json","reviews":"http://api.rottentomatoes.com/api/public/v1.0/movies/462970402/reviews.json","similar":"http://api.rottentomatoes.com/api/public/v1.0/movies/462970402/similar.json"}},{"id":"771362109","title":"The Lesdiguieres Legend","year":2015,"mpaa_rating":"Unrated","runtime":"","release_dates":{"theater":"2015-12-23"},"ratings":{"critics_score":-1,"audience_score":97},"synopsis":"","posters":{"thumbnail":"http://images.rottentomatoescdn.com/images/redesign/poster_default.gif","profile":"http://images.rottentomatoescdn.com/images/redesign/poster_default.gif","detailed":"http://images.rottentomatoescdn.com/images/redesign/poster_default.gif","original":"http://images.rottentomatoescdn.com/images/redesign/poster_default.gif"},"abridged_cast":[{"name":"Leonardo DiCaprio","id":"162659161"},{"name":"Marion Cotillard","id":"162688286"},{"name":"Kamel Sina","id":"771454279"},{"name":"Kev Adams","id":"771440124"},{"name":"Fabrice Ndagijimana (II)","id":"771454625"}],"alternate_ids":{"imdb":"3100164"},"links":{"self":"http://api.rottentomatoes.com/api/public/v1.0/movies/771362109.json","alternate":"http://www.rottentomatoes.com/m/the_lesdiguieres_legend/","cast":"http://api.rottentomatoes.com/api/public/v1.0/movies/771362109/cast.json","clips":"http://api.rottentomatoes.com/api/public/v1.0/movies/771362109/clips.json","reviews":"http://api.rottentomatoes.com/api/public/v1.0/movies/771362109/reviews.json","similar":"http://api.rottentomatoes.com/api/public/v1.0/movies/771362109/similar.json"}},{"id":"771355139","title":"The Returned","year":2014,"mpaa_rating":"Unrated","runtime":98,"release_dates":{"theater":"2014-02-14"},"ratings":{"critics_rating":"Fresh","critics_score":69,"audience_rating":"Spilled","audience_score":41},"synopsis":"Directed by Manuel Carballo, THE RETURNED is set in a post-zombie world where a treatment called the \"Return Protein\" can stop the spread of the virus if injected quickly after infection, but cannot cure it. With daily injections, the \"Returned\" are able to live relatively normal lives, but with brutal attacks at the hands of Anti-Return groups and rumors that protein stock is running low, the world is again on the brink of chaos. In the midst of this turmoil are Alex (Kris Holden-Reid) and Kate (Emily Hampshire), a young, successful and enviable couple that are hiding a long held secret - Alex is Returned. Suspicious that a government order for all the Returned to report to a secure medical facility 'for their own safety', the couple flees, taking with them all the doses of \"Return Protein\" they have. Now in a race against the clock and few places to turn, they must face their worst fears and come to grips with the reality that if they are neither human nor zombies, who exactly are the Returned? --(C) levelFilm","posters":{"thumbnail":"http://content9.flixster.com/movie/11/17/55/11175547_mob.png","profile":"http://content9.flixster.com/movie/11/17/55/11175547_pro.png","detailed":"http://content9.flixster.com/movie/11/17/55/11175547_det.png","original":"http://content9.flixster.com/movie/11/17/55/11175547_ori.png"},"abridged_cast":[{"name":"Kristen Holden-Reid","id":"162700146","characters":["Alex"]},{"name":"Emily Hampshire","id":"326396730","characters":["Kate"]},{"name":"Shawn Doyle","id":"364607529","characters":["Jacob"]},{"name":"Claudia Bassols","id":"770805005","characters":["Amber"]},{"name":"Barry Flatman","id":"747306496","characters":["Hospital Chief"]}],"alternate_ids":{"imdb":"2093270"},"links":{"self":"http://api.rottentomatoes.com/api/public/v1.0/movies/771355139.json","alternate":"http://www.rottentomatoes.com/m/the_returned/","cast":"http://api.rottentomatoes.com/api/public/v1.0/movies/771355139/cast.json","clips":"http://api.rottentomatoes.com/api/public/v1.0/movies/771355139/clips.json","reviews":"http://api.rottentomatoes.com/api/public/v1.0/movies/771355139/reviews.json","similar":"http://api.rottentomatoes.com/api/public/v1.0/movies/771355139/similar.json"}},{"id":"771362049","title":"The Unknown Known","year":2013,"mpaa_rating":"PG-13","runtime":96,"release_dates":{"theater":"2014-04-04"},"ratings":{"critics_rating":"Fresh","critics_score":77,"audience_score":75},"synopsis":"Morris' film THE UNKNOWN KNOWN is a gripping exploration of the career and philosophy of former U.S Secretary of Defense Donald Rumsfeld. Using declassified memos, Morris guides Rumsfeld through a discussion of his controversial career as a high-level executive under four different Republican presidents. Such absorbing topics as Vietnam, the Cold War, Desert Storm and the War on Terror are all examined through the words of one of America's most divisive and complex public figures. (c) Fantastic Fest","posters":{"thumbnail":"http://content8.flixster.com/movie/11/17/34/11173410_mob.jpg","profile":"http://content8.flixster.com/movie/11/17/34/11173410_pro.jpg","detailed":"http://content8.flixster.com/movie/11/17/34/11173410_det.jpg","original":"http://content8.flixster.com/movie/11/17/34/11173410_ori.jpg"},"abridged_cast":[{"name":"Errol Morris","id":"162660353"},{"name":"Donald Rumsfeld","id":"590456047"},{"name":"Kenn Medeiros","id":"771464038"}],"alternate_ids":{"imdb":"2390962"},"links":{"self":"http://api.rottentomatoes.com/api/public/v1.0/movies/771362049.json","alternate":"http://www.rottentomatoes.com/m/the_unknown_known/","cast":"http://api.rottentomatoes.com/api/public/v1.0/movies/771362049/cast.json","clips":"http://api.rottentomatoes.com/api/public/v1.0/movies/771362049/clips.json","reviews":"http://api.rottentomatoes.com/api/public/v1.0/movies/771362049/reviews.json","similar":"http://api.rottentomatoes.com/api/public/v1.0/movies/771362049/similar.json"}},{"id":"10191","title":"The Village","year":2004,"mpaa_rating":"PG-13","runtime":109,"critics_consensus":"The Village is appropriately creepy, but Shyamalan's signature twist ending disappoints.","release_dates":{"theater":"2004-07-30","dvd":"2005-01-11"},"ratings":{"critics_rating":"Rotten","critics_score":43,"audience_rating":"Spilled","audience_score":57},"synopsis":"","posters":{"thumbnail":"http://content6.flixster.com/movie/10/91/54/10915468_mob.jpg","profile":"http://content6.flixster.com/movie/10/91/54/10915468_pro.jpg","detailed":"http://content6.flixster.com/movie/10/91/54/10915468_det.jpg","original":"http://content6.flixster.com/movie/10/91/54/10915468_ori.jpg"},"abridged_cast":[{"name":"Joaquin Phoenix","id":"162655394","characters":["Lucius Hunt"]},{"name":"Bryce Dallas Howard","id":"162660901","characters":["Ivy Walker"]},{"name":"Adrien Brody","id":"162660902","characters":["Noah Percy"]},{"name":"William Hurt","id":"162654544","characters":["Edward Walker"]},{"name":"Sigourney Weaver","id":"162660903","characters":["Alice Hunt"]}],"alternate_ids":{"imdb":"0368447"},"links":{"self":"http://api.rottentomatoes.com/api/public/v1.0/movies/10191.json","alternate":"http://www.rottentomatoes.com/m/village/","cast":"http://api.rottentomatoes.com/api/public/v1.0/movies/10191/cast.json","clips":"http://api.rottentomatoes.com/api/public/v1.0/movies/10191/clips.json","reviews":"http://api.rottentomatoes.com/api/public/v1.0/movies/10191/reviews.json","similar":"http://api.rottentomatoes.com/api/public/v1.0/movies/10191/similar.json"}},{"id":"771321138","title":"The Sacrament","year":2014,"mpaa_rating":"R","runtime":100,"release_dates":{"theater":"2014-06-06"},"ratings":{"critics_rating":"Fresh","critics_score":67,"audience_score":98},"synopsis":"\"The Sacrament\" was written by West and is produced and presented by Eli Roth, alongside Jacob Jaffke, Peter Phok and Worldview's Christopher Woodrow and Molly Conners. West and Eric Newman are executive producing with Worldview's Maria Cestone, Sarah Johnson Redlich, Hoyt David Morgan and IM Global's Stuart Ford. IM Global is handing international sales while CAA, which arranged financing for the film, is handling the domestic sale.","posters":{"thumbnail":"http://content9.flixster.com/movie/11/17/65/11176563_mob.jpg","profile":"http://content9.flixster.com/movie/11/17/65/11176563_pro.jpg","detailed":"http://content9.flixster.com/movie/11/17/65/11176563_det.jpg","original":"http://content9.flixster.com/movie/11/17/65/11176563_ori.jpg"},"abridged_cast":[{"name":"Amy Seimetz","id":"770833024"},{"name":"Joe Swanberg","id":"326393370"},{"name":"AJ Bowen","id":"528367384"},{"name":"Kate Lyn Sheil","id":"770840701"},{"name":"Gene Jones","id":"770786920"}],"alternate_ids":{"imdb":"2383068"},"links":{"self":"http://api.rottentomatoes.com/api/public/v1.0/movies/771321138.json","alternate":"http://www.rottentomatoes.com/m/the_sacrament/","cast":"http://api.rottentomatoes.com/api/public/v1.0/movies/771321138/cast.json","clips":"http://api.rottentomatoes.com/api/public/v1.0/movies/771321138/clips.json","reviews":"http://api.rottentomatoes.com/api/public/v1.0/movies/771321138/reviews.json","similar":"http://api.rottentomatoes.com/api/public/v1.0/movies/771321138/similar.json"}},{"id":"771375842","title":"The Conjuring 2: The Enfield Poltergeist","year":2015,"mpaa_rating":"Unrated","runtime":"","release_dates":{"theater":"2015-10-23"},"ratings":{"critics_score":-1,"audience_score":100},"synopsis":"","posters":{"thumbnail":"http://images.rottentomatoescdn.com/images/redesign/poster_default.gif","profile":"http://images.rottentomatoescdn.com/images/redesign/poster_default.gif","detailed":"http://images.rottentomatoescdn.com/images/redesign/poster_default.gif","original":"http://images.rottentomatoescdn.com/images/redesign/poster_default.gif"},"abridged_cast":[{"name":"Vera Farmiga","id":"162655572"},{"name":"Patrick Wilson","id":"162659104"}],"links":{"self":"http://api.rottentomatoes.com/api/public/v1.0/movies/771375842.json","alternate":"http://www.rottentomatoes.com/m/the_conjuring_2_the_enfield_poltergeist/","cast":"http://api.rottentomatoes.com/api/public/v1.0/movies/771375842/cast.json","clips":"http://api.rottentomatoes.com/api/public/v1.0/movies/771375842/clips.json","reviews":"http://api.rottentomatoes.com/api/public/v1.0/movies/771375842/reviews.json","similar":"http://api.rottentomatoes.com/api/public/v1.0/movies/771375842/similar.json"}}],"links":{"self":"http://api.rottentomatoes.com/api/public/v1.0/movies.json?q=the&page_limit=50&page=7","next":"http://api.rottentomatoes.com/api/public/v1.0/movies.json?q=the&page_limit=50&page=8","prev":"http://api.rottentomatoes.com/api/public/v1.0/movies.json?q=the&page_limit=50&page=6"},"link_template":"http://api.rottentomatoes.com/api/public/v1.0/movies.json?q={search-term}&page_limit={results-per-page}&page={page-number}"}