


{"total":52488,"movies":[{"id":"150164939","title":"The Sentinel","year":2006,"mpaa_rating":"PG-13","runtime":99,"critics_consensus":"The Sentinel starts off well enough but quickly wears thin with too many plot holes and conventional action sequences.","release_dates":{"theater":"2006-04-21","dvd":"2006-08-29"},"ratings":{"critics_rating":"Rotten","critics_score":33,"audience_rating":"Spilled","audience_score":40},"synopsis":"","posters":{"thumbnail":"http://content8.flixster.com/movie/31/40/314022_mob.jpg","profile":"http://content8.flixster.com/movie/31/40/314022_pro.jpg","detailed":"http://content8.flixster.com/movie/31/40/314022_det.jpg","original":"http://content8.flixster.com/movie/31/40/314022_ori.jpg"},"abridged_cast":[{"name":"Michael Douglas","id":"162660400","characters":["Pete Garrison"]},{"name":"Kiefer Sutherland","id":"162657285","characters":["David Breckinridge"]},{"name":"Eva Longoria","id":"162677701","characters":["Jill Maren"]},{"name":"Martin Donovan","id":"162720263","characters":["William Montrose"]},{"name":"Ritchie Coster","id":"770728351","characters":["The Handler"]}],"alternate_ids":{"imdb":"0443632"},"links":{"self":"http://api.rottentomatoes.com/api/public/v1.0/movies/150164939.json","alternate":"http://www.rottentomatoes.com/m/sentinel/","cast":"http://api.rottentomatoes.com/api/public/v1.0/movies/150164939/cast.json","clips":"http://api.rottentomatoes.com/api/public/v1.0/movies/150164939/clips.json","reviews":"http://api.rottentomatoes.com/api/public/v1.0/movies/150164939/reviews.json","similar":"http://api.rottentomatoes.com/api/public/v1.0/movies/150164939/similar.json"}},{"id":"10608","title":"The Recruit","year":2003,"mpaa_rating":"PG-13","runtime":115,"critics_consensus":"This polished thriller is engaging until it takes one twist too many into the predictable.","release_dates":{"theater":"2003-01-31","dvd":"2003-05-27"},"ratings":{"critics_rating":"Rotten","critics_score":43,"audience_rating":"Spilled","audience_score":59},"synopsis":"","posters":{"thumbnail":"http://content9.flixster.com/movie/25/65/256599_mob.jpg","profile":"http://content9.flixster.com/movie/25/65/256599_pro.jpg","detailed":"http://content9.flixster.com/movie/25/65/256599_det.jpg","original":"http://content9.flixster.com/movie/25/65/256599_ori.jpg"},"abridged_cast":[{"name":"Al Pacino","id":"162654461","characters":["Walter Burke"]},{"name":"Colin Farrell","id":"162665297","characters":["Jim Clayton"]},{"name":"Bridget Moynahan","id":"162653926","characters":["Layla Moore"]},{"name":"Gabriel Macht","id":"162688468","characters":["Zach Dawson"]},{"name":"Karl Pruner","id":"444004761","characters":["Dennis Slayne"]}],"alternate_ids":{"imdb":"0292506"},"links":{"self":"http://api.rottentomatoes.com/api/public/v1.0/movies/10608.json","alternate":"http://www.rottentomatoes.com/m/recruit/","cast":"http://api.rottentomatoes.com/api/public/v1.0/movies/10608/cast.json","clips":"http://api.rottentomatoes.com/api/public/v1.0/movies/10608/clips.json","reviews":"http://api.rottentomatoes.com/api/public/v1.0/movies/10608/reviews.json","similar":"http://api.rottentomatoes.com/api/public/v1.0/movies/10608/similar.json"}},{"id":"10651","title":"The Prince and Me","year":2004,"mpaa_rating":"PG","runtime":110,"critics_consensus":"A bland, fluffy, and predictable bit of wish fulfillment.","release_dates":{"theater":"2004-04-02","dvd":"2004-08-10"},"ratings":{"critics_rating":"Rotten","critics_score":28,"audience_rating":"Spilled","audience_score":59},"synopsis":"","posters":{"thumbnail":"http://content7.flixster.com/movie/25/68/256805_mob.jpg","profile":"http://content7.flixster.com/movie/25/68/256805_pro.jpg","detailed":"http://content7.flixster.com/movie/25/68/256805_det.jpg","original":"http://content7.flixster.com/movie/25/68/256805_ori.jpg"},"abridged_cast":[{"name":"Julia Stiles","id":"162660056","characters":["Paige"]},{"name":"Luke Mably","id":"162665882","characters":["Prince Edvard / Eddie"]},{"name":"Ben Miller","id":"186028347","characters":["Soren"]},{"name":"James Fox","id":"162656129","characters":["King Haraald"]},{"name":"Miranda Richardson","id":"162657484","characters":["Queen Rosalind"]}],"alternate_ids":{"imdb":"0337697"},"links":{"self":"http://api.rottentomatoes.com/api/public/v1.0/movies/10651.json","alternate":"http://www.rottentomatoes.com/m/prince_and_me/","cast":"http://api.rottentomatoes.com/api/public/v1.0/movies/10651/cast.json","clips":"http://api.rottentomatoes.com/api/public/v1.0/movies/10651/clips.json","reviews":"http://api.rottentomatoes.com/api/public/v1.0/movies/10651/reviews.json","similar":"http://api.rottentomatoes.com/api/public/v1.0/movies/10651/similar.json"}},{"id":"10235","title":"The Dark Crystal","year":1982,"mpaa_rating":"PG","runtime":93,"release_dates":{"theater":"1982-12-17","dvd":"1999-10-05"},"ratings":{"critics_rating":"Fresh","critics_score":71,"audience_rating":"Upright","audience_score":81},"synopsis":"","posters":{"thumbnail":"http://content8.flixster.com/movie/25/47/254714_mob.jpg","profile":"http://content8.flixster.com/movie/25/47/254714_pro.jpg","detailed":"http://content8.flixster.com/movie/25/47/254714_det.jpg","original":"http://content8.flixster.com/movie/25/47/254714_ori.jpg"},"abridged_cast":[{"name":"Jim Henson","id":"162656297","characters":["High Priest","Jen"]},{"name":"Kathryn Mullen","id":"162661425","characters":["Kira"]},{"name":"Dave Goelz","id":"162656591","characters":["General"]},{"name":"Brian Muehl","id":"770784639","characters":["Ornamentalist/Dying Master"]},{"name":"Kiran Shah","id":"770713519","characters":["Stunts"]}],"alternate_ids":{"imdb":"0083791"},"links":{"self":"http://api.rottentomatoes.com/api/public/v1.0/movies/10235.json","alternate":"http://www.rottentomatoes.com/m/dark_crystal/","cast":"http://api.rottentomatoes.com/api/public/v1.0/movies/10235/cast.json","clips":"http://api.rottentomatoes.com/api/public/v1.0/movies/10235/clips.json","reviews":"http://api.rottentomatoes.com/api/public/v1.0/movies/10235/reviews.json","similar":"http://api.rottentomatoes.com/api/public/v1.0/movies/10235/similar.json"}},{"id":"770806327","title":"The House of the Devil","year":2009,"mpaa_rating":"R","runtime":93,"critics_consensus":"Though its underlying themes are familiar, House of the Devil effectively sheds the loud and gory cliches of contemporary horror to deliver a tense, slowly building throwback to the fright flicks of decades past.","release_dates":{"theater":"2009-10-30","dvd":"2010-02-02"},"ratings":{"critics_rating":"Certified Fresh","critics_score":86,"audience_rating":"Upright","audience_score":62},"synopsis":"","posters":{"thumbnail":"http://content9.flixster.com/movie/10/89/54/10895415_mob.jpg","profile":"http://content9.flixster.com/movie/10/89/54/10895415_pro.jpg","detailed":"http://content9.flixster.com/movie/10/89/54/10895415_det.jpg","original":"http://content9.flixster.com/movie/10/89/54/10895415_ori.jpg"},"abridged_cast":[{"name":"Jocelin Donahue","id":"770811265","characters":["Sam"]},{"name":"Greta Gerwig","id":"764947624","characters":["Megan"]},{"name":"Tom Noonan","id":"364609241","characters":["Mr. Ulman"]},{"name":"Mary Woronov","id":"162674860","characters":["Mrs. Ulman"]},{"name":"AJ Bowen","id":"528367384","characters":["Victor"]}],"alternate_ids":{"imdb":"1172994"},"links":{"self":"http://api.rottentomatoes.com/api/public/v1.0/movies/770806327.json","alternate":"http://www.rottentomatoes.com/m/house_of_the_devil/","cast":"http://api.rottentomatoes.com/api/public/v1.0/movies/770806327/cast.json","clips":"http://api.rottentomatoes.com/api/public/v1.0/movies/770806327/clips.json","reviews":"http://api.rottentomatoes.com/api/public/v1.0/movies/770806327/reviews.json","similar":"http://api.rottentomatoes.com/api/public/v1.0/movies/770806327/similar.json"}},{"id":"15651","title":"The Game","year":1997,"mpaa_rating":"R","runtime":128,"critics_consensus":"The ending could use a little work but this is otherwise another sterling example of David Fincher's iron grip on atmosphere and storytelling.","release_dates":{"theater":"1997-09-12","dvd":"2000-06-06"},"ratings":{"critics_rating":"Fresh","critics_score":71,"audience_rating":"Upright","audience_score":85},"synopsis":"","posters":{"thumbnail":"http://content9.flixster.com/movie/28/04/280403_mob.jpg","profile":"http://content9.flixster.com/movie/28/04/280403_pro.jpg","detailed":"http://content9.flixster.com/movie/28/04/280403_det.jpg","original":"http://content9.flixster.com/movie/28/04/280403_ori.jpg"},"abridged_cast":[{"name":"Michael Douglas","id":"162660400","characters":["Nicholas Van Orton"]},{"name":"Sean Penn","id":"162652280","characters":["Conrad"]},{"name":"Deborah Kara Unger","id":"162670678","characters":["Christine"]},{"name":"James Rebhorn","id":"534309564","characters":["Jim Feingold"]},{"name":"Peter Donat","id":"364612670","characters":["Samuel Sutherland"]}],"alternate_ids":{"imdb":"0119174"},"links":{"self":"http://api.rottentomatoes.com/api/public/v1.0/movies/15651.json","alternate":"http://www.rottentomatoes.com/m/1078955-game/","cast":"http://api.rottentomatoes.com/api/public/v1.0/movies/15651/cast.json","clips":"http://api.rottentomatoes.com/api/public/v1.0/movies/15651/clips.json","reviews":"http://api.rottentomatoes.com/api/public/v1.0/movies/15651/reviews.json","similar":"http://api.rottentomatoes.com/api/public/v1.0/movies/15651/similar.json"}},{"id":"9380","title":"Snow White and the Seven Dwarfs","year":1937,"mpaa_rating":"G","runtime":83,"critics_consensus":"With its involving story and characters, vibrant art, and memorable songs, Snow White and the Seven Dwarfs set the animation standard for decades to come.","release_dates":{"theater":"1937-12-21","dvd":"2009-10-06"},"ratings":{"critics_rating":"Certified Fresh","critics_score":98,"audience_rating":"Upright","audience_score":77},"synopsis":"","posters":{"thumbnail":"http://content6.flixster.com/movie/10/91/50/10915008_mob.jpg","profile":"http://content6.flixster.com/movie/10/91/50/10915008_pro.jpg","detailed":"http://content6.flixster.com/movie/10/91/50/10915008_det.jpg","original":"http://content6.flixster.com/movie/10/91/50/10915008_ori.jpg"},"abridged_cast":[{"name":"Roy Atwell","id":"770726973","characters":["Doc"]},{"name":"Stuart Buchanan","id":"770726975","characters":["Huntsman"]},{"name":"Adriana Caselotti","id":"162655694","characters":["Snow White"]},{"name":"Marge Champion","id":"731001108","characters":["Model for Snow White"]},{"name":"Eddie Collins","id":"770717952"}],"links":{"self":"http://api.rottentomatoes.com/api/public/v1.0/movies/9380.json","alternate":"http://www.rottentomatoes.com/m/1048445-snow_white_and_the_seven_dwarfs/","cast":"http://api.rottentomatoes.com/api/public/v1.0/movies/9380/cast.json","clips":"http://api.rottentomatoes.com/api/public/v1.0/movies/9380/clips.json","reviews":"http://api.rottentomatoes.com/api/public/v1.0/movies/9380/reviews.json","similar":"http://api.rottentomatoes.com/api/public/v1.0/movies/9380/similar.json"}},{"id":"771302901","title":"The Iceman","year":2013,"mpaa_rating":"R","runtime":105,"critics_consensus":"While it deserved stronger direction and a more fully realized script, Michael Shannon's riveting performance in the title role is more than enough to make The Iceman recommended viewing.","release_dates":{"theater":"2013-05-03","dvd":"2013-09-03"},"ratings":{"critics_rating":"Fresh","critics_score":66,"audience_rating":"Upright","audience_score":63},"synopsis":"Inspired by actual events, The Iceman follows notorious contract killer Richard Kuklinski (Academy Award (R) nominee Michael Shannon) from his early days in the mob until his arrest for the murder of more than 100 men. Appearing to be living the American dream as a devoted husband and father; in reality Kuklinski was a ruthless killer-for-hire. When finally arrested in 1986, neither his wife nor daughters have any clue about his real profession.(c) Millennium","posters":{"thumbnail":"http://content9.flixster.com/movie/11/16/41/11164167_mob.jpg","profile":"http://content9.flixster.com/movie/11/16/41/11164167_pro.jpg","detailed":"http://content9.flixster.com/movie/11/16/41/11164167_det.jpg","original":"http://content9.flixster.com/movie/11/16/41/11164167_ori.jpg"},"abridged_cast":[{"name":"Michael Shannon","id":"368451324","characters":["Richard Kuklinski"]},{"name":"Winona Ryder","id":"162659115","characters":["Deborah Pellicotti"]},{"name":"Chris Evans","id":"162652784","characters":["Mr. Freezy"]},{"name":"Ray Liotta","id":"162669095","characters":["Roy Demeo"]},{"name":"David Schwimmer","id":"162655237","characters":["Josh Rosenthal"]}],"alternate_ids":{"imdb":"1491044"},"links":{"self":"http://api.rottentomatoes.com/api/public/v1.0/movies/771302901.json","alternate":"http://www.rottentomatoes.com/m/the_iceman_2013/","cast":"http://api.rottentomatoes.com/api/public/v1.0/movies/771302901/cast.json","clips":"http://api.rottentomatoes.com/api/public/v1.0/movies/771302901/clips.json","reviews":"http://api.rottentomatoes.com/api/public/v1.0/movies/771302901/reviews.json","similar":"http://api.rottentomatoes.com/api/public/v1.0/movies/771302901/similar.json"}},{"id":"770669969","title":"The Brothers Solomon","year":2007,"mpaa_rating":"R","runtime":93,"critics_consensus":"Squandering its impressive cast with poorly-directed gags, The Brothers Solomon is a one-joke film stretched well beyond its limits.","release_dates":{"theater":"2007-09-07","dvd":"2007-12-26"},"ratings":{"critics_rating":"Rotten","critics_score":15,"audience_rating":"Spilled","audience_score":31},"synopsis":"","posters":{"thumbnail":"http://content7.flixster.com/movie/10/88/79/10887965_mob.jpg","profile":"http://content7.flixster.com/movie/10/88/79/10887965_pro.jpg","detailed":"http://content7.flixster.com/movie/10/88/79/10887965_det.jpg","original":"http://content7.flixster.com/movie/10/88/79/10887965_ori.jpg"},"abridged_cast":[{"name":"Will Arnett","id":"335717464","characters":["John Solomon"]},{"name":"Will Forte","id":"770670480","characters":["Dean Solomon"]},{"name":"Chi McBride","id":"162654098","characters":["James"]},{"name":"Kristen Wiig","id":"770670481","characters":["Janine"]},{"name":"Malin Akerman","id":"512896981","characters":["Tara"]}],"alternate_ids":{"imdb":"0784972"},"links":{"self":"http://api.rottentomatoes.com/api/public/v1.0/movies/770669969.json","alternate":"http://www.rottentomatoes.com/m/brothers_solomon/","cast":"http://api.rottentomatoes.com/api/public/v1.0/movies/770669969/cast.json","clips":"http://api.rottentomatoes.com/api/public/v1.0/movies/770669969/clips.json","reviews":"http://api.rottentomatoes.com/api/public/v1.0/movies/770669969/reviews.json","similar":"http://api.rottentomatoes.com/api/public/v1.0/movies/770669969/similar.json"}},{"id":"770802715","title":"Watchmen: Tales of the Black Freighter and Under the Hood","year":2009,"mpaa_rating":"PG-13","runtime":124,"release_dates":{"theater":"2009-03-24","dvd":"2009-03-24"},"ratings":{"critics_score":-1,"audience_rating":"Spilled","audience_score":54},"synopsis":"","posters":{"thumbnail":"http://content7.flixster.com/movie/10/88/37/10883749_mob.jpg","profile":"http://content7.flixster.com/movie/10/88/37/10883749_pro.jpg","detailed":"http://content7.flixster.com/movie/10/88/37/10883749_det.jpg","original":"http://content7.flixster.com/movie/10/88/37/10883749_ori.jpg"},"abridged_cast":[{"name":"Gerard Butler","id":"162659102"},{"name":"Jared Harris","id":"162676363"},{"name":"Salli Saffioti","id":"770794800"},{"name":"Siobhan Flynn","id":"770719389"},{"name":"Cam Clarke","id":"410145938"}],"alternate_ids":{"imdb":"1295071"},"links":{"self":"http://api.rottentomatoes.com/api/public/v1.0/movies/770802715.json","alternate":"http://www.rottentomatoes.com/m/watchmen_tales_of_the_black_freighter_and_under_the_hood/","cast":"http://api.rottentomatoes.com/api/public/v1.0/movies/770802715/cast.json","clips":"http://api.rottentomatoes.com/api/public/v1.0/movies/770802715/clips.json","reviews":"http://api.rottentomatoes.com/api/public/v1.0/movies/770802715/reviews.json","similar":"http://api.rottentomatoes.com/api/public/v1.0/movies/770802715/similar.json"}},{"id":"770815579","title":"The Debt","year":2011,"mpaa_rating":"R","runtime":113,"critics_consensus":"Its time-shifting narrative creates distracting casting problems, but ultimately, The Debt is a smart, well-acted entry in a genre that could use more like it.","release_dates":{"theater":"2011-08-31","dvd":"2011-12-06"},"ratings":{"critics_rating":"Certified Fresh","critics_score":77,"audience_rating":"Upright","audience_score":66},"synopsis":"The espionage thriller begins in 1997, as shocking news reaches retired Mossad secret agents Rachel (Helen Mirren) and Stephan (Tom Wilkinson) about their former colleague David (Ciaran Hinds). All three have been venerated for decades by their country because of the mission that they undertook back in 1966, when the trio (portrayed, respectively, by Jessica Chastain, Marton Csokas, and Sam Worthington tracked down Nazi war criminal Vogel (Jesper Christensen) in East Berlin. At great risk, and at considerable personal cost, the team's mission was accomplished - or was it? The suspense builds in and across two different time periods, with startling action and surprising revelations. -- (C) Focus","posters":{"thumbnail":"http://content9.flixster.com/movie/11/15/75/11157527_mob.jpg","profile":"http://content9.flixster.com/movie/11/15/75/11157527_pro.jpg","detailed":"http://content9.flixster.com/movie/11/15/75/11157527_det.jpg","original":"http://content9.flixster.com/movie/11/15/75/11157527_ori.jpg"},"abridged_cast":[{"name":"Helen Mirren","id":"162662871","characters":["Rachel Singer"]},{"name":"Sam Worthington","id":"326396777","characters":["Young David"]},{"name":"Jessica Chastain","id":"770760183","characters":["Young Rachel"]},{"name":"Jesper Christensen","id":"162652283","characters":["Doktor Bernhardt/Dieter Vogel","Vogel"]},{"name":"Marton Csokas","id":"162653240","characters":["Young Stefan","Young Stephan"]}],"alternate_ids":{"imdb":"1226753"},"links":{"self":"http://api.rottentomatoes.com/api/public/v1.0/movies/770815579.json","alternate":"http://www.rottentomatoes.com/m/1211195-debt/","cast":"http://api.rottentomatoes.com/api/public/v1.0/movies/770815579/cast.json","clips":"http://api.rottentomatoes.com/api/public/v1.0/movies/770815579/clips.json","reviews":"http://api.rottentomatoes.com/api/public/v1.0/movies/770815579/reviews.json","similar":"http://api.rottentomatoes.com/api/public/v1.0/movies/770815579/similar.json"}},{"id":"770813870","title":"The Roommate","year":2011,"mpaa_rating":"PG-13","runtime":91,"critics_consensus":"Devoid of chills, thrills, or even cheap titillation, The Roommate isn't even bad enough to be good.","release_dates":{"theater":"2011-02-04","dvd":"2011-05-17"},"ratings":{"critics_rating":"Rotten","critics_score":4,"audience_rating":"Spilled","audience_score":27},"synopsis":"A psychological thriller about a deranged college freshman (Leighton Meester) who becomes obsessed with her new roommate (Minka Kelly). -- (C) Sony","posters":{"thumbnail":"http://content7.flixster.com/movie/11/15/54/11155441_mob.jpg","profile":"http://content7.flixster.com/movie/11/15/54/11155441_pro.jpg","detailed":"http://content7.flixster.com/movie/11/15/54/11155441_det.jpg","original":"http://content7.flixster.com/movie/11/15/54/11155441_ori.jpg"},"abridged_cast":[{"name":"Leighton Meester","id":"770674549","characters":["Rebecca"]},{"name":"Minka Kelly","id":"770677277","characters":["Sara matthews"]},{"name":"Cam Gigandet","id":"770699333","characters":["Stephen"]},{"name":"Alyson Michalka","id":"319131899","characters":["Tracy"]},{"name":"Danneel Harris","id":"770672010","characters":["Irene"]}],"alternate_ids":{"imdb":"1265990"},"links":{"self":"http://api.rottentomatoes.com/api/public/v1.0/movies/770813870.json","alternate":"http://www.rottentomatoes.com/m/the_roommate/","cast":"http://api.rottentomatoes.com/api/public/v1.0/movies/770813870/cast.json","clips":"http://api.rottentomatoes.com/api/public/v1.0/movies/770813870/clips.json","reviews":"http://api.rottentomatoes.com/api/public/v1.0/movies/770813870/reviews.json","similar":"http://api.rottentomatoes.com/api/public/v1.0/movies/770813870/similar.json"}},{"id":"15080","title":"The Matrix Revisited","year":2001,"mpaa_rating":"Unrated","runtime":123,"release_dates":{"theater":"2001-11-20","dvd":"2001-11-20"},"ratings":{"critics_rating":"Fresh","critics_score":71,"audience_rating":"Upright","audience_score":64},"synopsis":"","posters":{"thumbnail":"http://content6.flixster.com/movie/11/12/46/11124636_mob.jpg","profile":"http://content6.flixster.com/movie/11/12/46/11124636_pro.jpg","detailed":"http://content6.flixster.com/movie/11/12/46/11124636_det.jpg","original":"http://content6.flixster.com/movie/11/12/46/11124636_ori.jpg"},"abridged_cast":[{"name":"Laurence Fishburne","id":"162669090"},{"name":"Keanu Reeves","id":"162654049"},{"name":"Carrie-Anne Moss","id":"162669130"},{"name":"Hugo Weaving","id":"162709905"},{"name":"Joe Pantoliano","id":"162686963"}],"alternate_ids":{"imdb":"0295432"},"links":{"self":"http://api.rottentomatoes.com/api/public/v1.0/movies/15080.json","alternate":"http://www.rottentomatoes.com/m/matrix_revisited/","cast":"http://api.rottentomatoes.com/api/public/v1.0/movies/15080/cast.json","clips":"http://api.rottentomatoes.com/api/public/v1.0/movies/15080/clips.json","reviews":"http://api.rottentomatoes.com/api/public/v1.0/movies/15080/reviews.json","similar":"http://api.rottentomatoes.com/api/public/v1.0/movies/15080/similar.json"}},{"id":"13666","title":"The Omen","year":1976,"mpaa_rating":"R","runtime":111,"release_dates":{"theater":"1976-06-25","dvd":"2001-09-04"},"ratings":{"critics_rating":"Certified Fresh","critics_score":85,"audience_rating":"Upright","audience_score":81},"synopsis":"","posters":{"thumbnail":"http://content6.flixster.com/movie/10/93/48/10934824_mob.jpg","profile":"http://content6.flixster.com/movie/10/93/48/10934824_pro.jpg","detailed":"http://content6.flixster.com/movie/10/93/48/10934824_det.jpg","original":"http://content6.flixster.com/movie/10/93/48/10934824_ori.jpg"},"abridged_cast":[{"name":"Gregory Peck","id":"162656513","characters":["Robert"]},{"name":"Lee Remick","id":"162695185","characters":["Katherine Thorn"]},{"name":"David Warner","id":"162667585","characters":["Jennings"]},{"name":"Billie Whitelaw","id":"225141305","characters":["Mrs. Baylock"]},{"name":"Harvey Stephens","id":"405689868","characters":["Damien"]}],"alternate_ids":{"imdb":"0075005"},"links":{"self":"http://api.rottentomatoes.com/api/public/v1.0/movies/13666.json","alternate":"http://www.rottentomatoes.com/m/1015517-omen/","cast":"http://api.rottentomatoes.com/api/public/v1.0/movies/13666/cast.json","clips":"http://api.rottentomatoes.com/api/public/v1.0/movies/13666/clips.json","reviews":"http://api.rottentomatoes.com/api/public/v1.0/movies/13666/reviews.json","similar":"http://api.rottentomatoes.com/api/public/v1.0/movies/13666/similar.json"}},{"id":"8564","title":"The Squid and the Whale","year":2006,"mpaa_rating":"R","runtime":81,"critics_consensus":"This is a piercingly honest, acidly witty look at divorce and its impact on a family.","release_dates":{"theater":"2005-10-05","dvd":"2006-03-14"},"ratings":{"critics_rating":"Certified Fresh","critics_score":93,"audience_rating":"Upright","audience_score":81},"synopsis":"","posters":{"thumbnail":"http://content6.flixster.com/movie/25/02/250292_mob.jpg","profile":"http://content6.flixster.com/movie/25/02/250292_pro.jpg","detailed":"http://content6.flixster.com/movie/25/02/250292_det.jpg","original":"http://content6.flixster.com/movie/25/02/250292_ori.jpg"},"abridged_cast":[{"name":"Jeff Daniels","id":"162654392","characters":["Bernard Berkman"]},{"name":"Laura Linney","id":"162653768","characters":["Joan Berkman"]},{"name":"Jesse Eisenberg","id":"162654393","characters":["Walt Berkman"]},{"name":"Owen Kline","id":"162654394","characters":["Frank Berkman"]},{"name":"William Baldwin","id":"162680244","characters":["Ivan"]}],"alternate_ids":{"imdb":"0367089"},"links":{"self":"http://api.rottentomatoes.com/api/public/v1.0/movies/8564.json","alternate":"http://www.rottentomatoes.com/m/squid_and_the_whale/","cast":"http://api.rottentomatoes.com/api/public/v1.0/movies/8564/cast.json","clips":"http://api.rottentomatoes.com/api/public/v1.0/movies/8564/clips.json","reviews":"http://api.rottentomatoes.com/api/public/v1.0/movies/8564/reviews.json","similar":"http://api.rottentomatoes.com/api/public/v1.0/movies/8564/similar.json"}},{"id":"770801286","title":"Jonas Brothers: The 3D Concert Experience","year":2009,"mpaa_rating":"G","runtime":76,"critics_consensus":"Jonas Brothers: The 3-D Concert Experience should please the brothers' adoring followers, but for non-converts, this concert film is largely flat and unenlightening.","release_dates":{"theater":"2009-02-27","dvd":"2009-06-30"},"ratings":{"critics_rating":"Rotten","critics_score":25,"audience_rating":"Upright","audience_score":77},"synopsis":"","posters":{"thumbnail":"http://content7.flixster.com/movie/10/92/39/10923953_mob.jpg","profile":"http://content7.flixster.com/movie/10/92/39/10923953_pro.jpg","detailed":"http://content7.flixster.com/movie/10/92/39/10923953_det.jpg","original":"http://content7.flixster.com/movie/10/92/39/10923953_ori.jpg"},"abridged_cast":[{"name":"Paul Kevin Jonas","id":"770777930","characters":["Guitar/Vocals"]},{"name":"Joe Jonas","id":"770683271","characters":["Vocals"]},{"name":"Nick Jonas","id":"770683270","characters":["Vocals"]},{"name":"Jonas Brothers","id":"770771050"},{"name":"Demi Lovato","id":"770683272"}],"alternate_ids":{"imdb":"1229827"},"links":{"self":"http://api.rottentomatoes.com/api/public/v1.0/movies/770801286.json","alternate":"http://www.rottentomatoes.com/m/jonas_brothers_3d/","cast":"http://api.rottentomatoes.com/api/public/v1.0/movies/770801286/cast.json","clips":"http://api.rottentomatoes.com/api/public/v1.0/movies/770801286/clips.json","reviews":"http://api.rottentomatoes.com/api/public/v1.0/movies/770801286/reviews.json","similar":"http://api.rottentomatoes.com/api/public/v1.0/movies/770801286/similar.json"}},{"id":"12675","title":"The Addams Family","year":1991,"mpaa_rating":"PG-13","runtime":99,"critics_consensus":"The movie is peppered with amusing sight gags and one-liners, but the disjointed script doesn't cohere into a successful whole.","release_dates":{"theater":"1991-11-22","dvd":"2000-02-22"},"ratings":{"critics_rating":"Fresh","critics_score":60,"audience_rating":"Upright","audience_score":66},"synopsis":"","posters":{"thumbnail":"http://content8.flixster.com/movie/26/64/266402_mob.jpg","profile":"http://content8.flixster.com/movie/26/64/266402_pro.jpg","detailed":"http://content8.flixster.com/movie/26/64/266402_det.jpg","original":"http://content8.flixster.com/movie/26/64/266402_ori.jpg"},"abridged_cast":[{"name":"Anjelica Huston","id":"162660306","characters":["Morticia Addams"]},{"name":"Raul Julia","id":"162670709","characters":["Gomez Addams"]},{"name":"Christopher Lloyd","id":"162657089","characters":["Gordon Craven"]},{"name":"Dan Hedaya","id":"162669804","characters":["Tully Alford"]},{"name":"Elizabeth Wilson","id":"770678046","characters":["Abigail Craven"]}],"alternate_ids":{"imdb":"0101272"},"links":{"self":"http://api.rottentomatoes.com/api/public/v1.0/movies/12675.json","alternate":"http://www.rottentomatoes.com/m/addams_family/","cast":"http://api.rottentomatoes.com/api/public/v1.0/movies/12675/cast.json","clips":"http://api.rottentomatoes.com/api/public/v1.0/movies/12675/clips.json","reviews":"http://api.rottentomatoes.com/api/public/v1.0/movies/12675/reviews.json","similar":"http://api.rottentomatoes.com/api/public/v1.0/movies/12675/similar.json"}},{"id":"10857","title":"Buffy the Vampire Slayer","year":1992,"mpaa_rating":"PG-13","runtime":98,"release_dates":{"theater":"1992-07-31","dvd":"2001-09-04"},"ratings":{"critics_rating":"Rotten","critics_score":33,"audience_rating":"Spilled","audience_score":43},"synopsis":"","posters":{"thumbnail":"http://content6.flixster.com/movie/11/15/54/11155400_mob.jpg","profile":"http://content6.flixster.com/movie/11/15/54/11155400_pro.jpg","detailed":"http://content6.flixster.com/movie/11/15/54/11155400_det.jpg","original":"http://content6.flixster.com/movie/11/15/54/11155400_ori.jpg"},"abridged_cast":[{"name":"Kristy Swanson","id":"162664610","characters":["Buffy"]},{"name":"Donald Sutherland","id":"162655293","characters":["Merrick"]},{"name":"Rutger Hauer","id":"162662499","characters":["Lothos"]},{"name":"Paul Reubens","id":"162660454","characters":["Amilyn"]},{"name":"Luke Perry","id":"162664354","characters":["Pike"]}],"alternate_ids":{"imdb":"0103893"},"links":{"self":"http://api.rottentomatoes.com/api/public/v1.0/movies/10857.json","alternate":"http://www.rottentomatoes.com/m/buffy_the_vampire_slayer/","cast":"http://api.rottentomatoes.com/api/public/v1.0/movies/10857/cast.json","clips":"http://api.rottentomatoes.com/api/public/v1.0/movies/10857/clips.json","reviews":"http://api.rottentomatoes.com/api/public/v1.0/movies/10857/reviews.json","similar":"http://api.rottentomatoes.com/api/public/v1.0/movies/10857/similar.json"}},{"id":"770875156","title":"Don't Be Afraid Of The Dark","year":2010,"mpaa_rating":"R","runtime":76,"critics_consensus":"While it's pleasantly atmospheric and initially quite scary, Don't Be Afraid of the Dark ultimately fails to deliver the skin-crawling chills of the original.","release_dates":{"theater":"2011-08-26","dvd":"2012-01-03"},"ratings":{"critics_rating":"Rotten","critics_score":58,"audience_rating":"Spilled","audience_score":34},"synopsis":"While architect Alex Hurst (Guy Pearce) and his new girlfriend Kim (Katie Holmes) restore their Gothic mansion's period interiors, Alex's young daughter Sally (Bailee Madison) can investigate the macabre history and dark corners of the estate. Spurring Sally's investigation are the voices-rasping whispers who call out to her from the basement, who promise her understanding and friendship, who are so very hungry and would like to be set free. When Sally gives in to her curiosity, she opens a gateway into a hellish underworld from which an army of beady-eyed, sharp-clawed monsters emerge, small in size but endless in number. Confronted with the horror that now threatens to taker her life and destroy her family, Sally desperately tries to warn the whole house, but there's just one problem: no one believes her. -- (C) Miramax","posters":{"thumbnail":"http://content6.flixster.com/movie/11/16/36/11163652_mob.jpg","profile":"http://content6.flixster.com/movie/11/16/36/11163652_pro.jpg","detailed":"http://content6.flixster.com/movie/11/16/36/11163652_det.jpg","original":"http://content6.flixster.com/movie/11/16/36/11163652_ori.jpg"},"abridged_cast":[{"name":"Guy Pearce","id":"162660324","characters":["Alex","Alex Hurst"]},{"name":"Katie Holmes","id":"162652648","characters":["Kim"]},{"name":"Bailee Madison","id":"387371602","characters":["Sally","Sally Hurst"]},{"name":"Jack Thompson","id":"162682161","characters":["Harris"]},{"name":"Alan Dale","id":"770695617","characters":["Charles Jacoby"]}],"alternate_ids":{"imdb":"1270761"},"links":{"self":"http://api.rottentomatoes.com/api/public/v1.0/movies/770875156.json","alternate":"http://www.rottentomatoes.com/m/dont_be_afraid_of_the_dark_2011/","cast":"http://api.rottentomatoes.com/api/public/v1.0/movies/770875156/cast.json","clips":"http://api.rottentomatoes.com/api/public/v1.0/movies/770875156/clips.json","reviews":"http://api.rottentomatoes.com/api/public/v1.0/movies/770875156/reviews.json","similar":"http://api.rottentomatoes.com/api/public/v1.0/movies/770875156/similar.json"}},{"id":"770675307","title":"The Killing of John Lennon","year":2006,"mpaa_rating":"Unrated","runtime":112,"critics_consensus":"Despite a committed performance by newcomer Jonas Ball, The Killing of John Lennon is ultimately a flimsy character study.","release_dates":{"theater":"2006-08-15","dvd":"2008-08-05"},"ratings":{"critics_rating":"Rotten","critics_score":37,"audience_rating":"Spilled","audience_score":47},"synopsis":"","posters":{"thumbnail":"http://content6.flixster.com/movie/11/16/95/11169536_mob.jpg","profile":"http://content6.flixster.com/movie/11/16/95/11169536_pro.jpg","detailed":"http://content6.flixster.com/movie/11/16/95/11169536_det.jpg","original":"http://content6.flixster.com/movie/11/16/95/11169536_ori.jpg"},"abridged_cast":[{"name":"Jonas Ball","id":"770680067","characters":["Mark David Chapman"]},{"name":"Mie Omori","id":"770680069","characters":["Gloria"]},{"name":"Gail Kay Bell","id":"770903191"},{"name":"Krisha Fairchild","id":"770680070"},{"name":"Robert C. Kirk","id":"770680071"}],"alternate_ids":{"imdb":"0881934"},"links":{"self":"http://api.rottentomatoes.com/api/public/v1.0/movies/770675307.json","alternate":"http://www.rottentomatoes.com/m/the-killing-of-john-lennon/","cast":"http://api.rottentomatoes.com/api/public/v1.0/movies/770675307/cast.json","clips":"http://api.rottentomatoes.com/api/public/v1.0/movies/770675307/clips.json","reviews":"http://api.rottentomatoes.com/api/public/v1.0/movies/770675307/reviews.json","similar":"http://api.rottentomatoes.com/api/public/v1.0/movies/770675307/similar.json"}},{"id":"528361347","title":"The Nines","year":2006,"mpaa_rating":"R","runtime":99,"critics_consensus":"Though The Nines doesn't solidify as well as writer/director John August would hope for, Ryan Reynolds's strong performance makes each of the film's intriguing segments worth watching.","release_dates":{"theater":"2007-08-31","dvd":"2008-01-29"},"ratings":{"critics_rating":"Fresh","critics_score":64,"audience_rating":"Upright","audience_score":62},"synopsis":"","posters":{"thumbnail":"http://content9.flixster.com/movie/10/92/74/10927471_mob.jpg","profile":"http://content9.flixster.com/movie/10/92/74/10927471_pro.jpg","detailed":"http://content9.flixster.com/movie/10/92/74/10927471_det.jpg","original":"http://content9.flixster.com/movie/10/92/74/10927471_ori.jpg"},"abridged_cast":[{"name":"Ryan Reynolds","id":"162652367","characters":["Gary/Gavin/Gabriel"]},{"name":"Hope Davis","id":"162653969","characters":["Sarah/Susan/Sierra"]},{"name":"Melissa McCarthy","id":"528361348","characters":["Margaret/Melissa/Mary"]},{"name":"Elle Fanning","id":"528361349","characters":["Noelle"]},{"name":"Dahlia Salem","id":"528361351","characters":["Herself"]}],"alternate_ids":{"imdb":"0810988"},"links":{"self":"http://api.rottentomatoes.com/api/public/v1.0/movies/528361347.json","alternate":"http://www.rottentomatoes.com/m/the_nines/","cast":"http://api.rottentomatoes.com/api/public/v1.0/movies/528361347/cast.json","clips":"http://api.rottentomatoes.com/api/public/v1.0/movies/528361347/clips.json","reviews":"http://api.rottentomatoes.com/api/public/v1.0/movies/528361347/reviews.json","similar":"http://api.rottentomatoes.com/api/public/v1.0/movies/528361347/similar.json"}},{"id":"771202933","title":"The Thing","year":2011,"mpaa_rating":"R","runtime":103,"critics_consensus":"It serves the bare serviceable minimum for a horror flick, but The Thing is all boo-scares and a slave to the far superior John Carpenter version.","release_dates":{"theater":"2011-10-14","dvd":"2012-01-31"},"ratings":{"critics_rating":"Rotten","critics_score":35,"audience_rating":"Spilled","audience_score":43},"synopsis":"Paleontologist Kate Lloyd (Mary Elizabeth Winstead) has traveled to the desolate region for the expedition of her lifetime. Joining a Norwegian scientific team that has stumbled across an extraterrestrial ship buried in the ice, she discovers an organism that seems to have died in the crash eons ago. But it is about to wake up. When a simple experiment frees the alien from its frozen prison, Kate must join the crew's pilot, Carter (Joel Edgerton), to keep it from killing them off one at a time. And in this vast, intense land, a parasite that can mimic anything it touches will pit human against human as it tries to survive and flourish. The Thing serves as a prelude to John Carpenter's classic 1982 film of the same name. -- (C) Universal","posters":{"thumbnail":"http://content8.flixster.com/movie/11/16/36/11163634_mob.jpg","profile":"http://content8.flixster.com/movie/11/16/36/11163634_pro.jpg","detailed":"http://content8.flixster.com/movie/11/16/36/11163634_det.jpg","original":"http://content8.flixster.com/movie/11/16/36/11163634_ori.jpg"},"abridged_cast":[{"name":"Mary Elizabeth Winstead","id":"341817661","characters":["Kate Lloyd"]},{"name":"Joel Edgerton","id":"162733204","characters":["Braxton Carter","Carter"]},{"name":"Ulrich Thomsen","id":"326298137","characters":["Dr. Sander Halvorson"]},{"name":"Eric Christian Olsen","id":"162673659","characters":["Adam Goldman","Adam Goodman"]},{"name":"Adewale Akinnuoye-Agbaje","id":"405589153","characters":["Jameson"]}],"alternate_ids":{"imdb":"0905372"},"links":{"self":"http://api.rottentomatoes.com/api/public/v1.0/movies/771202933.json","alternate":"http://www.rottentomatoes.com/m/the_thing_2011/","cast":"http://api.rottentomatoes.com/api/public/v1.0/movies/771202933/cast.json","clips":"http://api.rottentomatoes.com/api/public/v1.0/movies/771202933/clips.json","reviews":"http://api.rottentomatoes.com/api/public/v1.0/movies/771202933/reviews.json","similar":"http://api.rottentomatoes.com/api/public/v1.0/movies/771202933/similar.json"}},{"id":"770820081","title":"The Company Men","year":2010,"mpaa_rating":"R","runtime":104,"critics_consensus":"It might be hard for most viewers to identify with The Company Men's well-heeled protagonists, but writer/director John Wells uses their plight to make universally resonant points -- and gets the most out of his excellent cast.","release_dates":{"theater":"2011-01-21","dvd":"2011-06-07"},"ratings":{"critics_rating":"Fresh","critics_score":67,"audience_rating":"Spilled","audience_score":56},"synopsis":"Bobby Walker (Ben Affleck) is living the American dream: great job, beautiful family, shiny Porsche in the garage. When corporate downsizing leaves him and co-workers Phil Woodward (Chris Cooper) and Gene McClary (Tommy Lee Jones) jobless, the three men are forced to re-define their lives as men, husbands, and fathers. <br /><br /> Bobby soon finds himself enduring enthusiastic life coaching, a job building houses for his brother-in-law (Kevin Costner) which does not play to his executive skill set, and perhaps the realization that there is more to life than chasing the bigger, better deal. With humor, pathos, and keen observation, writer-director John Wells (the creator of \"ER\") introduces us to the new realities of American life. -- (C) Weinstein","posters":{"thumbnail":"http://content8.flixster.com/movie/11/15/31/11153150_mob.jpg","profile":"http://content8.flixster.com/movie/11/15/31/11153150_pro.jpg","detailed":"http://content8.flixster.com/movie/11/15/31/11153150_det.jpg","original":"http://content8.flixster.com/movie/11/15/31/11153150_ori.jpg"},"abridged_cast":[{"name":"Tommy Lee Jones","id":"162666788","characters":["Gene McClary"]},{"name":"Ben Affleck","id":"162665891","characters":["Bobby Walker"]},{"name":"Chris Cooper","id":"162654289","characters":["Phil Woodward"]},{"name":"Maria Bello","id":"162654542","characters":["Sally Wilcox"]},{"name":"Rosemarie DeWitt","id":"356196984","characters":["Maggie Walker"]}],"alternate_ids":{"imdb":"1172991"},"links":{"self":"http://api.rottentomatoes.com/api/public/v1.0/movies/770820081.json","alternate":"http://www.rottentomatoes.com/m/the-company-men/","cast":"http://api.rottentomatoes.com/api/public/v1.0/movies/770820081/cast.json","clips":"http://api.rottentomatoes.com/api/public/v1.0/movies/770820081/clips.json","reviews":"http://api.rottentomatoes.com/api/public/v1.0/movies/770820081/reviews.json","similar":"http://api.rottentomatoes.com/api/public/v1.0/movies/770820081/similar.json"}},{"id":"5617","title":"The Cave","year":2005,"mpaa_rating":"PG-13","runtime":97,"critics_consensus":"Despite its stylized and impressive sets, this horror-monster movie mish-mash suffers from endless cliches and wildly implausible plotlines.","release_dates":{"theater":"2005-08-26","dvd":"2006-01-03"},"ratings":{"critics_rating":"Rotten","critics_score":11,"audience_rating":"Spilled","audience_score":28},"synopsis":"","posters":{"thumbnail":"http://content9.flixster.com/movie/10/88/22/10882223_mob.jpg","profile":"http://content9.flixster.com/movie/10/88/22/10882223_pro.jpg","detailed":"http://content9.flixster.com/movie/10/88/22/10882223_det.jpg","original":"http://content9.flixster.com/movie/10/88/22/10882223_ori.jpg"},"abridged_cast":[{"name":"Cole Hauser","id":"162653534","characters":["Jack"]},{"name":"Morris Chestnut","id":"162653531","characters":["Top Buchanan"]},{"name":"Eddie Cibrian","id":"162653533","characters":["Tyler"]},{"name":"Rick Ravanello","id":"408557530","characters":["Briggs"]},{"name":"Marcel Iures","id":"331415529","characters":["Dr. Nicolai"]}],"alternate_ids":{"imdb":"0402901"},"links":{"self":"http://api.rottentomatoes.com/api/public/v1.0/movies/5617.json","alternate":"http://www.rottentomatoes.com/m/cave/","cast":"http://api.rottentomatoes.com/api/public/v1.0/movies/5617/cast.json","clips":"http://api.rottentomatoes.com/api/public/v1.0/movies/5617/clips.json","reviews":"http://api.rottentomatoes.com/api/public/v1.0/movies/5617/reviews.json","similar":"http://api.rottentomatoes.com/api/public/v1.0/movies/5617/similar.json"}},{"id":"14987","title":"A Nightmare on Elm Street 5 - The Dream Child","year":1989,"mpaa_rating":"R","runtime":89,"release_dates":{"theater":"1989-08-11","dvd":"2000-09-12"},"ratings":{"critics_rating":"Rotten","critics_score":33,"audience_rating":"Spilled","audience_score":33},"synopsis":"","posters":{"thumbnail":"http://content8.flixster.com/movie/10/95/40/10954010_mob.jpg","profile":"http://content8.flixster.com/movie/10/95/40/10954010_pro.jpg","detailed":"http://content8.flixster.com/movie/10/95/40/10954010_det.jpg","original":"http://content8.flixster.com/movie/10/95/40/10954010_ori.jpg"},"abridged_cast":[{"name":"Robert Englund","id":"162686758","characters":["Freddy Krueger"]},{"name":"Lisa Wilcox","id":"694921153","characters":["Alice"]},{"name":"Kelly Jo Minter","id":"770673744","characters":["Yvonne"]},{"name":"Danny Hassel","id":"770712396","characters":["Dan"]},{"name":"Joe Seely","id":"770784215","characters":["Mark"]}],"alternate_ids":{"imdb":"0097981"},"links":{"self":"http://api.rottentomatoes.com/api/public/v1.0/movies/14987.json","alternate":"http://www.rottentomatoes.com/m/nightmare_on_elm_street_5_the_dream_child/","cast":"http://api.rottentomatoes.com/api/public/v1.0/movies/14987/cast.json","clips":"http://api.rottentomatoes.com/api/public/v1.0/movies/14987/clips.json","reviews":"http://api.rottentomatoes.com/api/public/v1.0/movies/14987/reviews.json","similar":"http://api.rottentomatoes.com/api/public/v1.0/movies/14987/similar.json"}},{"id":"10777","title":"The Lizzie McGuire Movie","year":2003,"mpaa_rating":"PG","runtime":93,"critics_consensus":"Harmless piece of fluff that ought to satisfy fans of the TV show.","release_dates":{"theater":"2003-05-02","dvd":"2003-08-12"},"ratings":{"critics_rating":"Rotten","critics_score":40,"audience_rating":"Spilled","audience_score":49},"synopsis":"","posters":{"thumbnail":"http://content9.flixster.com/movie/31/93/91/3193911_mob.jpg","profile":"http://content9.flixster.com/movie/31/93/91/3193911_pro.jpg","detailed":"http://content9.flixster.com/movie/31/93/91/3193911_det.jpg","original":"http://content9.flixster.com/movie/31/93/91/3193911_ori.jpg"},"abridged_cast":[{"name":"Hilary Duff","id":"162652728","characters":["Isabella","Lizzie McGuire"]},{"name":"Yani Gellman","id":"770918651","characters":["Paolo"]},{"name":"Adam Lamberg","id":"162666939","characters":["David \"Gordo\" Gordon"]},{"name":"Robert Carradine","id":"162674861","characters":["Mr. Sam McGuire"]},{"name":"Hallie Todd","id":"546763515","characters":["Mrs. Jo McGuire"]}],"alternate_ids":{"imdb":"0306841"},"links":{"self":"http://api.rottentomatoes.com/api/public/v1.0/movies/10777.json","alternate":"http://www.rottentomatoes.com/m/lizzie_mcguire_movie/","cast":"http://api.rottentomatoes.com/api/public/v1.0/movies/10777/cast.json","clips":"http://api.rottentomatoes.com/api/public/v1.0/movies/10777/clips.json","reviews":"http://api.rottentomatoes.com/api/public/v1.0/movies/10777/reviews.json","similar":"http://api.rottentomatoes.com/api/public/v1.0/movies/10777/similar.json"}},{"id":"385329357","title":"The Flying Scotsman","year":2007,"mpaa_rating":"PG-13","runtime":103,"critics_consensus":"The Flying Scotsman's too-brisk pacing reduces the scale of cyclist Graham Obree's accomplishments while not uncovering what makes him tick.","release_dates":{"theater":"2006-12-29","dvd":"2007-09-18"},"ratings":{"critics_rating":"Rotten","critics_score":49,"audience_rating":"Spilled","audience_score":51},"synopsis":"","posters":{"thumbnail":"http://content9.flixster.com/movie/64/90/31/6490319_mob.jpg","profile":"http://content9.flixster.com/movie/64/90/31/6490319_pro.jpg","detailed":"http://content9.flixster.com/movie/64/90/31/6490319_det.jpg","original":"http://content9.flixster.com/movie/64/90/31/6490319_ori.jpg"},"abridged_cast":[{"name":"Jonny Lee Miller","id":"770671698","characters":["Graeme Obree"]},{"name":"Billy Boyd","id":"162660362","characters":["Malky McGovern"]},{"name":"Laura Fraser","id":"331415664","characters":["Anne Obree"]},{"name":"Morven Christie","id":"770669798","characters":["Katie"]},{"name":"Steven Berkoff","id":"162654984"}],"alternate_ids":{"imdb":"0472268"},"links":{"self":"http://api.rottentomatoes.com/api/public/v1.0/movies/385329357.json","alternate":"http://www.rottentomatoes.com/m/flying_scotsman/","cast":"http://api.rottentomatoes.com/api/public/v1.0/movies/385329357/cast.json","clips":"http://api.rottentomatoes.com/api/public/v1.0/movies/385329357/clips.json","reviews":"http://api.rottentomatoes.com/api/public/v1.0/movies/385329357/reviews.json","similar":"http://api.rottentomatoes.com/api/public/v1.0/movies/385329357/similar.json"}},{"id":"16582","title":"The Craft","year":1996,"mpaa_rating":"R","runtime":101,"release_dates":{"theater":"1996-05-03","dvd":"1997-07-02"},"ratings":{"critics_rating":"Rotten","critics_score":50,"audience_rating":"Upright","audience_score":65},"synopsis":"","posters":{"thumbnail":"http://content6.flixster.com/movie/10/85/08/10850868_mob.jpg","profile":"http://content6.flixster.com/movie/10/85/08/10850868_pro.jpg","detailed":"http://content6.flixster.com/movie/10/85/08/10850868_det.jpg","original":"http://content6.flixster.com/movie/10/85/08/10850868_ori.jpg"},"abridged_cast":[{"name":"Robin Tunney","id":"162670409","characters":["Sarah"]},{"name":"Fairuza Balk","id":"162731353","characters":["Nancy"]},{"name":"Neve Campbell","id":"162656138","characters":["Bonnie"]},{"name":"Rachel True","id":"364652866","characters":["Rochelle"]},{"name":"Skeet Ulrich","id":"162671364","characters":["Chris"]}],"alternate_ids":{"imdb":"0115963"},"links":{"self":"http://api.rottentomatoes.com/api/public/v1.0/movies/16582.json","alternate":"http://www.rottentomatoes.com/m/craft/","cast":"http://api.rottentomatoes.com/api/public/v1.0/movies/16582/cast.json","clips":"http://api.rottentomatoes.com/api/public/v1.0/movies/16582/clips.json","reviews":"http://api.rottentomatoes.com/api/public/v1.0/movies/16582/reviews.json","similar":"http://api.rottentomatoes.com/api/public/v1.0/movies/16582/similar.json"}},{"id":"9924","title":"Singin' in the Rain","year":1952,"mpaa_rating":"G","runtime":102,"critics_consensus":"Clever, incisive, and funny, Singin' in the Rain is a masterpiece of the classical Hollywood musical.","release_dates":{"theater":"1952-01-01","dvd":"1997-08-27"},"ratings":{"critics_rating":"Certified Fresh","critics_score":100,"audience_rating":"Upright","audience_score":95},"synopsis":"","posters":{"thumbnail":"http://content7.flixster.com/movie/11/15/99/11159981_mob.jpg","profile":"http://content7.flixster.com/movie/11/15/99/11159981_pro.jpg","detailed":"http://content7.flixster.com/movie/11/15/99/11159981_det.jpg","original":"http://content7.flixster.com/movie/11/15/99/11159981_ori.jpg"},"abridged_cast":[{"name":"Gene Kelly","id":"162656103","characters":["Don Lockwood"]},{"name":"Donald O'Connor","id":"162658519","characters":["Cosmo Brown"]},{"name":"Debbie Reynolds","id":"162656686","characters":["Kathy Selden"]},{"name":"Jean Hagen","id":"162659038","characters":["Lina Lamont"]},{"name":"Millard Mitchell","id":"404667435","characters":["R.F. Simpson"]}],"alternate_ids":{"imdb":"0045152"},"links":{"self":"http://api.rottentomatoes.com/api/public/v1.0/movies/9924.json","alternate":"http://www.rottentomatoes.com/m/singin_in_the_rain/","cast":"http://api.rottentomatoes.com/api/public/v1.0/movies/9924/cast.json","clips":"http://api.rottentomatoes.com/api/public/v1.0/movies/9924/clips.json","reviews":"http://api.rottentomatoes.com/api/public/v1.0/movies/9924/reviews.json","similar":"http://api.rottentomatoes.com/api/public/v1.0/movies/9924/similar.json"}},{"id":"23","title":"Fever Pitch (The Perfect Catch)","year":2005,"mpaa_rating":"PG-13","runtime":98,"critics_consensus":"While not a home run, Fever Pitch has enough charm and on-screen chemistry between the two leads to make it a solid hit.","release_dates":{"theater":"2005-04-08","dvd":"2005-09-13"},"ratings":{"critics_rating":"Fresh","critics_score":64,"audience_rating":"Upright","audience_score":60},"synopsis":"","posters":{"thumbnail":"http://content7.flixster.com/movie/24/97/249737_mob.jpg","profile":"http://content7.flixster.com/movie/24/97/249737_pro.jpg","detailed":"http://content7.flixster.com/movie/24/97/249737_det.jpg","original":"http://content7.flixster.com/movie/24/97/249737_ori.jpg"},"abridged_cast":[{"name":"Drew Barrymore","id":"162652402","characters":["Lindsey"]},{"name":"Jimmy Fallon","id":"162652403","characters":["Ben","Ben Wrightman"]},{"name":"Jason Spevack","id":"429037586","characters":["Ben (1980)"]},{"name":"Jack Kehler","id":"162652405","characters":["Al"]},{"name":"Scott H. Severance","id":"771035418","characters":["Artie"]}],"alternate_ids":{"imdb":"0332047"},"links":{"self":"http://api.rottentomatoes.com/api/public/v1.0/movies/23.json","alternate":"http://www.rottentomatoes.com/m/fever_pitch/","cast":"http://api.rottentomatoes.com/api/public/v1.0/movies/23/cast.json","clips":"http://api.rottentomatoes.com/api/public/v1.0/movies/23/clips.json","reviews":"http://api.rottentomatoes.com/api/public/v1.0/movies/23/reviews.json","similar":"http://api.rottentomatoes.com/api/public/v1.0/movies/23/similar.json"}},{"id":"771041148","title":"Winnie the Pooh","year":2011,"mpaa_rating":"G","runtime":73,"critics_consensus":"Short, nostalgic, and gently whimsical, Winnie the Pooh offers young audiences -- and their parents -- a sweetly traditional family treat.","release_dates":{"theater":"2011-07-15","dvd":"2011-10-25"},"ratings":{"critics_rating":"Certified Fresh","critics_score":90,"audience_rating":"Upright","audience_score":80},"synopsis":"Walt Disney Animation Studios returns to the Hundred Acre Wood with Winnie the Pooh. Featuring the timeless charm, wit and whimsy of the original featurettes, this all-new movie reunites audiences with the philosophical \"bear of very little brain\" and friends Tigger, Rabbit, Piglet, Owl, Kanga, Roo-and last, but certainly not least, Eeyore, who has lost his tail. \"Ever have one of those days where you just can't win, Eeyore?\" asks Pooh. Owl sends the whole gang on a wild quest to save Christopher Robin from an imaginary culprit. It turns out to be a very busy day for a bear who simply set out to find some honey. Inspired by three stories from A.A. Milne's books in Disney's classic, hand-drawn art style. -- (C) Walt Disney","posters":{"thumbnail":"http://content6.flixster.com/movie/11/15/59/11155908_mob.jpg","profile":"http://content6.flixster.com/movie/11/15/59/11155908_pro.jpg","detailed":"http://content6.flixster.com/movie/11/15/59/11155908_det.jpg","original":"http://content6.flixster.com/movie/11/15/59/11155908_ori.jpg"},"abridged_cast":[{"name":"Jim Cummings","id":"162655841","characters":["Tigger","Winnie the Pooh"]},{"name":"Craig Ferguson","id":"162676771","characters":["Owl"]},{"name":"Tom Kenny","id":"162663804","characters":["Rabbit"]},{"name":"Travis Oates","id":"770805892","characters":["Piglet"]},{"name":"Bud Luckey","id":"770689970","characters":["Eeyore"]}],"alternate_ids":{"imdb":"1449283"},"links":{"self":"http://api.rottentomatoes.com/api/public/v1.0/movies/771041148.json","alternate":"http://www.rottentomatoes.com/m/winnie_the_pooh_2011/","cast":"http://api.rottentomatoes.com/api/public/v1.0/movies/771041148/cast.json","clips":"http://api.rottentomatoes.com/api/public/v1.0/movies/771041148/clips.json","reviews":"http://api.rottentomatoes.com/api/public/v1.0/movies/771041148/reviews.json","similar":"http://api.rottentomatoes.com/api/public/v1.0/movies/771041148/similar.json"}},{"id":"13309","title":"Tears of the Sun","year":2003,"mpaa_rating":"R","runtime":121,"critics_consensus":"Tries to be high-minded, but in the end, it's just a stylish action movie.","release_dates":{"theater":"2003-03-07","dvd":"2003-06-10"},"ratings":{"critics_rating":"Rotten","critics_score":33,"audience_rating":"Upright","audience_score":70},"synopsis":"","posters":{"thumbnail":"http://content8.flixster.com/movie/10/87/83/10878362_mob.jpg","profile":"http://content8.flixster.com/movie/10/87/83/10878362_pro.jpg","detailed":"http://content8.flixster.com/movie/10/87/83/10878362_det.jpg","original":"http://content8.flixster.com/movie/10/87/83/10878362_ori.jpg"},"abridged_cast":[{"name":"Bruce Willis","id":"162652509","characters":["Lt. A.K. Waters"]},{"name":"Monica Bellucci","id":"162653503","characters":["Dr. Lena Kendricks"]},{"name":"Cole Hauser","id":"162653534","characters":["Atkins"]},{"name":"Fionnula Flanagan","id":"364634096","characters":["Sister Grace"]},{"name":"Johnny Messner","id":"364609103","characters":["Kelly Lake"]}],"alternate_ids":{"imdb":"0314353"},"links":{"self":"http://api.rottentomatoes.com/api/public/v1.0/movies/13309.json","alternate":"http://www.rottentomatoes.com/m/tears_of_the_sun/","cast":"http://api.rottentomatoes.com/api/public/v1.0/movies/13309/cast.json","clips":"http://api.rottentomatoes.com/api/public/v1.0/movies/13309/clips.json","reviews":"http://api.rottentomatoes.com/api/public/v1.0/movies/13309/reviews.json","similar":"http://api.rottentomatoes.com/api/public/v1.0/movies/13309/similar.json"}},{"id":"771364044","title":"Paranormal Activity: The Marked Ones","year":2014,"mpaa_rating":"R","runtime":84,"critics_consensus":"A change of setting breathes some new life into the franchise, but Paranormal Activity: The Marked Ones fails to provide enough consistent thrills to justify a fifth film in the series.","release_dates":{"theater":"2014-01-03","dvd":"2014-04-08"},"ratings":{"critics_rating":"Rotten","critics_score":39,"audience_rating":"Spilled","audience_score":43},"synopsis":"A young California Latino named Jesse (Andrew Jacobs) is designated for possession by the same malevolent demon who previously claimed Kristi and Katie. Christopher Landon (son of Highway to Heaven actor Michael Landon) wrote and directed this spin-off/sequel produced by Oren Peli and Jason Blum. ~ Jason Buchanan, Rovi","posters":{"thumbnail":"http://content7.flixster.com/movie/11/17/52/11175241_mob.jpg","profile":"http://content7.flixster.com/movie/11/17/52/11175241_pro.jpg","detailed":"http://content7.flixster.com/movie/11/17/52/11175241_det.jpg","original":"http://content7.flixster.com/movie/11/17/52/11175241_ori.jpg"},"abridged_cast":[{"name":"Andrew Jacobs","id":"770848003"},{"name":"Carlos Pratts","id":"771103904"},{"name":"Richard Cabral","id":"771106277"},{"name":"Kimberly Ables Jindra","id":"771083039"},{"name":"Eddie J. Fernandez","id":"771079936"}],"alternate_ids":{"imdb":"2473682"},"links":{"self":"http://api.rottentomatoes.com/api/public/v1.0/movies/771364044.json","alternate":"http://www.rottentomatoes.com/m/paranormal_activity_the_marked_ones/","cast":"http://api.rottentomatoes.com/api/public/v1.0/movies/771364044/cast.json","clips":"http://api.rottentomatoes.com/api/public/v1.0/movies/771364044/clips.json","reviews":"http://api.rottentomatoes.com/api/public/v1.0/movies/771364044/reviews.json","similar":"http://api.rottentomatoes.com/api/public/v1.0/movies/771364044/similar.json"}},{"id":"12593","title":"The Parent Trap","year":1998,"mpaa_rating":"PG","runtime":128,"critics_consensus":"Writer-director Nancy Meyers takes the winning formula of the 1961 original and gives it an amiable modern spin, while young star Lindsay Lohan shines in her breakout role.","release_dates":{"theater":"1998-07-29","dvd":"1999-03-16"},"ratings":{"critics_rating":"Certified Fresh","critics_score":86,"audience_rating":"Upright","audience_score":69},"synopsis":"","posters":{"thumbnail":"http://content9.flixster.com/movie/10/88/10/10881003_mob.jpg","profile":"http://content9.flixster.com/movie/10/88/10/10881003_pro.jpg","detailed":"http://content9.flixster.com/movie/10/88/10/10881003_det.jpg","original":"http://content9.flixster.com/movie/10/88/10/10881003_ori.jpg"},"abridged_cast":[{"name":"Lindsay Lohan","id":"162652678","characters":["Hallie Parker / Annie James"]},{"name":"Dennis Quaid","id":"162655527","characters":["Nick Parkes"]},{"name":"Natasha Richardson","id":"162653239","characters":["Elizabeth James"]},{"name":"Elaine Hendrix","id":"364651203","characters":["Meredith Blake"]},{"name":"Lisa Ann Walter","id":"371354114","characters":["Chessi"]}],"alternate_ids":{"imdb":"0120783"},"links":{"self":"http://api.rottentomatoes.com/api/public/v1.0/movies/12593.json","alternate":"http://www.rottentomatoes.com/m/1083414-parent_trap/","cast":"http://api.rottentomatoes.com/api/public/v1.0/movies/12593/cast.json","clips":"http://api.rottentomatoes.com/api/public/v1.0/movies/12593/clips.json","reviews":"http://api.rottentomatoes.com/api/public/v1.0/movies/12593/reviews.json","similar":"http://api.rottentomatoes.com/api/public/v1.0/movies/12593/similar.json"}},{"id":"1785","title":"Land of the Dead","year":2005,"mpaa_rating":"R","runtime":92,"critics_consensus":"George A. Romero's latest entry in his much-vaunted Dead series is not as fresh as his genre-inventing original, Night of the Living Dead. But Land of the Dead does deliver on the gore and zombies-feasting-on-flesh action.","release_dates":{"theater":"2005-06-24","dvd":"2005-10-18"},"ratings":{"critics_rating":"Certified Fresh","critics_score":74,"audience_rating":"Spilled","audience_score":52},"synopsis":"","posters":{"thumbnail":"http://content7.flixster.com/movie/24/98/249809_mob.jpg","profile":"http://content7.flixster.com/movie/24/98/249809_pro.jpg","detailed":"http://content7.flixster.com/movie/24/98/249809_det.jpg","original":"http://content7.flixster.com/movie/24/98/249809_ori.jpg"},"abridged_cast":[{"name":"Simon Baker","id":"162652695","characters":["Riley"]},{"name":"John Leguizamo","id":"162652698","characters":["Cholo"]},{"name":"Asia Argento","id":"162652696","characters":["Slack"]},{"name":"Robert Joy","id":"162652699","characters":["Charlie"]},{"name":"Dennis Hopper","id":"162652697","characters":["Kaufman"]}],"alternate_ids":{"imdb":"0418819"},"links":{"self":"http://api.rottentomatoes.com/api/public/v1.0/movies/1785.json","alternate":"http://www.rottentomatoes.com/m/land_of_the_dead/","cast":"http://api.rottentomatoes.com/api/public/v1.0/movies/1785/cast.json","clips":"http://api.rottentomatoes.com/api/public/v1.0/movies/1785/clips.json","reviews":"http://api.rottentomatoes.com/api/public/v1.0/movies/1785/reviews.json","similar":"http://api.rottentomatoes.com/api/public/v1.0/movies/1785/similar.json"}},{"id":"13085","title":"The Jacket","year":2005,"mpaa_rating":"R","runtime":102,"critics_consensus":"The Jacket is a case of creepy style over substance.","release_dates":{"theater":"2005-03-04","dvd":"2005-06-21"},"ratings":{"critics_rating":"Rotten","critics_score":44,"audience_rating":"Upright","audience_score":74},"synopsis":"","posters":{"thumbnail":"http://content7.flixster.com/movie/51/82/35/5182353_mob.jpg","profile":"http://content7.flixster.com/movie/51/82/35/5182353_pro.jpg","detailed":"http://content7.flixster.com/movie/51/82/35/5182353_det.jpg","original":"http://content7.flixster.com/movie/51/82/35/5182353_ori.jpg"},"abridged_cast":[{"name":"Adrien Brody","id":"162660902","characters":["Jack Starks"]},{"name":"Keira Knightley","id":"162654560","characters":["Jackie Price"]},{"name":"Kris Kristofferson","id":"162654718","characters":["Dr. Becker"]},{"name":"Jennifer Jason Leigh","id":"162666243","characters":["Dr. Lorenson"]},{"name":"Daniel Craig","id":"162687443","characters":["Mackenzie"]}],"alternate_ids":{"imdb":"0366627"},"links":{"self":"http://api.rottentomatoes.com/api/public/v1.0/movies/13085.json","alternate":"http://www.rottentomatoes.com/m/jacket/","cast":"http://api.rottentomatoes.com/api/public/v1.0/movies/13085/cast.json","clips":"http://api.rottentomatoes.com/api/public/v1.0/movies/13085/clips.json","reviews":"http://api.rottentomatoes.com/api/public/v1.0/movies/13085/reviews.json","similar":"http://api.rottentomatoes.com/api/public/v1.0/movies/13085/similar.json"}},{"id":"771252547","title":"Bullet to the Head","year":2013,"mpaa_rating":"R","runtime":91,"critics_consensus":"Bullet to the Head's unapologetically trashy thrills evoke memories of its star and director's proud cinematic pasts -- but sadly, those memories are just about all it has to offer.","release_dates":{"theater":"2013-02-01","dvd":"2013-07-16"},"ratings":{"critics_rating":"Rotten","critics_score":46,"audience_rating":"Spilled","audience_score":41},"synopsis":"Based on a graphic novel, Bullet to the Head tells the story of a New Orleans hitman (Stallone) and a DC cop (Kang) who form an alliance to bring down the killers of their respective partners. -- (C) Warner Bros","posters":{"thumbnail":"http://content9.flixster.com/movie/11/17/03/11170391_mob.jpg","profile":"http://content9.flixster.com/movie/11/17/03/11170391_pro.jpg","detailed":"http://content9.flixster.com/movie/11/17/03/11170391_det.jpg","original":"http://content9.flixster.com/movie/11/17/03/11170391_ori.jpg"},"abridged_cast":[{"name":"Sylvester Stallone","id":"162664630","characters":["James Bonomo","Jimmy Bobo"]},{"name":"Sung Kang","id":"162707419","characters":["Taylor Kwon"]},{"name":"Sarah Shahi","id":"770780020","characters":["Lisa Bobo","Lisa Bonomo"]},{"name":"Adewale Akinnuoye-Agbaje","id":"405589153","characters":["Morel","Robert Nkomo Morel"]},{"name":"Jason Momoa","id":"448571481","characters":["Keegan"]}],"alternate_ids":{"imdb":"1308729"},"links":{"self":"http://api.rottentomatoes.com/api/public/v1.0/movies/771252547.json","alternate":"http://www.rottentomatoes.com/m/bullet_to_the_head/","cast":"http://api.rottentomatoes.com/api/public/v1.0/movies/771252547/cast.json","clips":"http://api.rottentomatoes.com/api/public/v1.0/movies/771252547/clips.json","reviews":"http://api.rottentomatoes.com/api/public/v1.0/movies/771252547/reviews.json","similar":"http://api.rottentomatoes.com/api/public/v1.0/movies/771252547/similar.json"}},{"id":"13327","title":"The Negotiator","year":1998,"mpaa_rating":"R","runtime":141,"release_dates":{"theater":"1998-07-29","dvd":"1998-12-15"},"ratings":{"critics_rating":"Certified Fresh","critics_score":75,"audience_rating":"Upright","audience_score":79},"synopsis":"","posters":{"thumbnail":"http://content6.flixster.com/movie/11/17/39/11173928_mob.jpg","profile":"http://content6.flixster.com/movie/11/17/39/11173928_pro.jpg","detailed":"http://content6.flixster.com/movie/11/17/39/11173928_det.jpg","original":"http://content6.flixster.com/movie/11/17/39/11173928_ori.jpg"},"abridged_cast":[{"name":"Samuel L. Jackson","id":"162652156","characters":["Danny Roman"]},{"name":"Kevin Spacey","id":"162657625","characters":["Chris Sabian"]},{"name":"David Morse","id":"162676381","characters":["Commander Adam Beck"]},{"name":"Ron Rifkin","id":"770672004","characters":["Commander Frost"]},{"name":"John Spencer","id":"770671713","characters":["Chief Al Travis"]}],"links":{"self":"http://api.rottentomatoes.com/api/public/v1.0/movies/13327.json","alternate":"http://www.rottentomatoes.com/m/1083481-negotiator/","cast":"http://api.rottentomatoes.com/api/public/v1.0/movies/13327/cast.json","clips":"http://api.rottentomatoes.com/api/public/v1.0/movies/13327/clips.json","reviews":"http://api.rottentomatoes.com/api/public/v1.0/movies/13327/reviews.json","similar":"http://api.rottentomatoes.com/api/public/v1.0/movies/13327/similar.json"}},{"id":"11549","title":"The Scorpion King","year":2002,"mpaa_rating":"PG-13","runtime":92,"critics_consensus":"Action adventure doesn't get much cheesier than The Scorpion King.","release_dates":{"theater":"2002-04-19","dvd":"2002-10-01"},"ratings":{"critics_rating":"Rotten","critics_score":41,"audience_rating":"Spilled","audience_score":38},"synopsis":"","posters":{"thumbnail":"http://content6.flixster.com/movie/11/16/36/11163680_mob.jpg","profile":"http://content6.flixster.com/movie/11/16/36/11163680_pro.jpg","detailed":"http://content6.flixster.com/movie/11/16/36/11163680_det.jpg","original":"http://content6.flixster.com/movie/11/16/36/11163680_ori.jpg"},"abridged_cast":[{"name":"Dwayne \"The Rock\" Johnson","id":"770893686","characters":["The Scorpion King/Mathayus"]},{"name":"Steven Brand","id":"753442738","characters":["Memnon"]},{"name":"Michael Clarke Duncan","id":"162669487","characters":["Balthazar"]},{"name":"Kelly Hu","id":"162653739","characters":["Cassandra"]},{"name":"Bernard Hill","id":"162689141","characters":["Philos"]}],"alternate_ids":{"imdb":"0277296"},"links":{"self":"http://api.rottentomatoes.com/api/public/v1.0/movies/11549.json","alternate":"http://www.rottentomatoes.com/m/scorpion_king/","cast":"http://api.rottentomatoes.com/api/public/v1.0/movies/11549/cast.json","clips":"http://api.rottentomatoes.com/api/public/v1.0/movies/11549/clips.json","reviews":"http://api.rottentomatoes.com/api/public/v1.0/movies/11549/reviews.json","similar":"http://api.rottentomatoes.com/api/public/v1.0/movies/11549/similar.json"}},{"id":"155654940","title":"Goal! The Dream Begins (Goal!: The Impossible Dream)","year":2005,"mpaa_rating":"PG","runtime":121,"critics_consensus":"Impressive sports action sequences are the highlight, as the run-of the-mill story invokes every known sports movie cliche.","release_dates":{"theater":"2005-09-08","dvd":"2006-09-12"},"ratings":{"critics_rating":"Rotten","critics_score":44,"audience_rating":"Upright","audience_score":78},"synopsis":"","posters":{"thumbnail":"http://content8.flixster.com/movie/10/92/30/10923010_mob.jpg","profile":"http://content8.flixster.com/movie/10/92/30/10923010_pro.jpg","detailed":"http://content8.flixster.com/movie/10/92/30/10923010_det.jpg","original":"http://content8.flixster.com/movie/10/92/30/10923010_ori.jpg"},"abridged_cast":[{"name":"Leonardo Guerra","id":"771040311","characters":["10-Year-Old Santiago"]},{"name":"Tony Plana","id":"162678524","characters":["Hernan Munez"]},{"name":"Miriam Colon","id":"761416364","characters":["Mercedes"]},{"name":"Kuno Becker","id":"162721942","characters":["Santiago Munez"]},{"name":"Jorge Cervera Jr.","id":"770714368","characters":["Cesar"]}],"alternate_ids":{"imdb":"0380389"},"links":{"self":"http://api.rottentomatoes.com/api/public/v1.0/movies/155654940.json","alternate":"http://www.rottentomatoes.com/m/1158528-goal/","cast":"http://api.rottentomatoes.com/api/public/v1.0/movies/155654940/cast.json","clips":"http://api.rottentomatoes.com/api/public/v1.0/movies/155654940/clips.json","reviews":"http://api.rottentomatoes.com/api/public/v1.0/movies/155654940/reviews.json","similar":"http://api.rottentomatoes.com/api/public/v1.0/movies/155654940/similar.json"}},{"id":"12780","title":"The Karate Kid","year":1984,"mpaa_rating":"PG","runtime":122,"critics_consensus":"Utterly predictable and wholly of its time, but warm, sincere, and difficult to resist, due in large part to Pat Morita and Ralph Macchio's relaxed chemistry.","release_dates":{"theater":"1984-01-01","dvd":"1998-04-14"},"ratings":{"critics_rating":"Certified Fresh","critics_score":90,"audience_rating":"Upright","audience_score":81},"synopsis":"","posters":{"thumbnail":"http://content7.flixster.com/movie/11/12/21/11122169_mob.jpg","profile":"http://content7.flixster.com/movie/11/12/21/11122169_pro.jpg","detailed":"http://content7.flixster.com/movie/11/12/21/11122169_det.jpg","original":"http://content7.flixster.com/movie/11/12/21/11122169_ori.jpg"},"abridged_cast":[{"name":"Ralph Macchio","id":"162663374","characters":["Daniel"]},{"name":"Noriyuki 'Pat' Morita","id":"770783767","characters":["Miyagi"]},{"name":"Elisabeth Shue","id":"162654719","characters":["Ali"]},{"name":"Martin Kove","id":"359853766","characters":["Kreese"]},{"name":"Randee Heller","id":"359853767","characters":["Lucille"]}],"alternate_ids":{"imdb":"0087538"},"links":{"self":"http://api.rottentomatoes.com/api/public/v1.0/movies/12780.json","alternate":"http://www.rottentomatoes.com/m/karate_kid/","cast":"http://api.rottentomatoes.com/api/public/v1.0/movies/12780/cast.json","clips":"http://api.rottentomatoes.com/api/public/v1.0/movies/12780/clips.json","reviews":"http://api.rottentomatoes.com/api/public/v1.0/movies/12780/reviews.json","similar":"http://api.rottentomatoes.com/api/public/v1.0/movies/12780/similar.json"}},{"id":"770801374","title":"In the Electric Mist","year":2009,"mpaa_rating":"R","runtime":117,"release_dates":{"theater":"2009-03-03","dvd":"2009-03-03"},"ratings":{"critics_rating":"Fresh","critics_score":60,"audience_rating":"Spilled","audience_score":34},"synopsis":"","posters":{"thumbnail":"http://content8.flixster.com/movie/10/87/80/10878006_mob.jpg","profile":"http://content8.flixster.com/movie/10/87/80/10878006_pro.jpg","detailed":"http://content8.flixster.com/movie/10/87/80/10878006_det.jpg","original":"http://content8.flixster.com/movie/10/87/80/10878006_ori.jpg"},"abridged_cast":[{"name":"Tommy Lee Jones","id":"162666788","characters":["Det. Dave Robicheaux"]},{"name":"John Goodman","id":"162655706","characters":["\"Baby Feet\" Balboni"]},{"name":"Peter Sarsgaard","id":"162653220","characters":["Elrod T. Sykes"]},{"name":"Mary Steenburgen","id":"162663795","characters":["Bootsie"]},{"name":"Ned Beatty","id":"162672460","characters":["Twinky Lemoyne"]}],"alternate_ids":{"imdb":"0910905"},"links":{"self":"http://api.rottentomatoes.com/api/public/v1.0/movies/770801374.json","alternate":"http://www.rottentomatoes.com/m/in_the_electric_mist/","cast":"http://api.rottentomatoes.com/api/public/v1.0/movies/770801374/cast.json","clips":"http://api.rottentomatoes.com/api/public/v1.0/movies/770801374/clips.json","reviews":"http://api.rottentomatoes.com/api/public/v1.0/movies/770801374/reviews.json","similar":"http://api.rottentomatoes.com/api/public/v1.0/movies/770801374/similar.json"}},{"id":"6931","title":"The Man","year":2005,"mpaa_rating":"PG-13","runtime":83,"critics_consensus":"Despite the steely presence of Samuel L. Jackson and the comic timing of Eugene Levy, The Man's plot is pointless and its jokes rehashed, as it ends up playing out like the Odd Couple with gas.","release_dates":{"theater":"2005-09-09","dvd":"2006-01-17"},"ratings":{"critics_rating":"Rotten","critics_score":11,"audience_rating":"Spilled","audience_score":42},"synopsis":"","posters":{"thumbnail":"http://content7.flixster.com/movie/25/01/250105_mob.jpg","profile":"http://content7.flixster.com/movie/25/01/250105_pro.jpg","detailed":"http://content7.flixster.com/movie/25/01/250105_det.jpg","original":"http://content7.flixster.com/movie/25/01/250105_ori.jpg"},"abridged_cast":[{"name":"Samuel L. Jackson","id":"162652156","characters":["Derrick Vann"]},{"name":"Eugene Levy","id":"162653784","characters":["Andy Fiddler"]},{"name":"Luke Goss","id":"162653787","characters":["Joey/Kane"]},{"name":"Miguel Ferrer","id":"162653788","characters":["Agent Peters"]},{"name":"Susie Essman","id":"770699854","characters":["Lt. Rita Carbone"]}],"alternate_ids":{"imdb":"0399327"},"links":{"self":"http://api.rottentomatoes.com/api/public/v1.0/movies/6931.json","alternate":"http://www.rottentomatoes.com/m/the-man/","cast":"http://api.rottentomatoes.com/api/public/v1.0/movies/6931/cast.json","clips":"http://api.rottentomatoes.com/api/public/v1.0/movies/6931/clips.json","reviews":"http://api.rottentomatoes.com/api/public/v1.0/movies/6931/reviews.json","similar":"http://api.rottentomatoes.com/api/public/v1.0/movies/6931/similar.json"}},{"id":"12422","title":"Dr. Seuss - The Cat in the Hat","year":2003,"mpaa_rating":"PG","runtime":82,"critics_consensus":"Filled with double entendres and potty humor, this Cat falls flat.","release_dates":{"theater":"2003-11-21","dvd":"2004-03-16"},"ratings":{"critics_rating":"Rotten","critics_score":10,"audience_rating":"Spilled","audience_score":30},"synopsis":"","posters":{"thumbnail":"http://content6.flixster.com/movie/26/53/265308_mob.jpg","profile":"http://content6.flixster.com/movie/26/53/265308_pro.jpg","detailed":"http://content6.flixster.com/movie/26/53/265308_det.jpg","original":"http://content6.flixster.com/movie/26/53/265308_ori.jpg"},"abridged_cast":[{"name":"Mike Myers","id":"162659399","characters":["The Cat in the Hat"]},{"name":"Alec Baldwin","id":"162656441","characters":["Lawrence Quinn"]},{"name":"Kelly Preston","id":"162652946","characters":["Joan Walden"]},{"name":"Dakota Fanning","id":"162652764","characters":["Sally Walden"]},{"name":"Spencer Breslin","id":"162656176","characters":["Conrad Walden"]}],"alternate_ids":{"imdb":"0312528"},"links":{"self":"http://api.rottentomatoes.com/api/public/v1.0/movies/12422.json","alternate":"http://www.rottentomatoes.com/m/cat_in_the_hat/","cast":"http://api.rottentomatoes.com/api/public/v1.0/movies/12422/cast.json","clips":"http://api.rottentomatoes.com/api/public/v1.0/movies/12422/clips.json","reviews":"http://api.rottentomatoes.com/api/public/v1.0/movies/12422/reviews.json","similar":"http://api.rottentomatoes.com/api/public/v1.0/movies/12422/similar.json"}},{"id":"22436","title":"The 300 Spartans","year":1962,"mpaa_rating":"Unrated","runtime":114,"release_dates":{"theater":"1962-08-01","dvd":"2003-05-20"},"ratings":{"critics_score":-1,"audience_rating":"Upright","audience_score":71},"synopsis":"","posters":{"thumbnail":"http://content8.flixster.com/movie/11/16/50/11165058_mob.jpg","profile":"http://content8.flixster.com/movie/11/16/50/11165058_pro.jpg","detailed":"http://content8.flixster.com/movie/11/16/50/11165058_det.jpg","original":"http://content8.flixster.com/movie/11/16/50/11165058_ori.jpg"},"abridged_cast":[{"name":"Richard Egan","id":"364622612","characters":["King Leonidas of Sparta"]},{"name":"Ralph Richardson","id":"162661867","characters":["Themistocles of Athens"]},{"name":"Diane Baker","id":"162658012","characters":["Elias"]},{"name":"Barry Coe","id":"770699398","characters":["Phylon"]},{"name":"David Farrar","id":"341815611","characters":["Xerxes"]}],"alternate_ids":{"imdb":"0055719"},"links":{"self":"http://api.rottentomatoes.com/api/public/v1.0/movies/22436.json","alternate":"http://www.rottentomatoes.com/m/300_spartans/","cast":"http://api.rottentomatoes.com/api/public/v1.0/movies/22436/cast.json","clips":"http://api.rottentomatoes.com/api/public/v1.0/movies/22436/clips.json","reviews":"http://api.rottentomatoes.com/api/public/v1.0/movies/22436/reviews.json","similar":"http://api.rottentomatoes.com/api/public/v1.0/movies/22436/similar.json"}},{"id":"9426","title":"The Fox and the Hound","year":1981,"mpaa_rating":"G","runtime":83,"critics_consensus":"The Fox and the Hound is a likeable, charming, unassuming effort that manages to transcend its thin, predictable plot.","release_dates":{"theater":"1981-07-10","dvd":"2000-05-02"},"ratings":{"critics_rating":"Fresh","critics_score":69,"audience_rating":"Upright","audience_score":78},"synopsis":"","posters":{"thumbnail":"http://content8.flixster.com/movie/10/84/96/10849638_mob.jpg","profile":"http://content8.flixster.com/movie/10/84/96/10849638_pro.jpg","detailed":"http://content8.flixster.com/movie/10/84/96/10849638_det.jpg","original":"http://content8.flixster.com/movie/10/84/96/10849638_ori.jpg"},"abridged_cast":[{"name":"Mickey Rooney","id":"162656001","characters":["Tod"]},{"name":"Kurt Russell","id":"162652945","characters":["Copper"]},{"name":"Pearl Bailey","id":"351527170","characters":["Big Mama"]},{"name":"Jack Albertson","id":"335719915","characters":["Amos Slade"]},{"name":"Sandy Duncan","id":"162656874","characters":["Vixey"]}],"alternate_ids":{"imdb":"0082406"},"links":{"self":"http://api.rottentomatoes.com/api/public/v1.0/movies/9426.json","alternate":"http://www.rottentomatoes.com/m/fox_and_the_hound/","cast":"http://api.rottentomatoes.com/api/public/v1.0/movies/9426/cast.json","clips":"http://api.rottentomatoes.com/api/public/v1.0/movies/9426/clips.json","reviews":"http://api.rottentomatoes.com/api/public/v1.0/movies/9426/reviews.json","similar":"http://api.rottentomatoes.com/api/public/v1.0/movies/9426/similar.json"}},{"id":"10443","title":"Close Encounters of the Third Kind","year":1977,"mpaa_rating":"PG","runtime":137,"critics_consensus":"Close Encounters' most iconic bits (the theme, the mashed-potato sculpture, etc.) have been so thoroughly absorbed into the culture that it's easy to forget that its treatment of aliens as peaceful beings rather than warmongering monsters was somewhat groundbreaking in 1977.","release_dates":{"theater":"1977-11-15","dvd":"2007-11-13"},"ratings":{"critics_rating":"Certified Fresh","critics_score":95,"audience_rating":"Upright","audience_score":85},"synopsis":"","posters":{"thumbnail":"http://content9.flixster.com/movie/11/17/26/11172627_mob.jpg","profile":"http://content9.flixster.com/movie/11/17/26/11172627_pro.jpg","detailed":"http://content9.flixster.com/movie/11/17/26/11172627_det.jpg","original":"http://content9.flixster.com/movie/11/17/26/11172627_ori.jpg"},"abridged_cast":[{"name":"Richard Dreyfuss","id":"162661009","characters":["Roy Neary"]},{"name":"Francois Truffaut","id":"162656997","characters":["Claude Lacombe"]},{"name":"Teri Garr","id":"162663437","characters":["Ronnie Neary"]},{"name":"Melinda Dillon","id":"335716498","characters":["Jillian Guiler"]},{"name":"Cary Guffey","id":"335716499","characters":["Barry Guiler"]}],"alternate_ids":{"imdb":"0075860"},"links":{"self":"http://api.rottentomatoes.com/api/public/v1.0/movies/10443.json","alternate":"http://www.rottentomatoes.com/m/close_encounters_of_the_third_kind/","cast":"http://api.rottentomatoes.com/api/public/v1.0/movies/10443/cast.json","clips":"http://api.rottentomatoes.com/api/public/v1.0/movies/10443/clips.json","reviews":"http://api.rottentomatoes.com/api/public/v1.0/movies/10443/reviews.json","similar":"http://api.rottentomatoes.com/api/public/v1.0/movies/10443/similar.json"}},{"id":"17025","title":"The Great Escape","year":1963,"mpaa_rating":"Unrated","runtime":170,"critics_consensus":"With its impeccably slow-building story and a cast for the ages, The Great Escape is an all-time action classic.","release_dates":{"theater":"1963-07-04","dvd":"1998-03-31"},"ratings":{"critics_rating":"Certified Fresh","critics_score":93,"audience_rating":"Upright","audience_score":95},"synopsis":"","posters":{"thumbnail":"http://content6.flixster.com/movie/10/85/69/10856932_mob.jpg","profile":"http://content6.flixster.com/movie/10/85/69/10856932_pro.jpg","detailed":"http://content6.flixster.com/movie/10/85/69/10856932_det.jpg","original":"http://content6.flixster.com/movie/10/85/69/10856932_ori.jpg"},"abridged_cast":[{"name":"Steve McQueen","id":"162656253","characters":["\"Cooler King\" Hilts"]},{"name":"James Garner","id":"162657112","characters":["\"The Scrounger\" Hendley"]},{"name":"Richard Attenborough","id":"162656020","characters":["\"Big X\" Bartlett"]},{"name":"James Donald","id":"326391805","characters":["Senior Officer Ramsey"]},{"name":"Charles Bronson","id":"162660991","characters":["Danny Velinski"]}],"links":{"self":"http://api.rottentomatoes.com/api/public/v1.0/movies/17025.json","alternate":"http://www.rottentomatoes.com/m/great_escape/","cast":"http://api.rottentomatoes.com/api/public/v1.0/movies/17025/cast.json","clips":"http://api.rottentomatoes.com/api/public/v1.0/movies/17025/clips.json","reviews":"http://api.rottentomatoes.com/api/public/v1.0/movies/17025/reviews.json","similar":"http://api.rottentomatoes.com/api/public/v1.0/movies/17025/similar.json"}},{"id":"13050","title":"The City of Lost Children (La Cite des Enfants Perdus)","year":1997,"mpaa_rating":"R","runtime":112,"critics_consensus":"Not all of its many intriguing ideas are developed, but The City of Lost Children is an engrossing, disturbing, profoundly memorable experience.","release_dates":{"theater":"1995-12-15","dvd":"1999-10-19"},"ratings":{"critics_rating":"Certified Fresh","critics_score":78,"audience_rating":"Upright","audience_score":90},"synopsis":"","posters":{"thumbnail":"http://content6.flixster.com/movie/26/78/267824_mob.jpg","profile":"http://content6.flixster.com/movie/26/78/267824_pro.jpg","detailed":"http://content6.flixster.com/movie/26/78/267824_det.jpg","original":"http://content6.flixster.com/movie/26/78/267824_ori.jpg"},"abridged_cast":[{"name":"Ron Perlman","id":"162664018","characters":["One"]},{"name":"Daniel Emilfork","id":"162686945","characters":["Krank"]},{"name":"Judith Vittet","id":"770703743","characters":["Miette"]},{"name":"Dominique Pinon","id":"363446310","characters":["Clones","Diver"]},{"name":"Jean-Claude Dreyfus","id":"162680394","characters":["Marcello the Flea-Tamer"]}],"alternate_ids":{"imdb":"0112682"},"links":{"self":"http://api.rottentomatoes.com/api/public/v1.0/movies/13050.json","alternate":"http://www.rottentomatoes.com/m/city_of_lost_children/","cast":"http://api.rottentomatoes.com/api/public/v1.0/movies/13050/cast.json","clips":"http://api.rottentomatoes.com/api/public/v1.0/movies/13050/clips.json","reviews":"http://api.rottentomatoes.com/api/public/v1.0/movies/13050/reviews.json","similar":"http://api.rottentomatoes.com/api/public/v1.0/movies/13050/similar.json"}},{"id":"9552","title":"The Italian Job","year":1969,"mpaa_rating":"G","runtime":99,"release_dates":{"theater":"1969-01-01","dvd":"2003-10-07"},"ratings":{"critics_rating":"Fresh","critics_score":83,"audience_rating":"Upright","audience_score":86},"synopsis":"","posters":{"thumbnail":"http://content7.flixster.com/movie/10/87/61/10876117_mob.jpg","profile":"http://content7.flixster.com/movie/10/87/61/10876117_pro.jpg","detailed":"http://content7.flixster.com/movie/10/87/61/10876117_det.jpg","original":"http://content7.flixster.com/movie/10/87/61/10876117_ori.jpg"},"abridged_cast":[{"name":"Michael Caine","id":"162652646","characters":["Charlie Croker"]},{"name":"Noel Coward","id":"162656708","characters":["Mr. Bridger"]},{"name":"Benny Hill","id":"162655765","characters":["Prof. Simon Peach"]},{"name":"Raf Vallone","id":"546953181","characters":["Altabani"]},{"name":"Tony Beckley","id":"546953187","characters":["Freddie"]}],"alternate_ids":{"imdb":"0064505"},"links":{"self":"http://api.rottentomatoes.com/api/public/v1.0/movies/9552.json","alternate":"http://www.rottentomatoes.com/m/1038613-italian_job/","cast":"http://api.rottentomatoes.com/api/public/v1.0/movies/9552/cast.json","clips":"http://api.rottentomatoes.com/api/public/v1.0/movies/9552/clips.json","reviews":"http://api.rottentomatoes.com/api/public/v1.0/movies/9552/reviews.json","similar":"http://api.rottentomatoes.com/api/public/v1.0/movies/9552/similar.json"}}],"links":{"self":"http://api.rottentomatoes.com/api/public/v1.0/movies.json?q=the&page_limit=50&page=16","next":"http://api.rottentomatoes.com/api/public/v1.0/movies.json?q=the&page_limit=50&page=17","prev":"http://api.rottentomatoes.com/api/public/v1.0/movies.json?q=the&page_limit=50&page=15"},"link_template":"http://api.rottentomatoes.com/api/public/v1.0/movies.json?q={search-term}&page_limit={results-per-page}&page={page-number}"}