


{"total":52486,"movies":[{"id":"771235425","title":"The Intouchables","year":2012,"mpaa_rating":"R","runtime":112,"critics_consensus":"It handles its potentially prickly subject matter with kid gloves, but Intouchables gets by thanks to its strong cast and some remarkably sensitive direction.","release_dates":{"theater":"2012-05-25","dvd":"2013-03-05"},"ratings":{"critics_rating":"Certified Fresh","critics_score":75,"audience_rating":"Upright","audience_score":93},"synopsis":"An irreverent, uplifting comedy about friendship, trust and human possibility, The Intouchables has broken box office records in its native France and across Europe. Based on a true story of friendship between a handicap millionaire (Francois Cluzet) and his street smart ex-con caretaker (Omar Sy), The Intouchables depicts an unlikely camaraderie rooted in honesty and humor between two individuals who, on the surface, would seem to have nothing in common. -- (C) Weinstein","posters":{"thumbnail":"http://content9.flixster.com/movie/11/16/91/11169183_mob.jpg","profile":"http://content9.flixster.com/movie/11/16/91/11169183_pro.jpg","detailed":"http://content9.flixster.com/movie/11/16/91/11169183_det.jpg","original":"http://content9.flixster.com/movie/11/16/91/11169183_ori.jpg"},"abridged_cast":[{"name":"Francois Cluzet","id":"162678480","characters":["Philippe"]},{"name":"Omar Sy","id":"595303554","characters":["Driss"]},{"name":"Anne Le Ny","id":"465539923","characters":["Yvonne"]},{"name":"Audrey Fleurot","id":"770878489","characters":["Magalie"]},{"name":"Clotilde Mollet","id":"770776328","characters":["Marcelle"]}],"alternate_ids":{"imdb":"1675434"},"links":{"self":"http://api.rottentomatoes.com/api/public/v1.0/movies/771235425.json","alternate":"http://www.rottentomatoes.com/m/the_intouchables/","cast":"http://api.rottentomatoes.com/api/public/v1.0/movies/771235425/cast.json","clips":"http://api.rottentomatoes.com/api/public/v1.0/movies/771235425/clips.json","reviews":"http://api.rottentomatoes.com/api/public/v1.0/movies/771235425/reviews.json","similar":"http://api.rottentomatoes.com/api/public/v1.0/movies/771235425/similar.json"}},{"id":"371353077","title":"The Namesake","year":2006,"mpaa_rating":"PG-13","runtime":122,"critics_consensus":"An ambitious exploration of the immigrant experience with a talented cast that serves the material well.","release_dates":{"theater":"2006-09-02","dvd":"2007-11-27"},"ratings":{"critics_rating":"Certified Fresh","critics_score":86,"audience_rating":"Upright","audience_score":79},"synopsis":"","posters":{"thumbnail":"http://content9.flixster.com/movie/52/52/97/5252975_mob.jpg","profile":"http://content9.flixster.com/movie/52/52/97/5252975_pro.jpg","detailed":"http://content9.flixster.com/movie/52/52/97/5252975_det.jpg","original":"http://content9.flixster.com/movie/52/52/97/5252975_ori.jpg"},"abridged_cast":[{"name":"Kal Penn","id":"286538557","characters":["Gogol Ganguli"]},{"name":"Tabu","id":"326391044","characters":["Ashima"]},{"name":"Irfan Khan","id":"280206663","characters":["Ashoke"]},{"name":"Jacinda Barrett","id":"162662601","characters":["Maxine"]},{"name":"Zuleikha Robinson","id":"162661158","characters":["Moushumi Mazumdar"]}],"alternate_ids":{"imdb":"0433416"},"links":{"self":"http://api.rottentomatoes.com/api/public/v1.0/movies/371353077.json","alternate":"http://www.rottentomatoes.com/m/namesake/","cast":"http://api.rottentomatoes.com/api/public/v1.0/movies/371353077/cast.json","clips":"http://api.rottentomatoes.com/api/public/v1.0/movies/371353077/clips.json","reviews":"http://api.rottentomatoes.com/api/public/v1.0/movies/371353077/reviews.json","similar":"http://api.rottentomatoes.com/api/public/v1.0/movies/371353077/similar.json"}},{"id":"13765","title":"Man on the Moon","year":1999,"mpaa_rating":"R","runtime":118,"critics_consensus":"Jim Carrey is eerily dead-on in his portrayal of Andy Kaufman, which helps to elevate Man on the Moon above the script's formulaic biopic cliches.","release_dates":{"theater":"1999-12-22","dvd":"2000-05-30"},"ratings":{"critics_rating":"Fresh","critics_score":63,"audience_rating":"Upright","audience_score":79},"synopsis":"","posters":{"thumbnail":"http://content8.flixster.com/movie/10/87/18/10871826_mob.jpg","profile":"http://content8.flixster.com/movie/10/87/18/10871826_pro.jpg","detailed":"http://content8.flixster.com/movie/10/87/18/10871826_det.jpg","original":"http://content8.flixster.com/movie/10/87/18/10871826_ori.jpg"},"abridged_cast":[{"name":"Jim Carrey","id":"162659418","characters":["Andy Kaufman"]},{"name":"Danny DeVito","id":"162664270","characters":["George Shapiro"]},{"name":"Courtney Love","id":"162697082","characters":["Lynne Margulies"]},{"name":"Paul Giamatti","id":"162683649","characters":["Bob Zmuda"]},{"name":"Tony Clifton","id":"465973040"}],"alternate_ids":{"imdb":"0125664"},"links":{"self":"http://api.rottentomatoes.com/api/public/v1.0/movies/13765.json","alternate":"http://www.rottentomatoes.com/m/1093579-man_on_the_moon/","cast":"http://api.rottentomatoes.com/api/public/v1.0/movies/13765/cast.json","clips":"http://api.rottentomatoes.com/api/public/v1.0/movies/13765/clips.json","reviews":"http://api.rottentomatoes.com/api/public/v1.0/movies/13765/reviews.json","similar":"http://api.rottentomatoes.com/api/public/v1.0/movies/13765/similar.json"}},{"id":"10215","title":"Sister Act 2: Back in the Habit","year":1993,"mpaa_rating":"PG","runtime":106,"release_dates":{"theater":"1993-12-10","dvd":"2001-02-20"},"ratings":{"critics_rating":"Rotten","critics_score":7,"audience_rating":"Upright","audience_score":61},"synopsis":"","posters":{"thumbnail":"http://content7.flixster.com/movie/25/46/254617_mob.jpg","profile":"http://content7.flixster.com/movie/25/46/254617_pro.jpg","detailed":"http://content7.flixster.com/movie/25/46/254617_det.jpg","original":"http://content7.flixster.com/movie/25/46/254617_ori.jpg"},"abridged_cast":[{"name":"Whoopi Goldberg","id":"162653468","characters":["Deloris Van Cartier/Mary Clarence"]},{"name":"Kathy Najimy","id":"162659061","characters":["Mary Patrick"]},{"name":"Barnard Hughes","id":"326394002","characters":["Father Maurice"]},{"name":"Mary Wickes","id":"491908941","characters":["Mary Lazarus"]},{"name":"James Coburn","id":"162667873","characters":["Mr. Crisp"]}],"alternate_ids":{"imdb":"0108147"},"links":{"self":"http://api.rottentomatoes.com/api/public/v1.0/movies/10215.json","alternate":"http://www.rottentomatoes.com/m/sister_act_2_back_in_the_habit/","cast":"http://api.rottentomatoes.com/api/public/v1.0/movies/10215/cast.json","clips":"http://api.rottentomatoes.com/api/public/v1.0/movies/10215/clips.json","reviews":"http://api.rottentomatoes.com/api/public/v1.0/movies/10215/reviews.json","similar":"http://api.rottentomatoes.com/api/public/v1.0/movies/10215/similar.json"}},{"id":"10053","title":"Sky Captain and the World of Tomorrow","year":2004,"mpaa_rating":"PG","runtime":107,"critics_consensus":"Sky Captain and the World of Tomorrow is slim on plot and characterization, but the visuals more than make up for it.","release_dates":{"theater":"2004-09-17","dvd":"2005-01-25"},"ratings":{"critics_rating":"Fresh","critics_score":72,"audience_rating":"Spilled","audience_score":46},"synopsis":"","posters":{"thumbnail":"http://content8.flixster.com/movie/10/89/23/10892374_mob.jpg","profile":"http://content8.flixster.com/movie/10/89/23/10892374_pro.jpg","detailed":"http://content8.flixster.com/movie/10/89/23/10892374_det.jpg","original":"http://content8.flixster.com/movie/10/89/23/10892374_ori.jpg"},"abridged_cast":[{"name":"Gwyneth Paltrow","id":"162653966","characters":["Polly Perkins"]},{"name":"Jude Law","id":"162659420","characters":["Joe \"Sky Captain\" Sullivan"]},{"name":"Angelina Jolie","id":"162652626","characters":["Franky Cook"]},{"name":"Giovanni Ribisi","id":"162655082","characters":["Dex Dearborn"]},{"name":"Michael Gambon","id":"162676818","characters":["Morris Paley"]}],"alternate_ids":{"imdb":"0346156"},"links":{"self":"http://api.rottentomatoes.com/api/public/v1.0/movies/10053.json","alternate":"http://www.rottentomatoes.com/m/sky_captain/","cast":"http://api.rottentomatoes.com/api/public/v1.0/movies/10053/cast.json","clips":"http://api.rottentomatoes.com/api/public/v1.0/movies/10053/clips.json","reviews":"http://api.rottentomatoes.com/api/public/v1.0/movies/10053/reviews.json","similar":"http://api.rottentomatoes.com/api/public/v1.0/movies/10053/similar.json"}},{"id":"13448","title":"Conspiracy Theory","year":1997,"mpaa_rating":"R","runtime":135,"release_dates":{"theater":"1997-08-08","dvd":"1997-12-30"},"ratings":{"critics_rating":"Rotten","critics_score":52,"audience_rating":"Upright","audience_score":65},"synopsis":"","posters":{"thumbnail":"http://content7.flixster.com/movie/11/16/79/11167921_mob.jpg","profile":"http://content7.flixster.com/movie/11/16/79/11167921_pro.jpg","detailed":"http://content7.flixster.com/movie/11/16/79/11167921_det.jpg","original":"http://content7.flixster.com/movie/11/16/79/11167921_ori.jpg"},"abridged_cast":[{"name":"Mel Gibson","id":"162655785","characters":["Jerry Fletcher"]},{"name":"Julia Roberts","id":"162659460","characters":["Alice Sutton"]},{"name":"Patrick Stewart","id":"162664301","characters":["Dr. Jonas"]},{"name":"Cylk Cozart","id":"351524585","characters":["Agent Lowry"]},{"name":"Stephen Kahan","id":"770857322"}],"alternate_ids":{"imdb":"0118883"},"links":{"self":"http://api.rottentomatoes.com/api/public/v1.0/movies/13448.json","alternate":"http://www.rottentomatoes.com/m/conspiracy_theory/","cast":"http://api.rottentomatoes.com/api/public/v1.0/movies/13448/cast.json","clips":"http://api.rottentomatoes.com/api/public/v1.0/movies/13448/clips.json","reviews":"http://api.rottentomatoes.com/api/public/v1.0/movies/13448/reviews.json","similar":"http://api.rottentomatoes.com/api/public/v1.0/movies/13448/similar.json"}},{"id":"770671492","title":"The Water Horse: Legend of the Deep","year":2007,"mpaa_rating":"PG","runtime":112,"critics_consensus":"The Water Horse is a fine family film. It takes a classic tale and infuses it with extra imagination, sly humor, heart, and inventive special effects.","release_dates":{"theater":"2007-12-25","dvd":"2008-04-08"},"ratings":{"critics_rating":"Fresh","critics_score":74,"audience_rating":"Upright","audience_score":62},"synopsis":"","posters":{"thumbnail":"http://content6.flixster.com/movie/89/68/67/8968672_mob.jpg","profile":"http://content6.flixster.com/movie/89/68/67/8968672_pro.jpg","detailed":"http://content6.flixster.com/movie/89/68/67/8968672_det.jpg","original":"http://content6.flixster.com/movie/89/68/67/8968672_ori.jpg"},"abridged_cast":[{"name":"Emily Watson","id":"162654016","characters":["Anne MacMorrow"]},{"name":"Alex Etel","id":"162652492","characters":["Angus MacMorrow"]},{"name":"Ben Chaplin","id":"162723419","characters":["Lewis Mowbray"]},{"name":"David Morrissey","id":"335715969","characters":["Capt. Hamilton"]},{"name":"Priyanka Xi","id":"771046822","characters":["Kirstie MacMorrow"]}],"links":{"self":"http://api.rottentomatoes.com/api/public/v1.0/movies/770671492.json","alternate":"http://www.rottentomatoes.com/m/water_horse/","cast":"http://api.rottentomatoes.com/api/public/v1.0/movies/770671492/cast.json","clips":"http://api.rottentomatoes.com/api/public/v1.0/movies/770671492/clips.json","reviews":"http://api.rottentomatoes.com/api/public/v1.0/movies/770671492/reviews.json","similar":"http://api.rottentomatoes.com/api/public/v1.0/movies/770671492/similar.json"}},{"id":"771205887","title":"One for the Money","year":2012,"mpaa_rating":"PG-13","runtime":91,"critics_consensus":"Dull and unfunny, One For the Money wastes Katherine Heigl's talents on a stunningly generic comic thriller.","release_dates":{"theater":"2012-01-27","dvd":"2012-05-15"},"ratings":{"critics_rating":"Rotten","critics_score":2,"audience_rating":"Spilled","audience_score":43},"synopsis":"A proud, born-and-bred Jersey girl, Stephanie Plum's got plenty of attitude, even if she's been out of work for the last six months and just lost her car to a debt collector. Desperate for some fast cash, Stephanie turns to her last resort: convincing her sleazy cousin to give her a job at his bail bonding company...as a recovery agent. True, she doesn't even own a pair of handcuffs and her weapon of choice is pepper spray, but that doesn't stop Stephanie from taking on Vinny's biggest bail-jumper: former vice cop and murder suspect Joe Morelli - yup, the same sexy, irresistible Joe Morelli who seduced and dumped her back in high school. -- (C) Lionsgate","posters":{"thumbnail":"http://content9.flixster.com/movie/11/16/03/11160379_mob.jpg","profile":"http://content9.flixster.com/movie/11/16/03/11160379_pro.jpg","detailed":"http://content9.flixster.com/movie/11/16/03/11160379_det.jpg","original":"http://content9.flixster.com/movie/11/16/03/11160379_ori.jpg"},"abridged_cast":[{"name":"Katherine Heigl","id":"162670134","characters":["Stephanie Plum"]},{"name":"Jason O'Mara","id":"770794772","characters":["Joe Morelli","Joseph Morelli"]},{"name":"Daniel Sunjata","id":"770712991","characters":["Ranger"]},{"name":"John Leguizamo","id":"162652698","characters":["Jimmy Alpha"]},{"name":"Sherri Shepherd","id":"770675563","characters":["Lula","Lulu"]}],"alternate_ids":{"imdb":"1598828"},"links":{"self":"http://api.rottentomatoes.com/api/public/v1.0/movies/771205887.json","alternate":"http://www.rottentomatoes.com/m/one_for_the_money/","cast":"http://api.rottentomatoes.com/api/public/v1.0/movies/771205887/cast.json","clips":"http://api.rottentomatoes.com/api/public/v1.0/movies/771205887/clips.json","reviews":"http://api.rottentomatoes.com/api/public/v1.0/movies/771205887/reviews.json","similar":"http://api.rottentomatoes.com/api/public/v1.0/movies/771205887/similar.json"}},{"id":"14840","title":"The English Patient","year":1996,"mpaa_rating":"R","runtime":162,"critics_consensus":"Though it suffers from excessive length and ambition, director Minghella's adaptation of the Michael Ondaatje novel is complex, powerful, and moving.","release_dates":{"theater":"1996-11-15","dvd":"1998-03-24"},"ratings":{"critics_rating":"Certified Fresh","critics_score":83,"audience_rating":"Upright","audience_score":84},"synopsis":"","posters":{"thumbnail":"http://content7.flixster.com/movie/10/88/86/10888661_mob.jpg","profile":"http://content7.flixster.com/movie/10/88/86/10888661_pro.jpg","detailed":"http://content7.flixster.com/movie/10/88/86/10888661_det.jpg","original":"http://content7.flixster.com/movie/10/88/86/10888661_ori.jpg"},"abridged_cast":[{"name":"Ralph Fiennes","id":"162653681","characters":["Count Laszlo Almasy"]},{"name":"Juliette Binoche","id":"162655186","characters":["Hana"]},{"name":"Willem Dafoe","id":"162668400","characters":["Caravaggio"]},{"name":"Kristin Scott Thomas","id":"162655863","characters":["Katharine Clifton"]},{"name":"Naveen Andrews","id":"364599937","characters":["Kip"]}],"alternate_ids":{"imdb":"0116209"},"links":{"self":"http://api.rottentomatoes.com/api/public/v1.0/movies/14840.json","alternate":"http://www.rottentomatoes.com/m/english_patient/","cast":"http://api.rottentomatoes.com/api/public/v1.0/movies/14840/cast.json","clips":"http://api.rottentomatoes.com/api/public/v1.0/movies/14840/clips.json","reviews":"http://api.rottentomatoes.com/api/public/v1.0/movies/14840/reviews.json","similar":"http://api.rottentomatoes.com/api/public/v1.0/movies/14840/similar.json"}},{"id":"770670485","title":"The 11th Hour","year":2007,"mpaa_rating":"PG","runtime":95,"critics_consensus":"Well-researched and swimming in scientific data, this global warming documentary offers some practical and wide-ranging solutions to our climate crisis.","release_dates":{"theater":"2007-08-17","dvd":"2008-04-08"},"ratings":{"critics_rating":"Certified Fresh","critics_score":67,"audience_rating":"Upright","audience_score":69},"synopsis":"","posters":{"thumbnail":"http://content6.flixster.com/movie/95/33/72/9533724_mob.jpg","profile":"http://content6.flixster.com/movie/95/33/72/9533724_pro.jpg","detailed":"http://content6.flixster.com/movie/95/33/72/9533724_det.jpg","original":"http://content6.flixster.com/movie/95/33/72/9533724_ori.jpg"},"abridged_cast":[{"name":"Leonardo DiCaprio","id":"162659161","characters":["Narrator"]},{"name":"Raymond L. Anderson","id":"770952923"},{"name":"Jeremy Kent Jackson","id":"770960977"},{"name":"Dr. David Suzuki","id":"770953935"},{"name":"Stephen Hawking","id":"318235958"}],"alternate_ids":{"imdb":"0492931"},"links":{"self":"http://api.rottentomatoes.com/api/public/v1.0/movies/770670485.json","alternate":"http://www.rottentomatoes.com/m/11th_hour/","cast":"http://api.rottentomatoes.com/api/public/v1.0/movies/770670485/cast.json","clips":"http://api.rottentomatoes.com/api/public/v1.0/movies/770670485/clips.json","reviews":"http://api.rottentomatoes.com/api/public/v1.0/movies/770670485/reviews.json","similar":"http://api.rottentomatoes.com/api/public/v1.0/movies/770670485/similar.json"}},{"id":"771314819","title":"The To Do List","year":2013,"mpaa_rating":"R","runtime":104,"critics_consensus":"The To Do List may play things disappointingly safe given its rather daring premise, but writer-director Maggie Carey's sure hand -- and Aubrey Plaza's performance -- keep the laughs coming.","release_dates":{"theater":"2013-07-26","dvd":"2013-11-19"},"ratings":{"critics_rating":"Rotten","critics_score":52,"audience_rating":"Spilled","audience_score":48},"synopsis":"Featuring an all-star comedy cast including Aubrey Plaza, Johnny Simmons, Bill Hader,Alia Shawkat, Sarah Steele, Rachel Bilson, Christopher Mintz-Plasse, DonaldGlover, Scott Porter, Andy Samberg, Connie Britton and Clark Gregg, \"The To Do List\" is a comedy about close friends and a special summer project, loosely inspired by the real-life adventures of first-time writer/director Maggie Carey. Set in 1993, valedictorian Brandy Klark wants to shed her uptight image before college, so she assembles a to do list of all the \"activities\" she missed out on in high school. Quickly realizing that she's way out of her depth, Brandy solicits her best friends, older sister and burnt-out boss for their help and advice. If the group is going to complete the list by September they'll need plenty of imagination and very open minds. (c) CBS Films","posters":{"thumbnail":"http://content9.flixster.com/movie/11/17/24/11172499_mob.jpg","profile":"http://content9.flixster.com/movie/11/17/24/11172499_pro.jpg","detailed":"http://content9.flixster.com/movie/11/17/24/11172499_det.jpg","original":"http://content9.flixster.com/movie/11/17/24/11172499_ori.jpg"},"abridged_cast":[{"name":"Aubrey Plaza","id":"770826846","characters":["Brandy Klark"]},{"name":"Johnny Simmons","id":"398745186","characters":["Cameron"]},{"name":"Bill Hader","id":"742790769","characters":["Willy"]},{"name":"Alia Shawkat","id":"377767377","characters":["Fiona"]},{"name":"Sarah Steele","id":"770672612","characters":["Wendy"]}],"alternate_ids":{"imdb":"1758795"},"links":{"self":"http://api.rottentomatoes.com/api/public/v1.0/movies/771314819.json","alternate":"http://www.rottentomatoes.com/m/the_to_do_list/","cast":"http://api.rottentomatoes.com/api/public/v1.0/movies/771314819/cast.json","clips":"http://api.rottentomatoes.com/api/public/v1.0/movies/771314819/clips.json","reviews":"http://api.rottentomatoes.com/api/public/v1.0/movies/771314819/reviews.json","similar":"http://api.rottentomatoes.com/api/public/v1.0/movies/771314819/similar.json"}},{"id":"50375489","title":"Night of the Living Dead","year":1968,"mpaa_rating":"R","runtime":90,"critics_consensus":"George A. Romero's debut set the template for the zombie film, and features tight editing, realistic gore, and a sly political undercurrent.","release_dates":{"theater":"1968-10-01","dvd":"2005-04-12"},"ratings":{"critics_rating":"Certified Fresh","critics_score":96,"audience_rating":"Upright","audience_score":88},"synopsis":"","posters":{"thumbnail":"http://content9.flixster.com/movie/11/15/38/11153823_mob.jpg","profile":"http://content9.flixster.com/movie/11/15/38/11153823_pro.jpg","detailed":"http://content9.flixster.com/movie/11/15/38/11153823_det.jpg","original":"http://content9.flixster.com/movie/11/15/38/11153823_ori.jpg"},"abridged_cast":[{"name":"Judith O'Dea","id":"351526898","characters":["Barbara"]},{"name":"Russell Streiner","id":"351526907","characters":["Johnny"]},{"name":"Duane Jones","id":"351526897","characters":["Ben"]},{"name":"Karl Hardman","id":"351526899","characters":["Harry"]},{"name":"Keith Wayne","id":"351526901","characters":["Tom"]}],"alternate_ids":{"imdb":"0063350"},"links":{"self":"http://api.rottentomatoes.com/api/public/v1.0/movies/50375489.json","alternate":"http://www.rottentomatoes.com/m/1015052-night_of_the_living_dead/","cast":"http://api.rottentomatoes.com/api/public/v1.0/movies/50375489/cast.json","clips":"http://api.rottentomatoes.com/api/public/v1.0/movies/50375489/clips.json","reviews":"http://api.rottentomatoes.com/api/public/v1.0/movies/50375489/reviews.json","similar":"http://api.rottentomatoes.com/api/public/v1.0/movies/50375489/similar.json"}},{"id":"11671","title":"The Hours","year":2002,"mpaa_rating":"PG-13","runtime":115,"critics_consensus":"The movie may be a downer, but it packs an emotional wallop. Some fine acting on display here.","release_dates":{"theater":"2002-12-27","dvd":"2003-06-24"},"ratings":{"critics_rating":"Certified Fresh","critics_score":81,"audience_rating":"Upright","audience_score":85},"synopsis":"","posters":{"thumbnail":"http://content8.flixster.com/movie/26/18/261814_mob.jpg","profile":"http://content8.flixster.com/movie/26/18/261814_pro.jpg","detailed":"http://content8.flixster.com/movie/26/18/261814_det.jpg","original":"http://content8.flixster.com/movie/26/18/261814_ori.jpg"},"abridged_cast":[{"name":"Meryl Streep","id":"162654900","characters":["Clarissa Vaughn"]},{"name":"Julianne Moore","id":"162654248","characters":["Laura Brown"]},{"name":"Nicole Kidman","id":"162652279","characters":["Virginia Woolf"]},{"name":"Ed Harris","id":"162654543","characters":["Richard Brown"]},{"name":"Toni Collette","id":"162654444","characters":["Kitty"]}],"alternate_ids":{"imdb":"0274558"},"links":{"self":"http://api.rottentomatoes.com/api/public/v1.0/movies/11671.json","alternate":"http://www.rottentomatoes.com/m/hours/","cast":"http://api.rottentomatoes.com/api/public/v1.0/movies/11671/cast.json","clips":"http://api.rottentomatoes.com/api/public/v1.0/movies/11671/clips.json","reviews":"http://api.rottentomatoes.com/api/public/v1.0/movies/11671/reviews.json","similar":"http://api.rottentomatoes.com/api/public/v1.0/movies/11671/similar.json"}},{"id":"9398","title":"The Aristocats","year":1970,"mpaa_rating":"G","runtime":78,"critics_consensus":"Though The Aristocats is a mostly middling effort for Disney, it is redeemed by terrific work from its voice cast and some jazzy tunes.","release_dates":{"theater":"1970-12-11","dvd":"2000-04-04"},"ratings":{"critics_rating":"Fresh","critics_score":66,"audience_rating":"Upright","audience_score":70},"synopsis":"","posters":{"thumbnail":"http://content7.flixster.com/movie/25/07/250797_mob.jpg","profile":"http://content7.flixster.com/movie/25/07/250797_pro.jpg","detailed":"http://content7.flixster.com/movie/25/07/250797_det.jpg","original":"http://content7.flixster.com/movie/25/07/250797_ori.jpg"},"abridged_cast":[{"name":"Phil Harris","id":"162655698","characters":["Thomas O'Malley"]},{"name":"Eva Gabor","id":"162655817","characters":["Duchess"]},{"name":"Sterling Holloway","id":"162655725","characters":["Roquefort"]},{"name":"Scatman Crothers","id":"326396574","characters":["Scat Cat"]},{"name":"Vito Scotti","id":"770692870","characters":["Italian Cat"]}],"alternate_ids":{"imdb":"0065421"},"links":{"self":"http://api.rottentomatoes.com/api/public/v1.0/movies/9398.json","alternate":"http://www.rottentomatoes.com/m/aristocats/","cast":"http://api.rottentomatoes.com/api/public/v1.0/movies/9398/cast.json","clips":"http://api.rottentomatoes.com/api/public/v1.0/movies/9398/clips.json","reviews":"http://api.rottentomatoes.com/api/public/v1.0/movies/9398/reviews.json","similar":"http://api.rottentomatoes.com/api/public/v1.0/movies/9398/similar.json"}},{"id":"770682858","title":"The Rocker","year":2008,"mpaa_rating":"PG-13","runtime":102,"critics_consensus":"With a predictable and lightweight story, the earnest efforts of the cast are squandered by The Rocker's bland script.","release_dates":{"theater":"2008-06-12","dvd":"2009-01-27"},"ratings":{"critics_rating":"Rotten","critics_score":41,"audience_rating":"Spilled","audience_score":47},"synopsis":"","posters":{"thumbnail":"http://content8.flixster.com/movie/10/85/72/10857242_mob.jpg","profile":"http://content8.flixster.com/movie/10/85/72/10857242_pro.jpg","detailed":"http://content8.flixster.com/movie/10/85/72/10857242_det.jpg","original":"http://content8.flixster.com/movie/10/85/72/10857242_ori.jpg"},"abridged_cast":[{"name":"Rainn Wilson","id":"518921437","characters":["Robert \"Fish\" Fishman"]},{"name":"Christina Applegate","id":"162663389","characters":["Kim"]},{"name":"Josh Gad","id":"770683794","characters":["Matt"]},{"name":"Teddy Geiger","id":"770763891","characters":["Curtis"]},{"name":"Emma Stone","id":"770683296","characters":["Amelia"]}],"alternate_ids":{"imdb":"1031969"},"links":{"self":"http://api.rottentomatoes.com/api/public/v1.0/movies/770682858.json","alternate":"http://www.rottentomatoes.com/m/10009055-rocker/","cast":"http://api.rottentomatoes.com/api/public/v1.0/movies/770682858/cast.json","clips":"http://api.rottentomatoes.com/api/public/v1.0/movies/770682858/clips.json","reviews":"http://api.rottentomatoes.com/api/public/v1.0/movies/770682858/reviews.json","similar":"http://api.rottentomatoes.com/api/public/v1.0/movies/770682858/similar.json"}},{"id":"771321134","title":"The Last Exorcism Part II","year":2013,"mpaa_rating":"PG-13","runtime":88,"release_dates":{"theater":"2013-03-01","dvd":"2013-06-18"},"ratings":{"critics_rating":"Rotten","critics_score":16,"audience_rating":"Spilled","audience_score":27},"synopsis":"Continuing where the first film left off, Nell Sweetzer (Ashley Bell) is found terrified and alone in rural Louisiana. Back in the relative safety of New Orleans, Nell realizes that she can't remember entire portions of the previous months only that she is the last surviving member of her family. Just as Nell begins the difficult process of starting a new life, the evil force that once possessed her is back with other, unimaginably horrific plans that mean her last exorcism was just the beginning. (c) CBS Films","posters":{"thumbnail":"http://content7.flixster.com/movie/11/16/83/11168309_mob.jpg","profile":"http://content7.flixster.com/movie/11/16/83/11168309_pro.jpg","detailed":"http://content7.flixster.com/movie/11/16/83/11168309_det.jpg","original":"http://content7.flixster.com/movie/11/16/83/11168309_ori.jpg"},"abridged_cast":[{"name":"Ashley Bell","id":"770908595","characters":["Nell Sweetzer"]},{"name":"Julia Garner","id":"771379397","characters":["Gwen"]},{"name":"Spencer Treat Clark","id":"770711788","characters":["Chris"]},{"name":"Louis Herthum","id":"770737292","characters":["Louis"]},{"name":"Dave Jensen","id":"770942756","characters":["Calder"]}],"alternate_ids":{"imdb":"2034139"},"links":{"self":"http://api.rottentomatoes.com/api/public/v1.0/movies/771321134.json","alternate":"http://www.rottentomatoes.com/m/the_last_exorcism_part_ii_2013/","cast":"http://api.rottentomatoes.com/api/public/v1.0/movies/771321134/cast.json","clips":"http://api.rottentomatoes.com/api/public/v1.0/movies/771321134/clips.json","reviews":"http://api.rottentomatoes.com/api/public/v1.0/movies/771321134/reviews.json","similar":"http://api.rottentomatoes.com/api/public/v1.0/movies/771321134/similar.json"}},{"id":"10446","title":"The World Is Not Enough","year":1999,"mpaa_rating":"PG-13","runtime":125,"critics_consensus":"Plagued by mediocre writing, uneven acting, and a fairly by-the-numbers plot, The World Is Not Enough is partially saved by some entertaining and truly Bond-worthy action sequences.","release_dates":{"theater":"1999-11-19","dvd":"2000-05-16"},"ratings":{"critics_rating":"Rotten","critics_score":51,"audience_rating":"Spilled","audience_score":50},"synopsis":"","posters":{"thumbnail":"http://content8.flixster.com/movie/10/93/21/10932170_mob.jpg","profile":"http://content8.flixster.com/movie/10/93/21/10932170_pro.jpg","detailed":"http://content8.flixster.com/movie/10/93/21/10932170_det.jpg","original":"http://content8.flixster.com/movie/10/93/21/10932170_ori.jpg"},"abridged_cast":[{"name":"Pierce Brosnan","id":"162663451","characters":["James Bond"]},{"name":"Sophie Marceau","id":"162663452","characters":["Elektra King"]},{"name":"Robert Carlyle","id":"162688073","characters":["Renard"]},{"name":"Denise Richards","id":"162666727","characters":["Christmas Jones"]},{"name":"Robbie Coltrane","id":"162655379","characters":["Valentin Zukovsky"]}],"links":{"self":"http://api.rottentomatoes.com/api/public/v1.0/movies/10446.json","alternate":"http://www.rottentomatoes.com/m/world_is_not_enough/","cast":"http://api.rottentomatoes.com/api/public/v1.0/movies/10446/cast.json","clips":"http://api.rottentomatoes.com/api/public/v1.0/movies/10446/clips.json","reviews":"http://api.rottentomatoes.com/api/public/v1.0/movies/10446/reviews.json","similar":"http://api.rottentomatoes.com/api/public/v1.0/movies/10446/similar.json"}},{"id":"771323737","title":"The Kings of Summer","year":2013,"mpaa_rating":"R","runtime":95,"critics_consensus":"Thanks to charming performances and endearingly off-kilter spirit, The Kings of Summer proves to be a slight, sweet entry in the crowded coming-of-age genre.","release_dates":{"theater":"2013-05-31","dvd":"2013-09-24"},"ratings":{"critics_rating":"Certified Fresh","critics_score":76,"audience_rating":"Upright","audience_score":77},"synopsis":"Premiering to rave reviews at the 2013 Sundance Film Festival, THE KINGS OF SUMMER is a unique coming-of-age comedy about three teenage friends - Joe (Nick Robinson), Patrick (Gabriel Basso) and the eccentric and unpredictable Biaggio (Moises Arias) - who, in the ultimate act of independence, decide to spend their summer building a house in the woods and living off the land. Free from their parents' rules, their idyllic summer quickly becomes a test of friendship as each boy learns to appreciate the fact that family - whether it is the one you're born into or the one you create - is something you can't run away from. (c) CBS Films","posters":{"thumbnail":"http://content7.flixster.com/movie/11/17/07/11170777_mob.jpg","profile":"http://content7.flixster.com/movie/11/17/07/11170777_pro.jpg","detailed":"http://content7.flixster.com/movie/11/17/07/11170777_det.jpg","original":"http://content7.flixster.com/movie/11/17/07/11170777_ori.jpg"},"abridged_cast":[{"name":"Nick Robinson","id":"519530763","characters":["Joe"]},{"name":"Gabriel Basso","id":"771080759","characters":["Patrick"]},{"name":"Moises Arias","id":"770681220","characters":["Biaggio"]},{"name":"Nick Offerman","id":"770669630","characters":["Frank"]},{"name":"Alison Brie","id":"770798990","characters":["Heather"]}],"alternate_ids":{"imdb":"2179116"},"links":{"self":"http://api.rottentomatoes.com/api/public/v1.0/movies/771323737.json","alternate":"http://www.rottentomatoes.com/m/the_kings_of_summer/","cast":"http://api.rottentomatoes.com/api/public/v1.0/movies/771323737/cast.json","clips":"http://api.rottentomatoes.com/api/public/v1.0/movies/771323737/clips.json","reviews":"http://api.rottentomatoes.com/api/public/v1.0/movies/771323737/reviews.json","similar":"http://api.rottentomatoes.com/api/public/v1.0/movies/771323737/similar.json"}},{"id":"770805735","title":"The Pool Boys","year":2009,"mpaa_rating":"R","runtime":88,"release_dates":{"theater":"2011-09-30","dvd":"2011-12-27"},"ratings":{"critics_score":-1,"audience_rating":"Spilled","audience_score":29},"synopsis":"","posters":{"thumbnail":"http://content9.flixster.com/movie/11/17/10/11171011_mob.jpg","profile":"http://content9.flixster.com/movie/11/17/10/11171011_pro.jpg","detailed":"http://content9.flixster.com/movie/11/17/10/11171011_det.jpg","original":"http://content9.flixster.com/movie/11/17/10/11171011_ori.jpg"},"abridged_cast":[{"name":"Tom Arnold","id":"162654812"},{"name":"George Takei","id":"364615604"},{"name":"Jay Thomas","id":"770672201"},{"name":"Matthew Lillard","id":"162666767","characters":["Roger"]},{"name":"Efren Ramirez","id":"162659044","characters":["Hector"]}],"alternate_ids":{"imdb":"0807028"},"links":{"self":"http://api.rottentomatoes.com/api/public/v1.0/movies/770805735.json","alternate":"http://www.rottentomatoes.com/m/pool_boys/","cast":"http://api.rottentomatoes.com/api/public/v1.0/movies/770805735/cast.json","clips":"http://api.rottentomatoes.com/api/public/v1.0/movies/770805735/clips.json","reviews":"http://api.rottentomatoes.com/api/public/v1.0/movies/770805735/reviews.json","similar":"http://api.rottentomatoes.com/api/public/v1.0/movies/770805735/similar.json"}},{"id":"771041154","title":"The Apparition","year":2012,"mpaa_rating":"PG-13","runtime":83,"critics_consensus":"The Apparition fails to offer anything original, isn't particularly scary, and offers so little in the way of dramatic momentum that it's more likely to put you to sleep than thrill you.","release_dates":{"theater":"2012-08-24","dvd":"2012-11-27"},"ratings":{"critics_rating":"Rotten","critics_score":4,"audience_rating":"Spilled","audience_score":25},"synopsis":"When frightening events start to occur in their home, young couple Kelly (Ashley Greene) and Ben (Sebastian Stan) discover they are being haunted by a presence that was accidentally conjured during a university parapsychology experiment. The horrifying apparition feeds on their fear and torments them no matter where they try to run. Their last hope is an expert in the supernatural, Patrick (Tom Felton), but even with his help they may already be too late to save themselves from this terrifying force. -- (C) Warner Bros.","posters":{"thumbnail":"http://content8.flixster.com/movie/11/16/74/11167430_mob.jpg","profile":"http://content8.flixster.com/movie/11/16/74/11167430_pro.jpg","detailed":"http://content8.flixster.com/movie/11/16/74/11167430_det.jpg","original":"http://content8.flixster.com/movie/11/16/74/11167430_ori.jpg"},"abridged_cast":[{"name":"Ashley Greene","id":"770682464","characters":["Kelly"]},{"name":"Sebastian Stan","id":"326299814","characters":["Ben"]},{"name":"Tom Felton","id":"400215238","characters":["Patrick"]},{"name":"Julianna Guill","id":"770844224","characters":["Lydia"]},{"name":"Luke Pasqualino","id":"770878532","characters":["Greg"]}],"alternate_ids":{"imdb":"1433822"},"links":{"self":"http://api.rottentomatoes.com/api/public/v1.0/movies/771041154.json","alternate":"http://www.rottentomatoes.com/m/the_apparition/","cast":"http://api.rottentomatoes.com/api/public/v1.0/movies/771041154/cast.json","clips":"http://api.rottentomatoes.com/api/public/v1.0/movies/771041154/clips.json","reviews":"http://api.rottentomatoes.com/api/public/v1.0/movies/771041154/reviews.json","similar":"http://api.rottentomatoes.com/api/public/v1.0/movies/771041154/similar.json"}},{"id":"364478839","title":"Save the Last Dance 2","year":2006,"mpaa_rating":"PG-13","runtime":90,"release_dates":{"dvd":"2006-10-10"},"ratings":{"critics_score":-1,"audience_rating":"Upright","audience_score":65},"synopsis":"","posters":{"thumbnail":"http://content7.flixster.com/movie/30/40/45/3040457_mob.jpg","profile":"http://content7.flixster.com/movie/30/40/45/3040457_pro.jpg","detailed":"http://content7.flixster.com/movie/30/40/45/3040457_det.jpg","original":"http://content7.flixster.com/movie/30/40/45/3040457_ori.jpg"},"abridged_cast":[{"name":"Izabella Miko","id":"364478841","characters":["Sara Johnson"]},{"name":"Columbus Short","id":"364478848","characters":["Miles"]},{"name":"Jacqueline Bisset","id":"162654561","characters":["Monique Delacroix"]},{"name":"Ne-Yo","id":"474100946","characters":["Himself"]},{"name":"Maria Brooks","id":"364478851","characters":["Katrina"]}],"alternate_ids":{"imdb":"0486656"},"links":{"self":"http://api.rottentomatoes.com/api/public/v1.0/movies/364478839.json","alternate":"http://www.rottentomatoes.com/m/save_the_last_dance_2/","cast":"http://api.rottentomatoes.com/api/public/v1.0/movies/364478839/cast.json","clips":"http://api.rottentomatoes.com/api/public/v1.0/movies/364478839/clips.json","reviews":"http://api.rottentomatoes.com/api/public/v1.0/movies/364478839/reviews.json","similar":"http://api.rottentomatoes.com/api/public/v1.0/movies/364478839/similar.json"}},{"id":"9362","title":"In the Mix","year":2005,"mpaa_rating":"PG-13","runtime":96,"critics_consensus":"Fans may get a kick out of seeing Usher showcasing his charm on screen, but the movie itself is tone deaf and inconsequential, even by rom-com standards.","release_dates":{"theater":"2005-11-23","dvd":"2006-03-21"},"ratings":{"critics_rating":"Rotten","critics_score":14,"audience_rating":"Spilled","audience_score":51},"synopsis":"","posters":{"thumbnail":"http://content8.flixster.com/movie/25/06/250602_mob.jpg","profile":"http://content8.flixster.com/movie/25/06/250602_pro.jpg","detailed":"http://content8.flixster.com/movie/25/06/250602_det.jpg","original":"http://content8.flixster.com/movie/25/06/250602_ori.jpg"},"abridged_cast":[{"name":"Usher Raymond","id":"162655473","characters":["Darrell"]},{"name":"Emmanuelle Chriqui","id":"162655474","characters":["Dolly"]},{"name":"Chazz Palminteri","id":"162655475","characters":["Frank Pacelli"]},{"name":"Robert Davi","id":"162669828","characters":["Fish"]},{"name":"Matt Gerald","id":"162655478","characters":["Jackie"]}],"alternate_ids":{"imdb":"0426615"},"links":{"self":"http://api.rottentomatoes.com/api/public/v1.0/movies/9362.json","alternate":"http://www.rottentomatoes.com/m/in_the_mix/","cast":"http://api.rottentomatoes.com/api/public/v1.0/movies/9362/cast.json","clips":"http://api.rottentomatoes.com/api/public/v1.0/movies/9362/clips.json","reviews":"http://api.rottentomatoes.com/api/public/v1.0/movies/9362/reviews.json","similar":"http://api.rottentomatoes.com/api/public/v1.0/movies/9362/similar.json"}},{"id":"13831","title":"The Thing","year":1982,"mpaa_rating":"R","runtime":109,"critics_consensus":"Grimmer and more terrifying than the 1950s take, John Carpenter's The Thing is a tense sci-fi thriller rife with compelling tension and some remarkable make-up effects.","release_dates":{"theater":"1982-07-01","dvd":"2001-08-28"},"ratings":{"critics_rating":"Certified Fresh","critics_score":79,"audience_rating":"Upright","audience_score":92},"synopsis":"","posters":{"thumbnail":"http://content9.flixster.com/movie/11/16/88/11168895_mob.jpg","profile":"http://content9.flixster.com/movie/11/16/88/11168895_pro.jpg","detailed":"http://content9.flixster.com/movie/11/16/88/11168895_det.jpg","original":"http://content9.flixster.com/movie/11/16/88/11168895_ori.jpg"},"abridged_cast":[{"name":"Kurt Russell","id":"162652945","characters":["MacReady"]},{"name":"Wilford Brimley","id":"162669357","characters":["Blair"]},{"name":"T.K. Carter","id":"335715892","characters":["Nauls"]},{"name":"David Clennon","id":"381422006","characters":["Palmer"]},{"name":"Keith David","id":"162691693","characters":["Childs"]}],"links":{"self":"http://api.rottentomatoes.com/api/public/v1.0/movies/13831.json","alternate":"http://www.rottentomatoes.com/m/1021244-thing/","cast":"http://api.rottentomatoes.com/api/public/v1.0/movies/13831/cast.json","clips":"http://api.rottentomatoes.com/api/public/v1.0/movies/13831/clips.json","reviews":"http://api.rottentomatoes.com/api/public/v1.0/movies/13831/reviews.json","similar":"http://api.rottentomatoes.com/api/public/v1.0/movies/13831/similar.json"}},{"id":"771324993","title":"The East","year":2013,"mpaa_rating":"PG-13","runtime":116,"critics_consensus":"Tense, thoughtful, and deftly paced, The East is a political thriller that never loses sight of the human element.","release_dates":{"theater":"2013-05-31","dvd":"2013-09-17"},"ratings":{"critics_rating":"Certified Fresh","critics_score":74,"audience_rating":"Upright","audience_score":66},"synopsis":"THE EAST, a suspenseful and provocative espionage thriller from acclaimed writer-director Zal Batmanglij and writer-actress Brit Marling, stars Marling as former FBI agent Sarah Moss. Moss is starting a new career at Hiller Brood, an elite private intelligence firm that ruthlessly protects the interests of its A-list corporate clientele. Handpicked for a plum assignment by the company's head honcho, Sharon (Patricia Clarkson), Sarah goes deep undercover to infiltrate The East, an elusive anarchist collective seeking revenge against major corporations guilty of covering up criminal activity. Determined, highly-trained and resourceful, Sarah soon ingratiates herself with the group, overcoming their initial suspicions and joining them on their next action or \"jam.\" But living closely with the intensely committed members of The East, Sarah finds herself torn between her two worlds as she starts to connect with anarchist Benji (Alexander Skarsgard) and the rest of the collective, and awakens to the moral contradictions of her personal life. (c) Fox Searchlight","posters":{"thumbnail":"http://content8.flixster.com/movie/11/17/32/11173214_mob.jpg","profile":"http://content8.flixster.com/movie/11/17/32/11173214_pro.jpg","detailed":"http://content8.flixster.com/movie/11/17/32/11173214_det.jpg","original":"http://content8.flixster.com/movie/11/17/32/11173214_ori.jpg"},"abridged_cast":[{"name":"Brit Marling","id":"770798848","characters":["Sarah"]},{"name":"Alexander Skarsgard","id":"770674271","characters":["Benji"]},{"name":"Ellen Page","id":"326392013","characters":["Izzy"]},{"name":"Toby Kebbell","id":"341816021","characters":["Doc"]},{"name":"Shiloh Fernandez","id":"770670547","characters":["Luca"]}],"alternate_ids":{"imdb":"1869716"},"links":{"self":"http://api.rottentomatoes.com/api/public/v1.0/movies/771324993.json","alternate":"http://www.rottentomatoes.com/m/the_east_2013/","cast":"http://api.rottentomatoes.com/api/public/v1.0/movies/771324993/cast.json","clips":"http://api.rottentomatoes.com/api/public/v1.0/movies/771324993/clips.json","reviews":"http://api.rottentomatoes.com/api/public/v1.0/movies/771324993/reviews.json","similar":"http://api.rottentomatoes.com/api/public/v1.0/movies/771324993/similar.json"}},{"id":"10373","title":"A League of Their Own","year":1992,"mpaa_rating":"PG","runtime":128,"critics_consensus":"Sentimental and light, but still thoroughly charming, A League of Their Own is buoyed by solid performances from a wonderful cast.","release_dates":{"theater":"1992-07-01","dvd":"1997-09-09"},"ratings":{"critics_rating":"Certified Fresh","critics_score":77,"audience_rating":"Upright","audience_score":84},"synopsis":"","posters":{"thumbnail":"http://content7.flixster.com/movie/10/84/25/10842501_mob.jpg","profile":"http://content7.flixster.com/movie/10/84/25/10842501_pro.jpg","detailed":"http://content7.flixster.com/movie/10/84/25/10842501_det.jpg","original":"http://content7.flixster.com/movie/10/84/25/10842501_ori.jpg"},"abridged_cast":[{"name":"Geena Davis","id":"162659514","characters":["Dottie Hinson"]},{"name":"Tom Hanks","id":"162655641","characters":["Jimmy Dugan"]},{"name":"Lori Petty","id":"162662596","characters":["Kit Keller"]},{"name":"Madonna","id":"162660816","characters":["Mae Mordabito"]},{"name":"Jon Lovitz","id":"162664237","characters":["Ernie Capadino"]}],"alternate_ids":{"imdb":"0104694"},"links":{"self":"http://api.rottentomatoes.com/api/public/v1.0/movies/10373.json","alternate":"http://www.rottentomatoes.com/m/league_of_their_own/","cast":"http://api.rottentomatoes.com/api/public/v1.0/movies/10373/cast.json","clips":"http://api.rottentomatoes.com/api/public/v1.0/movies/10373/clips.json","reviews":"http://api.rottentomatoes.com/api/public/v1.0/movies/10373/reviews.json","similar":"http://api.rottentomatoes.com/api/public/v1.0/movies/10373/similar.json"}},{"id":"287865052","title":"The Protector (Tom yum goong) (Warrior King)","year":2006,"mpaa_rating":"R","runtime":109,"critics_consensus":"Despite some impressive fight scenes, this trimmed-down version of the Thai action pic is an off-putting mix of scant plot, choppy editing, and confusing subtitles and dubbing.","release_dates":{"theater":"2005-08-11","dvd":"2007-01-16"},"ratings":{"critics_rating":"Rotten","critics_score":54,"audience_rating":"Upright","audience_score":76},"synopsis":"","posters":{"thumbnail":"http://content9.flixster.com/movie/23/86/17/2386179_mob.jpg","profile":"http://content9.flixster.com/movie/23/86/17/2386179_pro.jpg","detailed":"http://content9.flixster.com/movie/23/86/17/2386179_det.jpg","original":"http://content9.flixster.com/movie/23/86/17/2386179_ori.jpg"},"abridged_cast":[{"name":"Tony Jaa","id":"162684066"},{"name":"Petchtai Wongkamlao","id":"162684067"},{"name":"Bongkoj Khongmalai","id":"326395628"},{"name":"Xing Jing","id":"326395630"},{"name":"Nathan Jones","id":"364650620"}],"alternate_ids":{"imdb":"0427954"},"links":{"self":"http://api.rottentomatoes.com/api/public/v1.0/movies/287865052.json","alternate":"http://www.rottentomatoes.com/m/protector/","cast":"http://api.rottentomatoes.com/api/public/v1.0/movies/287865052/cast.json","clips":"http://api.rottentomatoes.com/api/public/v1.0/movies/287865052/clips.json","reviews":"http://api.rottentomatoes.com/api/public/v1.0/movies/287865052/reviews.json","similar":"http://api.rottentomatoes.com/api/public/v1.0/movies/287865052/similar.json"}},{"id":"14500","title":"The Manchurian Candidate","year":2004,"mpaa_rating":"R","runtime":130,"critics_consensus":"While not the classic its predecessor is, this update is well-acted and conjures a chilling resonance.","release_dates":{"theater":"2004-07-30","dvd":"2004-12-21"},"ratings":{"critics_rating":"Certified Fresh","critics_score":81,"audience_rating":"Upright","audience_score":63},"synopsis":"","posters":{"thumbnail":"http://content6.flixster.com/movie/55/35/35/5535356_mob.jpg","profile":"http://content6.flixster.com/movie/55/35/35/5535356_pro.jpg","detailed":"http://content6.flixster.com/movie/55/35/35/5535356_det.jpg","original":"http://content6.flixster.com/movie/55/35/35/5535356_ori.jpg"},"abridged_cast":[{"name":"Denzel Washington","id":"162661439","characters":["Major Bennett Marco"]},{"name":"Meryl Streep","id":"162654900","characters":["Eleanor Prentiss Shaw"]},{"name":"Liev Schreiber","id":"162653994","characters":["Sgt. Raymond Shaw"]},{"name":"Kimberly Elise","id":"162660712","characters":["Rosie"]},{"name":"Jon Voight","id":"162664393","characters":["Senator Thomas Jordan"]}],"alternate_ids":{"imdb":"0368008"},"links":{"self":"http://api.rottentomatoes.com/api/public/v1.0/movies/14500.json","alternate":"http://www.rottentomatoes.com/m/manchurian_candidate/","cast":"http://api.rottentomatoes.com/api/public/v1.0/movies/14500/cast.json","clips":"http://api.rottentomatoes.com/api/public/v1.0/movies/14500/clips.json","reviews":"http://api.rottentomatoes.com/api/public/v1.0/movies/14500/reviews.json","similar":"http://api.rottentomatoes.com/api/public/v1.0/movies/14500/similar.json"}},{"id":"8568","title":"Two For the Money","year":2005,"mpaa_rating":"R","runtime":124,"critics_consensus":"Despite its sportsmanlike swagger, Two for the Money's aimless plot isn't worth betting on.","release_dates":{"theater":"2005-10-07","dvd":"2006-01-17"},"ratings":{"critics_rating":"Rotten","critics_score":22,"audience_rating":"Spilled","audience_score":49},"synopsis":"","posters":{"thumbnail":"http://content7.flixster.com/movie/25/03/250301_mob.jpg","profile":"http://content7.flixster.com/movie/25/03/250301_pro.jpg","detailed":"http://content7.flixster.com/movie/25/03/250301_det.jpg","original":"http://content7.flixster.com/movie/25/03/250301_ori.jpg"},"abridged_cast":[{"name":"Al Pacino","id":"162654461","characters":["Walter Abraham"]},{"name":"Matthew McConaughey","id":"162652350","characters":["Brandon Lang/John Anthony"]},{"name":"Rene Russo","id":"162654462","characters":["Toni Abraham"]},{"name":"Jeremy Piven","id":"162654464","characters":["Jerry"]},{"name":"Armand Assante","id":"162654463","characters":["Novian"]}],"alternate_ids":{"imdb":"0417217"},"links":{"self":"http://api.rottentomatoes.com/api/public/v1.0/movies/8568.json","alternate":"http://www.rottentomatoes.com/m/two_for_the_money/","cast":"http://api.rottentomatoes.com/api/public/v1.0/movies/8568/cast.json","clips":"http://api.rottentomatoes.com/api/public/v1.0/movies/8568/clips.json","reviews":"http://api.rottentomatoes.com/api/public/v1.0/movies/8568/reviews.json","similar":"http://api.rottentomatoes.com/api/public/v1.0/movies/8568/similar.json"}},{"id":"16","title":"The Interpreter","year":2005,"mpaa_rating":"PG-13","runtime":128,"critics_consensus":"A polished and intelligent thriller, though marred by plot implausibilities.","release_dates":{"theater":"2005-04-22","dvd":"2005-10-04"},"ratings":{"critics_rating":"Rotten","critics_score":56,"audience_rating":"Spilled","audience_score":55},"synopsis":"","posters":{"thumbnail":"http://content7.flixster.com/movie/24/97/249725_mob.jpg","profile":"http://content7.flixster.com/movie/24/97/249725_pro.jpg","detailed":"http://content7.flixster.com/movie/24/97/249725_det.jpg","original":"http://content7.flixster.com/movie/24/97/249725_ori.jpg"},"abridged_cast":[{"name":"Nicole Kidman","id":"162652279","characters":["Silvia Broome"]},{"name":"Sean Penn","id":"162652280","characters":["Tobin Keller"]},{"name":"Catherine Keener","id":"162652281","characters":["Dot Woods"]},{"name":"Jesper Christensen","id":"162652283","characters":["Nils Lud"]},{"name":"Yvan Attal","id":"162719683","characters":["Philippe"]}],"alternate_ids":{"imdb":"0373926"},"links":{"self":"http://api.rottentomatoes.com/api/public/v1.0/movies/16.json","alternate":"http://www.rottentomatoes.com/m/interpreter/","cast":"http://api.rottentomatoes.com/api/public/v1.0/movies/16/cast.json","clips":"http://api.rottentomatoes.com/api/public/v1.0/movies/16/clips.json","reviews":"http://api.rottentomatoes.com/api/public/v1.0/movies/16/reviews.json","similar":"http://api.rottentomatoes.com/api/public/v1.0/movies/16/similar.json"}},{"id":"13701","title":"The Faculty","year":1998,"mpaa_rating":"R","runtime":104,"critics_consensus":"Rip-off of other sci-fi thrillers.","release_dates":{"theater":"1998-12-25","dvd":"1999-06-15"},"ratings":{"critics_rating":"Rotten","critics_score":54,"audience_rating":"Spilled","audience_score":55},"synopsis":"","posters":{"thumbnail":"http://content8.flixster.com/movie/27/10/271018_mob.jpg","profile":"http://content8.flixster.com/movie/27/10/271018_pro.jpg","detailed":"http://content8.flixster.com/movie/27/10/271018_det.jpg","original":"http://content8.flixster.com/movie/27/10/271018_ori.jpg"},"abridged_cast":[{"name":"Michelle Holmes","id":"770802550","characters":["student"]},{"name":"Famke Janssen","id":"162669246","characters":["Miss Elizabeth Burke"]},{"name":"Piper Laurie","id":"162675397","characters":["Mrs. Karen Olson"]},{"name":"Christopher McDonald","id":"162680629","characters":["Mr. Frank Connor"]},{"name":"Bebe Neuwirth","id":"162670476","characters":["Principal Valerie Drake"]}],"alternate_ids":{"imdb":"0133751"},"links":{"self":"http://api.rottentomatoes.com/api/public/v1.0/movies/13701.json","alternate":"http://www.rottentomatoes.com/m/faculty/","cast":"http://api.rottentomatoes.com/api/public/v1.0/movies/13701/cast.json","clips":"http://api.rottentomatoes.com/api/public/v1.0/movies/13701/clips.json","reviews":"http://api.rottentomatoes.com/api/public/v1.0/movies/13701/reviews.json","similar":"http://api.rottentomatoes.com/api/public/v1.0/movies/13701/similar.json"}},{"id":"771325416","title":"The Fifth Estate","year":2013,"mpaa_rating":"R","runtime":124,"critics_consensus":"Heavy on detail and melodrama but missing the spark from its remarkable real-life inspiration, The Fifth Estate mostly serves as a middling showcase for Benedict Cumberbatch's remarkable talent.","release_dates":{"theater":"2013-10-18","dvd":"2014-01-28"},"ratings":{"critics_rating":"Rotten","critics_score":37,"audience_rating":"Spilled","audience_score":40},"synopsis":"Triggering our age of high-stakes secrecy, explosive news leaks and the trafficking of classified information, WikiLeaks forever changed the game. Now, in a dramatic thriller based on real events, \"The Fifth Estate\" reveals the quest to expose the deceptions and corruptions of power that turned an Internet upstart into the 21st century's most fiercely debated organization. The story begins as WikiLeaks founder Julian Assange (Benedict Cumberbatch) and his colleague Daniel Domscheit-Berg (Daniel Bruhl) team up to become underground watchdogs of the privileged and powerful. On a shoestring, they create a platform that allows whistleblowers to anonymously leak covert data, shining a light on the dark recesses of government secrets and corporate crimes. Soon, they are breaking more hard news than the world's most legendary media organizations combined. But when Assange and Berg gain access to the biggest trove of confidential intelligence documents in U.S. history, they battle each other and a defining question of our time: what are the costs of keeping secrets in a free society-and what are the costs of exposing them?\"(c) Disney","posters":{"thumbnail":"http://content9.flixster.com/movie/11/17/30/11173067_mob.jpg","profile":"http://content9.flixster.com/movie/11/17/30/11173067_pro.jpg","detailed":"http://content9.flixster.com/movie/11/17/30/11173067_det.jpg","original":"http://content9.flixster.com/movie/11/17/30/11173067_ori.jpg"},"abridged_cast":[{"name":"Benedict Cumberbatch","id":"355028249"},{"name":"Dan Stevens (IV)","id":"770698532"},{"name":"Alicia Vikander","id":"771083890"},{"name":"Daniel Bruhl","id":"162652437"},{"name":"Carice van Houten","id":"312790947"}],"alternate_ids":{"imdb":"1837703"},"links":{"self":"http://api.rottentomatoes.com/api/public/v1.0/movies/771325416.json","alternate":"http://www.rottentomatoes.com/m/the_fifth_estate/","cast":"http://api.rottentomatoes.com/api/public/v1.0/movies/771325416/cast.json","clips":"http://api.rottentomatoes.com/api/public/v1.0/movies/771325416/clips.json","reviews":"http://api.rottentomatoes.com/api/public/v1.0/movies/771325416/reviews.json","similar":"http://api.rottentomatoes.com/api/public/v1.0/movies/771325416/similar.json"}},{"id":"5222","title":"The Aristocrats","year":2005,"mpaa_rating":"Unrated","runtime":90,"critics_consensus":"Can a joke stand up to repeated tellings? Hilarious and revealing of the way comedy works, The Aristocrats demonstrates that it's possible.","release_dates":{"theater":"2005-07-29","dvd":"2006-01-24"},"ratings":{"critics_rating":"Certified Fresh","critics_score":79,"audience_rating":"Upright","audience_score":61},"synopsis":"","posters":{"thumbnail":"http://content7.flixster.com/movie/25/00/250013_mob.jpg","profile":"http://content7.flixster.com/movie/25/00/250013_pro.jpg","detailed":"http://content7.flixster.com/movie/25/00/250013_det.jpg","original":"http://content7.flixster.com/movie/25/00/250013_ori.jpg"},"abridged_cast":[{"name":"Jason Alexander","id":"162657411"},{"name":"Hank Azaria","id":"162695372"},{"name":"Shelley Berman","id":"770751721"},{"name":"Lewis Black","id":"277048009"},{"name":"George Carlin","id":"162653471"}],"links":{"self":"http://api.rottentomatoes.com/api/public/v1.0/movies/5222.json","alternate":"http://www.rottentomatoes.com/m/aristocrats/","cast":"http://api.rottentomatoes.com/api/public/v1.0/movies/5222/cast.json","clips":"http://api.rottentomatoes.com/api/public/v1.0/movies/5222/clips.json","reviews":"http://api.rottentomatoes.com/api/public/v1.0/movies/5222/reviews.json","similar":"http://api.rottentomatoes.com/api/public/v1.0/movies/5222/similar.json"}},{"id":"10954","title":"The Haunting","year":1999,"mpaa_rating":"PG-13","runtime":113,"critics_consensus":"Sophisticated visual effects fail to offset awkward performances and an uneven script.","release_dates":{"theater":"1999-07-01","dvd":"1999-11-23"},"ratings":{"critics_rating":"Rotten","critics_score":17,"audience_rating":"Spilled","audience_score":28},"synopsis":"","posters":{"thumbnail":"http://content7.flixster.com/movie/10/81/95/10819505_mob.jpg","profile":"http://content7.flixster.com/movie/10/81/95/10819505_pro.jpg","detailed":"http://content7.flixster.com/movie/10/81/95/10819505_det.jpg","original":"http://content7.flixster.com/movie/10/81/95/10819505_ori.jpg"},"abridged_cast":[{"name":"Liam Neeson","id":"162652242","characters":["Dr. David Marrow"]},{"name":"Catherine Zeta-Jones","id":"162654886","characters":["Theo"]},{"name":"Lili Taylor","id":"162668140","characters":["Nell"]},{"name":"Owen Wilson","id":"162652836","characters":["Luke"]},{"name":"Bruce Dern","id":"162658850","characters":["Mr. Dudley"]}],"alternate_ids":{"imdb":"0171363"},"links":{"self":"http://api.rottentomatoes.com/api/public/v1.0/movies/10954.json","alternate":"http://www.rottentomatoes.com/m/1090789-haunting/","cast":"http://api.rottentomatoes.com/api/public/v1.0/movies/10954/cast.json","clips":"http://api.rottentomatoes.com/api/public/v1.0/movies/10954/clips.json","reviews":"http://api.rottentomatoes.com/api/public/v1.0/movies/10954/reviews.json","similar":"http://api.rottentomatoes.com/api/public/v1.0/movies/10954/similar.json"}},{"id":"10586","title":"The Super Mario Bros.","year":1993,"mpaa_rating":"PG","runtime":104,"critics_consensus":"Despite flashy sets and special effects, Super Mario Bros. is too light on story and substance to be anything more than a novelty.","release_dates":{"theater":"1990-09-08","dvd":"2003-06-03"},"ratings":{"critics_rating":"Rotten","critics_score":16,"audience_rating":"Spilled","audience_score":29},"synopsis":"","posters":{"thumbnail":"http://content6.flixster.com/movie/10/94/59/10945936_mob.jpg","profile":"http://content6.flixster.com/movie/10/94/59/10945936_pro.jpg","detailed":"http://content6.flixster.com/movie/10/94/59/10945936_det.jpg","original":"http://content6.flixster.com/movie/10/94/59/10945936_ori.jpg"},"abridged_cast":[{"name":"Bob Hoskins","id":"162652225","characters":["Mario Mario"]},{"name":"John Leguizamo","id":"162652698","characters":["Luigi Mario"]},{"name":"Dennis Hopper","id":"162652697","characters":["King Koopa"]},{"name":"Samantha Mathis","id":"162656115","characters":["Daisy"]},{"name":"Fisher Stevens","id":"162661537","characters":["Iggy"]}],"alternate_ids":{"imdb":"0098762"},"links":{"self":"http://api.rottentomatoes.com/api/public/v1.0/movies/10586.json","alternate":"http://www.rottentomatoes.com/m/the-super-mario-bros/","cast":"http://api.rottentomatoes.com/api/public/v1.0/movies/10586/cast.json","clips":"http://api.rottentomatoes.com/api/public/v1.0/movies/10586/clips.json","reviews":"http://api.rottentomatoes.com/api/public/v1.0/movies/10586/reviews.json","similar":"http://api.rottentomatoes.com/api/public/v1.0/movies/10586/similar.json"}},{"id":"10616","title":"The Rundown (Welcome to the Jungle)","year":2003,"mpaa_rating":"PG-13","runtime":105,"critics_consensus":"The Rundown doesn't break any new ground, but it's a smart, funny buddy action picture with terrific comic chemistry between Dwayne \"The Rock\" Johnson and Seann William Scott.","release_dates":{"theater":"2003-09-26","dvd":"2004-03-23"},"ratings":{"critics_rating":"Fresh","critics_score":71,"audience_rating":"Upright","audience_score":67},"synopsis":"","posters":{"thumbnail":"http://content8.flixster.com/movie/10/58/45/10584506_mob.jpg","profile":"http://content8.flixster.com/movie/10/58/45/10584506_pro.jpg","detailed":"http://content8.flixster.com/movie/10/58/45/10584506_det.jpg","original":"http://content8.flixster.com/movie/10/58/45/10584506_ori.jpg"},"abridged_cast":[{"name":"Dwayne \"The Rock\" Johnson","id":"770893686","characters":["Beck"]},{"name":"Seann William Scott","id":"162652909","characters":["Travis"]},{"name":"Rosario Dawson","id":"162665341","characters":["Mariana"]},{"name":"Christopher Walken","id":"162652837","characters":["Hatcher"]},{"name":"Ewen Bremner","id":"162660195","characters":["Declan"]}],"alternate_ids":{"imdb":"0327850"},"links":{"self":"http://api.rottentomatoes.com/api/public/v1.0/movies/10616.json","alternate":"http://www.rottentomatoes.com/m/rundown/","cast":"http://api.rottentomatoes.com/api/public/v1.0/movies/10616/cast.json","clips":"http://api.rottentomatoes.com/api/public/v1.0/movies/10616/clips.json","reviews":"http://api.rottentomatoes.com/api/public/v1.0/movies/10616/reviews.json","similar":"http://api.rottentomatoes.com/api/public/v1.0/movies/10616/similar.json"}},{"id":"11414","title":"Gremlins 2: The New Batch","year":1990,"mpaa_rating":"PG-13","runtime":107,"release_dates":{"theater":"1990-06-15","dvd":"2002-08-20"},"ratings":{"critics_rating":"Fresh","critics_score":69,"audience_rating":"Spilled","audience_score":57},"synopsis":"","posters":{"thumbnail":"http://content8.flixster.com/movie/26/05/260594_mob.jpg","profile":"http://content8.flixster.com/movie/26/05/260594_pro.jpg","detailed":"http://content8.flixster.com/movie/26/05/260594_det.jpg","original":"http://content8.flixster.com/movie/26/05/260594_ori.jpg"},"abridged_cast":[{"name":"Zach Galligan","id":"162671774","characters":["Billy Peltzer"]},{"name":"Phoebe Cates","id":"162663476","characters":["Kate Beringer"]},{"name":"John Glover","id":"162700158","characters":["Daniel Clamp"]},{"name":"Robert Prosky","id":"364619250","characters":["Grandpa Fred"]},{"name":"Robert Picardo","id":"364605074","characters":["Forster"]}],"alternate_ids":{"imdb":"0099700"},"links":{"self":"http://api.rottentomatoes.com/api/public/v1.0/movies/11414.json","alternate":"http://www.rottentomatoes.com/m/gremlins_2_the_new_batch/","cast":"http://api.rottentomatoes.com/api/public/v1.0/movies/11414/cast.json","clips":"http://api.rottentomatoes.com/api/public/v1.0/movies/11414/clips.json","reviews":"http://api.rottentomatoes.com/api/public/v1.0/movies/11414/reviews.json","similar":"http://api.rottentomatoes.com/api/public/v1.0/movies/11414/similar.json"}},{"id":"10404","title":"The Three Musketeers","year":1993,"mpaa_rating":"PG","runtime":105,"release_dates":{"theater":"1993-11-12","dvd":"2001-07-17"},"ratings":{"critics_rating":"Rotten","critics_score":31,"audience_rating":"Upright","audience_score":63},"synopsis":"","posters":{"thumbnail":"http://content7.flixster.com/movie/50/26/53/5026533_mob.jpg","profile":"http://content7.flixster.com/movie/50/26/53/5026533_pro.jpg","detailed":"http://content7.flixster.com/movie/50/26/53/5026533_det.jpg","original":"http://content7.flixster.com/movie/50/26/53/5026533_ori.jpg"},"abridged_cast":[{"name":"Charlie Sheen","id":"162657828","characters":["Aramis"]},{"name":"Kiefer Sutherland","id":"162657285","characters":["Athos"]},{"name":"Chris O'Donnell","id":"162662831","characters":["D'Artagnan"]},{"name":"Oliver Platt","id":"162655456","characters":["Porthos"]},{"name":"Tim Curry","id":"162653373","characters":["Cardinal Richelieu"]}],"alternate_ids":{"imdb":"0108333"},"links":{"self":"http://api.rottentomatoes.com/api/public/v1.0/movies/10404.json","alternate":"http://www.rottentomatoes.com/m/1046772-three_musketeers/","cast":"http://api.rottentomatoes.com/api/public/v1.0/movies/10404/cast.json","clips":"http://api.rottentomatoes.com/api/public/v1.0/movies/10404/clips.json","reviews":"http://api.rottentomatoes.com/api/public/v1.0/movies/10404/reviews.json","similar":"http://api.rottentomatoes.com/api/public/v1.0/movies/10404/similar.json"}},{"id":"770798724","title":"The Girl with the Dragon Tattoo","year":2009,"mpaa_rating":"R","runtime":154,"critics_consensus":"Its graphic violence and sprawling length will prove too much for some viewers to take, but Noomi Rapace's gripping performance makes The Girl with the Dragon Tattoo an unforgettable viewing experience.","release_dates":{"theater":"2009-02-27","dvd":"2010-07-06"},"ratings":{"critics_rating":"Certified Fresh","critics_score":86,"audience_rating":"Upright","audience_score":87},"synopsis":"","posters":{"thumbnail":"http://content7.flixster.com/movie/11/12/17/11121773_mob.jpg","profile":"http://content7.flixster.com/movie/11/12/17/11121773_pro.jpg","detailed":"http://content7.flixster.com/movie/11/12/17/11121773_det.jpg","original":"http://content7.flixster.com/movie/11/12/17/11121773_ori.jpg"},"abridged_cast":[{"name":"Michael Nyqvist","id":"291428358","characters":["Mikael Blomkvist"]},{"name":"Noomi Rapace","id":"770821073","characters":["Lisbeth Salander"]},{"name":"Lena Endre","id":"162713582","characters":["Erika Berger"]},{"name":"Sven-Bertil Taube","id":"770698030","characters":["Henrik Vanger"]},{"name":"Peter Haber","id":"421600280","characters":["Martin Vanger"]}],"alternate_ids":{"imdb":"1132620"},"links":{"self":"http://api.rottentomatoes.com/api/public/v1.0/movies/770798724.json","alternate":"http://www.rottentomatoes.com/m/the_girl_with_the_dragon_tattoo_2009/","cast":"http://api.rottentomatoes.com/api/public/v1.0/movies/770798724/cast.json","clips":"http://api.rottentomatoes.com/api/public/v1.0/movies/770798724/clips.json","reviews":"http://api.rottentomatoes.com/api/public/v1.0/movies/770798724/reviews.json","similar":"http://api.rottentomatoes.com/api/public/v1.0/movies/770798724/similar.json"}},{"id":"8263","title":"The Greatest Game Ever Played","year":2005,"mpaa_rating":"PG","runtime":115,"critics_consensus":"Despite all the underdog sports movie conventions, the likable cast and lush production values make The Greatest Game Ever Played a solid and uplifting tale.","release_dates":{"theater":"2005-09-30","dvd":"2006-04-11"},"ratings":{"critics_rating":"Fresh","critics_score":62,"audience_rating":"Upright","audience_score":83},"synopsis":"","posters":{"thumbnail":"http://content6.flixster.com/movie/25/02/250212_mob.jpg","profile":"http://content6.flixster.com/movie/25/02/250212_pro.jpg","detailed":"http://content6.flixster.com/movie/25/02/250212_det.jpg","original":"http://content6.flixster.com/movie/25/02/250212_ori.jpg"},"abridged_cast":[{"name":"Shia LaBeouf","id":"162654215","characters":["Francis Ouimet"]},{"name":"Stephen Dillane","id":"162654216","characters":["Harry Vardon"]},{"name":"Josh Flitter","id":"535061087","characters":["Eddie Lowery"]},{"name":"Peyton List","id":"162654219","characters":["Sarah Wallis"]},{"name":"Elias Koteas","id":"162654218","characters":["Arthur Ouimet"]}],"alternate_ids":{"imdb":"0388980"},"links":{"self":"http://api.rottentomatoes.com/api/public/v1.0/movies/8263.json","alternate":"http://www.rottentomatoes.com/m/greatest_game_ever_played/","cast":"http://api.rottentomatoes.com/api/public/v1.0/movies/8263/cast.json","clips":"http://api.rottentomatoes.com/api/public/v1.0/movies/8263/clips.json","reviews":"http://api.rottentomatoes.com/api/public/v1.0/movies/8263/reviews.json","similar":"http://api.rottentomatoes.com/api/public/v1.0/movies/8263/similar.json"}},{"id":"770805055","title":"The Way Back","year":2010,"mpaa_rating":"PG-13","runtime":133,"critics_consensus":"It isn't as emotionally involving as it should be, but this Peter Weir epic offers sweeping ambition and strong performances to go with its grand visual spectacle.","release_dates":{"theater":"2011-01-21","dvd":"2011-04-22"},"ratings":{"critics_rating":"Certified Fresh","critics_score":75,"audience_rating":"Upright","audience_score":72},"synopsis":"Directed by six-time Academy Award (R) nominee Peter Weir, THE WAY BACK is an epic story of survival, solidarity and indomitable human will. Shot in Bulgaria, Morocco and India, the film stars Jim Sturgess (Across the Universe, The Other Boleyn Girl), Ed Harris (Appaloosa) and Colin Farrell (In Bruges) as prisoners of a Soviet Union labor camp, who, along with four others, flee their Siberian Gulag and begin a treacherous journey across thousands of miles of hostile terrain. Academy Award (R) nominee Saoirse Ronan (Atonement, The Lovely Bones) and Mark Strong (Body of Lies, RocknRolla) co-star. Written by Weir and Keith Clarke, the film is Peter's first since 2003's Master and Commander: The Far Side of the World. It is inspired by the acclaimed book The Long Walk: The True Story of a Trek to Freedom, as well as first-person accounts and anecdotes as told to, and researched by Weir and executive producer Clarke. Produced by Joni Levin, Peter Weir, Duncan Henderson (Master and Commander: The Far Side of the World) and Nigel Sinclair (Terminator 3: Salvation), THE WAY BACK is an Exclusive Media Group, National Geographic Entertainment and ImageNation Abu Dhabi presentation and an Exclusive Films production. Keith Clarke, John Ptak, Guy East, Simon Oakes, Tobin Armbrust, Jake Eberts, Edward Borgerding, Mohamed Khalaf, Adam Leipzig, Scott Rudin and Jonathan Schwartz are Executive Producers. The film's Co-Producer is Roee Sharon Peled and Co-Executive Producer is Alex Brunner. Weir has assembled an accomplished group of filmmakers with whom he has previously collaborated, including Academy Award (R) winning Director of Photography Russell Boyd (Master and Commander, The Year of Living Dangerously, Gallipoli), Film Editor Lee Smith (Master and Commander, as well as The Dark Knight, for which he received an Academy Award (R) nomination), Production Designer John Stoddart (Fearless, The Mosquito Coast) and Costume Designer Wendy Stites, Oscar (R) nominated for Master and Commander and with credits on nine Weir films. -- (C) New Market Films","posters":{"thumbnail":"http://content7.flixster.com/movie/11/15/42/11154273_mob.jpg","profile":"http://content7.flixster.com/movie/11/15/42/11154273_pro.jpg","detailed":"http://content7.flixster.com/movie/11/15/42/11154273_det.jpg","original":"http://content7.flixster.com/movie/11/15/42/11154273_ori.jpg"},"abridged_cast":[{"name":"Jim Sturgess","id":"563717190","characters":["Janusz"]},{"name":"Colin Farrell","id":"162665297","characters":["Valka"]},{"name":"Ed Harris","id":"162654543","characters":["Mr. Smith"]},{"name":"Saoirse Ronan","id":"770680691","characters":["Irena"]}],"alternate_ids":{"imdb":"1023114"},"links":{"self":"http://api.rottentomatoes.com/api/public/v1.0/movies/770805055.json","alternate":"http://www.rottentomatoes.com/m/the-way-back/","cast":"http://api.rottentomatoes.com/api/public/v1.0/movies/770805055/cast.json","clips":"http://api.rottentomatoes.com/api/public/v1.0/movies/770805055/clips.json","reviews":"http://api.rottentomatoes.com/api/public/v1.0/movies/770805055/reviews.json","similar":"http://api.rottentomatoes.com/api/public/v1.0/movies/770805055/similar.json"}},{"id":"304703728","title":"Facing the Giants","year":2006,"mpaa_rating":"PG","runtime":111,"critics_consensus":"The tropes of both football and evangelical movies are gracelessly on parade in this banal, insipid drama.","release_dates":{"theater":"2006-09-29","dvd":"2007-01-30"},"ratings":{"critics_rating":"Rotten","critics_score":13,"audience_rating":"Upright","audience_score":86},"synopsis":"","posters":{"thumbnail":"http://content9.flixster.com/movie/10/89/96/10899663_mob.jpg","profile":"http://content9.flixster.com/movie/10/89/96/10899663_pro.jpg","detailed":"http://content9.flixster.com/movie/10/89/96/10899663_det.jpg","original":"http://content9.flixster.com/movie/10/89/96/10899663_ori.jpg"},"abridged_cast":[{"name":"Alex Kendrick","id":"326459296","characters":["Grant Taylor"]},{"name":"Shannen Fields","id":"326459297","characters":["Brooke Taylor"]},{"name":"Steve Williams","id":"326390776","characters":["Larry Childers"]},{"name":"Bailey Cave","id":"326459299","characters":["David Childers"]},{"name":"Jason McLeod","id":"770695404","characters":["Brock Kelley"]}],"alternate_ids":{"imdb":"0805526"},"links":{"self":"http://api.rottentomatoes.com/api/public/v1.0/movies/304703728.json","alternate":"http://www.rottentomatoes.com/m/facing_the_giants/","cast":"http://api.rottentomatoes.com/api/public/v1.0/movies/304703728/cast.json","clips":"http://api.rottentomatoes.com/api/public/v1.0/movies/304703728/clips.json","reviews":"http://api.rottentomatoes.com/api/public/v1.0/movies/304703728/reviews.json","similar":"http://api.rottentomatoes.com/api/public/v1.0/movies/304703728/similar.json"}},{"id":"13139","title":"The 13th Warrior","year":1999,"mpaa_rating":"R","runtime":103,"critics_consensus":"Atmospheric, great sets and costumes, but thin plot.","release_dates":{"theater":"1999-08-27","dvd":"2002-01-15"},"ratings":{"critics_rating":"Rotten","critics_score":33,"audience_rating":"Upright","audience_score":66},"synopsis":"","posters":{"thumbnail":"http://content7.flixster.com/movie/10/87/23/10872325_mob.jpg","profile":"http://content7.flixster.com/movie/10/87/23/10872325_pro.jpg","detailed":"http://content7.flixster.com/movie/10/87/23/10872325_det.jpg","original":"http://content7.flixster.com/movie/10/87/23/10872325_ori.jpg"},"abridged_cast":[{"name":"Antonio Banderas","id":"162654885","characters":["Ibn Fadlan"]},{"name":"Diane Venora","id":"162688096","characters":["Queen Weilew"]},{"name":"Dennis Storhoi","id":"770820875","characters":["Herger the Joyous"]},{"name":"Vladimir Kulich","id":"770677789","characters":["Buliwyf"]},{"name":"Omar Sharif","id":"162656281","characters":["Melchisidek"]}],"alternate_ids":{"imdb":"0120657"},"links":{"self":"http://api.rottentomatoes.com/api/public/v1.0/movies/13139.json","alternate":"http://www.rottentomatoes.com/m/13th_warrior/","cast":"http://api.rottentomatoes.com/api/public/v1.0/movies/13139/cast.json","clips":"http://api.rottentomatoes.com/api/public/v1.0/movies/13139/clips.json","reviews":"http://api.rottentomatoes.com/api/public/v1.0/movies/13139/reviews.json","similar":"http://api.rottentomatoes.com/api/public/v1.0/movies/13139/similar.json"}},{"id":"771204356","title":"The Darkest Hour","year":2011,"mpaa_rating":"PG-13","runtime":89,"release_dates":{"theater":"2011-12-25","dvd":"2012-04-10"},"ratings":{"critics_rating":"Rotten","critics_score":12,"audience_rating":"Spilled","audience_score":26},"synopsis":"The Darkest Hour is the story of five young people who find themselves stranded in Moscow, fighting to survive in the wake of a devastating alien attack. The 3D thriller highlights the classic beauty of Moscow alongside mind-blowing special effects. -- (C) Summit","posters":{"thumbnail":"http://content6.flixster.com/movie/11/17/36/11173656_mob.jpg","profile":"http://content6.flixster.com/movie/11/17/36/11173656_pro.jpg","detailed":"http://content6.flixster.com/movie/11/17/36/11173656_det.jpg","original":"http://content6.flixster.com/movie/11/17/36/11173656_ori.jpg"},"abridged_cast":[{"name":"Emile Hirsch","id":"162652589","characters":["Sean"]},{"name":"Olivia Thirlby","id":"326433362","characters":["Natalie"]},{"name":"Max Minghella","id":"162652282","characters":["Ben"]},{"name":"Rachael Taylor","id":"761858507","characters":["Anne"]},{"name":"Joel Kinnaman","id":"653490685","characters":["Skyler"]}],"alternate_ids":{"imdb":"1093357"},"links":{"self":"http://api.rottentomatoes.com/api/public/v1.0/movies/771204356.json","alternate":"http://www.rottentomatoes.com/m/the_darkest_hour/","cast":"http://api.rottentomatoes.com/api/public/v1.0/movies/771204356/cast.json","clips":"http://api.rottentomatoes.com/api/public/v1.0/movies/771204356/clips.json","reviews":"http://api.rottentomatoes.com/api/public/v1.0/movies/771204356/reviews.json","similar":"http://api.rottentomatoes.com/api/public/v1.0/movies/771204356/similar.json"}},{"id":"10611","title":"Honey, I Shrunk the Kids","year":1989,"mpaa_rating":"PG","runtime":101,"release_dates":{"theater":"1989-06-23","dvd":"2002-10-08"},"ratings":{"critics_rating":"Fresh","critics_score":75,"audience_rating":"Spilled","audience_score":53},"synopsis":"","posters":{"thumbnail":"http://content6.flixster.com/movie/10/87/98/10879840_mob.jpg","profile":"http://content6.flixster.com/movie/10/87/98/10879840_pro.jpg","detailed":"http://content6.flixster.com/movie/10/87/98/10879840_det.jpg","original":"http://content6.flixster.com/movie/10/87/98/10879840_ori.jpg"},"abridged_cast":[{"name":"Rick Moranis","id":"162658706","characters":["Prof. Wayne Szalinski"]},{"name":"Matt Frewer","id":"162665315","characters":["Big Russ Thompson"]},{"name":"Marcia Strassman","id":"551479493","characters":["Diane Szalinski"]},{"name":"Kristine Sutherland","id":"770674852","characters":["Mae Thompson"]},{"name":"Jared Rushton","id":"453132240","characters":["Ron Thompson"]}],"alternate_ids":{"imdb":"0097523"},"links":{"self":"http://api.rottentomatoes.com/api/public/v1.0/movies/10611.json","alternate":"http://www.rottentomatoes.com/m/honey_i_shrunk_the_kids/","cast":"http://api.rottentomatoes.com/api/public/v1.0/movies/10611/cast.json","clips":"http://api.rottentomatoes.com/api/public/v1.0/movies/10611/clips.json","reviews":"http://api.rottentomatoes.com/api/public/v1.0/movies/10611/reviews.json","similar":"http://api.rottentomatoes.com/api/public/v1.0/movies/10611/similar.json"}},{"id":"420081993","title":"The Painted Veil","year":2006,"mpaa_rating":"PG-13","runtime":124,"critics_consensus":"Visually, The Painted Veil has all the trappings of a stuffy period drama, but Norton's and Watts's deft portrayals of imperfect, complicated characters give the film a modern-day spark.","release_dates":{"theater":"2006-12-20","dvd":"2007-05-08"},"ratings":{"critics_rating":"Certified Fresh","critics_score":74,"audience_rating":"Upright","audience_score":86},"synopsis":"","posters":{"thumbnail":"http://content8.flixster.com/movie/10/87/40/10874006_mob.jpg","profile":"http://content8.flixster.com/movie/10/87/40/10874006_pro.jpg","detailed":"http://content8.flixster.com/movie/10/87/40/10874006_det.jpg","original":"http://content8.flixster.com/movie/10/87/40/10874006_ori.jpg"},"abridged_cast":[{"name":"Naomi Watts","id":"162654749","characters":["Kitty Fane"]},{"name":"Edward Norton","id":"162660884","characters":["Walter Fane"]},{"name":"Liev Schreiber","id":"162653994","characters":["Charlie Townsend"]},{"name":"Toby Jones","id":"326393436","characters":["Waddington"]},{"name":"Diana Rigg","id":"162667328","characters":["Mother Superior"]}],"alternate_ids":{"imdb":"0446755"},"links":{"self":"http://api.rottentomatoes.com/api/public/v1.0/movies/420081993.json","alternate":"http://www.rottentomatoes.com/m/painted_veil/","cast":"http://api.rottentomatoes.com/api/public/v1.0/movies/420081993/cast.json","clips":"http://api.rottentomatoes.com/api/public/v1.0/movies/420081993/clips.json","reviews":"http://api.rottentomatoes.com/api/public/v1.0/movies/420081993/reviews.json","similar":"http://api.rottentomatoes.com/api/public/v1.0/movies/420081993/similar.json"}},{"id":"24471","title":"The Matador","year":2005,"mpaa_rating":"R","runtime":97,"critics_consensus":"This humorously amoral, oddball comic thriller features strong performances by Pierce Brosnan and Greg Kinnear as a flamboyant, aging hit-man and an out of work suburban businessman, respectively.","release_dates":{"theater":"2006-01-27","dvd":"2006-07-04"},"ratings":{"critics_rating":"Certified Fresh","critics_score":76,"audience_rating":"Upright","audience_score":66},"synopsis":"","posters":{"thumbnail":"http://content8.flixster.com/movie/11/17/02/11170254_mob.jpg","profile":"http://content8.flixster.com/movie/11/17/02/11170254_pro.jpg","detailed":"http://content8.flixster.com/movie/11/17/02/11170254_det.jpg","original":"http://content8.flixster.com/movie/11/17/02/11170254_ori.jpg"},"abridged_cast":[{"name":"Pierce Brosnan","id":"162663451","characters":["Julian Noble"]},{"name":"Greg Kinnear","id":"162652891","characters":["Danny Wright"]},{"name":"Hope Davis","id":"162653969","characters":["Carolyn \"Bean\" Wright"]},{"name":"Philip Baker Hall","id":"162686770","characters":["Mr. Randy"]},{"name":"Adam Scott","id":"341817001","characters":["Phil Garrison"]}],"alternate_ids":{"imdb":"0365485"},"links":{"self":"http://api.rottentomatoes.com/api/public/v1.0/movies/24471.json","alternate":"http://www.rottentomatoes.com/m/10004925-matador/","cast":"http://api.rottentomatoes.com/api/public/v1.0/movies/24471/cast.json","clips":"http://api.rottentomatoes.com/api/public/v1.0/movies/24471/clips.json","reviews":"http://api.rottentomatoes.com/api/public/v1.0/movies/24471/reviews.json","similar":"http://api.rottentomatoes.com/api/public/v1.0/movies/24471/similar.json"}},{"id":"14399","title":"The Longest Yard","year":1974,"mpaa_rating":"R","runtime":125,"critics_consensus":"Equal parts tough and funny, and led by a perfectly cast Burt Reynolds, The Longest Yard has an interesting political subtext and an excellent climax -- even if it takes too long to get there.","release_dates":{"theater":"1974-08-30","dvd":"2001-01-30"},"ratings":{"critics_rating":"Fresh","critics_score":81,"audience_rating":"Upright","audience_score":76},"synopsis":"","posters":{"thumbnail":"http://content9.flixster.com/movie/11/16/89/11168955_mob.jpg","profile":"http://content9.flixster.com/movie/11/16/89/11168955_pro.jpg","detailed":"http://content9.flixster.com/movie/11/16/89/11168955_det.jpg","original":"http://content9.flixster.com/movie/11/16/89/11168955_ori.jpg"},"abridged_cast":[{"name":"Burt Reynolds","id":"162652552","characters":["Paul Crewe"]},{"name":"Eddie Albert","id":"162656570","characters":["Warden Hazen"]},{"name":"Pervis Atkins","id":"770949495","characters":["Mawabe"]},{"name":"Malcolm Atterbury","id":"364654196"},{"name":"Harry Caesar","id":"770686625","characters":["Granville"]}],"alternate_ids":{"imdb":"0071771"},"links":{"self":"http://api.rottentomatoes.com/api/public/v1.0/movies/14399.json","alternate":"http://www.rottentomatoes.com/m/1012665-longest_yard/","cast":"http://api.rottentomatoes.com/api/public/v1.0/movies/14399/cast.json","clips":"http://api.rottentomatoes.com/api/public/v1.0/movies/14399/clips.json","reviews":"http://api.rottentomatoes.com/api/public/v1.0/movies/14399/reviews.json","similar":"http://api.rottentomatoes.com/api/public/v1.0/movies/14399/similar.json"}},{"id":"10271","title":"The Replacements","year":2000,"mpaa_rating":"PG-13","runtime":118,"critics_consensus":"The cliched characters and obvious outcome make all the fun and excitement amount to nothing.","release_dates":{"theater":"2000-08-11","dvd":"2000-11-28"},"ratings":{"critics_rating":"Rotten","critics_score":40,"audience_rating":"Upright","audience_score":67},"synopsis":"","posters":{"thumbnail":"http://content7.flixster.com/movie/11/17/65/11176533_mob.jpg","profile":"http://content7.flixster.com/movie/11/17/65/11176533_pro.jpg","detailed":"http://content7.flixster.com/movie/11/17/65/11176533_det.jpg","original":"http://content7.flixster.com/movie/11/17/65/11176533_ori.jpg"},"abridged_cast":[{"name":"Keanu Reeves","id":"162654049","characters":["Shane Falco"]},{"name":"Gene Hackman","id":"162661704","characters":["Coach Jimmy McGinty"]},{"name":"Orlando Jones","id":"162664786","characters":["Clifford Franklin"]},{"name":"Jon Favreau","id":"162655175","characters":["Daniel Bateman"]},{"name":"Brooke Langton","id":"162661705","characters":["Annabelle Farrell"]}],"alternate_ids":{"imdb":"0191397"},"links":{"self":"http://api.rottentomatoes.com/api/public/v1.0/movies/10271.json","alternate":"http://www.rottentomatoes.com/m/replacements/","cast":"http://api.rottentomatoes.com/api/public/v1.0/movies/10271/cast.json","clips":"http://api.rottentomatoes.com/api/public/v1.0/movies/10271/clips.json","reviews":"http://api.rottentomatoes.com/api/public/v1.0/movies/10271/reviews.json","similar":"http://api.rottentomatoes.com/api/public/v1.0/movies/10271/similar.json"}},{"id":"10377","title":"The Elephant Man","year":1980,"mpaa_rating":"PG","runtime":123,"critics_consensus":"David Lynch's relatively straight second feature finds an admirable synthesis of compassion and restraint in treating its subject, and features outstanding performances by John Hurt and Anthony Hopkins.","release_dates":{"theater":"1980-10-03","dvd":"2001-12-11"},"ratings":{"critics_rating":"Fresh","critics_score":89,"audience_rating":"Upright","audience_score":93},"synopsis":"","posters":{"thumbnail":"http://content8.flixster.com/movie/10/86/50/10865070_mob.jpg","profile":"http://content8.flixster.com/movie/10/86/50/10865070_pro.jpg","detailed":"http://content8.flixster.com/movie/10/86/50/10865070_det.jpg","original":"http://content8.flixster.com/movie/10/86/50/10865070_ori.jpg"},"abridged_cast":[{"name":"Anthony Hopkins","id":"162653967","characters":["Dr. Frederick Treves"]},{"name":"John Hurt","id":"162653221","characters":["John Merrick"]},{"name":"Anne Bancroft","id":"162658876","characters":["Mrs. Madge Kendal"]},{"name":"John Gielgud","id":"162658001","characters":["Carr Gomm"]},{"name":"Wendy Hiller","id":"162655929","characters":["Mothershead"]}],"alternate_ids":{"imdb":"0080678"},"links":{"self":"http://api.rottentomatoes.com/api/public/v1.0/movies/10377.json","alternate":"http://www.rottentomatoes.com/m/1006527-elephant_man/","cast":"http://api.rottentomatoes.com/api/public/v1.0/movies/10377/cast.json","clips":"http://api.rottentomatoes.com/api/public/v1.0/movies/10377/clips.json","reviews":"http://api.rottentomatoes.com/api/public/v1.0/movies/10377/reviews.json","similar":"http://api.rottentomatoes.com/api/public/v1.0/movies/10377/similar.json"}},{"id":"14662887","title":"The Tenants","year":2005,"mpaa_rating":"R","runtime":97,"release_dates":{"theater":"2006-02-03","dvd":"2006-03-07"},"ratings":{"critics_rating":"Rotten","critics_score":32,"audience_rating":"Spilled","audience_score":30},"synopsis":"","posters":{"thumbnail":"http://content9.flixster.com/movie/31/26/312603_mob.jpg","profile":"http://content9.flixster.com/movie/31/26/312603_pro.jpg","detailed":"http://content9.flixster.com/movie/31/26/312603_det.jpg","original":"http://content9.flixster.com/movie/31/26/312603_ori.jpg"},"abridged_cast":[{"name":"Dylan McDermott","id":"162674210","characters":["Henry Lesser"]},{"name":"Snoop Dogg","id":"162661723","characters":["Willie Spearmint"]},{"name":"Rose Byrne","id":"162699968"},{"name":"Seymour Cassel","id":"162674983"},{"name":"Niki J. Crawford","id":"770919466"}],"alternate_ids":{"imdb":"0429173"},"links":{"self":"http://api.rottentomatoes.com/api/public/v1.0/movies/14662887.json","alternate":"http://www.rottentomatoes.com/m/the_tenants/","cast":"http://api.rottentomatoes.com/api/public/v1.0/movies/14662887/cast.json","clips":"http://api.rottentomatoes.com/api/public/v1.0/movies/14662887/clips.json","reviews":"http://api.rottentomatoes.com/api/public/v1.0/movies/14662887/reviews.json","similar":"http://api.rottentomatoes.com/api/public/v1.0/movies/14662887/similar.json"}}],"links":{"self":"http://api.rottentomatoes.com/api/public/v1.0/movies.json?q=the&page_limit=50&page=17","next":"http://api.rottentomatoes.com/api/public/v1.0/movies.json?q=the&page_limit=50&page=18","prev":"http://api.rottentomatoes.com/api/public/v1.0/movies.json?q=the&page_limit=50&page=16"},"link_template":"http://api.rottentomatoes.com/api/public/v1.0/movies.json?q={search-term}&page_limit={results-per-page}&page={page-number}"}