


{"total":52488,"movies":[{"id":"16804","title":"The Devil's Own","year":1997,"mpaa_rating":"R","runtime":111,"release_dates":{"theater":"1997-03-26","dvd":"1998-02-24"},"ratings":{"critics_rating":"Rotten","critics_score":29,"audience_rating":"Spilled","audience_score":42},"synopsis":"","posters":{"thumbnail":"http://content8.flixster.com/movie/21/77/85/2177854_mob.jpg","profile":"http://content8.flixster.com/movie/21/77/85/2177854_pro.jpg","detailed":"http://content8.flixster.com/movie/21/77/85/2177854_det.jpg","original":"http://content8.flixster.com/movie/21/77/85/2177854_ori.jpg"},"abridged_cast":[{"name":"Harrison Ford","id":"162661579","characters":["Tom O'Meara"]},{"name":"Brad Pitt","id":"162652627","characters":["Frankie McGuire"]},{"name":"Margaret Colin","id":"162730270","characters":["Sheila O'Meara"]},{"name":"Ruben Blades","id":"162653121","characters":["Edwin Diaz"]},{"name":"Treat Williams","id":"162661877","characters":["Billy Burke"]}],"alternate_ids":{"imdb":"0118972"},"links":{"self":"http://api.rottentomatoes.com/api/public/v1.0/movies/16804.json","alternate":"http://www.rottentomatoes.com/m/devils_own/","cast":"http://api.rottentomatoes.com/api/public/v1.0/movies/16804/cast.json","clips":"http://api.rottentomatoes.com/api/public/v1.0/movies/16804/clips.json","reviews":"http://api.rottentomatoes.com/api/public/v1.0/movies/16804/reviews.json","similar":"http://api.rottentomatoes.com/api/public/v1.0/movies/16804/similar.json"}},{"id":"10855","title":"The Spy Who Loved Me","year":1977,"mpaa_rating":"PG","runtime":125,"critics_consensus":"Though it hints at the absurdity to come in later installments, The Spy Who Loved Me's sleek style, menacing villains, and sly wit make it the best of the Roger Moore era.","release_dates":{"theater":"1977-07-13","dvd":"2002-10-22"},"ratings":{"critics_rating":"Certified Fresh","critics_score":78,"audience_rating":"Upright","audience_score":76},"synopsis":"","posters":{"thumbnail":"http://content6.flixster.com/movie/10/88/65/10886552_mob.jpg","profile":"http://content6.flixster.com/movie/10/88/65/10886552_pro.jpg","detailed":"http://content6.flixster.com/movie/10/88/65/10886552_det.jpg","original":"http://content6.flixster.com/movie/10/88/65/10886552_ori.jpg"},"abridged_cast":[{"name":"Roger Moore","id":"162662642","characters":["James Bond"]},{"name":"Barbara Bach","id":"162667503","characters":["Maj. Anya Amasova"]},{"name":"Curd Jurgens","id":"162675241","characters":["Stromberg"]},{"name":"Richard Kiel","id":"497032536","characters":["Jaws"]},{"name":"Caroline Munro","id":"162658193","characters":["Naomi"]}],"alternate_ids":{"imdb":"0076752"},"links":{"self":"http://api.rottentomatoes.com/api/public/v1.0/movies/10855.json","alternate":"http://www.rottentomatoes.com/m/spy_who_loved_me/","cast":"http://api.rottentomatoes.com/api/public/v1.0/movies/10855/cast.json","clips":"http://api.rottentomatoes.com/api/public/v1.0/movies/10855/clips.json","reviews":"http://api.rottentomatoes.com/api/public/v1.0/movies/10855/reviews.json","similar":"http://api.rottentomatoes.com/api/public/v1.0/movies/10855/similar.json"}},{"id":"10334","title":"The Man Who Knew Too Much","year":1956,"mpaa_rating":"PG","runtime":120,"critics_consensus":"Remaking his own 1934 film, Hitchcock imbues The Man Who Knew Too Much with picturesque locales and international intrigue, and is helped by a brilliantly befuddled performance from James Stewart.","release_dates":{"dvd":"2001-03-06"},"ratings":{"critics_rating":"Fresh","critics_score":89,"audience_rating":"Upright","audience_score":81},"synopsis":"","posters":{"thumbnail":"http://content9.flixster.com/movie/11/15/71/11157151_mob.jpg","profile":"http://content9.flixster.com/movie/11/15/71/11157151_pro.jpg","detailed":"http://content9.flixster.com/movie/11/15/71/11157151_det.jpg","original":"http://content9.flixster.com/movie/11/15/71/11157151_ori.jpg"},"abridged_cast":[{"name":"James Stewart","id":"162658250","characters":["Dr. Ben MacKenna"]},{"name":"Doris Day","id":"162655919","characters":["Jo McKenna"]},{"name":"Brenda De Banzie","id":"364625315","characters":["Mrs. Drayton"]},{"name":"Bernard Miles","id":"538587927","characters":["Mr. Drayton"]},{"name":"Daniel Gelin","id":"289592035","characters":["Louis Bernard"]}],"alternate_ids":{"imdb":"0049470"},"links":{"self":"http://api.rottentomatoes.com/api/public/v1.0/movies/10334.json","alternate":"http://www.rottentomatoes.com/m/1013209-man_who_knew_too_much/","cast":"http://api.rottentomatoes.com/api/public/v1.0/movies/10334/cast.json","clips":"http://api.rottentomatoes.com/api/public/v1.0/movies/10334/clips.json","reviews":"http://api.rottentomatoes.com/api/public/v1.0/movies/10334/reviews.json","similar":"http://api.rottentomatoes.com/api/public/v1.0/movies/10334/similar.json"}},{"id":"10619","title":"The Last Emperor","year":1987,"mpaa_rating":"PG-13","runtime":225,"critics_consensus":"While decidedly imperfect, Bernardo Bertolucci's epic is still a feast for the eyes.","release_dates":{"theater":"1987-11-18","dvd":"2001-03-20"},"ratings":{"critics_rating":"Certified Fresh","critics_score":91,"audience_rating":"Upright","audience_score":88},"synopsis":"","posters":{"thumbnail":"http://content8.flixster.com/movie/10/53/54/10535418_mob.jpg","profile":"http://content8.flixster.com/movie/10/53/54/10535418_pro.jpg","detailed":"http://content8.flixster.com/movie/10/53/54/10535418_det.jpg","original":"http://content8.flixster.com/movie/10/53/54/10535418_ori.jpg"},"abridged_cast":[{"name":"John Lone","id":"162663543","characters":["Pu Yi as an Adult"]},{"name":"Joan Chen","id":"162665358","characters":["Wan Jung \"Elizabeth\""]},{"name":"Peter O'Toole","id":"162657286","characters":["Reginald Johnston \"R.J.\""]},{"name":"Ying Ruocheng","id":"770714998","characters":["The Governor"]},{"name":"Victor Wong","id":"528360632","characters":["Chen Pao Shen"]}],"alternate_ids":{"imdb":"0093389"},"links":{"self":"http://api.rottentomatoes.com/api/public/v1.0/movies/10619.json","alternate":"http://www.rottentomatoes.com/m/last_emperor/","cast":"http://api.rottentomatoes.com/api/public/v1.0/movies/10619/cast.json","clips":"http://api.rottentomatoes.com/api/public/v1.0/movies/10619/clips.json","reviews":"http://api.rottentomatoes.com/api/public/v1.0/movies/10619/reviews.json","similar":"http://api.rottentomatoes.com/api/public/v1.0/movies/10619/similar.json"}},{"id":"12339","title":"The Outlaw Josey Wales","year":1976,"mpaa_rating":"PG","runtime":118,"critics_consensus":"Recreating the essence of his iconic Man With No Name in a post-Civil War Western, director Clint Eastwood delivered the first of his great revisionist works of the genre.","release_dates":{"dvd":"1999-03-30"},"ratings":{"critics_rating":"Fresh","critics_score":94,"audience_rating":"Upright","audience_score":88},"synopsis":"","posters":{"thumbnail":"http://content6.flixster.com/movie/11/17/39/11173932_mob.jpg","profile":"http://content6.flixster.com/movie/11/17/39/11173932_pro.jpg","detailed":"http://content6.flixster.com/movie/11/17/39/11173932_det.jpg","original":"http://content6.flixster.com/movie/11/17/39/11173932_ori.jpg"},"abridged_cast":[{"name":"Clint Eastwood","id":"162659169","characters":["Josey Wales"]},{"name":"Chief Dan George","id":"770679032","characters":["Lone Watie"]},{"name":"Sondra Locke","id":"162667068","characters":["Laura Lee"]},{"name":"Bill McKinney","id":"162674857","characters":["Terrill"]},{"name":"John Vernon","id":"326298289","characters":["Fletcher"]}],"alternate_ids":{"imdb":"0075029"},"links":{"self":"http://api.rottentomatoes.com/api/public/v1.0/movies/12339.json","alternate":"http://www.rottentomatoes.com/m/outlaw_josey_wales/","cast":"http://api.rottentomatoes.com/api/public/v1.0/movies/12339/cast.json","clips":"http://api.rottentomatoes.com/api/public/v1.0/movies/12339/clips.json","reviews":"http://api.rottentomatoes.com/api/public/v1.0/movies/12339/reviews.json","similar":"http://api.rottentomatoes.com/api/public/v1.0/movies/12339/similar.json"}},{"id":"14032","title":"The Frighteners","year":1997,"mpaa_rating":"R","runtime":110,"critics_consensus":"Boasting top-notch special effects and exuberant direction from Peter Jackson, The Frighteners is visually striking but tonally uneven.","release_dates":{"theater":"1996-07-19","dvd":"1998-08-18"},"ratings":{"critics_rating":"Fresh","critics_score":64,"audience_rating":"Upright","audience_score":72},"synopsis":"","posters":{"thumbnail":"http://content8.flixster.com/movie/10/93/70/10937094_mob.jpg","profile":"http://content8.flixster.com/movie/10/93/70/10937094_pro.jpg","detailed":"http://content8.flixster.com/movie/10/93/70/10937094_det.jpg","original":"http://content8.flixster.com/movie/10/93/70/10937094_ori.jpg"},"abridged_cast":[{"name":"Michael J. Fox","id":"162656043","characters":["Frank Bannister"]},{"name":"Trini Alvarado","id":"162701117","characters":["Lucy Lunskey"]},{"name":"Peter Dobson","id":"364611003","characters":["Ray Lynskey"]},{"name":"John Astin","id":"364597584","characters":["Judge"]},{"name":"Jeffrey Combs","id":"162709580","characters":["Milton Dammers"]}],"alternate_ids":{"imdb":"0116365"},"links":{"self":"http://api.rottentomatoes.com/api/public/v1.0/movies/14032.json","alternate":"http://www.rottentomatoes.com/m/frighteners/","cast":"http://api.rottentomatoes.com/api/public/v1.0/movies/14032/cast.json","clips":"http://api.rottentomatoes.com/api/public/v1.0/movies/14032/clips.json","reviews":"http://api.rottentomatoes.com/api/public/v1.0/movies/14032/reviews.json","similar":"http://api.rottentomatoes.com/api/public/v1.0/movies/14032/similar.json"}},{"id":"770811252","title":"The Romantics","year":2010,"mpaa_rating":"PG-13","runtime":96,"release_dates":{"theater":"2010-09-10","dvd":"2011-02-08"},"ratings":{"critics_rating":"Rotten","critics_score":15,"audience_rating":"Spilled","audience_score":21},"synopsis":"Over the course of one raucous night at a seaside wedding seven close friends, all members of a tight, eclectic college clique, reconvene to watch two of their own tie the knot. Laura (Katie Holmes) is maid of honor to Lila (Anna Paquin), her golden girl best friend. The two have long rivaled over the groom, Tom (Josh Duhamel). Friendships and alliances are tested and the love triangle comes to a head the night before the wedding, when the drunken friends frolic in the nearby surf and return to shore... without the groom. Based on the heralded novel by producer, novelist, director Galt Niederhoffer, THE ROMANTICS is a Zeitgeist love story and generational comedy that breathes new life into the genre and recaptures the camaraderie of youth. -- (C)Paramount Famous Productions","posters":{"thumbnail":"http://content7.flixster.com/movie/11/15/16/11151629_mob.jpg","profile":"http://content7.flixster.com/movie/11/15/16/11151629_pro.jpg","detailed":"http://content7.flixster.com/movie/11/15/16/11151629_det.jpg","original":"http://content7.flixster.com/movie/11/15/16/11151629_ori.jpg"},"abridged_cast":[{"name":"Katie Holmes","id":"162652648","characters":["Laura"]},{"name":"Josh Duhamel","id":"162669304","characters":["Tom"]},{"name":"Anna Paquin","id":"162664300","characters":["Lila"]},{"name":"Malin Akerman","id":"512896981","characters":["Tripler"]},{"name":"Adam Brody","id":"162652628","characters":["Jake"]}],"alternate_ids":{"imdb":"1403988"},"links":{"self":"http://api.rottentomatoes.com/api/public/v1.0/movies/770811252.json","alternate":"http://www.rottentomatoes.com/m/the-romantics/","cast":"http://api.rottentomatoes.com/api/public/v1.0/movies/770811252/cast.json","clips":"http://api.rottentomatoes.com/api/public/v1.0/movies/770811252/clips.json","reviews":"http://api.rottentomatoes.com/api/public/v1.0/movies/770811252/reviews.json","similar":"http://api.rottentomatoes.com/api/public/v1.0/movies/770811252/similar.json"}},{"id":"14064","title":"Alone in the Dark","year":2005,"mpaa_rating":"R","runtime":96,"critics_consensus":"Inept on almost every level, Alone in the Dark may not work as a thriller, but it's good for some head-slapping, incredulous laughter.","release_dates":{"theater":"2005-01-28","dvd":"2005-05-10"},"ratings":{"critics_rating":"Rotten","critics_score":1,"audience_rating":"Spilled","audience_score":10},"synopsis":"","posters":{"thumbnail":"http://content6.flixster.com/movie/10/92/96/10929640_mob.jpg","profile":"http://content6.flixster.com/movie/10/92/96/10929640_pro.jpg","detailed":"http://content6.flixster.com/movie/10/92/96/10929640_det.jpg","original":"http://content6.flixster.com/movie/10/92/96/10929640_ori.jpg"},"abridged_cast":[{"name":"Christian Slater","id":"162652316","characters":["Edward Carnby"]},{"name":"Tara Reid","id":"162674192","characters":["Aline Cedrac"]},{"name":"Stephen Dorff","id":"162666782","characters":["Commander Burke"]},{"name":"Frank C. Turner","id":"770703699","characters":["Fischer"]},{"name":"Matthew Walker","id":"770720470","characters":["Professor Hudgens"]}],"alternate_ids":{"imdb":"0369226"},"links":{"self":"http://api.rottentomatoes.com/api/public/v1.0/movies/14064.json","alternate":"http://www.rottentomatoes.com/m/alone_in_the_dark/","cast":"http://api.rottentomatoes.com/api/public/v1.0/movies/14064/cast.json","clips":"http://api.rottentomatoes.com/api/public/v1.0/movies/14064/clips.json","reviews":"http://api.rottentomatoes.com/api/public/v1.0/movies/14064/reviews.json","similar":"http://api.rottentomatoes.com/api/public/v1.0/movies/14064/similar.json"}},{"id":"16016","title":"Conan the Barbarian","year":1982,"mpaa_rating":"R","runtime":121,"critics_consensus":"Though Conan may take itself too seriously for some, this adventure film about a former slave seeking vengeance is full of quotable Schwarzenegger lines and gritty action.","release_dates":{"theater":"1982-05-14","dvd":"1998-02-24"},"ratings":{"critics_rating":"Fresh","critics_score":77,"audience_rating":"Upright","audience_score":75},"synopsis":"","posters":{"thumbnail":"http://content8.flixster.com/movie/11/16/88/11168862_mob.jpg","profile":"http://content8.flixster.com/movie/11/16/88/11168862_pro.jpg","detailed":"http://content8.flixster.com/movie/11/16/88/11168862_det.jpg","original":"http://content8.flixster.com/movie/11/16/88/11168862_ori.jpg"},"abridged_cast":[{"name":"Arnold Schwarzenegger","id":"162662233","characters":["Conan"]},{"name":"James Earl Jones","id":"162655731","characters":["Thulsa Doom"]},{"name":"Max von Sydow","id":"162657879","characters":["King Osric"]},{"name":"Sandahl Bergman","id":"162666984","characters":["Valeria"]},{"name":"Ben Davidson","id":"770793957","characters":["Rexor"]}],"alternate_ids":{"imdb":"0082198"},"links":{"self":"http://api.rottentomatoes.com/api/public/v1.0/movies/16016.json","alternate":"http://www.rottentomatoes.com/m/conan_the_barbarian/","cast":"http://api.rottentomatoes.com/api/public/v1.0/movies/16016/cast.json","clips":"http://api.rottentomatoes.com/api/public/v1.0/movies/16016/clips.json","reviews":"http://api.rottentomatoes.com/api/public/v1.0/movies/16016/reviews.json","similar":"http://api.rottentomatoes.com/api/public/v1.0/movies/16016/similar.json"}},{"id":"349219108","title":"The History Boys","year":2006,"mpaa_rating":"R","runtime":113,"critics_consensus":"While not quite having the impact of its original stage version, The History Boys nevertheless is a witty and involving school drama.","release_dates":{"theater":"2006-11-21","dvd":"2007-04-17"},"ratings":{"critics_rating":"Fresh","critics_score":65,"audience_rating":"Upright","audience_score":70},"synopsis":"","posters":{"thumbnail":"http://content9.flixster.com/movie/31/75/25/3175255_mob.jpg","profile":"http://content9.flixster.com/movie/31/75/25/3175255_pro.jpg","detailed":"http://content9.flixster.com/movie/31/75/25/3175255_det.jpg","original":"http://content9.flixster.com/movie/31/75/25/3175255_ori.jpg"},"abridged_cast":[{"name":"Richard Griffiths","id":"326433942","characters":["Hector"]},{"name":"Frances De La Tour","id":"349219112","characters":["Dorothy Lintott"]},{"name":"Stephen Campbell Moore","id":"162708657","characters":["Irwin"]},{"name":"Samuel Barnett","id":"770768854","characters":["Posner"]},{"name":"Dominic Cooper","id":"349219113","characters":["Dakin"]}],"alternate_ids":{"imdb":"0464049"},"links":{"self":"http://api.rottentomatoes.com/api/public/v1.0/movies/349219108.json","alternate":"http://www.rottentomatoes.com/m/history_boys/","cast":"http://api.rottentomatoes.com/api/public/v1.0/movies/349219108/cast.json","clips":"http://api.rottentomatoes.com/api/public/v1.0/movies/349219108/clips.json","reviews":"http://api.rottentomatoes.com/api/public/v1.0/movies/349219108/reviews.json","similar":"http://api.rottentomatoes.com/api/public/v1.0/movies/349219108/similar.json"}},{"id":"13120","title":"The Fisher King","year":1991,"mpaa_rating":"R","runtime":138,"critics_consensus":"An odd but affecting mixture of drama, comedy and fantasy, The Fisher King manages to balance moving performances from Robin Williams and Jeff Bridges with director Terry Gilliam's typically askew universe.","release_dates":{"theater":"1991-09-20","dvd":"1999-02-16"},"ratings":{"critics_rating":"Certified Fresh","critics_score":84,"audience_rating":"Upright","audience_score":87},"synopsis":"","posters":{"thumbnail":"http://content6.flixster.com/movie/26/82/268204_mob.jpg","profile":"http://content6.flixster.com/movie/26/82/268204_pro.jpg","detailed":"http://content6.flixster.com/movie/26/82/268204_det.jpg","original":"http://content6.flixster.com/movie/26/82/268204_ori.jpg"},"abridged_cast":[{"name":"Robin Williams","id":"162652387","characters":["Parry"]},{"name":"Jeff Bridges","id":"162655890","characters":["Jack Lucas"]},{"name":"Mercedes Ruehl","id":"162670319","characters":["Anne Napolitano"]},{"name":"Amanda Plummer","id":"162727116","characters":["Lydia Sinclair"]},{"name":"Michael Jeter","id":"162655642","characters":["Homeless Cabaret Singer"]}],"alternate_ids":{"imdb":"0101889"},"links":{"self":"http://api.rottentomatoes.com/api/public/v1.0/movies/13120.json","alternate":"http://www.rottentomatoes.com/m/fisher_king/","cast":"http://api.rottentomatoes.com/api/public/v1.0/movies/13120/cast.json","clips":"http://api.rottentomatoes.com/api/public/v1.0/movies/13120/clips.json","reviews":"http://api.rottentomatoes.com/api/public/v1.0/movies/13120/reviews.json","similar":"http://api.rottentomatoes.com/api/public/v1.0/movies/13120/similar.json"}},{"id":"9686","title":"The Ten Commandments","year":1956,"mpaa_rating":"G","runtime":219,"critics_consensus":"Bombastic and occasionally silly but extravagantly entertaining, Cecil B. DeMille's all-star spectacular is a muscular retelling of the great Bible story.","release_dates":{"theater":"1956-10-05","dvd":"1999-03-30"},"ratings":{"critics_rating":"Fresh","critics_score":91,"audience_rating":"Upright","audience_score":86},"synopsis":"","posters":{"thumbnail":"http://content7.flixster.com/movie/11/16/89/11168921_mob.jpg","profile":"http://content7.flixster.com/movie/11/16/89/11168921_pro.jpg","detailed":"http://content7.flixster.com/movie/11/16/89/11168921_det.jpg","original":"http://content7.flixster.com/movie/11/16/89/11168921_ori.jpg"},"abridged_cast":[{"name":"Charlton Heston","id":"162655836","characters":["God (Uncredited)","Moses"]},{"name":"Yul Brynner","id":"162655757","characters":["Rameses"]},{"name":"Anne Baxter","id":"162678545","characters":["Nefertiri"]},{"name":"Edward G. Robinson","id":"162657819","characters":["Dathan"]},{"name":"Yvonne De Carlo","id":"341817816","characters":["Sephora"]}],"alternate_ids":{"imdb":"0049833"},"links":{"self":"http://api.rottentomatoes.com/api/public/v1.0/movies/9686.json","alternate":"http://www.rottentomatoes.com/m/1021015-ten_commandments/","cast":"http://api.rottentomatoes.com/api/public/v1.0/movies/9686/cast.json","clips":"http://api.rottentomatoes.com/api/public/v1.0/movies/9686/clips.json","reviews":"http://api.rottentomatoes.com/api/public/v1.0/movies/9686/reviews.json","similar":"http://api.rottentomatoes.com/api/public/v1.0/movies/9686/similar.json"}},{"id":"10871","title":"Teenage Mutant Ninja Turtles II - The Secret of the Ooze","year":1991,"mpaa_rating":"PG","runtime":88,"critics_consensus":"Not only is the movie's juvenile dialogue unbearable for adults, but the turtles' dopey and casual attitude towards physical violence makes them poor kids' role models.","release_dates":{"theater":"1991-03-22","dvd":"2002-09-03"},"ratings":{"critics_rating":"Rotten","critics_score":36,"audience_rating":"Upright","audience_score":68},"synopsis":"","posters":{"thumbnail":"http://content6.flixster.com/movie/11/17/00/11170088_mob.jpg","profile":"http://content6.flixster.com/movie/11/17/00/11170088_pro.jpg","detailed":"http://content6.flixster.com/movie/11/17/00/11170088_det.jpg","original":"http://content6.flixster.com/movie/11/17/00/11170088_ori.jpg"},"abridged_cast":[{"name":"Paige Turco","id":"162667584","characters":["April O'Neil"]},{"name":"David Warner","id":"162667585","characters":["Prof.Jordan Perry"]},{"name":"Ernie Reyes Jr.","id":"563393053","characters":["Keno"]},{"name":"Michelan Sisti","id":"533465566","characters":["Michelangelo"]},{"name":"Kenn Troum","id":"770783902","characters":["Raphael"]}],"alternate_ids":{"imdb":"0103060"},"links":{"self":"http://api.rottentomatoes.com/api/public/v1.0/movies/10871.json","alternate":"http://www.rottentomatoes.com/m/teenage_mutant_ninja_turtles_2_the_secret_of_the_ooze/","cast":"http://api.rottentomatoes.com/api/public/v1.0/movies/10871/cast.json","clips":"http://api.rottentomatoes.com/api/public/v1.0/movies/10871/clips.json","reviews":"http://api.rottentomatoes.com/api/public/v1.0/movies/10871/reviews.json","similar":"http://api.rottentomatoes.com/api/public/v1.0/movies/10871/similar.json"}},{"id":"770813886","title":"The Hole","year":2012,"mpaa_rating":"PG-13","runtime":98,"critics_consensus":"A welcome throwback to the suburban teen thrillers of the 1980s, The Hole is a scary, enjoyable return to form for director Joe Dante.","release_dates":{"theater":"2012-09-28","dvd":"2012-10-02"},"ratings":{"critics_rating":"Fresh","critics_score":80,"audience_rating":"Spilled","audience_score":47},"synopsis":"From legendary director Joe Dante comes a 3D thriller that explores the fears and secrets buried deep within the human mind. Life couldn't possibly get worse, or so thought 14 year old Dane and his 10 year old brother Lucas, when their single mother Susan uproots them from New York City to the sleepy little town of Bensonville. For Dane the only exciting thing about their new town is the beautiful girl next door, Julie. With Susan spending more and more time at work, Dane and Lucas are left unattended to explore the depths of their eerie new residence. But then everything changes when they find a sinister black hole under a locked trap door in the basement. Hoping for some answers about the house's past, Dane and Lucas bring Julie in on their new discovery. When the hole is exposed, evil is unleashed. With strange shadows lurking around every corner and past nightmares coming to life, the trio will have to come face to face with their darkest fears to put an end to The Hole. -- (C) Official Site","posters":{"thumbnail":"http://content9.flixster.com/movie/11/16/69/11166947_mob.jpg","profile":"http://content9.flixster.com/movie/11/16/69/11166947_pro.jpg","detailed":"http://content9.flixster.com/movie/11/16/69/11166947_det.jpg","original":"http://content9.flixster.com/movie/11/16/69/11166947_ori.jpg"},"abridged_cast":[{"name":"Chris Massoglia","id":"770837049","characters":["Dane Thompson"]},{"name":"Haley Bennett","id":"770768361","characters":["Julie Campbell"]},{"name":"Nathan Gamble","id":"770682696","characters":["Lucas Thompson"]},{"name":"Teri Polo","id":"162659376","characters":["Susan Thompson"]},{"name":"Bruce Dern","id":"162658850","characters":["Creepy Carl"]}],"alternate_ids":{"imdb":"1085779"},"links":{"self":"http://api.rottentomatoes.com/api/public/v1.0/movies/770813886.json","alternate":"http://www.rottentomatoes.com/m/10011815-hole/","cast":"http://api.rottentomatoes.com/api/public/v1.0/movies/770813886/cast.json","clips":"http://api.rottentomatoes.com/api/public/v1.0/movies/770813886/clips.json","reviews":"http://api.rottentomatoes.com/api/public/v1.0/movies/770813886/reviews.json","similar":"http://api.rottentomatoes.com/api/public/v1.0/movies/770813886/similar.json"}},{"id":"12771","title":"The Net","year":1995,"mpaa_rating":"PG","runtime":112,"release_dates":{"theater":"1995-07-28","dvd":"1997-11-26"},"ratings":{"critics_rating":"Rotten","critics_score":36,"audience_rating":"Spilled","audience_score":45},"synopsis":"","posters":{"thumbnail":"http://content9.flixster.com/movie/68/77/57/6877579_mob.jpg","profile":"http://content9.flixster.com/movie/68/77/57/6877579_pro.jpg","detailed":"http://content9.flixster.com/movie/68/77/57/6877579_det.jpg","original":"http://content9.flixster.com/movie/68/77/57/6877579_ori.jpg"},"abridged_cast":[{"name":"Sandra Bullock","id":"162652205","characters":["Angela Bennett"]},{"name":"Jeremy Northam","id":"162657055","characters":["Jack Devlin"]},{"name":"Dennis Miller","id":"162705380","characters":["Dr. Alan Champion"]},{"name":"Diane Baker","id":"162658012","characters":["Mrs. Bennett"]},{"name":"Wendy Gazelle","id":"770673025","characters":["Ruth Marks"]}],"alternate_ids":{"imdb":"0113957"},"links":{"self":"http://api.rottentomatoes.com/api/public/v1.0/movies/12771.json","alternate":"http://www.rottentomatoes.com/m/net/","cast":"http://api.rottentomatoes.com/api/public/v1.0/movies/12771/cast.json","clips":"http://api.rottentomatoes.com/api/public/v1.0/movies/12771/clips.json","reviews":"http://api.rottentomatoes.com/api/public/v1.0/movies/12771/reviews.json","similar":"http://api.rottentomatoes.com/api/public/v1.0/movies/12771/similar.json"}},{"id":"771035391","title":"The Illusionist (L'illusionniste)","year":2010,"mpaa_rating":"PG","runtime":82,"critics_consensus":"An engrossing love letter to fans of adult animation, The Illusionist offers a fine antidote to garish mainstream fare.","release_dates":{"theater":"2010-12-25","dvd":"2011-05-10"},"ratings":{"critics_rating":"Certified Fresh","critics_score":90,"audience_rating":"Upright","audience_score":79},"synopsis":"The Illusionist is one of a dying breed of stage entertainers. With emerging rock stars stealing his thunder in the late 1950s, he is forced to accept increasingly obscure assignments in fringe theatres, at garden parties and in bars and cafes. Then, while performing in a village pub off the west coast of Scotland, he encounters Alice, an innocent young girl, who will change his life forever. Watching his performance for the excited villagers who are celebrating the arrival of electricity on their remote island, Alice is awestruck by his show and believes his tricks are real magic. Though they don&#8223;t speak the same language, the two lonely strangers quickly bond through small kindnesses. Fascinated by The Illusionist, Alice stows away on his departing ship and follows him to Edinburgh. There, they quickly fall into a father - daughter relationship, with Alice keeping their home at a boarding house for vaudevillians, while he goes to work in a small local theatre. Enchanted by her enthusiasm for his act, The Illusionist rewards Alice with increasingly lavish gifts he has 'conjured' into existence. Desperate not to disappoint her, he cannot bring himself to reveal that magic does not exist and that he&#8223;s driving himself to ruin working all night jobs to buy her gifts. As The Illusionist grows older, Alice grows up. She falls in love with a young man and is no longer so enchanted by The Illusionist&#8223;s conjuring. She moves on with her life, and The Illusionist no longer has to pretend. Untangled from his own web of deceit, he resumes his life as a much wiser man. -- (C) Sony Pictures Classics","posters":{"thumbnail":"http://content6.flixster.com/movie/11/15/40/11154060_mob.jpg","profile":"http://content6.flixster.com/movie/11/15/40/11154060_pro.jpg","detailed":"http://content6.flixster.com/movie/11/15/40/11154060_det.jpg","original":"http://content6.flixster.com/movie/11/15/40/11154060_ori.jpg"},"abridged_cast":[{"name":"Jean-Claude Donda","id":"162660386"},{"name":"Eilidh Rankin","id":"771091792"},{"name":"Duncan MacNeil","id":"771091793"},{"name":"Raymond Mearns","id":"770814678"}],"alternate_ids":{"imdb":"0775489"},"links":{"self":"http://api.rottentomatoes.com/api/public/v1.0/movies/771035391.json","alternate":"http://www.rottentomatoes.com/m/the_illusionist-2009/","cast":"http://api.rottentomatoes.com/api/public/v1.0/movies/771035391/cast.json","clips":"http://api.rottentomatoes.com/api/public/v1.0/movies/771035391/clips.json","reviews":"http://api.rottentomatoes.com/api/public/v1.0/movies/771035391/reviews.json","similar":"http://api.rottentomatoes.com/api/public/v1.0/movies/771035391/similar.json"}},{"id":"771315283","title":"The Attack","year":2013,"mpaa_rating":"R","runtime":102,"critics_consensus":"Tense and suspenseful while remaining smart and understated, The Attack honors its complex subject with an intelligent script and captivating performances.","release_dates":{"theater":"2013-06-21","dvd":"2013-11-12"},"ratings":{"critics_rating":"Certified Fresh","critics_score":89,"audience_rating":"Upright","audience_score":76},"synopsis":"Amin Jaafari (Ali Suliman, Paradise Now) is an Israeli Palestinian surgeon, fully assimilated into Tel Aviv society. He has a loving wife, an exemplary career, and many Jewish friends. But his picture perfect life is turned upside down after a suicide bombing in a restaurant leaves nineteen dead, and the Israeli police inform him that his wife, Sihem (Reymonde Amsellem, Lebanon) who also died in the explosion, was responsible. Convinced of her innocence, Amin abandons the relative security of his adopted homeland and enters the Palestinian territories in pursuit of the truth. Once there, he finds himself in ever more dangerous places and situations. Determined, he presses on seeking answers to questions he never thought he would be asking. (c) Cohen Media","posters":{"thumbnail":"http://content7.flixster.com/movie/11/17/09/11170929_mob.jpg","profile":"http://content7.flixster.com/movie/11/17/09/11170929_pro.jpg","detailed":"http://content7.flixster.com/movie/11/17/09/11170929_det.jpg","original":"http://content7.flixster.com/movie/11/17/09/11170929_ori.jpg"},"abridged_cast":[{"name":"Ali Suliman","id":"162654965","characters":["Amin"]},{"name":"Reymond Amsellem","id":"771079184","characters":["Siham"]},{"name":"Yevgenya Dodina","id":"771011335","characters":["Kim"]},{"name":"Uri Gavriel","id":"395115185","characters":["Captain Moshe"]},{"name":"Karim Saleh","id":"770692130","characters":["Adel"]}],"alternate_ids":{"imdb":"0787442"},"links":{"self":"http://api.rottentomatoes.com/api/public/v1.0/movies/771315283.json","alternate":"http://www.rottentomatoes.com/m/the_attack_2012/","cast":"http://api.rottentomatoes.com/api/public/v1.0/movies/771315283/cast.json","clips":"http://api.rottentomatoes.com/api/public/v1.0/movies/771315283/clips.json","reviews":"http://api.rottentomatoes.com/api/public/v1.0/movies/771315283/reviews.json","similar":"http://api.rottentomatoes.com/api/public/v1.0/movies/771315283/similar.json"}},{"id":"17930","title":"Day of the Dead","year":1985,"mpaa_rating":"R","runtime":91,"release_dates":{"theater":"1985-07-03","dvd":"1998-11-10"},"ratings":{"critics_rating":"Fresh","critics_score":82,"audience_rating":"Upright","audience_score":75},"synopsis":"","posters":{"thumbnail":"http://content8.flixster.com/movie/11/12/40/11124022_mob.jpg","profile":"http://content8.flixster.com/movie/11/12/40/11124022_pro.jpg","detailed":"http://content8.flixster.com/movie/11/12/40/11124022_det.jpg","original":"http://content8.flixster.com/movie/11/12/40/11124022_ori.jpg"},"abridged_cast":[{"name":"Lori Cardille","id":"364636757","characters":["Sarah"]},{"name":"Terry Alexander","id":"364636759","characters":["John"]},{"name":"Joseph Pilato","id":"410145975","characters":["Capt. Rhodes"]},{"name":"Jarleth Conroy","id":"770935293","characters":["McDermott"]},{"name":"Antone DiLeo Jr.","id":"770935294","characters":["Miguel"]}],"alternate_ids":{"imdb":"0088993"},"links":{"self":"http://api.rottentomatoes.com/api/public/v1.0/movies/17930.json","alternate":"http://www.rottentomatoes.com/m/1005360-day_of_the_dead/","cast":"http://api.rottentomatoes.com/api/public/v1.0/movies/17930/cast.json","clips":"http://api.rottentomatoes.com/api/public/v1.0/movies/17930/clips.json","reviews":"http://api.rottentomatoes.com/api/public/v1.0/movies/17930/reviews.json","similar":"http://api.rottentomatoes.com/api/public/v1.0/movies/17930/similar.json"}},{"id":"19049970","title":"Through the Fire","year":2006,"mpaa_rating":"G","runtime":103,"critics_consensus":"Through the Fire may raise more questions than it answers, but it's no less engrossing for its flaws.","release_dates":{"theater":"2006-02-10","dvd":"2006-03-14"},"ratings":{"critics_rating":"Fresh","critics_score":69,"audience_rating":"Upright","audience_score":78},"synopsis":"","posters":{"thumbnail":"http://content8.flixster.com/movie/58/30/83/5830834_mob.jpg","profile":"http://content8.flixster.com/movie/58/30/83/5830834_pro.jpg","detailed":"http://content8.flixster.com/movie/58/30/83/5830834_det.jpg","original":"http://content8.flixster.com/movie/58/30/83/5830834_ori.jpg"},"abridged_cast":[{"name":"Sebastian Telfair","id":"364652776"},{"name":"Jamel Thomas","id":"770755581"},{"name":"Daniel Turner","id":"770755579"},{"name":"Dwayne Tiny Morton","id":"770755580"},{"name":"Rick Pitino","id":"770755582"}],"alternate_ids":{"imdb":"0457502"},"links":{"self":"http://api.rottentomatoes.com/api/public/v1.0/movies/19049970.json","alternate":"http://www.rottentomatoes.com/m/through_the_fire/","cast":"http://api.rottentomatoes.com/api/public/v1.0/movies/19049970/cast.json","clips":"http://api.rottentomatoes.com/api/public/v1.0/movies/19049970/clips.json","reviews":"http://api.rottentomatoes.com/api/public/v1.0/movies/19049970/reviews.json","similar":"http://api.rottentomatoes.com/api/public/v1.0/movies/19049970/similar.json"}},{"id":"770802994","title":"The Cove","year":2008,"mpaa_rating":"PG-13","runtime":91,"critics_consensus":"Though decidedly one-sided, The Cove is an impeccably crafted, suspenseful expose of the covert slaughter of dolphins in Japan.","release_dates":{"theater":"2009-04-25","dvd":"2009-12-08"},"ratings":{"critics_rating":"Certified Fresh","critics_score":94,"audience_rating":"Upright","audience_score":94},"synopsis":"","posters":{"thumbnail":"http://content8.flixster.com/movie/10/88/80/10888094_mob.jpg","profile":"http://content8.flixster.com/movie/10/88/80/10888094_pro.jpg","detailed":"http://content8.flixster.com/movie/10/88/80/10888094_det.jpg","original":"http://content8.flixster.com/movie/10/88/80/10888094_ori.jpg"},"abridged_cast":[{"name":"Richard O'Barry","id":"770834019"},{"name":"Simon Hutchins","id":"771069158"},{"name":"Mandy-Rae Cruickshank","id":"771069159"},{"name":"Kirk Krack","id":"771069160"},{"name":"David Rastovich","id":"771069161"}],"alternate_ids":{"imdb":"1313104"},"links":{"self":"http://api.rottentomatoes.com/api/public/v1.0/movies/770802994.json","alternate":"http://www.rottentomatoes.com/m/1208882-cove/","cast":"http://api.rottentomatoes.com/api/public/v1.0/movies/770802994/cast.json","clips":"http://api.rottentomatoes.com/api/public/v1.0/movies/770802994/clips.json","reviews":"http://api.rottentomatoes.com/api/public/v1.0/movies/770802994/reviews.json","similar":"http://api.rottentomatoes.com/api/public/v1.0/movies/770802994/similar.json"}},{"id":"12942","title":"The Fog","year":1980,"mpaa_rating":"R","runtime":91,"release_dates":{"theater":"1979-06-01","dvd":"2002-08-27"},"ratings":{"critics_rating":"Fresh","critics_score":68,"audience_rating":"Upright","audience_score":64},"synopsis":"","posters":{"thumbnail":"http://content8.flixster.com/movie/10/91/80/10918062_mob.jpg","profile":"http://content8.flixster.com/movie/10/91/80/10918062_pro.jpg","detailed":"http://content8.flixster.com/movie/10/91/80/10918062_det.jpg","original":"http://content8.flixster.com/movie/10/91/80/10918062_ori.jpg"},"abridged_cast":[{"name":"Adrienne Barbeau","id":"162685273","characters":["Stevie Wayne"]},{"name":"Hal Holbrook","id":"162667240","characters":["Father Malone"]},{"name":"Janet Leigh","id":"162664083","characters":["Kathy Williams"]},{"name":"Jamie Lee Curtis","id":"162659110","characters":["Elizabeth Solley"]},{"name":"John Houseman","id":"162661049","characters":["Machen"]}],"alternate_ids":{"imdb":"0080749"},"links":{"self":"http://api.rottentomatoes.com/api/public/v1.0/movies/12942.json","alternate":"http://www.rottentomatoes.com/m/1007617-fog/","cast":"http://api.rottentomatoes.com/api/public/v1.0/movies/12942/cast.json","clips":"http://api.rottentomatoes.com/api/public/v1.0/movies/12942/clips.json","reviews":"http://api.rottentomatoes.com/api/public/v1.0/movies/12942/reviews.json","similar":"http://api.rottentomatoes.com/api/public/v1.0/movies/12942/similar.json"}},{"id":"155655003","title":"The King","year":2006,"mpaa_rating":"R","runtime":77,"critics_consensus":"This disturbing film about the past coming back demanding its due evokes classical tragedy, but is ultimately too heavy-handed.","release_dates":{"theater":"2006-05-19","dvd":"2006-10-10"},"ratings":{"critics_rating":"Rotten","critics_score":56,"audience_rating":"Upright","audience_score":67},"synopsis":"","posters":{"thumbnail":"http://content6.flixster.com/movie/46/15/461520_mob.jpg","profile":"http://content6.flixster.com/movie/46/15/461520_pro.jpg","detailed":"http://content6.flixster.com/movie/46/15/461520_det.jpg","original":"http://content6.flixster.com/movie/46/15/461520_ori.jpg"},"abridged_cast":[{"name":"Gael Garcia Bernal","id":"162684026","characters":["Elvis Sandow"]},{"name":"William Hurt","id":"162654544","characters":["Pastor David Sandow"]},{"name":"Paul Dano","id":"303713360","characters":["Paul Sandow"]},{"name":"Pell James","id":"162653557","characters":["Malerie Sandow"]},{"name":"Laura Harring","id":"162668202","characters":["Twyla Sandow"]}],"alternate_ids":{"imdb":"0396688"},"links":{"self":"http://api.rottentomatoes.com/api/public/v1.0/movies/155655003.json","alternate":"http://www.rottentomatoes.com/m/the-king/","cast":"http://api.rottentomatoes.com/api/public/v1.0/movies/155655003/cast.json","clips":"http://api.rottentomatoes.com/api/public/v1.0/movies/155655003/clips.json","reviews":"http://api.rottentomatoes.com/api/public/v1.0/movies/155655003/reviews.json","similar":"http://api.rottentomatoes.com/api/public/v1.0/movies/155655003/similar.json"}},{"id":"15775","title":"The Way of the Gun","year":2000,"mpaa_rating":"R","runtime":119,"critics_consensus":"The Way of the Gun has some good parts, but overall, the movie is derivative, sloppy, and sluggish.","release_dates":{"theater":"2000-09-08","dvd":"2001-06-19"},"ratings":{"critics_rating":"Rotten","critics_score":48,"audience_rating":"Upright","audience_score":71},"synopsis":"","posters":{"thumbnail":"http://content7.flixster.com/movie/28/09/280993_mob.jpg","profile":"http://content7.flixster.com/movie/28/09/280993_pro.jpg","detailed":"http://content7.flixster.com/movie/28/09/280993_det.jpg","original":"http://content7.flixster.com/movie/28/09/280993_ori.jpg"},"abridged_cast":[{"name":"Ryan Phillippe","id":"162676004","characters":["Parker"]},{"name":"Benicio Del Toro","id":"162652510","characters":["Longbaugh"]},{"name":"James Caan","id":"162656402","characters":["Joe Sarno"]},{"name":"Juliette Lewis","id":"162654115","characters":["Robin"]},{"name":"Taye Diggs","id":"162655514","characters":["Jeffers"]}],"alternate_ids":{"imdb":"0202677"},"links":{"self":"http://api.rottentomatoes.com/api/public/v1.0/movies/15775.json","alternate":"http://www.rottentomatoes.com/m/way_of_the_gun/","cast":"http://api.rottentomatoes.com/api/public/v1.0/movies/15775/cast.json","clips":"http://api.rottentomatoes.com/api/public/v1.0/movies/15775/clips.json","reviews":"http://api.rottentomatoes.com/api/public/v1.0/movies/15775/reviews.json","similar":"http://api.rottentomatoes.com/api/public/v1.0/movies/15775/similar.json"}},{"id":"13227","title":"The Return of the Living Dead","year":1985,"mpaa_rating":"R","runtime":90,"release_dates":{"theater":"1985-01-01","dvd":"2002-08-27"},"ratings":{"critics_rating":"Fresh","critics_score":90,"audience_rating":"Upright","audience_score":79},"synopsis":"","posters":{"thumbnail":"http://content6.flixster.com/movie/26/87/268716_mob.jpg","profile":"http://content6.flixster.com/movie/26/87/268716_pro.jpg","detailed":"http://content6.flixster.com/movie/26/87/268716_det.jpg","original":"http://content6.flixster.com/movie/26/87/268716_ori.jpg"},"abridged_cast":[{"name":"Clu Gulager","id":"162689171","characters":["Burt"]},{"name":"James Karen","id":"162689172","characters":["Frank"]},{"name":"Don Calfa","id":"371353876","characters":["Ernie"]},{"name":"Beverly Randolph","id":"371353877","characters":["Tina"]},{"name":"John Philbin","id":"770670382","characters":["Chuck"]}],"alternate_ids":{"imdb":"0089907"},"links":{"self":"http://api.rottentomatoes.com/api/public/v1.0/movies/13227.json","alternate":"http://www.rottentomatoes.com/m/return_of_the_living_dead/","cast":"http://api.rottentomatoes.com/api/public/v1.0/movies/13227/cast.json","clips":"http://api.rottentomatoes.com/api/public/v1.0/movies/13227/clips.json","reviews":"http://api.rottentomatoes.com/api/public/v1.0/movies/13227/reviews.json","similar":"http://api.rottentomatoes.com/api/public/v1.0/movies/13227/similar.json"}},{"id":"17740","title":"Nosferatu, a Symphony of Horror (Nosferatu, eine Symphonie des Grauens) (Nosferatu the Vampire)","year":1922,"mpaa_rating":"Unrated","runtime":63,"critics_consensus":"One of the silent era's most influential masterpieces, Nosferatu's eerie, gothic feel -- and a chilling performance from Max Shrek as the vampire -- set the template for the horror films that followed.","release_dates":{"theater":"1922-03-04","dvd":"1997-10-22"},"ratings":{"critics_rating":"Certified Fresh","critics_score":97,"audience_rating":"Upright","audience_score":87},"synopsis":"","posters":{"thumbnail":"http://content9.flixster.com/movie/28/92/289207_mob.jpg","profile":"http://content9.flixster.com/movie/28/92/289207_pro.jpg","detailed":"http://content9.flixster.com/movie/28/92/289207_det.jpg","original":"http://content9.flixster.com/movie/28/92/289207_ori.jpg"},"abridged_cast":[{"name":"Max Schreck","id":"364621110","characters":["Graf Orlok Nosferatu"]},{"name":"Alexander Granach","id":"653490071","characters":["Knock"]},{"name":"Gustav von Wangenheim","id":"770683052","characters":["Hutter His Employee"]},{"name":"Greta Schroder","id":"364621112","characters":["Ellen Hutter"]},{"name":"Georg H. Schnell","id":"770683051","characters":["Harding Shipowner"]}],"alternate_ids":{"imdb":"0013442"},"links":{"self":"http://api.rottentomatoes.com/api/public/v1.0/movies/17740.json","alternate":"http://www.rottentomatoes.com/m/nosferatu/","cast":"http://api.rottentomatoes.com/api/public/v1.0/movies/17740/cast.json","clips":"http://api.rottentomatoes.com/api/public/v1.0/movies/17740/clips.json","reviews":"http://api.rottentomatoes.com/api/public/v1.0/movies/17740/reviews.json","similar":"http://api.rottentomatoes.com/api/public/v1.0/movies/17740/similar.json"}},{"id":"9396","title":"The Day the Earth Stood Still","year":1951,"mpaa_rating":"G","runtime":92,"critics_consensus":"Socially minded yet entertaining, The Day the Earth Stood Still imparts its moral of peace and understanding without didacticism.","release_dates":{"theater":"1951-01-01","dvd":"2003-03-04"},"ratings":{"critics_rating":"Certified Fresh","critics_score":94,"audience_rating":"Upright","audience_score":87},"synopsis":"","posters":{"thumbnail":"http://content6.flixster.com/movie/11/16/44/11164472_mob.jpg","profile":"http://content6.flixster.com/movie/11/16/44/11164472_pro.jpg","detailed":"http://content6.flixster.com/movie/11/16/44/11164472_det.jpg","original":"http://content6.flixster.com/movie/11/16/44/11164472_ori.jpg"},"abridged_cast":[{"name":"Michael Rennie","id":"162655804","characters":["Klaatu"]},{"name":"Patricia Neal","id":"162655805","characters":["Helen Benson"]},{"name":"Hugh Marlowe","id":"351525235","characters":["Tom Stevens"]},{"name":"Sam Jaffe","id":"341815441","characters":["Dr. Barnhardt"]},{"name":"Billy Gray","id":"364617403","characters":["Bobby Benson"]}],"alternate_ids":{"imdb":"0043456"},"links":{"self":"http://api.rottentomatoes.com/api/public/v1.0/movies/9396.json","alternate":"http://www.rottentomatoes.com/m/1005371-day_the_earth_stood_still/","cast":"http://api.rottentomatoes.com/api/public/v1.0/movies/9396/cast.json","clips":"http://api.rottentomatoes.com/api/public/v1.0/movies/9396/clips.json","reviews":"http://api.rottentomatoes.com/api/public/v1.0/movies/9396/reviews.json","similar":"http://api.rottentomatoes.com/api/public/v1.0/movies/9396/similar.json"}},{"id":"10243","title":"The Sea Inside (Mar Adentro) (The Sea Within)","year":2004,"mpaa_rating":"PG-13","runtime":125,"critics_consensus":"Held aloft by a transfixing performance from Javier Bardem as a terminally ill man who chooses to die, The Sea Inside transcends its melodramatic story with tenderness and grace.","release_dates":{"theater":"2004-11-14","dvd":"2005-05-17"},"ratings":{"critics_rating":"Certified Fresh","critics_score":84,"audience_rating":"Upright","audience_score":92},"synopsis":"","posters":{"thumbnail":"http://content7.flixster.com/movie/62/05/50/6205505_mob.jpg","profile":"http://content7.flixster.com/movie/62/05/50/6205505_pro.jpg","detailed":"http://content7.flixster.com/movie/62/05/50/6205505_det.jpg","original":"http://content7.flixster.com/movie/62/05/50/6205505_ori.jpg"},"abridged_cast":[{"name":"Javier Bardem","id":"162661456","characters":["RamA?n Sampedro","Ramon Sampedro","Ram?n Sampedro"]},{"name":"Belen Rueda","id":"162661457","characters":["Julia"]},{"name":"Lola Duenas","id":"162661458","characters":["Rosa"]},{"name":"Mabel Rivera","id":"546953938","characters":["Manuela"]},{"name":"Celso Bugallo","id":"410964925","characters":["JosA?","Jose","Jos?"]}],"alternate_ids":{"imdb":"0369702"},"links":{"self":"http://api.rottentomatoes.com/api/public/v1.0/movies/10243.json","alternate":"http://www.rottentomatoes.com/m/sea_inside/","cast":"http://api.rottentomatoes.com/api/public/v1.0/movies/10243/cast.json","clips":"http://api.rottentomatoes.com/api/public/v1.0/movies/10243/clips.json","reviews":"http://api.rottentomatoes.com/api/public/v1.0/movies/10243/reviews.json","similar":"http://api.rottentomatoes.com/api/public/v1.0/movies/10243/similar.json"}},{"id":"11149","title":"The Karate Kid Part II","year":1987,"mpaa_rating":"PG","runtime":113,"release_dates":{"theater":"1986-06-20","dvd":"2001-07-10"},"ratings":{"critics_rating":"Rotten","critics_score":41,"audience_rating":"Spilled","audience_score":52},"synopsis":"","posters":{"thumbnail":"http://content9.flixster.com/movie/11/12/21/11122167_mob.jpg","profile":"http://content9.flixster.com/movie/11/12/21/11122167_pro.jpg","detailed":"http://content9.flixster.com/movie/11/12/21/11122167_det.jpg","original":"http://content9.flixster.com/movie/11/12/21/11122167_ori.jpg"},"abridged_cast":[{"name":"Ralph Macchio","id":"162663374","characters":["Daniel"]},{"name":"Noriyuki 'Pat' Morita","id":"770783767","characters":["Miyagi"]},{"name":"Nobu McCarthy","id":"753637611","characters":["Yukie"]},{"name":"Danny Kamekona","id":"753637612","characters":["Sato"]},{"name":"Yuji Okumoto","id":"753637610","characters":["Chozen"]}],"alternate_ids":{"imdb":"0091326"},"links":{"self":"http://api.rottentomatoes.com/api/public/v1.0/movies/11149.json","alternate":"http://www.rottentomatoes.com/m/karate_kid_part_2/","cast":"http://api.rottentomatoes.com/api/public/v1.0/movies/11149/cast.json","clips":"http://api.rottentomatoes.com/api/public/v1.0/movies/11149/clips.json","reviews":"http://api.rottentomatoes.com/api/public/v1.0/movies/11149/reviews.json","similar":"http://api.rottentomatoes.com/api/public/v1.0/movies/11149/similar.json"}},{"id":"770815795","title":"The Joneses","year":2010,"mpaa_rating":"R","runtime":93,"critics_consensus":"It doesn't pursue its subversive premise as far as it should, but The Joneses benefits from its timely satire of consumer culture -- as well as a pair of strong performances from David Duchovny and Demi Moore.","release_dates":{"theater":"2010-04-16","dvd":"2010-08-10"},"ratings":{"critics_rating":"Fresh","critics_score":62,"audience_rating":"Spilled","audience_score":46},"synopsis":"A picture-perfect family moves into an upscale community, impressing the locals and integrating themselves into every aspect of the community until a sudden tragedy forces them to reassess their priorities. Steve (David Duchovny) and Kate Jones (Demi Moore) have everything a happily married couple could ever want: their kids, Jenn (Amber Heard) and Mick (Ben Hollingsworth), are intelligent and attractive, they live in an affluent neighborhood, and their sprawling suburban home is jam-packed with all of the coolest gizmos and gadgets that money can buy. It isn't long before the Joneses have struck up a friendship with their next-door neighbors Larry (Gary Cole) and Summer (Glenne Headly), and become integral components of their community. But take a closer look at the situation and you'll start to see something ominous lurking just beneath the surface. It's only when the Joneses are confronted with an unexpected disaster that they finally discover who they really are beneath the glossy veneer of consumerism. ~ Jason Buchanan, Rovi","posters":{"thumbnail":"http://content7.flixster.com/movie/11/16/49/11164949_mob.jpg","profile":"http://content7.flixster.com/movie/11/16/49/11164949_pro.jpg","detailed":"http://content7.flixster.com/movie/11/16/49/11164949_det.jpg","original":"http://content7.flixster.com/movie/11/16/49/11164949_ori.jpg"},"abridged_cast":[{"name":"David Duchovny","id":"162661591","characters":["Steve Jones"]},{"name":"Demi Moore","id":"162660862","characters":["Kate Jones"]},{"name":"Amber Heard","id":"770673718","characters":["Jenn Jones"]},{"name":"Gary Cole","id":"162678007","characters":["Larry"]},{"name":"Lauren Hutton","id":"162660442","characters":["KC"]}],"alternate_ids":{"imdb":"1285309"},"links":{"self":"http://api.rottentomatoes.com/api/public/v1.0/movies/770815795.json","alternate":"http://www.rottentomatoes.com/m/joneses/","cast":"http://api.rottentomatoes.com/api/public/v1.0/movies/770815795/cast.json","clips":"http://api.rottentomatoes.com/api/public/v1.0/movies/770815795/clips.json","reviews":"http://api.rottentomatoes.com/api/public/v1.0/movies/770815795/reviews.json","similar":"http://api.rottentomatoes.com/api/public/v1.0/movies/770815795/similar.json"}},{"id":"16218","title":"Born on the Fourth of July","year":1989,"mpaa_rating":"R","runtime":144,"release_dates":{"theater":"1989-12-20","dvd":"1998-04-28"},"ratings":{"critics_rating":"Fresh","critics_score":90,"audience_rating":"Upright","audience_score":76},"synopsis":"","posters":{"thumbnail":"http://content6.flixster.com/movie/11/17/58/11175872_mob.jpg","profile":"http://content6.flixster.com/movie/11/17/58/11175872_pro.jpg","detailed":"http://content6.flixster.com/movie/11/17/58/11175872_det.jpg","original":"http://content6.flixster.com/movie/11/17/58/11175872_ori.jpg"},"abridged_cast":[{"name":"Tom Cruise","id":"162652763","characters":["Ron Kovic"]},{"name":"Raymond J. Barry","id":"162750342","characters":["Mr. Kovic"]},{"name":"Caroline Kava","id":"770675286","characters":["Mrs. Kovic"]},{"name":"Kyra Sedgwick","id":"162663789","characters":["Donna"]},{"name":"Willem Dafoe","id":"162668400","characters":["Charlie"]}],"alternate_ids":{"imdb":"0096969"},"links":{"self":"http://api.rottentomatoes.com/api/public/v1.0/movies/16218.json","alternate":"http://www.rottentomatoes.com/m/born_on_the_fourth_of_july/","cast":"http://api.rottentomatoes.com/api/public/v1.0/movies/16218/cast.json","clips":"http://api.rottentomatoes.com/api/public/v1.0/movies/16218/clips.json","reviews":"http://api.rottentomatoes.com/api/public/v1.0/movies/16218/reviews.json","similar":"http://api.rottentomatoes.com/api/public/v1.0/movies/16218/similar.json"}},{"id":"11315","title":"The Client","year":1994,"mpaa_rating":"PG-13","runtime":120,"release_dates":{"theater":"1994-07-20","dvd":"1997-12-16"},"ratings":{"critics_rating":"Fresh","critics_score":80,"audience_rating":"Upright","audience_score":69},"synopsis":"","posters":{"thumbnail":"http://content9.flixster.com/movie/11/16/94/11169455_mob.jpg","profile":"http://content9.flixster.com/movie/11/16/94/11169455_pro.jpg","detailed":"http://content9.flixster.com/movie/11/16/94/11169455_det.jpg","original":"http://content9.flixster.com/movie/11/16/94/11169455_ori.jpg"},"abridged_cast":[{"name":"Susan Sarandon","id":"162654579","characters":["Reggie Love"]},{"name":"Tommy Lee Jones","id":"162666788","characters":["Roy Foltrigg"]},{"name":"Mary-Louise Parker","id":"162660150","characters":["Dianne Sway"]},{"name":"Anthony LaPaglia","id":"162674586","characters":["Barry Muldano"]},{"name":"Anthony Edwards","id":"162667541","characters":["Clint Von Hooser"]}],"alternate_ids":{"imdb":"0109446"},"links":{"self":"http://api.rottentomatoes.com/api/public/v1.0/movies/11315.json","alternate":"http://www.rottentomatoes.com/m/client/","cast":"http://api.rottentomatoes.com/api/public/v1.0/movies/11315/cast.json","clips":"http://api.rottentomatoes.com/api/public/v1.0/movies/11315/clips.json","reviews":"http://api.rottentomatoes.com/api/public/v1.0/movies/11315/reviews.json","similar":"http://api.rottentomatoes.com/api/public/v1.0/movies/11315/similar.json"}},{"id":"15475","title":"The People Vs. Larry Flynt","year":1996,"mpaa_rating":"R","runtime":129,"release_dates":{"theater":"1996-12-25","dvd":"1998-01-01"},"ratings":{"critics_rating":"Certified Fresh","critics_score":87,"audience_rating":"Upright","audience_score":80},"synopsis":"","posters":{"thumbnail":"http://content9.flixster.com/movie/27/96/279603_mob.jpg","profile":"http://content9.flixster.com/movie/27/96/279603_pro.jpg","detailed":"http://content9.flixster.com/movie/27/96/279603_det.jpg","original":"http://content9.flixster.com/movie/27/96/279603_ori.jpg"},"abridged_cast":[{"name":"Woody Harrelson","id":"162654250","characters":["Larry Flynt"]},{"name":"Courtney Love","id":"162697082","characters":["Althea Flynt"]},{"name":"Edward Norton","id":"162660884","characters":["Alan Isaacman"]},{"name":"James Cromwell","id":"162652553"},{"name":"Crispin Glover","id":"371357765","characters":["Arlo"]}],"alternate_ids":{"imdb":"0117318"},"links":{"self":"http://api.rottentomatoes.com/api/public/v1.0/movies/15475.json","alternate":"http://www.rottentomatoes.com/m/people_vs_larry_flynt/","cast":"http://api.rottentomatoes.com/api/public/v1.0/movies/15475/cast.json","clips":"http://api.rottentomatoes.com/api/public/v1.0/movies/15475/clips.json","reviews":"http://api.rottentomatoes.com/api/public/v1.0/movies/15475/reviews.json","similar":"http://api.rottentomatoes.com/api/public/v1.0/movies/15475/similar.json"}},{"id":"13091","title":"The Color of Money","year":1986,"mpaa_rating":"R","runtime":119,"critics_consensus":"That it's inferior to the original goes without saying, but Paul Newman and Tom Cruise are a joy to watch, and Martin Scorsese's direction is typically superb.","release_dates":{"theater":"1986-10-08","dvd":"2001-03-06"},"ratings":{"critics_rating":"Fresh","critics_score":92,"audience_rating":"Upright","audience_score":73},"synopsis":"","posters":{"thumbnail":"http://content7.flixster.com/movie/26/80/268025_mob.jpg","profile":"http://content7.flixster.com/movie/26/80/268025_pro.jpg","detailed":"http://content7.flixster.com/movie/26/80/268025_det.jpg","original":"http://content7.flixster.com/movie/26/80/268025_ori.jpg"},"abridged_cast":[{"name":"Paul Newman","id":"162660114","characters":["Eddie Felson"]},{"name":"Tom Cruise","id":"162652763","characters":["Vincent Lauria"]},{"name":"Mary Elizabeth Mastrantonio","id":"162662591","characters":["Carmen"]},{"name":"Helen Shaver","id":"162680408","characters":["Janelle"]},{"name":"John Turturro","id":"162665207","characters":["Julian"]}],"alternate_ids":{"imdb":"0090863"},"links":{"self":"http://api.rottentomatoes.com/api/public/v1.0/movies/13091.json","alternate":"http://www.rottentomatoes.com/m/color_of_money/","cast":"http://api.rottentomatoes.com/api/public/v1.0/movies/13091/cast.json","clips":"http://api.rottentomatoes.com/api/public/v1.0/movies/13091/clips.json","reviews":"http://api.rottentomatoes.com/api/public/v1.0/movies/13091/reviews.json","similar":"http://api.rottentomatoes.com/api/public/v1.0/movies/13091/similar.json"}},{"id":"493801965","title":"The Air I Breathe","year":2007,"mpaa_rating":"R","runtime":97,"critics_consensus":"The Air I Breathe is a jumbled indie production that accomplishes little save for the squandering of a talented cast.","release_dates":{"theater":"2008-01-25","dvd":"2008-05-06"},"ratings":{"critics_rating":"Rotten","critics_score":12,"audience_rating":"Upright","audience_score":61},"synopsis":"","posters":{"thumbnail":"http://content7.flixster.com/movie/10/84/03/10840357_mob.jpg","profile":"http://content7.flixster.com/movie/10/84/03/10840357_pro.jpg","detailed":"http://content7.flixster.com/movie/10/84/03/10840357_det.jpg","original":"http://content7.flixster.com/movie/10/84/03/10840357_ori.jpg"},"abridged_cast":[{"name":"Forest Whitaker","id":"162662640","characters":["Happiness"]},{"name":"Brendan Fraser","id":"162662763","characters":["Pleasure"]},{"name":"Sarah Michelle Gellar","id":"162667558","characters":["Sorrow"]},{"name":"Kevin Bacon","id":"162654658","characters":["Love"]},{"name":"Andy Garcia","id":"162672896","characters":["Fingers"]}],"alternate_ids":{"imdb":"0485851"},"links":{"self":"http://api.rottentomatoes.com/api/public/v1.0/movies/493801965.json","alternate":"http://www.rottentomatoes.com/m/the_air_i_breahe/","cast":"http://api.rottentomatoes.com/api/public/v1.0/movies/493801965/cast.json","clips":"http://api.rottentomatoes.com/api/public/v1.0/movies/493801965/clips.json","reviews":"http://api.rottentomatoes.com/api/public/v1.0/movies/493801965/reviews.json","similar":"http://api.rottentomatoes.com/api/public/v1.0/movies/493801965/similar.json"}},{"id":"16817","title":"The Crow: City of Angels","year":1996,"mpaa_rating":"R","runtime":84,"critics_consensus":"The Crow: City of Angels is a sloppy pretender that captures neither the mood nor energy of the original.","release_dates":{"theater":"1996-08-30","dvd":"1998-02-03"},"ratings":{"critics_rating":"Rotten","critics_score":12,"audience_rating":"Spilled","audience_score":42},"synopsis":"","posters":{"thumbnail":"http://content6.flixster.com/movie/10/93/21/10932152_mob.jpg","profile":"http://content6.flixster.com/movie/10/93/21/10932152_pro.jpg","detailed":"http://content6.flixster.com/movie/10/93/21/10932152_det.jpg","original":"http://content6.flixster.com/movie/10/93/21/10932152_ori.jpg"},"abridged_cast":[{"name":"Vincent Perez","id":"162671289","characters":["Ashe Corven"]},{"name":"Mia Kirshner","id":"285256263","characters":["Sarah"]},{"name":"Richard Brooks (VI)","id":"162676767","characters":["Judah"]},{"name":"Iggy Pop","id":"162674142","characters":["Curve"]},{"name":"Thomas Jane","id":"162688276"}],"alternate_ids":{"imdb":"0115986"},"links":{"self":"http://api.rottentomatoes.com/api/public/v1.0/movies/16817.json","alternate":"http://www.rottentomatoes.com/m/crow_the_city_of_angels/","cast":"http://api.rottentomatoes.com/api/public/v1.0/movies/16817/cast.json","clips":"http://api.rottentomatoes.com/api/public/v1.0/movies/16817/clips.json","reviews":"http://api.rottentomatoes.com/api/public/v1.0/movies/16817/reviews.json","similar":"http://api.rottentomatoes.com/api/public/v1.0/movies/16817/similar.json"}},{"id":"770815137","title":"The Secret in Their Eyes (El Secreto de Sus Ojos)","year":2009,"mpaa_rating":"R","runtime":129,"critics_consensus":"Unpredictable and rich with symbolism, this Argentinian murder mystery lives up to its Oscar with an engrossing plot, Juan Jose Campanella's assured direction, and mesmerizing performances from its cast.","release_dates":{"theater":"2010-04-16","dvd":"2010-09-21"},"ratings":{"critics_rating":"Certified Fresh","critics_score":91,"audience_rating":"Upright","audience_score":93},"synopsis":"","posters":{"thumbnail":"http://content6.flixster.com/movie/11/13/64/11136456_mob.jpg","profile":"http://content6.flixster.com/movie/11/13/64/11136456_pro.jpg","detailed":"http://content6.flixster.com/movie/11/13/64/11136456_det.jpg","original":"http://content6.flixster.com/movie/11/13/64/11136456_ori.jpg"},"abridged_cast":[{"name":"Ricardo Darin","id":"162704514","characters":["BenjamA?n EspA?sito","Benjamin Esposito","Benjam?n Esp?sito"]},{"name":"Soledad Villamil","id":"364647483","characters":["Irene MenA?ndez Hastings","Irene Menendez Hastings","Irene Men?ndez Hastings"]},{"name":"Pablo Rago","id":"770705534","characters":["Ricardo Morales"]},{"name":"Javier Godino","id":"770848923","characters":["Isidoro GA?mez","Isidoro Gomez","Isidoro G?mez"]},{"name":"Carla Quevedo","id":"770921615","characters":["Liliana Coloto"]}],"alternate_ids":{"imdb":"1305806"},"links":{"self":"http://api.rottentomatoes.com/api/public/v1.0/movies/770815137.json","alternate":"http://www.rottentomatoes.com/m/secret_in_their_eyes/","cast":"http://api.rottentomatoes.com/api/public/v1.0/movies/770815137/cast.json","clips":"http://api.rottentomatoes.com/api/public/v1.0/movies/770815137/clips.json","reviews":"http://api.rottentomatoes.com/api/public/v1.0/movies/770815137/reviews.json","similar":"http://api.rottentomatoes.com/api/public/v1.0/movies/770815137/similar.json"}},{"id":"13367","title":"The Dead Zone","year":1983,"mpaa_rating":"R","runtime":103,"critics_consensus":"The Dead Zone combines taut direction from David Cronenberg and and a rich performance from Christopher Walken to create arguably the best Stephen King adaptation.","release_dates":{"theater":"1983-10-21","dvd":"2000-09-19"},"ratings":{"critics_rating":"Fresh","critics_score":90,"audience_rating":"Upright","audience_score":76},"synopsis":"","posters":{"thumbnail":"http://content8.flixster.com/movie/11/14/94/11149422_mob.jpg","profile":"http://content8.flixster.com/movie/11/14/94/11149422_pro.jpg","detailed":"http://content8.flixster.com/movie/11/14/94/11149422_det.jpg","original":"http://content8.flixster.com/movie/11/14/94/11149422_ori.jpg"},"abridged_cast":[{"name":"Christopher Walken","id":"162652837","characters":["Johnny Smith"]},{"name":"Brooke Adams","id":"162666683","characters":["Sarah Bracknell"]},{"name":"Tom Skerritt","id":"162692852","characters":["Sheriff Bannerman"]},{"name":"Herbert Lom","id":"162672446","characters":["Dr. Sam Weizak"]},{"name":"Anthony Zerbe","id":"162664364","characters":["Roger Stuart"]}],"alternate_ids":{"imdb":"0085407"},"links":{"self":"http://api.rottentomatoes.com/api/public/v1.0/movies/13367.json","alternate":"http://www.rottentomatoes.com/m/dead_zone/","cast":"http://api.rottentomatoes.com/api/public/v1.0/movies/13367/cast.json","clips":"http://api.rottentomatoes.com/api/public/v1.0/movies/13367/clips.json","reviews":"http://api.rottentomatoes.com/api/public/v1.0/movies/13367/reviews.json","similar":"http://api.rottentomatoes.com/api/public/v1.0/movies/13367/similar.json"}},{"id":"771266110","title":"The Invisible War","year":2012,"mpaa_rating":"Unrated","runtime":97,"critics_consensus":"The Invisible War is a vital and frank expose on sexual assault in the U.S. military, shot by master filmmaker Kirby Dick (This Film is Not Yet Rated).","release_dates":{"theater":"2012-06-22","dvd":"2012-10-23"},"ratings":{"critics_rating":"Certified Fresh","critics_score":100,"audience_rating":"Upright","audience_score":83},"synopsis":"The Invisible War is a groundbreaking investigative documentary about one of our country's most shameful and best kept secrets: the epidemic of rape within our US military. Today, a female soldier in Iraq and Afghanistan is more likely to be raped by a fellow soldier than killed by enemy fire with the number of assaults in the last decade alone in the hundreds of thousands. Focusing on the powerfully emotional stories of several young women, the film reveals the systemic cover up of the crimes against them and follows their struggles to rebuild their lives and fight for justice. The Invisible War features hard-hitting interviews with high-ranking military officials and members of Congress that reveal the perfect storm conditions that exist for rape in the military, its history of cover-up, and what can be done to bring about much needed change. -- (C) Official Site","posters":{"thumbnail":"http://content6.flixster.com/movie/11/17/06/11170652_mob.jpg","profile":"http://content6.flixster.com/movie/11/17/06/11170652_pro.jpg","detailed":"http://content6.flixster.com/movie/11/17/06/11170652_det.jpg","original":"http://content6.flixster.com/movie/11/17/06/11170652_ori.jpg"},"abridged_cast":[{"name":"Amy Ziering","id":"770922712","characters":["Interviewer"]},{"name":"Kirby Dick","id":"246239042","characters":["Interviewer"]},{"name":"Kori Cioca","id":"771412606"},{"name":"Jessica Hinves","id":"771412607"},{"name":"Ariana Klay","id":"771412608"}],"alternate_ids":{"imdb":"2120152"},"links":{"self":"http://api.rottentomatoes.com/api/public/v1.0/movies/771266110.json","alternate":"http://www.rottentomatoes.com/m/the_invisible_war/","cast":"http://api.rottentomatoes.com/api/public/v1.0/movies/771266110/cast.json","clips":"http://api.rottentomatoes.com/api/public/v1.0/movies/771266110/clips.json","reviews":"http://api.rottentomatoes.com/api/public/v1.0/movies/771266110/reviews.json","similar":"http://api.rottentomatoes.com/api/public/v1.0/movies/771266110/similar.json"}},{"id":"420147807","title":"Curse of the Golden Flower","year":2006,"mpaa_rating":"R","runtime":114,"critics_consensus":"Melodrama, swordplay, and CG armies -- fans of martial arts epic will get what they bargain for, though the baroque art direction can be both mesmerizing and exhaustively excessive.","release_dates":{"theater":"2006-12-21","dvd":"2007-03-27"},"ratings":{"critics_rating":"Fresh","critics_score":66,"audience_rating":"Upright","audience_score":65},"synopsis":"","posters":{"thumbnail":"http://content9.flixster.com/movie/10/88/92/10889211_mob.jpg","profile":"http://content9.flixster.com/movie/10/88/92/10889211_pro.jpg","detailed":"http://content9.flixster.com/movie/10/88/92/10889211_det.jpg","original":"http://content9.flixster.com/movie/10/88/92/10889211_ori.jpg"},"abridged_cast":[{"name":"Yun-Fat Chow","id":"770846078","characters":["Emperor Ping"]},{"name":"Li Gong","id":"162670356","characters":["Empress Phoenix"]},{"name":"Jay Chou","id":"196116018","characters":["Prince Jay"]},{"name":"Ye Liu","id":"162711092","characters":["Crown Prince Wan"]},{"name":"Chen Jin","id":"770913154","characters":["Mrs. Jang (Imperial Doctor's Wife)"]}],"alternate_ids":{"imdb":"0473444"},"links":{"self":"http://api.rottentomatoes.com/api/public/v1.0/movies/420147807.json","alternate":"http://www.rottentomatoes.com/m/curse_of_the_golden_flower/","cast":"http://api.rottentomatoes.com/api/public/v1.0/movies/420147807/cast.json","clips":"http://api.rottentomatoes.com/api/public/v1.0/movies/420147807/clips.json","reviews":"http://api.rottentomatoes.com/api/public/v1.0/movies/420147807/reviews.json","similar":"http://api.rottentomatoes.com/api/public/v1.0/movies/420147807/similar.json"}},{"id":"18585","title":"The Diary of Anne Frank","year":1959,"mpaa_rating":"PG","runtime":156,"release_dates":{"theater":"1959-01-01","dvd":"2004-02-03"},"ratings":{"critics_rating":"Fresh","critics_score":76,"audience_rating":"Upright","audience_score":76},"synopsis":"","posters":{"thumbnail":"http://content7.flixster.com/movie/10/87/14/10871409_mob.jpg","profile":"http://content7.flixster.com/movie/10/87/14/10871409_pro.jpg","detailed":"http://content7.flixster.com/movie/10/87/14/10871409_det.jpg","original":"http://content7.flixster.com/movie/10/87/14/10871409_ori.jpg"},"abridged_cast":[{"name":"Millie Perkins","id":"351527464","characters":["Anne Frank"]},{"name":"Joseph Schildkraut","id":"364617099","characters":["Otto Frank"]},{"name":"Shelley Winters","id":"162665323","characters":["Mrs. Van Dean"]},{"name":"Richard Beymer","id":"346416786","characters":["Peter Van Dean"]},{"name":"Gusti Huber","id":"770723712","characters":["Edith Frank"]}],"alternate_ids":{"imdb":"0052738"},"links":{"self":"http://api.rottentomatoes.com/api/public/v1.0/movies/18585.json","alternate":"http://www.rottentomatoes.com/m/diary_of_anne_frank/","cast":"http://api.rottentomatoes.com/api/public/v1.0/movies/18585/cast.json","clips":"http://api.rottentomatoes.com/api/public/v1.0/movies/18585/clips.json","reviews":"http://api.rottentomatoes.com/api/public/v1.0/movies/18585/reviews.json","similar":"http://api.rottentomatoes.com/api/public/v1.0/movies/18585/similar.json"}},{"id":"11032","title":"The Mighty Ducks","year":1992,"mpaa_rating":"PG","runtime":114,"release_dates":{"theater":"1992-09-20","dvd":"2000-04-11"},"ratings":{"critics_rating":"Rotten","critics_score":12,"audience_rating":"Upright","audience_score":65},"synopsis":"","posters":{"thumbnail":"http://content7.flixster.com/movie/25/87/258701_mob.jpg","profile":"http://content7.flixster.com/movie/25/87/258701_pro.jpg","detailed":"http://content7.flixster.com/movie/25/87/258701_det.jpg","original":"http://content7.flixster.com/movie/25/87/258701_ori.jpg"},"abridged_cast":[{"name":"Emilio Estevez","id":"162663376","characters":["Gordon Bombay"]},{"name":"Joss Ackland","id":"162668735","characters":["Hans"]},{"name":"Lane Smith","id":"382192944","characters":["Coach Reilly"]},{"name":"Heidi Kling","id":"551424781","characters":["Casey"]},{"name":"Josef Sommer","id":"364632522","characters":["Gerald Ducksworth"]}],"alternate_ids":{"imdb":"0104868"},"links":{"self":"http://api.rottentomatoes.com/api/public/v1.0/movies/11032.json","alternate":"http://www.rottentomatoes.com/m/mighty_ducks/","cast":"http://api.rottentomatoes.com/api/public/v1.0/movies/11032/cast.json","clips":"http://api.rottentomatoes.com/api/public/v1.0/movies/11032/clips.json","reviews":"http://api.rottentomatoes.com/api/public/v1.0/movies/11032/reviews.json","similar":"http://api.rottentomatoes.com/api/public/v1.0/movies/11032/similar.json"}},{"id":"771324948","title":"Metallica Through the Never","year":2013,"mpaa_rating":"R","runtime":93,"critics_consensus":"Imaginatively shot and edited, Metallica Through the Never is an electrifying, immersive concert film, though its fictional sequences are slightly less assured.","release_dates":{"theater":"2013-10-04","dvd":"2014-01-28"},"ratings":{"critics_rating":"Certified Fresh","critics_score":78,"audience_rating":"Upright","audience_score":80},"synopsis":"Award-winning filmmaker Nimrod Antal (Predators, Kontroll) creates a groundbreaking 3-D motion picture event, Metallica Through the Never. The music-driven feature film combines a bold narrative and spectacular live-performance footage of one of the most popular and influential rock bands in history to produce a bracing, raw andvisceral cinematic experience. Emerging young star Dane DeHaan (The Place Beyond the Pines, Kill Your Darlings, The Amazing Spider-Man 2) portrays Trip, a young roadie sent on an urgent mission during Metallica's roaring live set in front of a sold-out arena. (c) Picturehouse","posters":{"thumbnail":"http://content6.flixster.com/movie/11/17/27/11172752_mob.jpg","profile":"http://content6.flixster.com/movie/11/17/27/11172752_pro.jpg","detailed":"http://content6.flixster.com/movie/11/17/27/11172752_det.jpg","original":"http://content6.flixster.com/movie/11/17/27/11172752_ori.jpg"},"abridged_cast":[{"name":"Dane DeHaan","id":"770873652","characters":["Trip"]},{"name":"James Hetfield","id":"162688454","characters":["Himself"]},{"name":"Kirk Hammett","id":"162688456","characters":["Himself"]},{"name":"Lars Ulrich","id":"162688455","characters":["Himself"]},{"name":"Robert Trujillo","id":"371352887","characters":["Himself"]}],"alternate_ids":{"imdb":"2172935"},"links":{"self":"http://api.rottentomatoes.com/api/public/v1.0/movies/771324948.json","alternate":"http://www.rottentomatoes.com/m/metallica_through_the_never/","cast":"http://api.rottentomatoes.com/api/public/v1.0/movies/771324948/cast.json","clips":"http://api.rottentomatoes.com/api/public/v1.0/movies/771324948/clips.json","reviews":"http://api.rottentomatoes.com/api/public/v1.0/movies/771324948/reviews.json","similar":"http://api.rottentomatoes.com/api/public/v1.0/movies/771324948/similar.json"}},{"id":"507671987","title":"The Italian","year":2005,"mpaa_rating":"PG-13","runtime":99,"critics_consensus":"Poignant and unforgettable, The Italian stands out from other European melodramas. Like its extraordinary child lead, this Russian drama about an orphan's search for his birth mother is small in size and monumental in pathos.","release_dates":{"theater":"2007-01-19","dvd":"2007-05-22"},"ratings":{"critics_rating":"Certified Fresh","critics_score":91,"audience_rating":"Upright","audience_score":70},"synopsis":"","posters":{"thumbnail":"http://content9.flixster.com/movie/10/89/11/10891127_mob.jpg","profile":"http://content9.flixster.com/movie/10/89/11/10891127_pro.jpg","detailed":"http://content9.flixster.com/movie/10/89/11/10891127_det.jpg","original":"http://content9.flixster.com/movie/10/89/11/10891127_ori.jpg"},"abridged_cast":[{"name":"Kolya Spiridonov","id":"507671996","characters":["Vanya Solntsev"]},{"name":"Denis Moiseenko","id":"507671994","characters":["Koliyan"]},{"name":"Sasha Skirotkin","id":"771040247","characters":["Sery"]},{"name":"Vladimir Shipov","id":"770771089","characters":["Bloke"]},{"name":"Yuri Itskov","id":"507671990","characters":["Headmaster"]}],"alternate_ids":{"imdb":"0450450"},"links":{"self":"http://api.rottentomatoes.com/api/public/v1.0/movies/507671987.json","alternate":"http://www.rottentomatoes.com/m/italian/","cast":"http://api.rottentomatoes.com/api/public/v1.0/movies/507671987/cast.json","clips":"http://api.rottentomatoes.com/api/public/v1.0/movies/507671987/clips.json","reviews":"http://api.rottentomatoes.com/api/public/v1.0/movies/507671987/reviews.json","similar":"http://api.rottentomatoes.com/api/public/v1.0/movies/507671987/similar.json"}},{"id":"11369","title":"D2: The Mighty Ducks","year":1994,"mpaa_rating":"PG","runtime":106,"release_dates":{"theater":"1994-03-25","dvd":"2002-09-03"},"ratings":{"critics_rating":"Rotten","critics_score":15,"audience_rating":"Spilled","audience_score":59},"synopsis":"","posters":{"thumbnail":"http://content6.flixster.com/movie/26/03/260324_mob.jpg","profile":"http://content6.flixster.com/movie/26/03/260324_pro.jpg","detailed":"http://content6.flixster.com/movie/26/03/260324_det.jpg","original":"http://content6.flixster.com/movie/26/03/260324_ori.jpg"},"abridged_cast":[{"name":"Emilio Estevez","id":"162663376","characters":["Gordon Bombay"]},{"name":"Kathryn Erbe","id":"162671294","characters":["Michelle Mackay"]},{"name":"Michael Tucker (I)","id":"460696624","characters":["Tibbles"]},{"name":"Jan Rubes","id":"405590024","characters":["Jan"]},{"name":"Carsten Norgaard","id":"651082927","characters":["Wolf Stanton"]}],"alternate_ids":{"imdb":"0109520"},"links":{"self":"http://api.rottentomatoes.com/api/public/v1.0/movies/11369.json","alternate":"http://www.rottentomatoes.com/m/d2_the_mighty_ducks/","cast":"http://api.rottentomatoes.com/api/public/v1.0/movies/11369/cast.json","clips":"http://api.rottentomatoes.com/api/public/v1.0/movies/11369/clips.json","reviews":"http://api.rottentomatoes.com/api/public/v1.0/movies/11369/reviews.json","similar":"http://api.rottentomatoes.com/api/public/v1.0/movies/11369/similar.json"}},{"id":"729738996","title":"Shortcut to Happiness (The Devil and Daniel Webster)","year":2007,"mpaa_rating":"PG-13","runtime":105,"release_dates":{"theater":"2007-07-13"},"ratings":{"critics_score":-1,"audience_rating":"Spilled","audience_score":44},"synopsis":"","posters":{"thumbnail":"http://content9.flixster.com/movie/10/87/05/10870511_mob.jpg","profile":"http://content9.flixster.com/movie/10/87/05/10870511_pro.jpg","detailed":"http://content9.flixster.com/movie/10/87/05/10870511_det.jpg","original":"http://content9.flixster.com/movie/10/87/05/10870511_ori.jpg"},"abridged_cast":[{"name":"Anthony Hopkins","id":"162653967","characters":["Daniel Webster"]},{"name":"Jennifer Love Hewitt","id":"162660809","characters":["The Devil"]},{"name":"Alec Baldwin","id":"162656441","characters":["Jabez Stone"]},{"name":"Dan Aykroyd","id":"162664389","characters":["Julius Jenson"]},{"name":"Kim Cattrall","id":"162655985","characters":["Constance Hurry"]}],"alternate_ids":{"imdb":"0263265"},"links":{"self":"http://api.rottentomatoes.com/api/public/v1.0/movies/729738996.json","alternate":"http://www.rottentomatoes.com/m/shortcut_to_happiness/","cast":"http://api.rottentomatoes.com/api/public/v1.0/movies/729738996/cast.json","clips":"http://api.rottentomatoes.com/api/public/v1.0/movies/729738996/clips.json","reviews":"http://api.rottentomatoes.com/api/public/v1.0/movies/729738996/reviews.json","similar":"http://api.rottentomatoes.com/api/public/v1.0/movies/729738996/similar.json"}},{"id":"16785","title":"The Running Man","year":1987,"mpaa_rating":"R","runtime":130,"release_dates":{"theater":"1987-11-13","dvd":"1999-05-25"},"ratings":{"critics_rating":"Fresh","critics_score":61,"audience_rating":"Upright","audience_score":61},"synopsis":"","posters":{"thumbnail":"http://content9.flixster.com/movie/28/51/285191_mob.jpg","profile":"http://content9.flixster.com/movie/28/51/285191_pro.jpg","detailed":"http://content9.flixster.com/movie/28/51/285191_det.jpg","original":"http://content9.flixster.com/movie/28/51/285191_ori.jpg"},"abridged_cast":[{"name":"Arnold Schwarzenegger","id":"162662233","characters":["Ben \"Butcher of Bakersfield\" Richards"]},{"name":"Maria Conchita Alonso","id":"162704476","characters":["Amber Mendez"]},{"name":"Richard Dawson","id":"341815908","characters":["Damon Killian Running Man Game-Show Host"]},{"name":"Yaphet Kotto","id":"162669500","characters":["Laughlin"]},{"name":"Jim Brown","id":"162699351","characters":["Fireball Stalker"]}],"alternate_ids":{"imdb":"0093894"},"links":{"self":"http://api.rottentomatoes.com/api/public/v1.0/movies/16785.json","alternate":"http://www.rottentomatoes.com/m/running_man/","cast":"http://api.rottentomatoes.com/api/public/v1.0/movies/16785/cast.json","clips":"http://api.rottentomatoes.com/api/public/v1.0/movies/16785/clips.json","reviews":"http://api.rottentomatoes.com/api/public/v1.0/movies/16785/reviews.json","similar":"http://api.rottentomatoes.com/api/public/v1.0/movies/16785/similar.json"}},{"id":"13646","title":"The Hunted","year":2003,"mpaa_rating":"R","runtime":94,"critics_consensus":"An all too familiar chase movie that's not worth the talents involved.","release_dates":{"theater":"2003-03-14","dvd":"2003-08-12"},"ratings":{"critics_rating":"Rotten","critics_score":30,"audience_rating":"Spilled","audience_score":47},"synopsis":"","posters":{"thumbnail":"http://content9.flixster.com/movie/11/13/64/11136427_mob.jpg","profile":"http://content9.flixster.com/movie/11/13/64/11136427_pro.jpg","detailed":"http://content9.flixster.com/movie/11/13/64/11136427_det.jpg","original":"http://content9.flixster.com/movie/11/13/64/11136427_ori.jpg"},"abridged_cast":[{"name":"Tommy Lee Jones","id":"162666788","characters":["L.T. Bonham"]},{"name":"Benicio Del Toro","id":"162652510","characters":["Aaron Hallam"]},{"name":"Connie Nielsen","id":"162653203","characters":["Abby Durrell"]},{"name":"Leslie Stefanson","id":"421520976","characters":["Irene"]},{"name":"Jenna Boyd","id":"770673974","characters":["Loretta"]}],"alternate_ids":{"imdb":"0269347"},"links":{"self":"http://api.rottentomatoes.com/api/public/v1.0/movies/13646.json","alternate":"http://www.rottentomatoes.com/m/1120843-hunted/","cast":"http://api.rottentomatoes.com/api/public/v1.0/movies/13646/cast.json","clips":"http://api.rottentomatoes.com/api/public/v1.0/movies/13646/clips.json","reviews":"http://api.rottentomatoes.com/api/public/v1.0/movies/13646/reviews.json","similar":"http://api.rottentomatoes.com/api/public/v1.0/movies/13646/similar.json"}},{"id":"4844270","title":"The Football Factory","year":2004,"mpaa_rating":"R","runtime":89,"release_dates":{"theater":"2004-05-14","dvd":"2005-12-26"},"ratings":{"critics_rating":"Rotten","critics_score":20,"audience_rating":"Upright","audience_score":84},"synopsis":"","posters":{"thumbnail":"http://content8.flixster.com/movie/10/92/57/10925734_mob.jpg","profile":"http://content8.flixster.com/movie/10/92/57/10925734_pro.jpg","detailed":"http://content8.flixster.com/movie/10/92/57/10925734_det.jpg","original":"http://content8.flixster.com/movie/10/92/57/10925734_ori.jpg"},"abridged_cast":[{"name":"Danny Dyer","id":"298644099"},{"name":"Frank Harper","id":"162681236"},{"name":"Tamer Hassan","id":"364653980"},{"name":"Roland Monookian","id":"771033457"},{"name":"Neil Maskell","id":"770715383"}],"alternate_ids":{"imdb":"0385705"},"links":{"self":"http://api.rottentomatoes.com/api/public/v1.0/movies/4844270.json","alternate":"http://www.rottentomatoes.com/m/1153907-football_factory/","cast":"http://api.rottentomatoes.com/api/public/v1.0/movies/4844270/cast.json","clips":"http://api.rottentomatoes.com/api/public/v1.0/movies/4844270/clips.json","reviews":"http://api.rottentomatoes.com/api/public/v1.0/movies/4844270/reviews.json","similar":"http://api.rottentomatoes.com/api/public/v1.0/movies/4844270/similar.json"}},{"id":"770677583","title":"Encounters at the End of the World","year":2007,"mpaa_rating":"G","runtime":99,"critics_consensus":"Encounters at the End of the World offers a poignant study of the human psyche amid haunting landscapes.","release_dates":{"theater":"2007-09-01","dvd":"2008-11-18"},"ratings":{"critics_rating":"Certified Fresh","critics_score":94,"audience_rating":"Upright","audience_score":82},"synopsis":"","posters":{"thumbnail":"http://content9.flixster.com/movie/10/94/31/10943159_mob.jpg","profile":"http://content9.flixster.com/movie/10/94/31/10943159_pro.jpg","detailed":"http://content9.flixster.com/movie/10/94/31/10943159_det.jpg","original":"http://content9.flixster.com/movie/10/94/31/10943159_ori.jpg"},"abridged_cast":[{"name":"Werner Herzog","id":"162653261","characters":["Narrator"]},{"name":"David Ainley","id":"770865561"},{"name":"Samuel S. Bowser","id":"771058680"},{"name":"Regina Eisert","id":"771058681"},{"name":"Kevin Emery","id":"771058682"}],"alternate_ids":{"imdb":"1093824"},"links":{"self":"http://api.rottentomatoes.com/api/public/v1.0/movies/770677583.json","alternate":"http://www.rottentomatoes.com/m/1194818-encounters_at_the_end_of_the_world/","cast":"http://api.rottentomatoes.com/api/public/v1.0/movies/770677583/cast.json","clips":"http://api.rottentomatoes.com/api/public/v1.0/movies/770677583/clips.json","reviews":"http://api.rottentomatoes.com/api/public/v1.0/movies/770677583/reviews.json","similar":"http://api.rottentomatoes.com/api/public/v1.0/movies/770677583/similar.json"}},{"id":"14631","title":"The Dreamers","year":2003,"mpaa_rating":"NC-17","runtime":115,"critics_consensus":"Though lushly atmospheric, The Dreamers doesn't engage or provoke as much as it should.","release_dates":{"theater":"2004-02-06","dvd":"2004-07-13"},"ratings":{"critics_rating":"Fresh","critics_score":61,"audience_rating":"Upright","audience_score":78},"synopsis":"","posters":{"thumbnail":"http://content9.flixster.com/movie/11/14/85/11148547_mob.jpg","profile":"http://content9.flixster.com/movie/11/14/85/11148547_pro.jpg","detailed":"http://content9.flixster.com/movie/11/14/85/11148547_det.jpg","original":"http://content9.flixster.com/movie/11/14/85/11148547_ori.jpg"},"abridged_cast":[{"name":"Michael Pitt","id":"326300386","characters":["Matthew"]},{"name":"Eva Green","id":"162652241","characters":["Isabelle"]},{"name":"Louis Garrel","id":"162710259","characters":["Theo"]},{"name":"Robin Renucci","id":"359852942","characters":["Father"]},{"name":"Anna Chancellor","id":"353587544","characters":["Mother"]}],"alternate_ids":{"imdb":"0309987"},"links":{"self":"http://api.rottentomatoes.com/api/public/v1.0/movies/14631.json","alternate":"http://www.rottentomatoes.com/m/dreamers/","cast":"http://api.rottentomatoes.com/api/public/v1.0/movies/14631/cast.json","clips":"http://api.rottentomatoes.com/api/public/v1.0/movies/14631/clips.json","reviews":"http://api.rottentomatoes.com/api/public/v1.0/movies/14631/reviews.json","similar":"http://api.rottentomatoes.com/api/public/v1.0/movies/14631/similar.json"}}],"links":{"self":"http://api.rottentomatoes.com/api/public/v1.0/movies.json?q=the&page_limit=50&page=22","next":"http://api.rottentomatoes.com/api/public/v1.0/movies.json?q=the&page_limit=50&page=23","prev":"http://api.rottentomatoes.com/api/public/v1.0/movies.json?q=the&page_limit=50&page=21"},"link_template":"http://api.rottentomatoes.com/api/public/v1.0/movies.json?q={search-term}&page_limit={results-per-page}&page={page-number}"}