

{"total":52489,"movies":[{"id":"770671490","title":"Into the Wild","year":2007,"mpaa_rating":"R","runtime":148,"critics_consensus":"With his sturdy cast and confident direction, Sean Penn has turned a complex work of non-fiction like Into the Wild into an accessible and poignant character study.","release_dates":{"theater":"2007-10-19","dvd":"2008-03-04"},"ratings":{"critics_rating":"Certified Fresh","critics_score":82,"audience_rating":"Upright","audience_score":89},"synopsis":"","posters":{"thumbnail":"http://content8.flixster.com/movie/93/52/46/9352462_mob.jpg","profile":"http://content8.flixster.com/movie/93/52/46/9352462_pro.jpg","detailed":"http://content8.flixster.com/movie/93/52/46/9352462_det.jpg","original":"http://content8.flixster.com/movie/93/52/46/9352462_ori.jpg"},"abridged_cast":[{"name":"Emile Hirsch","id":"162652589","characters":["Christopher McCandless"]},{"name":"Marcia Gay Harden","id":"162652892","characters":["Billie McCandless"]},{"name":"William Hurt","id":"162654544","characters":["Walt McCandless"]},{"name":"Jena Malone","id":"162655292","characters":["Carine McCandless"]},{"name":"Catherine Keener","id":"162652281","characters":["Jan Burres"]}],"alternate_ids":{"imdb":"0758758"},"links":{"self":"http://api.rottentomatoes.com/api/public/v1.0/movies/770671490.json","alternate":"http://www.rottentomatoes.com/m/into_the_wild/","cast":"http://api.rottentomatoes.com/api/public/v1.0/movies/770671490/cast.json","clips":"http://api.rottentomatoes.com/api/public/v1.0/movies/770671490/clips.json","reviews":"http://api.rottentomatoes.com/api/public/v1.0/movies/770671490/reviews.json","similar":"http://api.rottentomatoes.com/api/public/v1.0/movies/770671490/similar.json"}},{"id":"770789860","title":"Shorts: The Adventures of the Wishing Rock","year":2009,"mpaa_rating":"PG","runtime":89,"critics_consensus":"Shorts has imagination and energy, but most viewers beyond elementary school will likely tire of the kiddie humor and sensory overload.","release_dates":{"theater":"2009-08-21","dvd":"2009-11-24"},"ratings":{"critics_rating":"Rotten","critics_score":45,"audience_rating":"Spilled","audience_score":32},"synopsis":"","posters":{"thumbnail":"http://content7.flixster.com/movie/10/89/28/10892833_mob.jpg","profile":"http://content7.flixster.com/movie/10/89/28/10892833_pro.jpg","detailed":"http://content7.flixster.com/movie/10/89/28/10892833_det.jpg","original":"http://content7.flixster.com/movie/10/89/28/10892833_ori.jpg"},"abridged_cast":[{"name":"Jimmy Bennett","id":"162652369","characters":["Toe Thompson"]},{"name":"Jake Short","id":"770752303","characters":["Nose Noseworthy"]},{"name":"Kat Dennings","id":"326393935","characters":["Stacey Thompson"]},{"name":"Trevor Gagnon","id":"770789509","characters":["Loogie"]},{"name":"Devon Gearhart","id":"764947570","characters":["Cole Black"]}],"alternate_ids":{"imdb":"1100119"},"links":{"self":"http://api.rottentomatoes.com/api/public/v1.0/movies/770789860.json","alternate":"http://www.rottentomatoes.com/m/shorts_the_adventures_of_the_wishing_rock/","cast":"http://api.rottentomatoes.com/api/public/v1.0/movies/770789860/cast.json","clips":"http://api.rottentomatoes.com/api/public/v1.0/movies/770789860/clips.json","reviews":"http://api.rottentomatoes.com/api/public/v1.0/movies/770789860/reviews.json","similar":"http://api.rottentomatoes.com/api/public/v1.0/movies/770789860/similar.json"}},{"id":"770680796","title":"The Secret Life of Bees","year":2008,"mpaa_rating":"PG-13","runtime":105,"critics_consensus":"The Secret Life of Bees has moments of charm, but is largely too maudlin and sticky-sweet.","release_dates":{"theater":"2008-10-17","dvd":"2009-02-03"},"ratings":{"critics_rating":"Rotten","critics_score":58,"audience_rating":"Upright","audience_score":79},"synopsis":"","posters":{"thumbnail":"http://content8.flixster.com/movie/11/15/74/11157482_mob.jpg","profile":"http://content8.flixster.com/movie/11/15/74/11157482_pro.jpg","detailed":"http://content8.flixster.com/movie/11/15/74/11157482_det.jpg","original":"http://content8.flixster.com/movie/11/15/74/11157482_ori.jpg"},"abridged_cast":[{"name":"Dakota Fanning","id":"162652764","characters":["Lily Owens"]},{"name":"Jennifer Hudson","id":"364641735","characters":["Rosaleen Daise"]},{"name":"Queen Latifah","id":"162667338","characters":["August Boatwright"]},{"name":"Sophie Okonedo","id":"162683687","characters":["May Boatwright"]},{"name":"Alicia Keys","id":"364633878","characters":["June Boatwright"]}],"alternate_ids":{"imdb":"0416212"},"links":{"self":"http://api.rottentomatoes.com/api/public/v1.0/movies/770680796.json","alternate":"http://www.rottentomatoes.com/m/secret_life_of_bees/","cast":"http://api.rottentomatoes.com/api/public/v1.0/movies/770680796/cast.json","clips":"http://api.rottentomatoes.com/api/public/v1.0/movies/770680796/clips.json","reviews":"http://api.rottentomatoes.com/api/public/v1.0/movies/770680796/reviews.json","similar":"http://api.rottentomatoes.com/api/public/v1.0/movies/770680796/similar.json"}},{"id":"13015","title":"The Machinist","year":2003,"mpaa_rating":"R","runtime":98,"critics_consensus":"Brad Anderson's dark psychological thriller about a sleepless factory worker is elevated by Christian Bale astonishingly committed performance.","release_dates":{"theater":"2004-10-22","dvd":"2005-06-07"},"ratings":{"critics_rating":"Certified Fresh","critics_score":77,"audience_rating":"Upright","audience_score":83},"synopsis":"","posters":{"thumbnail":"http://content8.flixster.com/movie/26/76/267694_mob.jpg","profile":"http://content8.flixster.com/movie/26/76/267694_pro.jpg","detailed":"http://content8.flixster.com/movie/26/76/267694_det.jpg","original":"http://content8.flixster.com/movie/26/76/267694_ori.jpg"},"abridged_cast":[{"name":"Christian Bale","id":"162652645","characters":["Trevor Reznik"]},{"name":"Jennifer Jason Leigh","id":"162666243","characters":["Stevie"]},{"name":"Aitana Sanchez-Gijon","id":"162680929","characters":["Marie"]},{"name":"John Sharian","id":"421509514","characters":["Ivan"]},{"name":"Michael Ironside","id":"162713567","characters":["Miller"]}],"alternate_ids":{"imdb":"0361862"},"links":{"self":"http://api.rottentomatoes.com/api/public/v1.0/movies/13015.json","alternate":"http://www.rottentomatoes.com/m/machinist/","cast":"http://api.rottentomatoes.com/api/public/v1.0/movies/13015/cast.json","clips":"http://api.rottentomatoes.com/api/public/v1.0/movies/13015/clips.json","reviews":"http://api.rottentomatoes.com/api/public/v1.0/movies/13015/reviews.json","similar":"http://api.rottentomatoes.com/api/public/v1.0/movies/13015/similar.json"}},{"id":"770679048","title":"The Visitor","year":2008,"mpaa_rating":"PG-13","runtime":104,"critics_consensus":"The Visitor is a heartfelt, humanistic drama that deftly explores identity, immigration, and other major post-9/11 issues.","release_dates":{"theater":"2008-04-25","dvd":"2009-01-27"},"ratings":{"critics_rating":"Certified Fresh","critics_score":89,"audience_rating":"Upright","audience_score":84},"synopsis":"","posters":{"thumbnail":"http://content6.flixster.com/movie/11/16/91/11169104_mob.jpg","profile":"http://content6.flixster.com/movie/11/16/91/11169104_pro.jpg","detailed":"http://content6.flixster.com/movie/11/16/91/11169104_det.jpg","original":"http://content6.flixster.com/movie/11/16/91/11169104_ori.jpg"},"abridged_cast":[{"name":"Richard Jenkins","id":"317606141","characters":["Walter Vale"]},{"name":"Hiam Abbass","id":"326395266","characters":["Mouna"]},{"name":"Haaz Sleiman","id":"546654059","characters":["Tarek"]},{"name":"Danai Jekesai Gurira","id":"770794028","characters":["Zainab"]},{"name":"Marian Seldes","id":"770699952","characters":["Barbara"]}],"alternate_ids":{"imdb":"0857191"},"links":{"self":"http://api.rottentomatoes.com/api/public/v1.0/movies/770679048.json","alternate":"http://www.rottentomatoes.com/m/10008820-visitor/","cast":"http://api.rottentomatoes.com/api/public/v1.0/movies/770679048/cast.json","clips":"http://api.rottentomatoes.com/api/public/v1.0/movies/770679048/clips.json","reviews":"http://api.rottentomatoes.com/api/public/v1.0/movies/770679048/reviews.json","similar":"http://api.rottentomatoes.com/api/public/v1.0/movies/770679048/similar.json"}},{"id":"771035591","title":"The Tourist","year":2010,"mpaa_rating":"PG-13","runtime":103,"critics_consensus":"The scenery and the stars are undeniably beautiful, but they can't make up for The Tourist's slow, muddled plot, or the lack of chemistry between Johnny Depp and Angelina Jolie.","release_dates":{"theater":"2010-12-10","dvd":"2011-03-22"},"ratings":{"critics_rating":"Rotten","critics_score":20,"audience_rating":"Spilled","audience_score":42},"synopsis":"American tourist Frank (Johnny Depp) meets a mysterious beauty who drags him into a dangerous world of intrigue and espionage while traveling through Europe in director Florian Henckel von Donnersmarck's paranoid thriller. When Frank met Elise (Angelina Jolie) on the train, he thought it was a chance encounter. Little did Frank realize it was all part of a much bigger plan, one that would soon find him dodging bullets through both the historic streets of Paris and the winding canals of Venice. Now, the faster Frank and Elise run, the more intense their romance grows. ~ Jason Buchanan, Rovi","posters":{"thumbnail":"http://content6.flixster.com/movie/11/16/94/11169464_mob.jpg","profile":"http://content6.flixster.com/movie/11/16/94/11169464_pro.jpg","detailed":"http://content6.flixster.com/movie/11/16/94/11169464_det.jpg","original":"http://content6.flixster.com/movie/11/16/94/11169464_ori.jpg"},"abridged_cast":[{"name":"Marek Birner","id":"771425504"},{"name":"Johnny Depp","id":"162652817","characters":["Frank Tupelo"]},{"name":"Angelina Jolie","id":"162652626","characters":["Elise Clifton-Ward"]},{"name":"Paul Bettany","id":"162660360","characters":["Inspector John Acheson"]},{"name":"Timothy Dalton","id":"162669781","characters":["Chief Inspector Jones"]}],"alternate_ids":{"imdb":"1243957"},"links":{"self":"http://api.rottentomatoes.com/api/public/v1.0/movies/771035591.json","alternate":"http://www.rottentomatoes.com/m/tourist/","cast":"http://api.rottentomatoes.com/api/public/v1.0/movies/771035591/cast.json","clips":"http://api.rottentomatoes.com/api/public/v1.0/movies/771035591/clips.json","reviews":"http://api.rottentomatoes.com/api/public/v1.0/movies/771035591/reviews.json","similar":"http://api.rottentomatoes.com/api/public/v1.0/movies/771035591/similar.json"}},{"id":"528367213","title":"The Savages","year":2007,"mpaa_rating":"R","runtime":114,"critics_consensus":"Thanks to a tender, funny script from director Tamara Jenkins, and fine performances from Philip Seymour Hoffman and Laura Linney, this film delivers a nuanced, beautifully three-dimensional look at the struggles and comforts of family bonds.","release_dates":{"theater":"2007-11-28","dvd":"2008-04-22"},"ratings":{"critics_rating":"Certified Fresh","critics_score":89,"audience_rating":"Upright","audience_score":74},"synopsis":"","posters":{"thumbnail":"http://content7.flixster.com/movie/10/88/71/10887193_mob.jpg","profile":"http://content7.flixster.com/movie/10/88/71/10887193_pro.jpg","detailed":"http://content7.flixster.com/movie/10/88/71/10887193_det.jpg","original":"http://content7.flixster.com/movie/10/88/71/10887193_ori.jpg"},"abridged_cast":[{"name":"Laura Linney","id":"162653768","characters":["Wendy Savage"]},{"name":"Philip Seymour Hoffman","id":"162654287","characters":["Jon Savage"]},{"name":"Philip Bosco","id":"364640814","characters":["Lenny Savage"]},{"name":"Peter Friedman","id":"351527934","characters":["Larry"]},{"name":"David Zayas","id":"364629356","characters":["Eduardo"]}],"alternate_ids":{"imdb":"0775529"},"links":{"self":"http://api.rottentomatoes.com/api/public/v1.0/movies/528367213.json","alternate":"http://www.rottentomatoes.com/m/savages/","cast":"http://api.rottentomatoes.com/api/public/v1.0/movies/528367213/cast.json","clips":"http://api.rottentomatoes.com/api/public/v1.0/movies/528367213/clips.json","reviews":"http://api.rottentomatoes.com/api/public/v1.0/movies/528367213/reviews.json","similar":"http://api.rottentomatoes.com/api/public/v1.0/movies/528367213/similar.json"}},{"id":"23530","title":"Indiana Jones and the Temple of Doom","year":1984,"mpaa_rating":"PG","runtime":118,"critics_consensus":"It may be too \"dark\" for some, but Indiana Jones and the Temple of Doom remains an ingenious adventure spectacle that showcases one of Hollywood's finest filmmaking teams in vintage form.","release_dates":{"theater":"1984-05-01","dvd":"2003-10-21"},"ratings":{"critics_rating":"Certified Fresh","critics_score":84,"audience_rating":"Upright","audience_score":81},"synopsis":"","posters":{"thumbnail":"http://content8.flixster.com/movie/10/92/11/10921138_mob.jpg","profile":"http://content8.flixster.com/movie/10/92/11/10921138_pro.jpg","detailed":"http://content8.flixster.com/movie/10/92/11/10921138_det.jpg","original":"http://content8.flixster.com/movie/10/92/11/10921138_ori.jpg"},"abridged_cast":[{"name":"Harrison Ford","id":"162661579","characters":["Indiana Jones"]},{"name":"Kate Capshaw","id":"162672251","characters":["Willie Scott"]},{"name":"Amrish Puri","id":"171883392","characters":["Mola Ram"]},{"name":"Roshan Seth","id":"162705427","characters":["Chattar Lal"]},{"name":"Philip Stone","id":"770676094","characters":["Capt. Blumburtt"]}],"alternate_ids":{"imdb":"0087469"},"links":{"self":"http://api.rottentomatoes.com/api/public/v1.0/movies/23530.json","alternate":"http://www.rottentomatoes.com/m/indiana_jones_and_the_temple_of_doom/","cast":"http://api.rottentomatoes.com/api/public/v1.0/movies/23530/cast.json","clips":"http://api.rottentomatoes.com/api/public/v1.0/movies/23530/clips.json","reviews":"http://api.rottentomatoes.com/api/public/v1.0/movies/23530/reviews.json","similar":"http://api.rottentomatoes.com/api/public/v1.0/movies/23530/similar.json"}},{"id":"770679318","title":"The Great Debaters","year":2007,"mpaa_rating":"PG-13","runtime":127,"critics_consensus":"A wonderful cast and top-notch script elevate The Great Debaters beyond a familiar formula for a touching, uplifting drama.","release_dates":{"theater":"2007-12-25","dvd":"2008-05-13"},"ratings":{"critics_rating":"Certified Fresh","critics_score":78,"audience_rating":"Upright","audience_score":86},"synopsis":"","posters":{"thumbnail":"http://content8.flixster.com/movie/10/70/08/10700830_mob.jpg","profile":"http://content8.flixster.com/movie/10/70/08/10700830_pro.jpg","detailed":"http://content8.flixster.com/movie/10/70/08/10700830_det.jpg","original":"http://content8.flixster.com/movie/10/70/08/10700830_ori.jpg"},"abridged_cast":[{"name":"Denzel Washington","id":"162661439","characters":["Melvin B. Tolson"]},{"name":"Forest Whitaker","id":"162662640","characters":["James Farmer Sr."]},{"name":"Nate Parker","id":"770693654","characters":["Henry Lowe"]},{"name":"Jurnee Smollett","id":"162692361","characters":["Samantha Booke"]},{"name":"Denzel Whitaker","id":"770688607","characters":["James Farmer Jr."]}],"links":{"self":"http://api.rottentomatoes.com/api/public/v1.0/movies/770679318.json","alternate":"http://www.rottentomatoes.com/m/great_debaters/","cast":"http://api.rottentomatoes.com/api/public/v1.0/movies/770679318/cast.json","clips":"http://api.rottentomatoes.com/api/public/v1.0/movies/770679318/clips.json","reviews":"http://api.rottentomatoes.com/api/public/v1.0/movies/770679318/reviews.json","similar":"http://api.rottentomatoes.com/api/public/v1.0/movies/770679318/similar.json"}},{"id":"13003","title":"The Virgin Suicides","year":1999,"mpaa_rating":"R","runtime":97,"critics_consensus":"Sofia's successful directorial debut lies in the movie's compelling story and the actors' genuine emotions.","release_dates":{"theater":"2000-04-21","dvd":"2000-12-19"},"ratings":{"critics_rating":"Certified Fresh","critics_score":76,"audience_rating":"Upright","audience_score":81},"synopsis":"","posters":{"thumbnail":"http://content7.flixster.com/movie/10/88/86/10888641_mob.jpg","profile":"http://content7.flixster.com/movie/10/88/86/10888641_pro.jpg","detailed":"http://content7.flixster.com/movie/10/88/86/10888641_det.jpg","original":"http://content7.flixster.com/movie/10/88/86/10888641_ori.jpg"},"abridged_cast":[{"name":"Kirsten Dunst","id":"162654578","characters":["Lux"]},{"name":"James Woods","id":"162653279","characters":["Mr. Lisbon"]},{"name":"Kathleen Turner","id":"162658757","characters":["Mrs. Lisbon"]},{"name":"Josh Hartnett","id":"162666766","characters":["Trip Fontaine"]},{"name":"Hanna R. Hall","id":"770710012","characters":["Cecilia"]}],"alternate_ids":{"imdb":"0159097"},"links":{"self":"http://api.rottentomatoes.com/api/public/v1.0/movies/13003.json","alternate":"http://www.rottentomatoes.com/m/virgin_suicides/","cast":"http://api.rottentomatoes.com/api/public/v1.0/movies/13003/cast.json","clips":"http://api.rottentomatoes.com/api/public/v1.0/movies/13003/clips.json","reviews":"http://api.rottentomatoes.com/api/public/v1.0/movies/13003/reviews.json","similar":"http://api.rottentomatoes.com/api/public/v1.0/movies/13003/similar.json"}},{"id":"17051","title":"Dawn of the Dead","year":2004,"mpaa_rating":"R","runtime":109,"critics_consensus":"A kinetic, violent and surprisingly worthy remake of George Romero's horror classic that pays homage to the original while working on its own terms.","release_dates":{"theater":"2004-03-19","dvd":"2004-12-28"},"ratings":{"critics_rating":"Certified Fresh","critics_score":75,"audience_rating":"Upright","audience_score":77},"synopsis":"","posters":{"thumbnail":"http://content8.flixster.com/movie/28/60/286018_mob.jpg","profile":"http://content8.flixster.com/movie/28/60/286018_pro.jpg","detailed":"http://content8.flixster.com/movie/28/60/286018_det.jpg","original":"http://content8.flixster.com/movie/28/60/286018_ori.jpg"},"abridged_cast":[{"name":"Sarah Polley","id":"162692474","characters":["Ana"]},{"name":"Ving Rhames","id":"162693220","characters":["Kenneth"]},{"name":"Jake Weber","id":"162727373","characters":["Michael"]},{"name":"Mekhi Phifer","id":"162667293","characters":["Andre"]},{"name":"Ty Burrell","id":"326391544","characters":["Steve"]}],"alternate_ids":{"imdb":"0363547"},"links":{"self":"http://api.rottentomatoes.com/api/public/v1.0/movies/17051.json","alternate":"http://www.rottentomatoes.com/m/dawn_of_the_dead/","cast":"http://api.rottentomatoes.com/api/public/v1.0/movies/17051/cast.json","clips":"http://api.rottentomatoes.com/api/public/v1.0/movies/17051/clips.json","reviews":"http://api.rottentomatoes.com/api/public/v1.0/movies/17051/reviews.json","similar":"http://api.rottentomatoes.com/api/public/v1.0/movies/17051/similar.json"}},{"id":"17083","title":"The Grudge","year":2004,"mpaa_rating":"PG-13","runtime":91,"critics_consensus":"There's some creepy imagery to be found, but not much in the way of logic or truly jarring scares.","release_dates":{"theater":"2004-10-22","dvd":"2005-02-01"},"ratings":{"critics_rating":"Rotten","critics_score":39,"audience_rating":"Spilled","audience_score":47},"synopsis":"","posters":{"thumbnail":"http://content8.flixster.com/movie/11/15/40/11154062_mob.jpg","profile":"http://content8.flixster.com/movie/11/15/40/11154062_pro.jpg","detailed":"http://content8.flixster.com/movie/11/15/40/11154062_det.jpg","original":"http://content8.flixster.com/movie/11/15/40/11154062_ori.jpg"},"abridged_cast":[{"name":"Sarah Michelle Gellar","id":"162667558","characters":["Karen"]},{"name":"Jason Behr","id":"364647332","characters":["Doug"]},{"name":"William Mapother","id":"585857257","characters":["Matthew"]},{"name":"Clea DuVall","id":"162695603","characters":["Jennifer"]},{"name":"KaDee Strickland","id":"162669101","characters":["Susan"]}],"alternate_ids":{"imdb":"0391198"},"links":{"self":"http://api.rottentomatoes.com/api/public/v1.0/movies/17083.json","alternate":"http://www.rottentomatoes.com/m/grudge/","cast":"http://api.rottentomatoes.com/api/public/v1.0/movies/17083/cast.json","clips":"http://api.rottentomatoes.com/api/public/v1.0/movies/17083/clips.json","reviews":"http://api.rottentomatoes.com/api/public/v1.0/movies/17083/reviews.json","similar":"http://api.rottentomatoes.com/api/public/v1.0/movies/17083/similar.json"}},{"id":"10319","title":"The League of Extraordinary Gentlemen","year":2003,"mpaa_rating":"PG-13","runtime":110,"critics_consensus":"Just ordinary. LXG is a great premise ruined by poor execution.","release_dates":{"theater":"2003-07-11","dvd":"2003-12-16"},"ratings":{"critics_rating":"Rotten","critics_score":17,"audience_rating":"Spilled","audience_score":44},"synopsis":"","posters":{"thumbnail":"http://content6.flixster.com/movie/10/89/32/10893248_mob.jpg","profile":"http://content6.flixster.com/movie/10/89/32/10893248_pro.jpg","detailed":"http://content6.flixster.com/movie/10/89/32/10893248_det.jpg","original":"http://content6.flixster.com/movie/10/89/32/10893248_ori.jpg"},"abridged_cast":[{"name":"Sean Connery","id":"162656350","characters":["Allan Quatermain"]},{"name":"Shane West","id":"162660098","characters":["Tom Sawyer"]},{"name":"Stuart Townsend","id":"162662242","characters":["Dorian Gray"]},{"name":"Richard Roxburgh","id":"162652977","characters":["M"]},{"name":"Peta Wilson","id":"162662240","characters":["Mina Harker (nee Murray)"]}],"alternate_ids":{"imdb":"0311429"},"links":{"self":"http://api.rottentomatoes.com/api/public/v1.0/movies/10319.json","alternate":"http://www.rottentomatoes.com/m/league_of_extraordinary_gentlemen/","cast":"http://api.rottentomatoes.com/api/public/v1.0/movies/10319/cast.json","clips":"http://api.rottentomatoes.com/api/public/v1.0/movies/10319/clips.json","reviews":"http://api.rottentomatoes.com/api/public/v1.0/movies/10319/reviews.json","similar":"http://api.rottentomatoes.com/api/public/v1.0/movies/10319/similar.json"}},{"id":"770679090","title":"The Midnight Meat Train","year":2008,"mpaa_rating":"R","runtime":98,"critics_consensus":"A creative and energetic adaptation of a Clive Barker short story, with enough scares and thrills to be a potential cult classic.","release_dates":{"theater":"2008-08-14","dvd":"2009-02-17"},"ratings":{"critics_rating":"Fresh","critics_score":71,"audience_rating":"Spilled","audience_score":50},"synopsis":"","posters":{"thumbnail":"http://content7.flixster.com/movie/10/84/53/10845365_mob.jpg","profile":"http://content7.flixster.com/movie/10/84/53/10845365_pro.jpg","detailed":"http://content7.flixster.com/movie/10/84/53/10845365_det.jpg","original":"http://content7.flixster.com/movie/10/84/53/10845365_ori.jpg"},"abridged_cast":[{"name":"Bradley Cooper","id":"351525448","characters":["Leon"]},{"name":"Leslie Bibb","id":"563122407","characters":["Maya"]},{"name":"Brooke Shields","id":"162688774","characters":["Susan Hoff"]},{"name":"Vinnie Jones","id":"162707683","characters":["Mahogany"]},{"name":"Roger Bart","id":"326395585","characters":["Jurgis"]}],"alternate_ids":{"imdb":"0805570"},"links":{"self":"http://api.rottentomatoes.com/api/public/v1.0/movies/770679090.json","alternate":"http://www.rottentomatoes.com/m/10008617-midnight_meat_train/","cast":"http://api.rottentomatoes.com/api/public/v1.0/movies/770679090/cast.json","clips":"http://api.rottentomatoes.com/api/public/v1.0/movies/770679090/clips.json","reviews":"http://api.rottentomatoes.com/api/public/v1.0/movies/770679090/reviews.json","similar":"http://api.rottentomatoes.com/api/public/v1.0/movies/770679090/similar.json"}},{"id":"8762","title":"The Fog","year":2005,"mpaa_rating":"PG-13","runtime":100,"critics_consensus":"The Fog is a so-so remake of a so-so movie, lacking scares, suspense or originality.","release_dates":{"theater":"2005-10-14","dvd":"2006-01-24"},"ratings":{"critics_rating":"Rotten","critics_score":4,"audience_rating":"Spilled","audience_score":19},"synopsis":"","posters":{"thumbnail":"http://content7.flixster.com/movie/25/03/250317_mob.jpg","profile":"http://content7.flixster.com/movie/25/03/250317_pro.jpg","detailed":"http://content7.flixster.com/movie/25/03/250317_det.jpg","original":"http://content7.flixster.com/movie/25/03/250317_ori.jpg"},"abridged_cast":[{"name":"Tom Welling","id":"162654593","characters":["Nick Castle"]},{"name":"Maggie Grace","id":"162654594","characters":["Elizabeth Williams"]},{"name":"Rade Serbedzija","id":"162654597","characters":["Father Blake"]},{"name":"DeRay Davis","id":"359853263","characters":["Brett Spooner"]},{"name":"Kenneth Welsh","id":"364643706","characters":["Tom Malone"]}],"alternate_ids":{"imdb":"0432291"},"links":{"self":"http://api.rottentomatoes.com/api/public/v1.0/movies/8762.json","alternate":"http://www.rottentomatoes.com/m/fog/","cast":"http://api.rottentomatoes.com/api/public/v1.0/movies/8762/cast.json","clips":"http://api.rottentomatoes.com/api/public/v1.0/movies/8762/clips.json","reviews":"http://api.rottentomatoes.com/api/public/v1.0/movies/8762/reviews.json","similar":"http://api.rottentomatoes.com/api/public/v1.0/movies/8762/similar.json"}},{"id":"12769","title":"The Lord of the Rings: The Fellowship of the Ring","year":2001,"mpaa_rating":"PG-13","runtime":165,"critics_consensus":"Full of eye-popping special effects, and featuring a pitch-perfect cast, The Lord of the Rings: The Fellowship of the Ring brings J.R.R. Tolkien's classic to vivid life.","release_dates":{"theater":"2001-12-19","dvd":"2002-08-06"},"ratings":{"critics_rating":"Certified Fresh","critics_score":91,"audience_rating":"Upright","audience_score":95},"synopsis":"","posters":{"thumbnail":"http://content6.flixster.com/movie/11/16/64/11166420_mob.jpg","profile":"http://content6.flixster.com/movie/11/16/64/11166420_pro.jpg","detailed":"http://content6.flixster.com/movie/11/16/64/11166420_det.jpg","original":"http://content6.flixster.com/movie/11/16/64/11166420_ori.jpg"},"abridged_cast":[{"name":"Elijah Wood","id":"162652512","characters":["Frodo Baggins"]},{"name":"Ian McKellen","id":"162653241","characters":["Gandalf"]},{"name":"Ian Holm","id":"162653927","characters":["Bilbo Baggins"]},{"name":"Viggo Mortensen","id":"162654541","characters":["Aragorn"]},{"name":"Sean Bean","id":"162652874","characters":["Boromir"]}],"alternate_ids":{"imdb":"0120737"},"links":{"self":"http://api.rottentomatoes.com/api/public/v1.0/movies/12769.json","alternate":"http://www.rottentomatoes.com/m/the_lord_of_the_rings_the_fellowship_of_the_ring/","cast":"http://api.rottentomatoes.com/api/public/v1.0/movies/12769/cast.json","clips":"http://api.rottentomatoes.com/api/public/v1.0/movies/12769/clips.json","reviews":"http://api.rottentomatoes.com/api/public/v1.0/movies/12769/reviews.json","similar":"http://api.rottentomatoes.com/api/public/v1.0/movies/12769/similar.json"}},{"id":"770807290","title":"The Spy Next Door","year":2010,"mpaa_rating":"PG","runtime":94,"critics_consensus":"Lacking a script funny enough to cover up for Jackie Chan's fading physical gifts, The Spy Next Door fails on every conceivable level.","release_dates":{"theater":"2010-01-15","dvd":"2010-05-18"},"ratings":{"critics_rating":"Rotten","critics_score":12,"audience_rating":"Spilled","audience_score":40},"synopsis":"Reminiscent of Kindergarten Cop, with a dash of Spy Kids, The Spy Next Door blends together an entertaining mixture of family fun and martial-arts comedy styling to form a familiar story that once again reminds us that even hardened action heroes have a soft side. Jackie Chan stars as Bob Ho, an international spy on loan to the CIA who gives up his job in hopes of leading a so-called normal life with his next-door-neighbor girlfriend and her rambunctious brood. There's nothing in Spy that the audience hasn't seen before from similarly themed incarnations (think The Pacifier), but, fans will appreciate director Brian Levant's homage to Jackie Chan's past Hong Kong movie blockbusters -- most notably, Police Story and The Legend of Drunken Master -- during the opening credit sequence, which is fitting considering many of the action sequences are derivative of those films.The main story centers on Bob's relationship with artsy single mom Gillian (Amber Valletta) and her three kids: precocious teenage stepdaughter Farren (Madeline Carroll), nerdy middle child Ian (Will Shadley), and adorably energetic Nora (Alina Foley). After an emergency sends Gillian away to Denver, Bob steps up and offers to watch the kids while she's gone. Ill-equipped to handle a situation that's clearly over his head, Bob utilizes his spy skills and gadgets -- video watch, GPS tracking, x-ray glasses -- to gain control over the situation in hopes of winning over the kid's affection, but when an old enemy escapes from prison and threatens his potential family, Bob must return to his 007 world of international espionage to protect them.Admittedly, there's a certain level of cheese in this film, especially when it comes to the Boris-and-Natasha-style villains, Poldark (Magnus Scheving) and Creel (Katherine Boecher), whose silly Russian stereotyped performances and running joke about American fashion unabashedly border on cringe-worthy territory. Not to mention, the thinly plotted storyline involving brainiac Ian, who accidentally downloads a top-secret formula for oil-eating ooze created by the bad guys, which propels the main action of the film. Adding to the pile are the supporting cast members: George Lopez as the traitorous CIA agent, Glaze, and Billy Ray Cyrus as CIA agent and Bob's BFF Colton James, who lends folksy witticisms like \"As gone as rum cake at an AA meeting.\"Even so, Chan's charm wins out in the end, and The Spy Next Door's most effective sequences involve Bob's attempts to bond with the kids -- from taking little Nora shopping for a Halloween costume to helping Ian with school bullies and girls. These comedic moments more or less overshadow an otherwise simplistic narrative, and the audience can't help but smile to themselves every time Chan appears onscreen. Die-hard fans might miss the era of classic kick-ass Hong Kong action films, but Spy manages to fill that void as an entertaining alternative that kids and parents alike will enjoy. ~ Alaina O'Connor, Rovi","posters":{"thumbnail":"http://content6.flixster.com/movie/10/92/77/10927764_mob.jpg","profile":"http://content6.flixster.com/movie/10/92/77/10927764_pro.jpg","detailed":"http://content6.flixster.com/movie/10/92/77/10927764_det.jpg","original":"http://content6.flixster.com/movie/10/92/77/10927764_ori.jpg"},"abridged_cast":[{"name":"Jackie Chan","id":"162661013","characters":["Bo Ho"]},{"name":"Amber Valletta","id":"162653722","characters":["Gillian"]},{"name":"Madeline Carroll","id":"770753814","characters":["Farren"]},{"name":"George Lopez","id":"162652717","characters":["Glaze"]},{"name":"Billy Ray Cyrus","id":"359854152","characters":["Colton James"]}],"alternate_ids":{"imdb":"1273678"},"links":{"self":"http://api.rottentomatoes.com/api/public/v1.0/movies/770807290.json","alternate":"http://www.rottentomatoes.com/m/spy_next_door/","cast":"http://api.rottentomatoes.com/api/public/v1.0/movies/770807290/cast.json","clips":"http://api.rottentomatoes.com/api/public/v1.0/movies/770807290/clips.json","reviews":"http://api.rottentomatoes.com/api/public/v1.0/movies/770807290/reviews.json","similar":"http://api.rottentomatoes.com/api/public/v1.0/movies/770807290/similar.json"}},{"id":"10025","title":"The Aviator","year":2004,"mpaa_rating":"PG-13","runtime":170,"critics_consensus":"With a rich sense of period detail, The Aviator succeeds thanks to typically assured direction from Martin Scorsese and a strong performance from Leonardo DiCaprio, who charts Howard Hughes' descent from eccentric billionaire to reclusive madman.","release_dates":{"theater":"2004-12-17","dvd":"2005-05-24"},"ratings":{"critics_rating":"Certified Fresh","critics_score":87,"audience_rating":"Upright","audience_score":79},"synopsis":"","posters":{"thumbnail":"http://content6.flixster.com/movie/11/16/86/11168612_mob.jpg","profile":"http://content6.flixster.com/movie/11/16/86/11168612_pro.jpg","detailed":"http://content6.flixster.com/movie/11/16/86/11168612_det.jpg","original":"http://content6.flixster.com/movie/11/16/86/11168612_ori.jpg"},"abridged_cast":[{"name":"Leonardo DiCaprio","id":"162659161","characters":["Howard Hughes"]},{"name":"Cate Blanchett","id":"162659162","characters":["Katharine Hepburn"]},{"name":"Kate Beckinsale","id":"162659163","characters":["Ava Gardner"]},{"name":"John C. Reilly","id":"162652855","characters":["Noah Dietrich"]},{"name":"Alec Baldwin","id":"162656441","characters":["Juan Trippe"]}],"alternate_ids":{"imdb":"0338751"},"links":{"self":"http://api.rottentomatoes.com/api/public/v1.0/movies/10025.json","alternate":"http://www.rottentomatoes.com/m/aviator/","cast":"http://api.rottentomatoes.com/api/public/v1.0/movies/10025/cast.json","clips":"http://api.rottentomatoes.com/api/public/v1.0/movies/10025/clips.json","reviews":"http://api.rottentomatoes.com/api/public/v1.0/movies/10025/reviews.json","similar":"http://api.rottentomatoes.com/api/public/v1.0/movies/10025/similar.json"}},{"id":"14281","title":"The Big Lebowski","year":1998,"mpaa_rating":"R","runtime":118,"critics_consensus":"Typically stunning visuals and sharp dialogue from the Coen Brothers, brought to life with strong performances from Goodman and Bridges.","release_dates":{"theater":"1998-03-06","dvd":"1998-10-27"},"ratings":{"critics_rating":"Certified Fresh","critics_score":80,"audience_rating":"Upright","audience_score":94},"synopsis":"","posters":{"thumbnail":"http://content6.flixster.com/movie/10/95/21/10952108_mob.jpg","profile":"http://content6.flixster.com/movie/10/95/21/10952108_pro.jpg","detailed":"http://content6.flixster.com/movie/10/95/21/10952108_det.jpg","original":"http://content6.flixster.com/movie/10/95/21/10952108_ori.jpg"},"abridged_cast":[{"name":"Jeff Bridges","id":"162655890","characters":["The Dude"]},{"name":"John Goodman","id":"162655706","characters":["Walter Sobchak"]},{"name":"Julianne Moore","id":"162654248","characters":["Maude Lebowski"]},{"name":"Steve Buscemi","id":"162652875","characters":["Donny"]},{"name":"David Huddleston","id":"167963972","characters":["The Big Lebowski"]}],"alternate_ids":{"imdb":"0118715"},"links":{"self":"http://api.rottentomatoes.com/api/public/v1.0/movies/14281.json","alternate":"http://www.rottentomatoes.com/m/big_lebowski/","cast":"http://api.rottentomatoes.com/api/public/v1.0/movies/14281/cast.json","clips":"http://api.rottentomatoes.com/api/public/v1.0/movies/14281/clips.json","reviews":"http://api.rottentomatoes.com/api/public/v1.0/movies/14281/reviews.json","similar":"http://api.rottentomatoes.com/api/public/v1.0/movies/14281/similar.json"}},{"id":"12941","title":"Bridget Jones - The Edge of Reason","year":2004,"mpaa_rating":"R","runtime":107,"critics_consensus":"Edge of Reason is a predictable continuation to the Bridget Jones story, with too much slapstick and silliness.","release_dates":{"theater":"2004-11-12","dvd":"2005-03-22"},"ratings":{"critics_rating":"Rotten","critics_score":27,"audience_rating":"Upright","audience_score":61},"synopsis":"","posters":{"thumbnail":"http://content9.flixster.com/movie/11/12/32/11123203_mob.jpg","profile":"http://content9.flixster.com/movie/11/12/32/11123203_pro.jpg","detailed":"http://content9.flixster.com/movie/11/12/32/11123203_det.jpg","original":"http://content9.flixster.com/movie/11/12/32/11123203_ori.jpg"},"abridged_cast":[{"name":"Renee Zellweger","id":"162652570","characters":["Bridget Jones"]},{"name":"Hugh Grant","id":"162660188","characters":["Daniel Cleaver"]},{"name":"Colin Firth","id":"162654659","characters":["Mark Darcy"]},{"name":"Jim Broadbent","id":"162653369","characters":["Bridget's Dad"]},{"name":"Gemma Jones","id":"309945690","characters":["Bridget's Mum"]}],"alternate_ids":{"imdb":"0317198"},"links":{"self":"http://api.rottentomatoes.com/api/public/v1.0/movies/12941.json","alternate":"http://www.rottentomatoes.com/m/bridget_jones_the_edge_of_reason/","cast":"http://api.rottentomatoes.com/api/public/v1.0/movies/12941/cast.json","clips":"http://api.rottentomatoes.com/api/public/v1.0/movies/12941/clips.json","reviews":"http://api.rottentomatoes.com/api/public/v1.0/movies/12941/reviews.json","similar":"http://api.rottentomatoes.com/api/public/v1.0/movies/12941/similar.json"}},{"id":"10027","title":"The Goonies","year":1985,"mpaa_rating":"PG","runtime":115,"critics_consensus":"An energetic, sometimes noisy mix of Speilbergian sentiment and funhouse tricks that will appeal to kids and nostalgic adults alike.","release_dates":{"theater":"1985-06-07","dvd":"2001-08-21"},"ratings":{"critics_rating":"Fresh","critics_score":67,"audience_rating":"Upright","audience_score":91},"synopsis":"","posters":{"thumbnail":"http://content8.flixster.com/movie/11/16/67/11166730_mob.jpg","profile":"http://content8.flixster.com/movie/11/16/67/11166730_pro.jpg","detailed":"http://content8.flixster.com/movie/11/16/67/11166730_det.jpg","original":"http://content8.flixster.com/movie/11/16/67/11166730_ori.jpg"},"abridged_cast":[{"name":"Sean Astin","id":"162659177","characters":["Mikey"]},{"name":"Josh Brolin","id":"162654237","characters":["Brand"]},{"name":"Corey Feldman","id":"162661544","characters":["Mouth"]},{"name":"Kerri Green","id":"162669065","characters":["Andy"]},{"name":"Martha Plimpton","id":"162752374","characters":["Stef"]}],"alternate_ids":{"imdb":"0089218"},"links":{"self":"http://api.rottentomatoes.com/api/public/v1.0/movies/10027.json","alternate":"http://www.rottentomatoes.com/m/goonies/","cast":"http://api.rottentomatoes.com/api/public/v1.0/movies/10027/cast.json","clips":"http://api.rottentomatoes.com/api/public/v1.0/movies/10027/clips.json","reviews":"http://api.rottentomatoes.com/api/public/v1.0/movies/10027/reviews.json","similar":"http://api.rottentomatoes.com/api/public/v1.0/movies/10027/similar.json"}},{"id":"10976","title":"The Hot Chick","year":2002,"mpaa_rating":"PG-13","runtime":101,"critics_consensus":"The Hot Chick's one-note concept gets stretched thin, and a lot of the jokes fall flat.","release_dates":{"theater":"2002-12-13","dvd":"2005-01-25"},"ratings":{"critics_rating":"Rotten","critics_score":21,"audience_rating":"Upright","audience_score":60},"synopsis":"","posters":{"thumbnail":"http://content8.flixster.com/movie/25/84/258410_mob.jpg","profile":"http://content8.flixster.com/movie/25/84/258410_pro.jpg","detailed":"http://content8.flixster.com/movie/25/84/258410_det.jpg","original":"http://content8.flixster.com/movie/25/84/258410_ori.jpg"},"abridged_cast":[{"name":"Rob Schneider","id":"162653162","characters":["Clive"]},{"name":"Anna Faris","id":"162654477","characters":["April"]},{"name":"Matthew Lawrence","id":"162683049","characters":["Billy"]},{"name":"Eric Christian Olsen","id":"162673659","characters":["Jake"]},{"name":"Robert Davi","id":"162669828","characters":["Stan"]}],"alternate_ids":{"imdb":"0302640"},"links":{"self":"http://api.rottentomatoes.com/api/public/v1.0/movies/10976.json","alternate":"http://www.rottentomatoes.com/m/hot_chick/","cast":"http://api.rottentomatoes.com/api/public/v1.0/movies/10976/cast.json","clips":"http://api.rottentomatoes.com/api/public/v1.0/movies/10976/clips.json","reviews":"http://api.rottentomatoes.com/api/public/v1.0/movies/10976/reviews.json","similar":"http://api.rottentomatoes.com/api/public/v1.0/movies/10976/similar.json"}},{"id":"771219076","title":"The Possession","year":2012,"mpaa_rating":"PG-13","runtime":92,"critics_consensus":"It may be based on a true story, but that doesn't excuse the way The Possession repeatedly falls back on hoary ghost movie cliches -- or the uninentional laughs it provides.","release_dates":{"theater":"2012-08-31","dvd":"2013-01-15"},"ratings":{"critics_rating":"Rotten","critics_score":40,"audience_rating":"Spilled","audience_score":49},"synopsis":"Based on a true story, The Possession is the terrifying account of how one family must unite in order to survive the wrath of an unspeakable evil. Clyde (Jeffrey Dean Morgan) and Stephanie Brenek (Kyra Sedgwick) see little cause for alarm when their youngest daughter Em becomes oddly obsessed with an antique wooden box she purchased at a yard sale. But as Em's behavior becomes increasingly erratic, the couple fears the presence of a malevolent force in their midst, only to discover that the box was built to contain a dibbuk, a dislocated spirit that inhabits and ultimately devours its human host. -- (C) Lionsgate","posters":{"thumbnail":"http://content9.flixster.com/movie/11/16/86/11168615_mob.jpg","profile":"http://content9.flixster.com/movie/11/16/86/11168615_pro.jpg","detailed":"http://content9.flixster.com/movie/11/16/86/11168615_det.jpg","original":"http://content9.flixster.com/movie/11/16/86/11168615_ori.jpg"},"abridged_cast":[{"name":"Jeffrey Dean Morgan","id":"770674876","characters":["Clyde","Clyde Brenek"]},{"name":"Kyra Sedgwick","id":"162663789","characters":["Stephanie","Stephanie Brenek"]},{"name":"Natasha Calis","id":"770692393","characters":["Em"]},{"name":"Madison Davenport","id":"770677638","characters":["Hannah"]},{"name":"Matisyahu","id":"770816247","characters":["Tzadok"]}],"alternate_ids":{"imdb":"0431021"},"links":{"self":"http://api.rottentomatoes.com/api/public/v1.0/movies/771219076.json","alternate":"http://www.rottentomatoes.com/m/the_possession/","cast":"http://api.rottentomatoes.com/api/public/v1.0/movies/771219076/cast.json","clips":"http://api.rottentomatoes.com/api/public/v1.0/movies/771219076/clips.json","reviews":"http://api.rottentomatoes.com/api/public/v1.0/movies/771219076/reviews.json","similar":"http://api.rottentomatoes.com/api/public/v1.0/movies/771219076/similar.json"}},{"id":"24477","title":"The New World","year":2005,"mpaa_rating":"PG-13","runtime":150,"critics_consensus":"Despite arresting visuals and strong lead performances, The New World suffers from an unfocused narrative that will challenge viewers' attention spans over its 2 1/2 hours.","release_dates":{"theater":"2005-01-13","dvd":"2006-05-09"},"ratings":{"critics_rating":"Fresh","critics_score":62,"audience_rating":"Spilled","audience_score":58},"synopsis":"","posters":{"thumbnail":"http://content6.flixster.com/movie/52/18/521800_mob.jpg","profile":"http://content6.flixster.com/movie/52/18/521800_pro.jpg","detailed":"http://content6.flixster.com/movie/52/18/521800_det.jpg","original":"http://content6.flixster.com/movie/52/18/521800_ori.jpg"},"abridged_cast":[{"name":"Colin Farrell","id":"162665297","characters":["John Smith"]},{"name":"Q'Orianka Kilcher","id":"602649491","characters":["Pocahontas"]},{"name":"Christopher Plummer","id":"162652929","characters":["Capt. Christopher Newport"]},{"name":"Christian Bale","id":"162652645","characters":["John Rolfe"]},{"name":"August Schellenberg","id":"364613946","characters":["Chief Powhatan"]}],"alternate_ids":{"imdb":"0402399"},"links":{"self":"http://api.rottentomatoes.com/api/public/v1.0/movies/24477.json","alternate":"http://www.rottentomatoes.com/m/1152954-new_world/","cast":"http://api.rottentomatoes.com/api/public/v1.0/movies/24477/cast.json","clips":"http://api.rottentomatoes.com/api/public/v1.0/movies/24477/clips.json","reviews":"http://api.rottentomatoes.com/api/public/v1.0/movies/24477/reviews.json","similar":"http://api.rottentomatoes.com/api/public/v1.0/movies/24477/similar.json"}},{"id":"9583","title":"The Sound of Music","year":1965,"mpaa_rating":"G","runtime":174,"critics_consensus":"Unapologetically sweet and maybe even a little corny, The Sound of Music will win over all but the most cynical filmgoers with its classic songs and irresistible warmth.","release_dates":{"theater":"1965-03-02","dvd":"2000-08-21"},"ratings":{"critics_rating":"Certified Fresh","critics_score":85,"audience_rating":"Upright","audience_score":91},"synopsis":"","posters":{"thumbnail":"http://content7.flixster.com/movie/11/16/44/11164469_mob.jpg","profile":"http://content7.flixster.com/movie/11/16/44/11164469_pro.jpg","detailed":"http://content7.flixster.com/movie/11/16/44/11164469_det.jpg","original":"http://content7.flixster.com/movie/11/16/44/11164469_ori.jpg"},"abridged_cast":[{"name":"Julie Andrews","id":"162655749","characters":["Maria von Trapp"]},{"name":"Christopher Plummer","id":"162652929","characters":["Captain Von Trapp"]},{"name":"Eleanor Parker","id":"364604750","characters":["The Baroness"]},{"name":"Richard Haydn","id":"405589525","characters":["Max Detweiler"]},{"name":"Peggy Wood","id":"405589526","characters":["Mother Abbess"]}],"alternate_ids":{"imdb":"0059742"},"links":{"self":"http://api.rottentomatoes.com/api/public/v1.0/movies/9583.json","alternate":"http://www.rottentomatoes.com/m/sound_of_music/","cast":"http://api.rottentomatoes.com/api/public/v1.0/movies/9583/cast.json","clips":"http://api.rottentomatoes.com/api/public/v1.0/movies/9583/clips.json","reviews":"http://api.rottentomatoes.com/api/public/v1.0/movies/9583/reviews.json","similar":"http://api.rottentomatoes.com/api/public/v1.0/movies/9583/similar.json"}},{"id":"15519","title":"The Crow","year":1994,"mpaa_rating":"R","runtime":101,"critics_consensus":"Filled with style and dark, lurid energy, The Crow is an action-packed visual feast that also has a soul in the performance of the late Brandon Lee.","release_dates":{"theater":"1994-01-01","dvd":"1998-01-01"},"ratings":{"critics_rating":"Certified Fresh","critics_score":82,"audience_rating":"Upright","audience_score":91},"synopsis":"","posters":{"thumbnail":"http://content7.flixster.com/movie/11/17/37/11173709_mob.jpg","profile":"http://content7.flixster.com/movie/11/17/37/11173709_pro.jpg","detailed":"http://content7.flixster.com/movie/11/17/37/11173709_det.jpg","original":"http://content7.flixster.com/movie/11/17/37/11173709_ori.jpg"},"abridged_cast":[{"name":"Brandon Lee","id":"162707826","characters":["Eric Draven"]},{"name":"Ernie Hudson","id":"364643732","characters":["Albrecht"]},{"name":"Michael Wincott","id":"162689793","characters":["Top Dollar"]},{"name":"David Patrick Kelly","id":"754128628","characters":["T-Bird"]},{"name":"Angel David","id":"770712358","characters":["Skank"]}],"alternate_ids":{"imdb":"0109506"},"links":{"self":"http://api.rottentomatoes.com/api/public/v1.0/movies/15519.json","alternate":"http://www.rottentomatoes.com/m/crow/","cast":"http://api.rottentomatoes.com/api/public/v1.0/movies/15519/cast.json","clips":"http://api.rottentomatoes.com/api/public/v1.0/movies/15519/clips.json","reviews":"http://api.rottentomatoes.com/api/public/v1.0/movies/15519/reviews.json","similar":"http://api.rottentomatoes.com/api/public/v1.0/movies/15519/similar.json"}},{"id":"23532","title":"Back to the Future","year":1985,"mpaa_rating":"PG","runtime":116,"critics_consensus":"Inventive, funny, and breathlessly constructed, Back to the Future is rousing a time-travel adventure with an unforgettable spirit.","release_dates":{"theater":"1985-07-03","dvd":"2002-12-17"},"ratings":{"critics_rating":"Certified Fresh","critics_score":96,"audience_rating":"Upright","audience_score":94},"synopsis":"","posters":{"thumbnail":"http://content6.flixster.com/movie/11/17/38/11173852_mob.jpg","profile":"http://content6.flixster.com/movie/11/17/38/11173852_pro.jpg","detailed":"http://content6.flixster.com/movie/11/17/38/11173852_det.jpg","original":"http://content6.flixster.com/movie/11/17/38/11173852_ori.jpg"},"abridged_cast":[{"name":"Michael J. Fox","id":"162656043","characters":["Marty McFly"]},{"name":"Christopher Lloyd","id":"162657089","characters":["Dr. Emmett Brown"]},{"name":"Crispin Glover","id":"371357765","characters":["George McFly"]},{"name":"Lea Thompson","id":"162662325","characters":["Lorraine Baines"]},{"name":"Thomas F. Wilson","id":"283081805","characters":["Biff Tannen"]}],"alternate_ids":{"imdb":"0088763"},"links":{"self":"http://api.rottentomatoes.com/api/public/v1.0/movies/23532.json","alternate":"http://www.rottentomatoes.com/m/back_to_the_future/","cast":"http://api.rottentomatoes.com/api/public/v1.0/movies/23532/cast.json","clips":"http://api.rottentomatoes.com/api/public/v1.0/movies/23532/clips.json","reviews":"http://api.rottentomatoes.com/api/public/v1.0/movies/23532/reviews.json","similar":"http://api.rottentomatoes.com/api/public/v1.0/movies/23532/similar.json"}},{"id":"13450","title":"Jackass - The Movie","year":2002,"mpaa_rating":"R","runtime":84,"critics_consensus":"There's a good chance you'll be laughing hysterically at one stunt, but getting grossed out by the next one in this big screen version of the controversial MTV show.","release_dates":{"theater":"2002-10-25","dvd":"2003-03-25"},"ratings":{"critics_rating":"Rotten","critics_score":48,"audience_rating":"Upright","audience_score":76},"synopsis":"","posters":{"thumbnail":"http://content8.flixster.com/movie/11/17/33/11173374_mob.jpg","profile":"http://content8.flixster.com/movie/11/17/33/11173374_pro.jpg","detailed":"http://content8.flixster.com/movie/11/17/33/11173374_det.jpg","original":"http://content8.flixster.com/movie/11/17/33/11173374_ori.jpg"},"abridged_cast":[{"name":"Johnny Knoxville","id":"162652591"},{"name":"Bam Margera","id":"162692332"},{"name":"Chris Pontius","id":"162692333"},{"name":"Stephen 'Steve-O' Glover","id":"326392825"},{"name":"Dave England","id":"335720004"}],"alternate_ids":{"imdb":"0322802"},"links":{"self":"http://api.rottentomatoes.com/api/public/v1.0/movies/13450.json","alternate":"http://www.rottentomatoes.com/m/jackass_the_movie/","cast":"http://api.rottentomatoes.com/api/public/v1.0/movies/13450/cast.json","clips":"http://api.rottentomatoes.com/api/public/v1.0/movies/13450/clips.json","reviews":"http://api.rottentomatoes.com/api/public/v1.0/movies/13450/reviews.json","similar":"http://api.rottentomatoes.com/api/public/v1.0/movies/13450/similar.json"}},{"id":"771266128","title":"The Words","year":2012,"mpaa_rating":"PG-13","runtime":96,"critics_consensus":"Neither as clever nor as interesting as it appears to think it is, The Words maroons its talented stars in an overly complex, dramatically inert literary thriller that's ultimately a poor substitute for a good book.","release_dates":{"theater":"2012-09-07","dvd":"2012-12-24"},"ratings":{"critics_rating":"Rotten","critics_score":22,"audience_rating":"Spilled","audience_score":50},"synopsis":"Starring Bradley Cooper, Jeremy Irons, Dennis Quaid, Olivia Wilde and Zoe Saldana, the layered romantic drama The Words follows young writer Rory Jansen who finally achieves long sought after literary success after publishing the next great American novel. There's only one catch - he didn't write it. As the past comes back to haunt him and his literary star continues to rise, Jansen is forced to confront the steep price that must be paid for stealing another man's work, and for placing ambition and success above life's most fundamental three words. -- (C) CBS Films","posters":{"thumbnail":"http://content6.flixster.com/movie/11/16/81/11168144_mob.jpg","profile":"http://content6.flixster.com/movie/11/16/81/11168144_pro.jpg","detailed":"http://content6.flixster.com/movie/11/16/81/11168144_det.jpg","original":"http://content6.flixster.com/movie/11/16/81/11168144_ori.jpg"},"abridged_cast":[{"name":"Bradley Cooper","id":"351525448","characters":["Rory Jansen"]},{"name":"Jeremy Irons","id":"162652244","characters":["The Old Man"]},{"name":"Dennis Quaid","id":"162655527","characters":["Clay Hammond"]},{"name":"Olivia Wilde","id":"326299741","characters":["Daniella","Danielle"]},{"name":"Zoe Saldana","id":"162660050","characters":["Dora Jansen"]}],"alternate_ids":{"imdb":"1840417"},"links":{"self":"http://api.rottentomatoes.com/api/public/v1.0/movies/771266128.json","alternate":"http://www.rottentomatoes.com/m/the_words/","cast":"http://api.rottentomatoes.com/api/public/v1.0/movies/771266128/cast.json","clips":"http://api.rottentomatoes.com/api/public/v1.0/movies/771266128/clips.json","reviews":"http://api.rottentomatoes.com/api/public/v1.0/movies/771266128/reviews.json","similar":"http://api.rottentomatoes.com/api/public/v1.0/movies/771266128/similar.json"}},{"id":"330424823","title":"Gwoemul (The Host)","year":2006,"mpaa_rating":"R","runtime":119,"critics_consensus":"As populace pleasing as it is intellectually satisfying, The Host combines scares, laughs, and satire into a riveting, monster movie.","release_dates":{"theater":"2007-03-09","dvd":"2007-07-24"},"ratings":{"critics_rating":"Certified Fresh","critics_score":93,"audience_rating":"Upright","audience_score":71},"synopsis":"","posters":{"thumbnail":"http://content6.flixster.com/movie/89/03/27/8903276_mob.jpg","profile":"http://content6.flixster.com/movie/89/03/27/8903276_pro.jpg","detailed":"http://content6.flixster.com/movie/89/03/27/8903276_det.jpg","original":"http://content6.flixster.com/movie/89/03/27/8903276_ori.jpg"},"abridged_cast":[{"name":"Song Kang-ho","id":"162653439","characters":["Gang-du"]},{"name":"Byun Hee-bong","id":"770914515"},{"name":"Park Hae-il","id":"770679356"},{"name":"Du-na Bae","id":"162653444"},{"name":"Ko A-sung","id":"770913084","characters":["Hyun-seo"]}],"alternate_ids":{"imdb":"0468492"},"links":{"self":"http://api.rottentomatoes.com/api/public/v1.0/movies/330424823.json","alternate":"http://www.rottentomatoes.com/m/gwoemul_2006/","cast":"http://api.rottentomatoes.com/api/public/v1.0/movies/330424823/cast.json","clips":"http://api.rottentomatoes.com/api/public/v1.0/movies/330424823/clips.json","reviews":"http://api.rottentomatoes.com/api/public/v1.0/movies/330424823/reviews.json","similar":"http://api.rottentomatoes.com/api/public/v1.0/movies/330424823/similar.json"}},{"id":"770810632","title":"The Switch","year":2010,"mpaa_rating":"PG-13","runtime":101,"critics_consensus":"The Switch has an interesting premise and a charming cast; unfortunately, it also has a trite script that hews too close to tired rom-com formulas.","release_dates":{"theater":"2010-08-20","dvd":"2011-03-15"},"ratings":{"critics_rating":"Rotten","critics_score":51,"audience_rating":"Spilled","audience_score":45},"synopsis":"A woman approaching middle age yet still childless decides to get pregnant by artificial insemination, only to discover that the donor she chose may not be the father of her child in this comedy starring Jennifer Aniston and Jason Bateman. Wally Mars (Bateman) is a dyed-in-the-wool pessimist. Hopelessly neurotic and unrepentantly narcissistic, he gets no joy out of life except for the time he spends with his best friend Kassie (Jennifer Aniston). However, despite the fact that Wally pines to be more than just friends with Kassie, she isn't convinced they'd make a good couple. When Kassie announces to Wally that she's found the perfect sperm donor, he's crestfallen; as far as he's concerned, the ideal candidate is standing right in front of her. Later, Kassie selects handsome stranger Roland (Patrick Wilson) to provide the seed. Things get complicated when Kassie's best friend Debbie (Juliette Lewis) throws an \"insemination party\" to commemorate the big event, and Wally intercepts Roland's special delivery, drunkenly replacing it with his own before blacking out. Pregnant and content, Kassie leaves the city for Minnesota, where she gives birth to a healthy baby boy. Flash-forward seven years, and Kassie returns to New York with her son, Sebastian (Thomas Robinson), who shares an uncanny number of physical and psychological traits with embittered bachelor Wally. Before long Wally and Sebastian have become good friends, and Wally becomes convinced that the boy is his biological son. His ideal family is finally within reach, and if he can just figure out a means of breaking the news to Kassie gently, perhaps she'll find it in her heart to forgive him, and recognize that he'll make the perfect father for Sebastian. ~ Jason Buchanan, Rovi","posters":{"thumbnail":"http://content9.flixster.com/movie/10/95/44/10954487_mob.jpg","profile":"http://content9.flixster.com/movie/10/95/44/10954487_pro.jpg","detailed":"http://content9.flixster.com/movie/10/95/44/10954487_det.jpg","original":"http://content9.flixster.com/movie/10/95/44/10954487_ori.jpg"},"abridged_cast":[{"name":"Jennifer Aniston","id":"162655148","characters":["Kassie"]},{"name":"Jason Bateman","id":"326298973","characters":["Wally"]},{"name":"Patrick Wilson","id":"162659104","characters":["Roland"]},{"name":"Jeff Goldblum","id":"162668455","characters":["Leonard"]},{"name":"Juliette Lewis","id":"162654115","characters":["Debbie"]}],"alternate_ids":{"imdb":"0889573"},"links":{"self":"http://api.rottentomatoes.com/api/public/v1.0/movies/770810632.json","alternate":"http://www.rottentomatoes.com/m/the_switch_2010/","cast":"http://api.rottentomatoes.com/api/public/v1.0/movies/770810632/cast.json","clips":"http://api.rottentomatoes.com/api/public/v1.0/movies/770810632/clips.json","reviews":"http://api.rottentomatoes.com/api/public/v1.0/movies/770810632/reviews.json","similar":"http://api.rottentomatoes.com/api/public/v1.0/movies/770810632/similar.json"}},{"id":"771219444","title":"Alvin and the Chipmunks: Chipwrecked","year":2011,"mpaa_rating":"G","runtime":90,"critics_consensus":"Lazy, rote, and grating, Chipwrecked is lowest-common-denominator family entertainment that's strictly for the very, very, very young at heart.","release_dates":{"theater":"2011-12-16","dvd":"2012-03-27"},"ratings":{"critics_rating":"Rotten","critics_score":12,"audience_rating":"Spilled","audience_score":53},"synopsis":"The vacationing Chipmunks and Chipettes are turning a luxury cruise liner into their personal playground, until they become 'chipwrecked' on a remote island. As the 'Munks and Chipettes try various schemes to find their way home, they accidentally discover their new turf is not as deserted as it seems. -- (C) Official Site","posters":{"thumbnail":"http://content9.flixster.com/movie/11/16/12/11161263_mob.jpg","profile":"http://content9.flixster.com/movie/11/16/12/11161263_pro.jpg","detailed":"http://content9.flixster.com/movie/11/16/12/11161263_det.jpg","original":"http://content9.flixster.com/movie/11/16/12/11161263_ori.jpg"},"abridged_cast":[{"name":"Jason Lee","id":"162659070","characters":["Dave","Dave Seville"]},{"name":"Justin Long","id":"162652679","characters":["Alvin"]},{"name":"Matthew Gray Gubler","id":"770692119","characters":["Simon"]},{"name":"Jesse McCartney","id":"519390858","characters":["Theodore"]},{"name":"Amy Poehler","id":"162672465","characters":["Eleanor"]}],"alternate_ids":{"imdb":"1615918"},"links":{"self":"http://api.rottentomatoes.com/api/public/v1.0/movies/771219444.json","alternate":"http://www.rottentomatoes.com/m/alvin_and_the_chipmunks_chipwrecked_2011/","cast":"http://api.rottentomatoes.com/api/public/v1.0/movies/771219444/cast.json","clips":"http://api.rottentomatoes.com/api/public/v1.0/movies/771219444/clips.json","reviews":"http://api.rottentomatoes.com/api/public/v1.0/movies/771219444/reviews.json","similar":"http://api.rottentomatoes.com/api/public/v1.0/movies/771219444/similar.json"}},{"id":"314099688","title":"The Butterfly Effect 2","year":2006,"mpaa_rating":"R","runtime":92,"release_dates":{"theater":"2006-10-10","dvd":"2006-10-10"},"ratings":{"critics_score":-1,"audience_rating":"Spilled","audience_score":27},"synopsis":"","posters":{"thumbnail":"http://content9.flixster.com/movie/11/14/18/11141871_mob.jpg","profile":"http://content9.flixster.com/movie/11/14/18/11141871_pro.jpg","detailed":"http://content9.flixster.com/movie/11/14/18/11141871_det.jpg","original":"http://content9.flixster.com/movie/11/14/18/11141871_ori.jpg"},"abridged_cast":[{"name":"Eric Lively","id":"314101384","characters":["Nick Larson"]},{"name":"Erica Durance","id":"314101385","characters":["Julie"]},{"name":"JR Bourne","id":"314101386"},{"name":"Ashton Kutcher","id":"162652453","characters":["Evan Treborn"]},{"name":"Amy Smart","id":"162655491","characters":["Kayleigh Miller"]}],"alternate_ids":{"imdb":"0457297"},"links":{"self":"http://api.rottentomatoes.com/api/public/v1.0/movies/314099688.json","alternate":"http://www.rottentomatoes.com/m/butterfly_effect_2/","cast":"http://api.rottentomatoes.com/api/public/v1.0/movies/314099688/cast.json","clips":"http://api.rottentomatoes.com/api/public/v1.0/movies/314099688/clips.json","reviews":"http://api.rottentomatoes.com/api/public/v1.0/movies/314099688/reviews.json","similar":"http://api.rottentomatoes.com/api/public/v1.0/movies/314099688/similar.json"}},{"id":"770683913","title":"Star Wars: The Clone Wars","year":2008,"mpaa_rating":"PG","runtime":98,"critics_consensus":"Mechanical animation and a less-than stellar script make The Clone Wars a pale shadow of George Lucas' once great franchise.","release_dates":{"theater":"2008-08-15","dvd":"2008-11-11"},"ratings":{"critics_rating":"Rotten","critics_score":18,"audience_rating":"Spilled","audience_score":39},"synopsis":"","posters":{"thumbnail":"http://content9.flixster.com/movie/11/13/24/11132487_mob.jpg","profile":"http://content9.flixster.com/movie/11/13/24/11132487_pro.jpg","detailed":"http://content9.flixster.com/movie/11/13/24/11132487_det.jpg","original":"http://content9.flixster.com/movie/11/13/24/11132487_ori.jpg"},"abridged_cast":[{"name":"Matt Lanter","id":"770699725","characters":["Anakin Skywalker"]},{"name":"Ashley Eckstein","id":"770799370","characters":["Ahsoka Tano"]},{"name":"James Arnold Taylor","id":"178810504","characters":["4-A7","Medical Droid","Obi-Wan Kenobi"]},{"name":"Dee Bradley Baker","id":"551528216","characters":["Captain Rex","Clone Troopers","Cody Dee"]},{"name":"Tom Kane","id":"178810497","characters":["Admiral Yularen","Narrator","Yoda"]}],"alternate_ids":{"imdb":"1185834"},"links":{"self":"http://api.rottentomatoes.com/api/public/v1.0/movies/770683913.json","alternate":"http://www.rottentomatoes.com/m/clone_wars/","cast":"http://api.rottentomatoes.com/api/public/v1.0/movies/770683913/cast.json","clips":"http://api.rottentomatoes.com/api/public/v1.0/movies/770683913/clips.json","reviews":"http://api.rottentomatoes.com/api/public/v1.0/movies/770683913/reviews.json","similar":"http://api.rottentomatoes.com/api/public/v1.0/movies/770683913/similar.json"}},{"id":"133039558","title":"The Last Samurai","year":2003,"mpaa_rating":"R","runtime":154,"critics_consensus":"With high production values and thrilling battle scenes, The Last Samurai is a satisfying epic.","release_dates":{"theater":"2003-12-05","dvd":"2004-05-04"},"ratings":{"critics_rating":"Fresh","critics_score":65,"audience_rating":"Upright","audience_score":83},"synopsis":"","posters":{"thumbnail":"http://content7.flixster.com/movie/11/16/68/11166861_mob.jpg","profile":"http://content7.flixster.com/movie/11/16/68/11166861_pro.jpg","detailed":"http://content7.flixster.com/movie/11/16/68/11166861_det.jpg","original":"http://content7.flixster.com/movie/11/16/68/11166861_ori.jpg"},"abridged_cast":[{"name":"Tom Cruise","id":"162652763","characters":["Nathan Algren"]},{"name":"Timothy Spall","id":"162698684","characters":["Simon Graham"]},{"name":"Ken Watanabe","id":"335718197","characters":["Katsumoto"]},{"name":"Billy Connolly","id":"162662548","characters":["Zebulon Gant"]},{"name":"Tony Goldwyn","id":"162656408","characters":["Colonel Benjamin Bagley"]}],"alternate_ids":{"imdb":"0325710"},"links":{"self":"http://api.rottentomatoes.com/api/public/v1.0/movies/133039558.json","alternate":"http://www.rottentomatoes.com/m/last_samurai/","cast":"http://api.rottentomatoes.com/api/public/v1.0/movies/133039558/cast.json","clips":"http://api.rottentomatoes.com/api/public/v1.0/movies/133039558/clips.json","reviews":"http://api.rottentomatoes.com/api/public/v1.0/movies/133039558/reviews.json","similar":"http://api.rottentomatoes.com/api/public/v1.0/movies/133039558/similar.json"}},{"id":"16340","title":"The Terminator","year":1984,"mpaa_rating":"R","runtime":108,"critics_consensus":"With its impressive action sequences, taut economic direction, and relentlessly fast pace, it's clear why The Terminator continues to be an influence on sci-fi and action flicks.","release_dates":{"theater":"1984-10-26","dvd":"1997-09-03"},"ratings":{"critics_rating":"Certified Fresh","critics_score":100,"audience_rating":"Upright","audience_score":88},"synopsis":"","posters":{"thumbnail":"http://content6.flixster.com/movie/11/15/35/11153556_mob.jpg","profile":"http://content6.flixster.com/movie/11/15/35/11153556_pro.jpg","detailed":"http://content6.flixster.com/movie/11/15/35/11153556_det.jpg","original":"http://content6.flixster.com/movie/11/15/35/11153556_ori.jpg"},"abridged_cast":[{"name":"Arnold Schwarzenegger","id":"162662233","characters":["Terminator"]},{"name":"Michael Biehn","id":"162681092","characters":["Kyle Reese"]},{"name":"Linda Hamilton","id":"162671195","characters":["Sarah Connor"]},{"name":"Paul Winfield","id":"162656918","characters":["Traxler"]},{"name":"Lance Henriksen","id":"162660194","characters":["Vukovich"]}],"alternate_ids":{"imdb":"0088247"},"links":{"self":"http://api.rottentomatoes.com/api/public/v1.0/movies/16340.json","alternate":"http://www.rottentomatoes.com/m/terminator/","cast":"http://api.rottentomatoes.com/api/public/v1.0/movies/16340/cast.json","clips":"http://api.rottentomatoes.com/api/public/v1.0/movies/16340/clips.json","reviews":"http://api.rottentomatoes.com/api/public/v1.0/movies/16340/reviews.json","similar":"http://api.rottentomatoes.com/api/public/v1.0/movies/16340/similar.json"}},{"id":"10008","title":"Star Wars: Episode I - The Phantom Menace","year":1999,"mpaa_rating":"PG","runtime":131,"critics_consensus":"Lucas needs to improve on the plot and character development, but there's plenty of eye candy to behold.","release_dates":{"theater":"1999-05-09","dvd":"2001-10-16"},"ratings":{"critics_rating":"Rotten","critics_score":57,"audience_rating":"Upright","audience_score":61},"synopsis":"","posters":{"thumbnail":"http://content8.flixster.com/movie/11/16/30/11163090_mob.jpg","profile":"http://content8.flixster.com/movie/11/16/30/11163090_pro.jpg","detailed":"http://content8.flixster.com/movie/11/16/30/11163090_det.jpg","original":"http://content8.flixster.com/movie/11/16/30/11163090_ori.jpg"},"abridged_cast":[{"name":"Ewan McGregor","id":"162652152","characters":["Obi-Wan Kenobi"]},{"name":"Liam Neeson","id":"162652242","characters":["Qui-Gon Jinn"]},{"name":"Natalie Portman","id":"162652154","characters":["Queen Amidala / PadmA? Naberrie","Queen Amidala / Padme Naberrie","Queen Amidala / Padm? Naberrie"]},{"name":"Jake Lloyd","id":"162662392","characters":["Anakin Skywalker"]},{"name":"Pernilla August","id":"405588753","characters":["Shmi Skywalker"]}],"links":{"self":"http://api.rottentomatoes.com/api/public/v1.0/movies/10008.json","alternate":"http://www.rottentomatoes.com/m/star_wars_episode_i_the_phantom_menace/","cast":"http://api.rottentomatoes.com/api/public/v1.0/movies/10008/cast.json","clips":"http://api.rottentomatoes.com/api/public/v1.0/movies/10008/clips.json","reviews":"http://api.rottentomatoes.com/api/public/v1.0/movies/10008/reviews.json","similar":"http://api.rottentomatoes.com/api/public/v1.0/movies/10008/similar.json"}},{"id":"770782775","title":"Scott Pilgrim vs. the World","year":2010,"mpaa_rating":"PG-13","runtime":113,"critics_consensus":"Its script may not be as dazzling as its eye-popping visuals, but Scott Pilgrim vs. the World is fast, funny, and inventive.","release_dates":{"theater":"2010-08-13","dvd":"2010-11-09"},"ratings":{"critics_rating":"Certified Fresh","critics_score":82,"audience_rating":"Upright","audience_score":83},"synopsis":"Based on Bryan Lee O'Malley's Oni Press comic book of the same name, Scott Pilgrim vs. the World follows the eponymous slacker rocker on his colorful quest to defeat his dream girl's seven evil ex-boyfriends. Twenty-two-year-old Scott Pilgrim (Michael Cera) may not have a job, but rocking the bass for his band, Sex Bob-omb, is a tough job unto itself. When Scott locks eyes with Ramona Flowers (Mary Elizabeth Winstead), he knows she's the girl he wants to grow old with. But Ramona has some serious baggage; her supercharged exes rue the thought of her being with another man, and they'll crush any guy who gives her a second glance. Now, in order to win Ramona's heart, Scott will do battle with everyone from vegan-powered rock gods to sinister skateboarders, never losing sight of his gorgeous goal as he pummels his way to victory. Shaun of the Dead's Edgar Wright directs the film from a script he penned with Michael Bacall. Superhero veterans Chris Evans and Brandon Routh co-star in the action comedy as two of the seven ex-boyfriends. ~ Jason Buchanan, Rovi","posters":{"thumbnail":"http://content7.flixster.com/movie/11/16/89/11168901_mob.jpg","profile":"http://content7.flixster.com/movie/11/16/89/11168901_pro.jpg","detailed":"http://content7.flixster.com/movie/11/16/89/11168901_det.jpg","original":"http://content7.flixster.com/movie/11/16/89/11168901_ori.jpg"},"abridged_cast":[{"name":"Michael Cera","id":"742790762","characters":["Scott Pilgrim"]},{"name":"Mary Elizabeth Winstead","id":"341817661","characters":["Ramona Flowers"]},{"name":"Kieran Culkin","id":"162664315","characters":["Wallace Wells"]},{"name":"Chris Evans","id":"162652784","characters":["Lucas Lee"]},{"name":"Anna Kendrick","id":"528367112","characters":["Stacey Pilgrim"]}],"alternate_ids":{"imdb":"0446029"},"links":{"self":"http://api.rottentomatoes.com/api/public/v1.0/movies/770782775.json","alternate":"http://www.rottentomatoes.com/m/scott_pilgrims_vs_the_world/","cast":"http://api.rottentomatoes.com/api/public/v1.0/movies/770782775/cast.json","clips":"http://api.rottentomatoes.com/api/public/v1.0/movies/770782775/clips.json","reviews":"http://api.rottentomatoes.com/api/public/v1.0/movies/770782775/reviews.json","similar":"http://api.rottentomatoes.com/api/public/v1.0/movies/770782775/similar.json"}},{"id":"770856398","title":"The Runaways","year":2010,"mpaa_rating":"R","runtime":107,"critics_consensus":"Viewers expecting an in-depth biopic will be disappointed, but The Runaways is as electric as the band's music, largely thanks to strong performances from Michael Shannon, Dakota Fanning, and Kristen Stewart.","release_dates":{"theater":"2010-04-09","dvd":"2010-07-20"},"ratings":{"critics_rating":"Fresh","critics_score":69,"audience_rating":"Spilled","audience_score":55},"synopsis":"The story of the groundbreaking '70s female rock group the Runaways is recounted in this River Road Entertainment production focusing on the duo of guitarist/vocalist Joan Jett (portrayed by Twilight's Kristen Stewart) and lead vocalist/keyboardist Cherie Currie (Dakota Fanning) as they navigate a rocky road of touring and record label woes under the malevolent eye of abusive manager Kim Fowley (Michael Shannon) during their teen years. Acclaimed video artist Floria Sigismondi directs from her own script, with Scout Taylor-Compton co-starring as guitarist Lita Ford. ~ Jeremy Wheeler, Rovi","posters":{"thumbnail":"http://content8.flixster.com/movie/11/13/66/11136670_mob.jpg","profile":"http://content8.flixster.com/movie/11/13/66/11136670_pro.jpg","detailed":"http://content8.flixster.com/movie/11/13/66/11136670_det.jpg","original":"http://content8.flixster.com/movie/11/13/66/11136670_ori.jpg"},"abridged_cast":[{"name":"Kristen Stewart","id":"162655167","characters":["Joan Jett"]},{"name":"Dakota Fanning","id":"162652764","characters":["Cherie Currie"]},{"name":"Michael Shannon","id":"368451324","characters":["Kim Fowley"]},{"name":"Stella Maeve","id":"770689300","characters":["Sandy West"]},{"name":"Scout Taylor-Compton","id":"162671189","characters":["Lita Ford"]}],"alternate_ids":{"imdb":"1017451"},"links":{"self":"http://api.rottentomatoes.com/api/public/v1.0/movies/770856398.json","alternate":"http://www.rottentomatoes.com/m/the_runaways/","cast":"http://api.rottentomatoes.com/api/public/v1.0/movies/770856398/cast.json","clips":"http://api.rottentomatoes.com/api/public/v1.0/movies/770856398/clips.json","reviews":"http://api.rottentomatoes.com/api/public/v1.0/movies/770856398/reviews.json","similar":"http://api.rottentomatoes.com/api/public/v1.0/movies/770856398/similar.json"}},{"id":"11366","title":"Star Wars: Episode VI - Return of the Jedi","year":1983,"mpaa_rating":"PG","runtime":133,"critics_consensus":"Though failing to reach the cinematic heights of its predecessors, Return of the Jedi remains an entertaining sci-fi adventure and a fitting end to the classic trilogy.","release_dates":{"theater":"1983-05-25","dvd":"2006-09-12"},"ratings":{"critics_rating":"Certified Fresh","critics_score":78,"audience_rating":"Upright","audience_score":95},"synopsis":"","posters":{"thumbnail":"http://content7.flixster.com/movie/10/94/47/10944709_mob.jpg","profile":"http://content7.flixster.com/movie/10/94/47/10944709_pro.jpg","detailed":"http://content7.flixster.com/movie/10/94/47/10944709_det.jpg","original":"http://content7.flixster.com/movie/10/94/47/10944709_ori.jpg"},"abridged_cast":[{"name":"Mark Hamill","id":"162665747","characters":["Luke Skywalker"]},{"name":"Harrison Ford","id":"162661579","characters":["Han Solo"]},{"name":"Carrie Fisher","id":"162663355","characters":["Princess Leia"]},{"name":"Billy Dee Williams","id":"162656403","characters":["Lando Calrissian"]},{"name":"Anthony Daniels","id":"178810494","characters":["C-3PO"]}],"alternate_ids":{"imdb":"0086190"},"links":{"self":"http://api.rottentomatoes.com/api/public/v1.0/movies/11366.json","alternate":"http://www.rottentomatoes.com/m/return_of_the_jedi/","cast":"http://api.rottentomatoes.com/api/public/v1.0/movies/11366/cast.json","clips":"http://api.rottentomatoes.com/api/public/v1.0/movies/11366/clips.json","reviews":"http://api.rottentomatoes.com/api/public/v1.0/movies/11366/reviews.json","similar":"http://api.rottentomatoes.com/api/public/v1.0/movies/11366/similar.json"}},{"id":"13799","title":"The Graduate","year":1967,"mpaa_rating":"PG","runtime":106,"critics_consensus":"The music, the performances, the precision in capturing the post-college malaise -- The Graduate's coming-of-age story is indeed one for the ages.","release_dates":{"theater":"1967-12-21","dvd":"2001-06-19"},"ratings":{"critics_rating":"Certified Fresh","critics_score":88,"audience_rating":"Upright","audience_score":90},"synopsis":"","posters":{"thumbnail":"http://content8.flixster.com/movie/27/15/271514_mob.jpg","profile":"http://content8.flixster.com/movie/27/15/271514_pro.jpg","detailed":"http://content8.flixster.com/movie/27/15/271514_det.jpg","original":"http://content8.flixster.com/movie/27/15/271514_ori.jpg"},"abridged_cast":[{"name":"Dustin Hoffman","id":"162659372","characters":["Benjamin Braddock"]},{"name":"Anne Bancroft","id":"162658876","characters":["Mrs. Robinson"]},{"name":"Katharine Ross","id":"162656288","characters":["Elaine Robinson"]},{"name":"William Daniels","id":"162660873","characters":["Mr. Braddock"]},{"name":"Elizabeth Wilson","id":"770678046","characters":["Mrs. Braddock"]}],"alternate_ids":{"imdb":"0061722"},"links":{"self":"http://api.rottentomatoes.com/api/public/v1.0/movies/13799.json","alternate":"http://www.rottentomatoes.com/m/graduate/","cast":"http://api.rottentomatoes.com/api/public/v1.0/movies/13799/cast.json","clips":"http://api.rottentomatoes.com/api/public/v1.0/movies/13799/clips.json","reviews":"http://api.rottentomatoes.com/api/public/v1.0/movies/13799/reviews.json","similar":"http://api.rottentomatoes.com/api/public/v1.0/movies/13799/similar.json"}},{"id":"15394","title":"The Untouchables","year":1987,"mpaa_rating":"R","runtime":119,"critics_consensus":"Slick on the surface but loaded with artful touches, Brian DePalma's classical gangster thriller is a sharp look at period Chicago crime, featuring excellent performances from a top-notch cast.","release_dates":{"theater":"1987-06-02","dvd":"2001-01-16"},"ratings":{"critics_rating":"Certified Fresh","critics_score":80,"audience_rating":"Upright","audience_score":89},"synopsis":"","posters":{"thumbnail":"http://content9.flixster.com/movie/11/17/13/11171335_mob.jpg","profile":"http://content9.flixster.com/movie/11/17/13/11171335_pro.jpg","detailed":"http://content9.flixster.com/movie/11/17/13/11171335_det.jpg","original":"http://content9.flixster.com/movie/11/17/13/11171335_ori.jpg"},"abridged_cast":[{"name":"Kevin Costner","id":"162662350","characters":["Eliot Ness"]},{"name":"Sean Connery","id":"162656350","characters":["Jim Malone"]},{"name":"Charles Martin Smith","id":"162657814","characters":["Oscar Wallace"]},{"name":"Andy Garcia","id":"162672896","characters":["George Stone"]},{"name":"Robert De Niro","id":"162655521","characters":["Al Capone"]}],"alternate_ids":{"imdb":"0094226"},"links":{"self":"http://api.rottentomatoes.com/api/public/v1.0/movies/15394.json","alternate":"http://www.rottentomatoes.com/m/untouchables/","cast":"http://api.rottentomatoes.com/api/public/v1.0/movies/15394/cast.json","clips":"http://api.rottentomatoes.com/api/public/v1.0/movies/15394/clips.json","reviews":"http://api.rottentomatoes.com/api/public/v1.0/movies/15394/reviews.json","similar":"http://api.rottentomatoes.com/api/public/v1.0/movies/15394/similar.json"}},{"id":"9867","title":"The Wizard of Oz","year":1939,"mpaa_rating":"G","runtime":101,"critics_consensus":"An absolute masterpiece whose groundbreaking visuals and deft storytelling are still every bit as resonant, The Wizard of Oz is a must-see film for young and old.","release_dates":{"theater":"1939-08-25","dvd":"1999-10-19"},"ratings":{"critics_rating":"Certified Fresh","critics_score":99,"audience_rating":"Upright","audience_score":89},"synopsis":"","posters":{"thumbnail":"http://content8.flixster.com/movie/11/16/80/11168086_mob.jpg","profile":"http://content8.flixster.com/movie/11/16/80/11168086_pro.jpg","detailed":"http://content8.flixster.com/movie/11/16/80/11168086_det.jpg","original":"http://content8.flixster.com/movie/11/16/80/11168086_ori.jpg"},"abridged_cast":[{"name":"Judy Garland","id":"162656962","characters":["Dorothy Gale"]},{"name":"Frank Morgan","id":"162658198","characters":["Prof. Marvel","The Wizard of Oz"]},{"name":"Ray Bolger","id":"326433952","characters":["Hunk","The Scarecrow"]},{"name":"Bert Lahr","id":"326433954","characters":["The Cowardly Lion","Zeke"]},{"name":"Jack Haley","id":"326433953","characters":["Hickory","The Tin Woodsman"]}],"alternate_ids":{"imdb":"0032138"},"links":{"self":"http://api.rottentomatoes.com/api/public/v1.0/movies/9867.json","alternate":"http://www.rottentomatoes.com/m/the_wizard_of_oz_1939/","cast":"http://api.rottentomatoes.com/api/public/v1.0/movies/9867/cast.json","clips":"http://api.rottentomatoes.com/api/public/v1.0/movies/9867/clips.json","reviews":"http://api.rottentomatoes.com/api/public/v1.0/movies/9867/reviews.json","similar":"http://api.rottentomatoes.com/api/public/v1.0/movies/9867/similar.json"}},{"id":"771325911","title":"The Best Man Holiday","year":2013,"mpaa_rating":"R","runtime":120,"critics_consensus":"The Best Man Holiday manages honest laughs out of broad humor, and affects convincing drama from a deeply conventional plot.","release_dates":{"theater":"2013-11-15","dvd":"2014-02-11"},"ratings":{"critics_rating":"Fresh","critics_score":68,"audience_rating":"Upright","audience_score":88},"synopsis":"After nearly 15 years apart, Taye Diggs (television's Private Practice), Nia Long (Soul Food), Morris Chestnut (Kick-Ass 2), Harold Perrineau (Zero Dark Thirty), Terrence Howard (Hustle & Flow), Sanaa Lathan (Contagion), Monica Calhoun (Love & Basketball), Melissa De Sousa (Miss Congeniality) and Regina Hall (Scary Movie franchise) reprise their career-launching roles in The Best Man Holiday, the long-awaited next chapter to the film that ushered in a new era of comedy. When the college friends finally reunite over the Christmas holidays, they will discover just how easy it is for long-forgotten rivalries and romances to be ignited. Malcolm D. Lee returns to write and direct this sequel to his directorial debut. Sean Daniel (The Mummy franchise) will produce alongside Lee for The Sean Daniel Company. (c) Universal Pictures","posters":{"thumbnail":"http://content8.flixster.com/movie/11/17/61/11176170_mob.jpg","profile":"http://content8.flixster.com/movie/11/17/61/11176170_pro.jpg","detailed":"http://content8.flixster.com/movie/11/17/61/11176170_det.jpg","original":"http://content8.flixster.com/movie/11/17/61/11176170_ori.jpg"},"abridged_cast":[{"name":"Morris Chestnut","id":"162653531","characters":["Lance Sullivan"]},{"name":"Taye Diggs","id":"162655514","characters":["Harper Stewart"]},{"name":"Regina Hall","id":"162667054","characters":["Candace Murch"]},{"name":"Terrence Howard","id":"162652991","characters":["Quentin Spivey"]},{"name":"Sanaa Lathan","id":"162660192","characters":["Robin Stewart"]}],"alternate_ids":{"imdb":"2083355"},"links":{"self":"http://api.rottentomatoes.com/api/public/v1.0/movies/771325911.json","alternate":"http://www.rottentomatoes.com/m/the_best_man_holiday_2013/","cast":"http://api.rottentomatoes.com/api/public/v1.0/movies/771325911/cast.json","clips":"http://api.rottentomatoes.com/api/public/v1.0/movies/771325911/clips.json","reviews":"http://api.rottentomatoes.com/api/public/v1.0/movies/771325911/reviews.json","similar":"http://api.rottentomatoes.com/api/public/v1.0/movies/771325911/similar.json"}},{"id":"9980","title":"Beauty and the Beast","year":1991,"mpaa_rating":"G","runtime":84,"critics_consensus":"Enchanting, sweepingly romantic, and featuring plenty of wonderful musical numbers, Beauty and the Beast is one of Disney's most elegant animated offerings.","release_dates":{"theater":"2012-01-13","dvd":"2002-10-08"},"ratings":{"critics_rating":"Certified Fresh","critics_score":93,"audience_rating":"Upright","audience_score":92},"synopsis":"","posters":{"thumbnail":"http://content9.flixster.com/movie/11/16/29/11162903_mob.jpg","profile":"http://content9.flixster.com/movie/11/16/29/11162903_pro.jpg","detailed":"http://content9.flixster.com/movie/11/16/29/11162903_det.jpg","original":"http://content9.flixster.com/movie/11/16/29/11162903_ori.jpg"},"abridged_cast":[{"name":"Paige O'Hara","id":"162658456","characters":["Belle"]},{"name":"Robby Benson","id":"162658457","characters":["Beast"]},{"name":"Richard White","id":"162658820","characters":["Gaston"]},{"name":"Jerry Orbach","id":"364659019","characters":["Lumiere"]},{"name":"David Ogden Stiers","id":"162658822","characters":["Cogsworth/Narrator"]}],"alternate_ids":{"imdb":"0101414"},"links":{"self":"http://api.rottentomatoes.com/api/public/v1.0/movies/9980.json","alternate":"http://www.rottentomatoes.com/m/beauty_and_the_beast_1991/","cast":"http://api.rottentomatoes.com/api/public/v1.0/movies/9980/cast.json","clips":"http://api.rottentomatoes.com/api/public/v1.0/movies/9980/clips.json","reviews":"http://api.rottentomatoes.com/api/public/v1.0/movies/9980/reviews.json","similar":"http://api.rottentomatoes.com/api/public/v1.0/movies/9980/similar.json"}},{"id":"680650974","title":"The Last Legion","year":2007,"mpaa_rating":"PG-13","runtime":101,"critics_consensus":"With miscast leads and unoriginal, uninspired dialogue, The Last Legion pales in comparison to the recent cinematic epics it invokes.","release_dates":{"theater":"2007-08-17","dvd":"2007-12-18"},"ratings":{"critics_rating":"Rotten","critics_score":16,"audience_rating":"Spilled","audience_score":34},"synopsis":"","posters":{"thumbnail":"http://content6.flixster.com/movie/95/64/66/9564664_mob.jpg","profile":"http://content6.flixster.com/movie/95/64/66/9564664_pro.jpg","detailed":"http://content6.flixster.com/movie/95/64/66/9564664_det.jpg","original":"http://content6.flixster.com/movie/95/64/66/9564664_ori.jpg"},"abridged_cast":[{"name":"Colin Firth","id":"162654659","characters":["Aurelius"]},{"name":"Ben Kingsley","id":"162653703","characters":["Ambrosinus"]},{"name":"Aishwarya Rai","id":"162659575","characters":["Mira"]},{"name":"Peter Mullan","id":"162694437","characters":["Odoacer"]},{"name":"Kevin Mckidd","id":"162720728","characters":["Wulfilla"]}],"alternate_ids":{"imdb":"0462396"},"links":{"self":"http://api.rottentomatoes.com/api/public/v1.0/movies/680650974.json","alternate":"http://www.rottentomatoes.com/m/last_legion/","cast":"http://api.rottentomatoes.com/api/public/v1.0/movies/680650974/cast.json","clips":"http://api.rottentomatoes.com/api/public/v1.0/movies/680650974/clips.json","reviews":"http://api.rottentomatoes.com/api/public/v1.0/movies/680650974/reviews.json","similar":"http://api.rottentomatoes.com/api/public/v1.0/movies/680650974/similar.json"}},{"id":"770783979","title":"In the Loop","year":2008,"mpaa_rating":"Unrated","runtime":102,"critics_consensus":"In the Loop is an uncommonly funny political satire that blends Dr. Strangelove with Spinal Tap for the Iraq war era.","release_dates":{"theater":"2009-07-24","dvd":"2010-01-12"},"ratings":{"critics_rating":"Certified Fresh","critics_score":94,"audience_rating":"Upright","audience_score":81},"synopsis":"","posters":{"thumbnail":"http://content6.flixster.com/movie/10/89/39/10893980_mob.jpg","profile":"http://content6.flixster.com/movie/10/89/39/10893980_pro.jpg","detailed":"http://content6.flixster.com/movie/10/89/39/10893980_det.jpg","original":"http://content6.flixster.com/movie/10/89/39/10893980_ori.jpg"},"abridged_cast":[{"name":"Peter Capaldi","id":"162751527","characters":["Malcolm Tucker"]},{"name":"James Gandolfini","id":"162667080","characters":["General Miller"]},{"name":"Tom Hollander","id":"162655612","characters":["Simon Foster"]},{"name":"David Rasche","id":"162679002","characters":["Linton Barwick"]},{"name":"Gina McKee","id":"162654374","characters":["Judy Molloy"]}],"alternate_ids":{"imdb":"1226774"},"links":{"self":"http://api.rottentomatoes.com/api/public/v1.0/movies/770783979.json","alternate":"http://www.rottentomatoes.com/m/in_the_loop/","cast":"http://api.rottentomatoes.com/api/public/v1.0/movies/770783979/cast.json","clips":"http://api.rottentomatoes.com/api/public/v1.0/movies/770783979/clips.json","reviews":"http://api.rottentomatoes.com/api/public/v1.0/movies/770783979/reviews.json","similar":"http://api.rottentomatoes.com/api/public/v1.0/movies/770783979/similar.json"}},{"id":"594235729","title":"The Assassination of Jesse James by the Coward Robert Ford","year":2007,"mpaa_rating":"R","runtime":159,"critics_consensus":"On the strength of its two lead performances Assassination is an expertly crafted period piece, and an insightful look at one of the enduring figures of American lore.","release_dates":{"theater":"2007-10-05","dvd":"2008-02-05"},"ratings":{"critics_rating":"Certified Fresh","critics_score":76,"audience_rating":"Upright","audience_score":75},"synopsis":"","posters":{"thumbnail":"http://content8.flixster.com/movie/10/93/78/10937894_mob.jpg","profile":"http://content8.flixster.com/movie/10/93/78/10937894_pro.jpg","detailed":"http://content8.flixster.com/movie/10/93/78/10937894_det.jpg","original":"http://content8.flixster.com/movie/10/93/78/10937894_ori.jpg"},"abridged_cast":[{"name":"Brad Pitt","id":"162652627","characters":["Jesse James"]},{"name":"Casey Affleck","id":"162706324","characters":["Robert Ford"]},{"name":"Sam Shepard","id":"162662816","characters":["Frank James"]},{"name":"Mary-Louise Parker","id":"162660150","characters":["Zee James"]},{"name":"Paul Schneider","id":"238447168","characters":["Dick Liddil"]}],"alternate_ids":{"imdb":"0443680"},"links":{"self":"http://api.rottentomatoes.com/api/public/v1.0/movies/594235729.json","alternate":"http://www.rottentomatoes.com/m/assassination_of_jesse_james_by_the_coward_robert_ford/","cast":"http://api.rottentomatoes.com/api/public/v1.0/movies/594235729/cast.json","clips":"http://api.rottentomatoes.com/api/public/v1.0/movies/594235729/clips.json","reviews":"http://api.rottentomatoes.com/api/public/v1.0/movies/594235729/reviews.json","similar":"http://api.rottentomatoes.com/api/public/v1.0/movies/594235729/similar.json"}},{"id":"770816170","title":"Season of the Witch","year":2011,"mpaa_rating":"PG-13","runtime":92,"critics_consensus":"Slow, cheap-looking, and dull, Season of the Witch fails even as unintentional comedy.","release_dates":{"theater":"2011-01-07","dvd":"2011-06-28"},"ratings":{"critics_rating":"Rotten","critics_score":10,"audience_rating":"Spilled","audience_score":31},"synopsis":"Oscar (R) winner Nicolas Cage (National Treasure, Ghost Rider) and Ron Perlman (Hellboy, Hellboy II) star in this supernatural action adventure about a heroic Crusader and his fellow soldier who must transport a woman accused of being a witch to a remote monastery. The arduous journey across perilous terrain tests their strength and courage as they discover the girl's secret and find themselves battling a terrifyingly powerful force that will determine the fate of the world. -- (C) Relativity Media","posters":{"thumbnail":"http://content6.flixster.com/movie/11/15/42/11154264_mob.jpg","profile":"http://content6.flixster.com/movie/11/15/42/11154264_pro.jpg","detailed":"http://content6.flixster.com/movie/11/15/42/11154264_det.jpg","original":"http://content6.flixster.com/movie/11/15/42/11154264_ori.jpg"},"abridged_cast":[{"name":"Nicolas Cage","id":"162653923","characters":["Behmen"]},{"name":"Ron Perlman","id":"162664018","characters":["Felson"]},{"name":"Stephen Campbell Moore","id":"162708657","characters":["Debelzaq"]},{"name":"Stephen Graham","id":"566051912","characters":["Hagamar"]},{"name":"Ulrich Thomsen","id":"326298137","characters":["Eckhart"]}],"alternate_ids":{"imdb":"0479997"},"links":{"self":"http://api.rottentomatoes.com/api/public/v1.0/movies/770816170.json","alternate":"http://www.rottentomatoes.com/m/10010694-season_of_the_witch/","cast":"http://api.rottentomatoes.com/api/public/v1.0/movies/770816170/cast.json","clips":"http://api.rottentomatoes.com/api/public/v1.0/movies/770816170/clips.json","reviews":"http://api.rottentomatoes.com/api/public/v1.0/movies/770816170/reviews.json","similar":"http://api.rottentomatoes.com/api/public/v1.0/movies/770816170/similar.json"}},{"id":"15928","title":"Monty Python's The Meaning of Life","year":1983,"mpaa_rating":"R","runtime":109,"release_dates":{"theater":"1983-03-31","dvd":"2003-09-02"},"ratings":{"critics_rating":"Fresh","critics_score":90,"audience_rating":"Upright","audience_score":84},"synopsis":"","posters":{"thumbnail":"http://content6.flixster.com/movie/11/17/37/11173716_mob.jpg","profile":"http://content6.flixster.com/movie/11/17/37/11173716_pro.jpg","detailed":"http://content6.flixster.com/movie/11/17/37/11173716_det.jpg","original":"http://content6.flixster.com/movie/11/17/37/11173716_ori.jpg"},"abridged_cast":[{"name":"Graham Chapman","id":"162672158","characters":["First Fish Tony"]},{"name":"John Cleese","id":"162653372","characters":["Second Fish Grim"]},{"name":"Terry Gilliam","id":"162653515","characters":["Donor","Howard","Max","Private Walters","Third Fish"]},{"name":"Eric Idle","id":"162661127","characters":["Fourth Fish"]},{"name":"Terry Jones","id":"162672157","characters":["Fifth Fish","Mrs. Brown"]}],"alternate_ids":{"imdb":"0085959"},"links":{"self":"http://api.rottentomatoes.com/api/public/v1.0/movies/15928.json","alternate":"http://www.rottentomatoes.com/m/monty_pythons_the_meaning_of_life/","cast":"http://api.rottentomatoes.com/api/public/v1.0/movies/15928/cast.json","clips":"http://api.rottentomatoes.com/api/public/v1.0/movies/15928/clips.json","reviews":"http://api.rottentomatoes.com/api/public/v1.0/movies/15928/reviews.json","similar":"http://api.rottentomatoes.com/api/public/v1.0/movies/15928/similar.json"}}],"links":{"self":"http://api.rottentomatoes.com/api/public/v1.0/movies.json?q=the&page_limit=50&page=11","next":"http://api.rottentomatoes.com/api/public/v1.0/movies.json?q=the&page_limit=50&page=12","prev":"http://api.rottentomatoes.com/api/public/v1.0/movies.json?q=the&page_limit=50&page=10"},"link_template":"http://api.rottentomatoes.com/api/public/v1.0/movies.json?q={search-term}&page_limit={results-per-page}&page={page-number}"}