{"total":52489,"movies":[{"id":"771265529","title":"Seeking a Friend for the End of the World","year":2012,"mpaa_rating":"R","runtime":101,"critics_consensus":"Tender, charming, and well-acted, Seeking a Friend for the End of the World is unfortunately hamstrung by jarring tonal shifts and a disappointing final act.","release_dates":{"theater":"2012-06-22","dvd":"2012-10-23"},"ratings":{"critics_rating":"Rotten","critics_score":56,"audience_rating":"Spilled","audience_score":53},"synopsis":"Seeking a Friend for the End of the World stars Golden Globe Award winner Steve Carell and Academy Award nominee Keira Knightley and is the feature directorial debut of screenwriter Lorene Scafaria. Set in a too-near future, the movie explores what people will do when humanity's last days are at hand. As the respective journeys of Dodge (Mr. Carell) and Penny (Ms. Knightley) converge, the two spark to each other and their outlooks - if not the world's - brighten. -- (C) Focus","posters":{"thumbnail":"http://content8.flixster.com/movie/11/16/67/11166786_mob.jpg","profile":"http://content8.flixster.com/movie/11/16/67/11166786_pro.jpg","detailed":"http://content8.flixster.com/movie/11/16/67/11166786_det.jpg","original":"http://content8.flixster.com/movie/11/16/67/11166786_ori.jpg"},"abridged_cast":[{"name":"Steve Carell","id":"162652665","characters":["Dodge"]},{"name":"Keira Knightley","id":"162654560","characters":["Penny"]},{"name":"Connie Britton","id":"364623002","characters":["Diane"]},{"name":"Adam Brody","id":"162652628","characters":["Owen"]},{"name":"Rob Corddry","id":"312208850","characters":["Warren"]}],"alternate_ids":{"imdb":"1307068"},"links":{"self":"http://api.rottentomatoes.com/api/public/v1.0/movies/771265529.json","alternate":"http://www.rottentomatoes.com/m/seeking_a_friend_for_the_end_of_the_world/","cast":"http://api.rottentomatoes.com/api/public/v1.0/movies/771265529/cast.json","clips":"http://api.rottentomatoes.com/api/public/v1.0/movies/771265529/clips.json","reviews":"http://api.rottentomatoes.com/api/public/v1.0/movies/771265529/reviews.json","similar":"http://api.rottentomatoes.com/api/public/v1.0/movies/771265529/similar.json"}},{"id":"770680135","title":"Meet the Spartans","year":2008,"mpaa_rating":"PG-13","runtime":84,"critics_consensus":"A tired, unfunny, offensive waste of time, Meet the Spartans scrapes the bottom of the cinematic barrel.","release_dates":{"theater":"2008-01-25","dvd":"2008-06-03"},"ratings":{"critics_rating":"Rotten","critics_score":2,"audience_rating":"Spilled","audience_score":25},"synopsis":"","posters":{"thumbnail":"http://content7.flixster.com/movie/10/79/98/10799893_mob.jpg","profile":"http://content7.flixster.com/movie/10/79/98/10799893_pro.jpg","detailed":"http://content7.flixster.com/movie/10/79/98/10799893_det.jpg","original":"http://content7.flixster.com/movie/10/79/98/10799893_ori.jpg"},"abridged_cast":[{"name":"Sean MaGuire","id":"770690743","characters":["Leonidas"]},{"name":"Carmen Electra","id":"162654146","characters":["Queen Margo"]},{"name":"Ken Davitian","id":"366120558","characters":["Xerxes"]},{"name":"Kevin Sorbo","id":"162676109","characters":["Captain"]},{"name":"Diedrich Bader","id":"326392213","characters":["Traitoro"]}],"alternate_ids":{"imdb":"1073498"},"links":{"self":"http://api.rottentomatoes.com/api/public/v1.0/movies/770680135.json","alternate":"http://www.rottentomatoes.com/m/meet_the_spartans/","cast":"http://api.rottentomatoes.com/api/public/v1.0/movies/770680135/cast.json","clips":"http://api.rottentomatoes.com/api/public/v1.0/movies/770680135/clips.json","reviews":"http://api.rottentomatoes.com/api/public/v1.0/movies/770680135/reviews.json","similar":"http://api.rottentomatoes.com/api/public/v1.0/movies/770680135/similar.json"}},{"id":"343379439","title":"Perfume: The Story of a Murderer","year":2006,"mpaa_rating":"R","runtime":147,"critics_consensus":"Perfume is what you'd expect from a Tom Twyker-directed movie glamorizing a serial killer: a kinetic visual feast, with a dark antihero that's impossible to feel sympathy for.","release_dates":{"theater":"2006-12-27","dvd":"2007-07-24"},"ratings":{"critics_rating":"Rotten","critics_score":58,"audience_rating":"Upright","audience_score":74},"synopsis":"","posters":{"thumbnail":"http://content8.flixster.com/movie/95/33/09/9533098_mob.jpg","profile":"http://content8.flixster.com/movie/95/33/09/9533098_pro.jpg","detailed":"http://content8.flixster.com/movie/95/33/09/9533098_det.jpg","original":"http://content8.flixster.com/movie/95/33/09/9533098_ori.jpg"},"abridged_cast":[{"name":"Ben Whishaw","id":"364605105","characters":["Jean-Baptiste Grenouille"]},{"name":"Alan Rickman","id":"162666132","characters":["Antoine Richis"]},{"name":"Rachel Hurd-Wood","id":"364605107","characters":["Laura"]},{"name":"Dustin Hoffman","id":"162659372","characters":["Baldini Giuseppe"]},{"name":"Karoline Herfurth","id":"364605103","characters":["The Plum Girl"]}],"alternate_ids":{"imdb":"0396171"},"links":{"self":"http://api.rottentomatoes.com/api/public/v1.0/movies/343379439.json","alternate":"http://www.rottentomatoes.com/m/perfume_the_story_of_a_murderer/","cast":"http://api.rottentomatoes.com/api/public/v1.0/movies/343379439/cast.json","clips":"http://api.rottentomatoes.com/api/public/v1.0/movies/343379439/clips.json","reviews":"http://api.rottentomatoes.com/api/public/v1.0/movies/343379439/reviews.json","similar":"http://api.rottentomatoes.com/api/public/v1.0/movies/343379439/similar.json"}},{"id":"518921426","title":"The Last Mimzy","year":2007,"mpaa_rating":"PG","runtime":96,"critics_consensus":"The Last Mimzy makes efforts to be a fun children's movie, but unsuccessfully juggles too many genres and subplots -- eventually settling as an unfocused, slightly dull affair.","release_dates":{"theater":"2007-03-18","dvd":"2007-07-10"},"ratings":{"critics_rating":"Rotten","critics_score":53,"audience_rating":"Spilled","audience_score":54},"synopsis":"","posters":{"thumbnail":"http://content8.flixster.com/movie/55/33/40/5533406_mob.jpg","profile":"http://content8.flixster.com/movie/55/33/40/5533406_pro.jpg","detailed":"http://content8.flixster.com/movie/55/33/40/5533406_det.jpg","original":"http://content8.flixster.com/movie/55/33/40/5533406_ori.jpg"},"abridged_cast":[{"name":"Chris O'Neil","id":"770907120","characters":["Noah Wilder"]},{"name":"Rhiannon Leigh Wryn","id":"770913043","characters":["Emma Wilder"]},{"name":"Joely Richardson","id":"162746074","characters":["Jo Wilder"]},{"name":"Timothy Hutton","id":"162671778","characters":["David Wilder"]},{"name":"Rainn Wilson","id":"518921437","characters":["Larry White"]}],"alternate_ids":{"imdb":"0768212"},"links":{"self":"http://api.rottentomatoes.com/api/public/v1.0/movies/518921426.json","alternate":"http://www.rottentomatoes.com/m/mimzy/","cast":"http://api.rottentomatoes.com/api/public/v1.0/movies/518921426/cast.json","clips":"http://api.rottentomatoes.com/api/public/v1.0/movies/518921426/clips.json","reviews":"http://api.rottentomatoes.com/api/public/v1.0/movies/518921426/reviews.json","similar":"http://api.rottentomatoes.com/api/public/v1.0/movies/518921426/similar.json"}},{"id":"770810640","title":"Get Him to the Greek","year":2010,"mpaa_rating":"R","runtime":109,"critics_consensus":"Thanks to a suitably raunchy script and a pair of winning performances from Jonah Hill and Russell Brand, Get Him to the Greek is one of the year's funniest comedies.","release_dates":{"theater":"2010-06-04","dvd":"2010-09-28"},"ratings":{"critics_rating":"Certified Fresh","critics_score":73,"audience_rating":"Upright","audience_score":63},"synopsis":"An ambitious young record company executive attempts to transport an unpredictable rock star to L.A.'s Greek Theatre in time for his hotly anticipated comeback performance in this spin-off of the comedy hit Forgetting Sarah Marshall. Aaron Green (Jonah Hill) has just landed his dream job in the record industry, and he's eager to prove his worth. His first assignment: travel to London and escort British rock god Aldous Snow (Russell Brand) to the show that will re-ignite his career. Before he departs, Aaron is warned by his boss Sergio Roma (Sean Combs) to never let Aldous out of his sight, and never underestimate his capacity for mayhem. Immensely talented yet deeply tortured, Aldous hit the bottle hard after his popularity began to wane and his girl walked out on him. Aldous is locked in the midst of an existential crisis, and rues the thought of being accompanied across the pond by an insincere sycophant. Though it seems like sex is the only thing Aldous ever thinks about, his thoughts turn to romance when he discovers that gorgeous model/pop singer Jackie Q (Rose Byrne) will be in Los Angeles at the time of his concert, too. Jackie Q is the love of Aldous' life, and he'll do anything and everything to win her heart. With the concert fast approaching and Aaron's fledgling career on the line, the race is on to get Aldous to the Greek, and ensure the big show goes off without a hitch. ~ Jason Buchanan, Rovi","posters":{"thumbnail":"http://content8.flixster.com/movie/10/95/32/10953266_mob.jpg","profile":"http://content8.flixster.com/movie/10/95/32/10953266_pro.jpg","detailed":"http://content8.flixster.com/movie/10/95/32/10953266_det.jpg","original":"http://content8.flixster.com/movie/10/95/32/10953266_ori.jpg"},"abridged_cast":[{"name":"Jonah Hill","id":"326297850","characters":["Aaron Green"]},{"name":"Russell Brand","id":"770683602","characters":["Aldous Snow"]},{"name":"Elisabeth Moss","id":"573849693","characters":["Daphne Binks"]},{"name":"Rose Byrne","id":"162699968","characters":["Jackie Q"]},{"name":"Colm Meaney","id":"162666522","characters":["Jonathan Snow"]}],"alternate_ids":{"imdb":"1226229"},"links":{"self":"http://api.rottentomatoes.com/api/public/v1.0/movies/770810640.json","alternate":"http://www.rottentomatoes.com/m/1212410-get_him_to_the_greek/","cast":"http://api.rottentomatoes.com/api/public/v1.0/movies/770810640/cast.json","clips":"http://api.rottentomatoes.com/api/public/v1.0/movies/770810640/clips.json","reviews":"http://api.rottentomatoes.com/api/public/v1.0/movies/770810640/reviews.json","similar":"http://api.rottentomatoes.com/api/public/v1.0/movies/770810640/similar.json"}},{"id":"770857927","title":"The Social Network","year":2010,"mpaa_rating":"PG-13","runtime":120,"critics_consensus":"Impeccably scripted, beautifully directed, and filled with fine performances, The Social Network is a riveting, ambitious example of modern filmmaking at its finest.","release_dates":{"theater":"2010-10-01","dvd":"2011-01-11"},"ratings":{"critics_rating":"Certified Fresh","critics_score":96,"audience_rating":"Upright","audience_score":86},"synopsis":"Director David Fincher (Fight Club, Seven) teams with screenwriter Aaron Sorkin (The West Wing) to explore the meaning of success in the early 21st century from the perspectives of the technological innovators who revolutionized the way we all communicate. The year was 2003. As prohibitively expensive technology became affordable to the masses and the Internet made it easy to stay in touch with people who were halfway across the world, Harvard undergrad and computer programming wizard Mark Zuckerberg (Jesse Eisenberg) launched a website with the potential to alter the very fabric of our society. At the time, Zuckerberg was just six years away from making his first million. But his hearty payday would come at a high price, because despite all of Zuckerberg's wealth and success, his personal life began to suffer as he became mired in legal disputes, and discovered that many of the 500 million people he had friended during his rise to the top were eager to see him fall. Chief among that growing list of detractors was Zuckerberg's former college friend Eduardo Saverin (Andrew Garfield), whose generous financial contributions to Facebook served as the seed that helped the company to sprout. And some might argue that Zuckerberg's bold venture wouldn't have evolved into the cultural juggernaut that it ultimately became had Napster founder Sean Parker (Justin Timberlake) not spread the word about Facebook to the venture capitalists from Silicon Valley. Meanwhile, the Winklevoss twins (Armie Hammer and Josh Pence) engage Zuckerberg in a fierce courtroom battle for ownership of Facebook that left many suspecting the young entrepreneur might have let his greed eclipse his better judgment. The Social Network was based on the book The Accidental Billionaires by Ben Mezrich. ~ Jason Buchanan, Rovi","posters":{"thumbnail":"http://content6.flixster.com/movie/11/15/21/11152124_mob.gif","profile":"http://content6.flixster.com/movie/11/15/21/11152124_pro.gif","detailed":"http://content6.flixster.com/movie/11/15/21/11152124_det.gif","original":"http://content6.flixster.com/movie/11/15/21/11152124_ori.gif"},"abridged_cast":[{"name":"Jesse Eisenberg","id":"162654393","characters":["Mark Zuckerberg"]},{"name":"Justin Timberlake","id":"246212645","characters":["Sean Parker"]},{"name":"Andrew Garfield","id":"770779702","characters":["Eduardo Saverin"]},{"name":"Armie Hammer","id":"770805003","characters":["Cameron Winklevoss"]},{"name":"Max Minghella","id":"162652282","characters":["Divya Narendra"]}],"alternate_ids":{"imdb":"1285016"},"links":{"self":"http://api.rottentomatoes.com/api/public/v1.0/movies/770857927.json","alternate":"http://www.rottentomatoes.com/m/the-social-network/","cast":"http://api.rottentomatoes.com/api/public/v1.0/movies/770857927/cast.json","clips":"http://api.rottentomatoes.com/api/public/v1.0/movies/770857927/clips.json","reviews":"http://api.rottentomatoes.com/api/public/v1.0/movies/770857927/reviews.json","similar":"http://api.rottentomatoes.com/api/public/v1.0/movies/770857927/similar.json"}},{"id":"10054","title":"The Sixth Sense","year":1999,"mpaa_rating":"PG-13","runtime":105,"critics_consensus":"M Night Shayamalan's The Sixth Sense is a twisty ghost story with all the style of a classical Hollywood picture, but all the chills of a modern horror flick.","release_dates":{"theater":"1999-08-06","dvd":"2000-03-28"},"ratings":{"critics_rating":"Certified Fresh","critics_score":85,"audience_rating":"Upright","audience_score":89},"synopsis":"","posters":{"thumbnail":"http://content8.flixster.com/movie/25/38/253818_mob.jpg","profile":"http://content8.flixster.com/movie/25/38/253818_pro.jpg","detailed":"http://content8.flixster.com/movie/25/38/253818_det.jpg","original":"http://content8.flixster.com/movie/25/38/253818_ori.jpg"},"abridged_cast":[{"name":"Bruce Willis","id":"162652509","characters":["Dr. Malcolm Crowe"]},{"name":"Haley Joel Osment","id":"162656804","characters":["Cole Sear"]},{"name":"Toni Collette","id":"162654444","characters":["Lynn Sear"]},{"name":"Olivia Williams","id":"162662296","characters":["Anna Crowe"]},{"name":"Donnie Wahlberg","id":"162654916","characters":["Vincent Gray"]}],"alternate_ids":{"imdb":"0167404"},"links":{"self":"http://api.rottentomatoes.com/api/public/v1.0/movies/10054.json","alternate":"http://www.rottentomatoes.com/m/sixth_sense/","cast":"http://api.rottentomatoes.com/api/public/v1.0/movies/10054/cast.json","clips":"http://api.rottentomatoes.com/api/public/v1.0/movies/10054/clips.json","reviews":"http://api.rottentomatoes.com/api/public/v1.0/movies/10054/reviews.json","similar":"http://api.rottentomatoes.com/api/public/v1.0/movies/10054/similar.json"}},{"id":"771223136","title":"Transformers: Dark of the Moon","year":2011,"mpaa_rating":"PG-13","runtime":154,"critics_consensus":"Its special effects -- and 3D shots -- are undeniably impressive, but they aren't enough to fill up its loud, bloated running time, or mask its thin, indifferent script.","release_dates":{"theater":"2011-06-29","dvd":"2011-09-30"},"ratings":{"critics_rating":"Rotten","critics_score":36,"audience_rating":"Spilled","audience_score":56},"synopsis":"Shia LaBeouf returns as Sam Witwicky in Transformers: Dark of the Moon. When a mysterious event from Earth's past erupts into the present day it threatens to bring a war to Earth so big that the Transformers alone will not be able to save us. -- (C) Paramount","posters":{"thumbnail":"http://content8.flixster.com/movie/11/16/91/11169150_mob.jpg","profile":"http://content8.flixster.com/movie/11/16/91/11169150_pro.jpg","detailed":"http://content8.flixster.com/movie/11/16/91/11169150_det.jpg","original":"http://content8.flixster.com/movie/11/16/91/11169150_ori.jpg"},"abridged_cast":[{"name":"Shia LaBeouf","id":"162654215","characters":["Sam Witwicky"]},{"name":"Rosie Huntington-Whiteley","id":"771075959","characters":["Carly Miller"]},{"name":"Josh Duhamel","id":"162669304","characters":["Lt. Colonel William Lennox"]},{"name":"John Turturro","id":"162665207","characters":["Simmons"]},{"name":"Tyrese Gibson","id":"162653183","characters":["Sergeant Epps"]}],"alternate_ids":{"imdb":"1399103"},"links":{"self":"http://api.rottentomatoes.com/api/public/v1.0/movies/771223136.json","alternate":"http://www.rottentomatoes.com/m/transformers_dark_of_the_moon/","cast":"http://api.rottentomatoes.com/api/public/v1.0/movies/771223136/cast.json","clips":"http://api.rottentomatoes.com/api/public/v1.0/movies/771223136/clips.json","reviews":"http://api.rottentomatoes.com/api/public/v1.0/movies/771223136/reviews.json","similar":"http://api.rottentomatoes.com/api/public/v1.0/movies/771223136/similar.json"}},{"id":"770681327","title":"The House Bunny","year":2008,"mpaa_rating":"PG-13","runtime":97,"critics_consensus":"Anna Faris is game, but she can't salvage this middling, formulaic comedy.","release_dates":{"theater":"2008-08-22","dvd":"2008-12-19"},"ratings":{"critics_rating":"Rotten","critics_score":41,"audience_rating":"Spilled","audience_score":51},"synopsis":"","posters":{"thumbnail":"http://content8.flixster.com/movie/11/16/98/11169870_mob.jpg","profile":"http://content8.flixster.com/movie/11/16/98/11169870_pro.jpg","detailed":"http://content8.flixster.com/movie/11/16/98/11169870_det.jpg","original":"http://content8.flixster.com/movie/11/16/98/11169870_ori.jpg"},"abridged_cast":[{"name":"Anna Faris","id":"162654477","characters":["Shelley Darlington"]},{"name":"Colin Hanks","id":"162666499","characters":["Oliver"]},{"name":"Emma Stone","id":"770683296","characters":["Natalie"]},{"name":"Kat Dennings","id":"326393935","characters":["Mona"]},{"name":"Katharine McPhee","id":"770693429","characters":["Harmony"]}],"alternate_ids":{"imdb":"0852713"},"links":{"self":"http://api.rottentomatoes.com/api/public/v1.0/movies/770681327.json","alternate":"http://www.rottentomatoes.com/m/house_bunny/","cast":"http://api.rottentomatoes.com/api/public/v1.0/movies/770681327/cast.json","clips":"http://api.rottentomatoes.com/api/public/v1.0/movies/770681327/clips.json","reviews":"http://api.rottentomatoes.com/api/public/v1.0/movies/770681327/reviews.json","similar":"http://api.rottentomatoes.com/api/public/v1.0/movies/770681327/similar.json"}},{"id":"771353298","title":"The Secret Service","year":2014,"mpaa_rating":"Unrated","runtime":"","release_dates":{"theater":"2015-03-06"},"ratings":{"critics_score":-1,"audience_score":97},"synopsis":"Mark Millar and Dave Gibbons' comic series is adapted for the big screen in this Matthew Vaughn-directed action thriller. ~ Jeremy Wheeler, Rovi","posters":{"thumbnail":"http://images.rottentomatoescdn.com/images/redesign/poster_default.gif","profile":"http://images.rottentomatoescdn.com/images/redesign/poster_default.gif","detailed":"http://images.rottentomatoescdn.com/images/redesign/poster_default.gif","original":"http://images.rottentomatoescdn.com/images/redesign/poster_default.gif"},"abridged_cast":[{"name":"Colin Firth","id":"162654659"},{"name":"Samuel L. Jackson","id":"162652156"}],"alternate_ids":{"imdb":"2802144"},"links":{"self":"http://api.rottentomatoes.com/api/public/v1.0/movies/771353298.json","alternate":"http://www.rottentomatoes.com/m/the_secret_service_2014/","cast":"http://api.rottentomatoes.com/api/public/v1.0/movies/771353298/cast.json","clips":"http://api.rottentomatoes.com/api/public/v1.0/movies/771353298/clips.json","reviews":"http://api.rottentomatoes.com/api/public/v1.0/movies/771353298/reviews.json","similar":"http://api.rottentomatoes.com/api/public/v1.0/movies/771353298/similar.json"}},{"id":"771350092","title":"The Boxtrolls","year":2014,"mpaa_rating":"Unrated","runtime":"","release_dates":{"theater":"2014-09-26"},"ratings":{"critics_score":-1,"audience_score":92},"synopsis":"A family event movie from the creators of \"Coraline\" and \"ParaNorman\" that introduces audiences to a new breed of family - The Boxtrolls, a community of quirky, mischievous creatures who have lovingly raised an orphaned human boy named Eggs (voiced by Isaac Hempstead-Wright) in the amazing cavernous home they've built beneath the streets of Cheesebridge. When the town's villain, Archibald Snatcher (Academy Award winner Ben Kingsley), comes up with a plot to get rid of the Boxtrolls, Eggs decides to venture above ground, \"into the light,\" where he meets and teams up with fabulously feisty Winnifred (Elle Fanning). Together, they devise a daring plan to save Eggs' family. Directors: Anthony Staachi and Graham Annable. (C) Focus","posters":{"thumbnail":"http://content7.flixster.com/movie/11/17/23/11172337_mob.jpg","profile":"http://content7.flixster.com/movie/11/17/23/11172337_pro.jpg","detailed":"http://content7.flixster.com/movie/11/17/23/11172337_det.jpg","original":"http://content7.flixster.com/movie/11/17/23/11172337_ori.jpg"},"abridged_cast":[{"name":"Ben Kingsley","id":"162653703","characters":["Archibald Snatcher"]},{"name":"Toni Collette","id":"162654444"},{"name":"Elle Fanning","id":"528361349","characters":["Winnie"]},{"name":"Hempstead Wright","id":"771384403","characters":["Eggs"]},{"name":"Jared Harris","id":"162676363"}],"alternate_ids":{"imdb":"0787474"},"links":{"self":"http://api.rottentomatoes.com/api/public/v1.0/movies/771350092.json","alternate":"http://www.rottentomatoes.com/m/the_boxtrolls/","cast":"http://api.rottentomatoes.com/api/public/v1.0/movies/771350092/cast.json","clips":"http://api.rottentomatoes.com/api/public/v1.0/movies/771350092/clips.json","reviews":"http://api.rottentomatoes.com/api/public/v1.0/movies/771350092/reviews.json","similar":"http://api.rottentomatoes.com/api/public/v1.0/movies/771350092/similar.json"}},{"id":"140952560","title":"Take the Lead","year":2006,"mpaa_rating":"PG-13","runtime":108,"critics_consensus":"Banderas is charismatic in the lead, and the dance sequences are captivating, but the story is too familiar and predictable.","release_dates":{"theater":"2006-04-07","dvd":"2006-08-29"},"ratings":{"critics_rating":"Rotten","critics_score":44,"audience_rating":"Upright","audience_score":77},"synopsis":"","posters":{"thumbnail":"http://content9.flixster.com/movie/10/87/38/10873803_mob.jpg","profile":"http://content9.flixster.com/movie/10/87/38/10873803_pro.jpg","detailed":"http://content9.flixster.com/movie/10/87/38/10873803_det.jpg","original":"http://content9.flixster.com/movie/10/87/38/10873803_ori.jpg"},"abridged_cast":[{"name":"Antonio Banderas","id":"162654885","characters":["Pierre Dulaine"]},{"name":"Rob Brown (VI)","id":"162664265","characters":["Rock"]},{"name":"Lauren Collins","id":"351527713","characters":["Caitlin"]},{"name":"Brandon D. Andrews","id":"771038195","characters":["Monster"]},{"name":"Anna Demitrie Melamed","id":"771038196"}],"alternate_ids":{"imdb":"0446046"},"links":{"self":"http://api.rottentomatoes.com/api/public/v1.0/movies/140952560.json","alternate":"http://www.rottentomatoes.com/m/take_the_lead/","cast":"http://api.rottentomatoes.com/api/public/v1.0/movies/140952560/cast.json","clips":"http://api.rottentomatoes.com/api/public/v1.0/movies/140952560/clips.json","reviews":"http://api.rottentomatoes.com/api/public/v1.0/movies/140952560/reviews.json","similar":"http://api.rottentomatoes.com/api/public/v1.0/movies/140952560/similar.json"}},{"id":"314387382","title":"The Marine","year":2006,"mpaa_rating":"PG-13","runtime":93,"critics_consensus":"Overblown in every possible way, The Marine is either so bad it's good or just really, really bad.","release_dates":{"theater":"2006-10-13","dvd":"2007-01-30"},"ratings":{"critics_rating":"Rotten","critics_score":20,"audience_rating":"Upright","audience_score":61},"synopsis":"","posters":{"thumbnail":"http://content6.flixster.com/movie/27/43/18/2743188_mob.jpg","profile":"http://content6.flixster.com/movie/27/43/18/2743188_pro.jpg","detailed":"http://content6.flixster.com/movie/27/43/18/2743188_det.jpg","original":"http://content6.flixster.com/movie/27/43/18/2743188_ori.jpg"},"abridged_cast":[{"name":"John Cena","id":"347990562","characters":["John Triton"]},{"name":"Robert Patrick","id":"162655397","characters":["Rome"]},{"name":"Kelly Carlson","id":"347990563","characters":["Kate Triton"]},{"name":"Anthony Ray Carlson","id":"771044115","characters":["Morgan"]},{"name":"Anthony Ray Parker","id":"770767978","characters":["Morgan"]}],"alternate_ids":{"imdb":"0419946"},"links":{"self":"http://api.rottentomatoes.com/api/public/v1.0/movies/314387382.json","alternate":"http://www.rottentomatoes.com/m/marine/","cast":"http://api.rottentomatoes.com/api/public/v1.0/movies/314387382/cast.json","clips":"http://api.rottentomatoes.com/api/public/v1.0/movies/314387382/clips.json","reviews":"http://api.rottentomatoes.com/api/public/v1.0/movies/314387382/reviews.json","similar":"http://api.rottentomatoes.com/api/public/v1.0/movies/314387382/similar.json"}},{"id":"24469","title":"The Ringer","year":2005,"mpaa_rating":"PG-13","runtime":90,"critics_consensus":"Despite a few laughs and good intentions, The Ringer is too predictable to really score the points it aims for.","release_dates":{"theater":"2005-12-23","dvd":"2006-05-16"},"ratings":{"critics_rating":"Rotten","critics_score":40,"audience_rating":"Upright","audience_score":69},"synopsis":"","posters":{"thumbnail":"http://content6.flixster.com/movie/11/16/95/11169560_mob.jpg","profile":"http://content6.flixster.com/movie/11/16/95/11169560_pro.jpg","detailed":"http://content6.flixster.com/movie/11/16/95/11169560_det.jpg","original":"http://content6.flixster.com/movie/11/16/95/11169560_ori.jpg"},"abridged_cast":[{"name":"Johnny Knoxville","id":"162652591","characters":["Steve Barker / Jeffy"]},{"name":"Brian Cox","id":"162653324","characters":["Gary Barker"]},{"name":"Katherine Heigl","id":"162670134","characters":["Lynn"]},{"name":"Jed Rees","id":"364602789","characters":["Glen"]},{"name":"Bill Chott","id":"364624256","characters":["Thomas"]}],"alternate_ids":{"imdb":"0267891"},"links":{"self":"http://api.rottentomatoes.com/api/public/v1.0/movies/24469.json","alternate":"http://www.rottentomatoes.com/m/1153228-the_ringer/","cast":"http://api.rottentomatoes.com/api/public/v1.0/movies/24469/cast.json","clips":"http://api.rottentomatoes.com/api/public/v1.0/movies/24469/clips.json","reviews":"http://api.rottentomatoes.com/api/public/v1.0/movies/24469/reviews.json","similar":"http://api.rottentomatoes.com/api/public/v1.0/movies/24469/similar.json"}},{"id":"13476","title":"The Godfather, Part III","year":1990,"mpaa_rating":"R","runtime":170,"release_dates":{"theater":"1990-12-25","dvd":"2005-05-24"},"ratings":{"critics_rating":"Fresh","critics_score":68,"audience_rating":"Upright","audience_score":78},"synopsis":"","posters":{"thumbnail":"http://content6.flixster.com/movie/11/12/76/11127688_mob.jpg","profile":"http://content6.flixster.com/movie/11/12/76/11127688_pro.jpg","detailed":"http://content6.flixster.com/movie/11/12/76/11127688_det.jpg","original":"http://content6.flixster.com/movie/11/12/76/11127688_ori.jpg"},"abridged_cast":[{"name":"Al Pacino","id":"162654461","characters":["Michael Corleone"]},{"name":"Diane Keaton","id":"162660369","characters":["Kay Adams"]},{"name":"Talia Shire","id":"162671523","characters":["Connie Corleone Rizzi"]},{"name":"Andy Garcia","id":"162672896","characters":["Vincent Mancini"]},{"name":"Eli Wallach","id":"162656435","characters":["Don Altobello"]}],"alternate_ids":{"imdb":"0099674"},"links":{"self":"http://api.rottentomatoes.com/api/public/v1.0/movies/13476.json","alternate":"http://www.rottentomatoes.com/m/godfather_part_iii/","cast":"http://api.rottentomatoes.com/api/public/v1.0/movies/13476/cast.json","clips":"http://api.rottentomatoes.com/api/public/v1.0/movies/13476/clips.json","reviews":"http://api.rottentomatoes.com/api/public/v1.0/movies/13476/reviews.json","similar":"http://api.rottentomatoes.com/api/public/v1.0/movies/13476/similar.json"}},{"id":"6930","title":"The Exorcism of Emily Rose","year":2005,"mpaa_rating":"PG-13","runtime":114,"critics_consensus":"Loosely based on a true story, The Exorcism of Emily Rose mixes compelling courtroom drama with generally gore-free scares in a ho-hum take on demonic cinema.","release_dates":{"theater":"2005-09-09","dvd":"2005-12-20"},"ratings":{"critics_rating":"Rotten","critics_score":45,"audience_rating":"Upright","audience_score":60},"synopsis":"","posters":{"thumbnail":"http://content6.flixster.com/movie/25/01/250104_mob.jpg","profile":"http://content6.flixster.com/movie/25/01/250104_pro.jpg","detailed":"http://content6.flixster.com/movie/25/01/250104_det.jpg","original":"http://content6.flixster.com/movie/25/01/250104_ori.jpg"},"abridged_cast":[{"name":"Laura Linney","id":"162653768","characters":["Erin Bruner"]},{"name":"Tom Wilkinson","id":"162653769","characters":["Father Richard Moore"]},{"name":"Campbell Scott","id":"162653136","characters":["Ethan Thomas"]},{"name":"Jennifer Carpenter","id":"162653772","characters":["Emily Rose"]},{"name":"Colm Feore","id":"162653771","characters":["Karl Gunderson"]}],"links":{"self":"http://api.rottentomatoes.com/api/public/v1.0/movies/6930.json","alternate":"http://www.rottentomatoes.com/m/exorcism_of_emily_rose/","cast":"http://api.rottentomatoes.com/api/public/v1.0/movies/6930/cast.json","clips":"http://api.rottentomatoes.com/api/public/v1.0/movies/6930/clips.json","reviews":"http://api.rottentomatoes.com/api/public/v1.0/movies/6930/reviews.json","similar":"http://api.rottentomatoes.com/api/public/v1.0/movies/6930/similar.json"}},{"id":"770674775","title":"The Sisterhood of the Traveling Pants 2","year":2008,"mpaa_rating":"PG-13","runtime":117,"critics_consensus":"The workable chemistry among the four leads combined with the enriching message make for a winning Sisterhood of the Traveling Pants 2.","release_dates":{"theater":"2008-08-06","dvd":"2008-11-18"},"ratings":{"critics_rating":"Fresh","critics_score":64,"audience_rating":"Upright","audience_score":66},"synopsis":"","posters":{"thumbnail":"http://content6.flixster.com/movie/10/88/52/10885212_mob.jpg","profile":"http://content6.flixster.com/movie/10/88/52/10885212_pro.jpg","detailed":"http://content6.flixster.com/movie/10/88/52/10885212_det.jpg","original":"http://content6.flixster.com/movie/10/88/52/10885212_ori.jpg"},"abridged_cast":[{"name":"Amber Tamblyn","id":"347990463","characters":["Tibby Tomko-Rollins"]},{"name":"Alexis Bledel","id":"162652608","characters":["Lena Kaligaris"]},{"name":"America Ferrera","id":"162652611","characters":["Carmen Lowell"]},{"name":"Blake Lively","id":"162652609","characters":["Bridget Vreeland"]},{"name":"Rachel Nichols","id":"162652371","characters":["Julia"]}],"alternate_ids":{"imdb":"1018785"},"links":{"self":"http://api.rottentomatoes.com/api/public/v1.0/movies/770674775.json","alternate":"http://www.rottentomatoes.com/m/sisterhood_of_the_traveling_pants_2/","cast":"http://api.rottentomatoes.com/api/public/v1.0/movies/770674775/cast.json","clips":"http://api.rottentomatoes.com/api/public/v1.0/movies/770674775/clips.json","reviews":"http://api.rottentomatoes.com/api/public/v1.0/movies/770674775/reviews.json","similar":"http://api.rottentomatoes.com/api/public/v1.0/movies/770674775/similar.json"}},{"id":"771305753","title":"The Lego Movie","year":2014,"mpaa_rating":"PG","runtime":101,"critics_consensus":"Boasting beautiful animation, a charming voice cast, laugh-a-minute gags, and a surprisingly thoughtful story, The Lego Movie is colorful fun for all ages.","release_dates":{"theater":"2014-02-07"},"ratings":{"critics_rating":"Certified Fresh","critics_score":96,"audience_rating":"Upright","audience_score":90},"synopsis":"\"The LEGO (R) Movie\" is the first-ever, full-length theatrical LEGO (R) adventure. The original 3D computer animated story follows Emmet (Chris Pratt) an ordinary, rules- following, perfectly average LEGO minifigure who is mistakenly identified as the most extraordinary person and the key to saving the world. He is drafted into a fellowship of strangers on an epic quest to stop an evil tyrant, a journey for which Emmet is hopelessly and hilariously underprepared. (c) Warner Bros","posters":{"thumbnail":"http://content9.flixster.com/movie/11/17/20/11172079_mob.jpg","profile":"http://content9.flixster.com/movie/11/17/20/11172079_pro.jpg","detailed":"http://content9.flixster.com/movie/11/17/20/11172079_det.jpg","original":"http://content9.flixster.com/movie/11/17/20/11172079_ori.jpg"},"abridged_cast":[{"name":"Chris Pratt","id":"770692298","characters":["Emmet"]},{"name":"Elizabeth Banks","id":"162653584","characters":["Wyldstyle/Lucy"]},{"name":"Will Arnett","id":"335717464","characters":["Batman"]},{"name":"Will Ferrell","id":"162652185","characters":["President Business"]},{"name":"Morgan Freeman","id":"162652224","characters":["Vitruvius"]}],"alternate_ids":{"imdb":"1490017"},"links":{"self":"http://api.rottentomatoes.com/api/public/v1.0/movies/771305753.json","alternate":"http://www.rottentomatoes.com/m/the_lego_movie/","cast":"http://api.rottentomatoes.com/api/public/v1.0/movies/771305753/cast.json","clips":"http://api.rottentomatoes.com/api/public/v1.0/movies/771305753/clips.json","reviews":"http://api.rottentomatoes.com/api/public/v1.0/movies/771305753/reviews.json","similar":"http://api.rottentomatoes.com/api/public/v1.0/movies/771305753/similar.json"}},{"id":"771358674","title":"The Purge: Anarchy","year":2014,"mpaa_rating":"Unrated","runtime":"","release_dates":{"theater":"2014-06-20"},"ratings":{"critics_score":-1,"audience_score":94},"synopsis":"The chaos continues in this Universal Pictures sequel produced by Jason Blum. ~ Jason Buchanan, Rovi","posters":{"thumbnail":"http://content9.flixster.com/movie/11/17/62/11176259_mob.jpg","profile":"http://content9.flixster.com/movie/11/17/62/11176259_pro.jpg","detailed":"http://content9.flixster.com/movie/11/17/62/11176259_det.jpg","original":"http://content9.flixster.com/movie/11/17/62/11176259_ori.jpg"},"abridged_cast":[{"name":"Frank Grillo","id":"770679606"},{"name":"Carmen Ejogo","id":"770716015"},{"name":"Kiele Sanchez","id":"770719183"},{"name":"Michael K. Williams","id":"770685984"},{"name":"Zach Gilford","id":"770681835"}],"alternate_ids":{"imdb":"2975578"},"links":{"self":"http://api.rottentomatoes.com/api/public/v1.0/movies/771358674.json","alternate":"http://www.rottentomatoes.com/m/the_purge_anarchy_2014/","cast":"http://api.rottentomatoes.com/api/public/v1.0/movies/771358674/cast.json","clips":"http://api.rottentomatoes.com/api/public/v1.0/movies/771358674/clips.json","reviews":"http://api.rottentomatoes.com/api/public/v1.0/movies/771358674/reviews.json","similar":"http://api.rottentomatoes.com/api/public/v1.0/movies/771358674/similar.json"}},{"id":"770808365","title":"The Last Song","year":2010,"mpaa_rating":"PG","runtime":107,"critics_consensus":"As shamelessly manipulative as any Nicholas Sparks production, The Last Song is done no favors by its miscast and overmatched star, Miley Cyrus.","release_dates":{"theater":"2010-03-31","dvd":"2010-08-17"},"ratings":{"critics_rating":"Rotten","critics_score":20,"audience_rating":"Upright","audience_score":65},"synopsis":"Miley Cyrus stars as a teenager who reconnects with her father years after her parents go through a nasty divorce in this adaptation of the Nicholas Sparks novel. The novelist also provides the screenplay for the production, which is directed by Julie Ann Robinson. ~ Jeremy Wheeler, Rovi","posters":{"thumbnail":"http://content7.flixster.com/movie/10/95/54/10955405_mob.jpg","profile":"http://content7.flixster.com/movie/10/95/54/10955405_pro.jpg","detailed":"http://content7.flixster.com/movie/10/95/54/10955405_det.jpg","original":"http://content7.flixster.com/movie/10/95/54/10955405_ori.jpg"},"abridged_cast":[{"name":"Miley Cyrus","id":"512231614","characters":["Ronnie Miller"]},{"name":"Greg Kinnear","id":"162652891","characters":["Steve Miller"]},{"name":"Bobby Coleman","id":"351525719","characters":["Jonah Miller"]},{"name":"Liam Hemsworth","id":"770833479","characters":["Will Blakelee"]},{"name":"Hallock Beals","id":"770839530","characters":["Scott"]}],"alternate_ids":{"imdb":"1294226"},"links":{"self":"http://api.rottentomatoes.com/api/public/v1.0/movies/770808365.json","alternate":"http://www.rottentomatoes.com/m/10011984-last_song/","cast":"http://api.rottentomatoes.com/api/public/v1.0/movies/770808365/cast.json","clips":"http://api.rottentomatoes.com/api/public/v1.0/movies/770808365/clips.json","reviews":"http://api.rottentomatoes.com/api/public/v1.0/movies/770808365/reviews.json","similar":"http://api.rottentomatoes.com/api/public/v1.0/movies/770808365/similar.json"}},{"id":"771306093","title":"The Good Dinosaur","year":2015,"mpaa_rating":"Unrated","runtime":"","release_dates":{"theater":"2015-11-25"},"ratings":{"critics_score":-1,"audience_score":94},"synopsis":"What if the cataclysmic asteroid that forever changed life on Earth actually missed the planet completely and giant dinosaurs never became extinct? This hilarious, heartfelt and original tale is directed by Bob Peterson (co-director/writer, \"Up;\" writer, \"Finding Nemo\") and produced by John Walker (\"The Incredibles,\" \"The Iron Giant\").","posters":{"thumbnail":"http://images.rottentomatoescdn.com/images/redesign/poster_default.gif","profile":"http://images.rottentomatoescdn.com/images/redesign/poster_default.gif","detailed":"http://images.rottentomatoescdn.com/images/redesign/poster_default.gif","original":"http://images.rottentomatoescdn.com/images/redesign/poster_default.gif"},"abridged_cast":[],"alternate_ids":{"imdb":"1979388"},"links":{"self":"http://api.rottentomatoes.com/api/public/v1.0/movies/771306093.json","alternate":"http://www.rottentomatoes.com/m/the_good_dinosaur/","cast":"http://api.rottentomatoes.com/api/public/v1.0/movies/771306093/cast.json","clips":"http://api.rottentomatoes.com/api/public/v1.0/movies/771306093/clips.json","reviews":"http://api.rottentomatoes.com/api/public/v1.0/movies/771306093/reviews.json","similar":"http://api.rottentomatoes.com/api/public/v1.0/movies/771306093/similar.json"}},{"id":"314387293","title":"Man of the Year","year":2006,"mpaa_rating":"PG","runtime":115,"critics_consensus":"Weakened by second-half attempts at thriller and romance, this presidential comedy also fails to hit any sharp political notes, resulting in a confused and unsatisfying mess.","release_dates":{"theater":"2006-10-13","dvd":"2007-02-20"},"ratings":{"critics_rating":"Rotten","critics_score":21,"audience_rating":"Spilled","audience_score":46},"synopsis":"","posters":{"thumbnail":"http://content9.flixster.com/movie/11/12/89/11128939_mob.jpg","profile":"http://content9.flixster.com/movie/11/12/89/11128939_pro.jpg","detailed":"http://content9.flixster.com/movie/11/12/89/11128939_det.jpg","original":"http://content9.flixster.com/movie/11/12/89/11128939_ori.jpg"},"abridged_cast":[{"name":"Robin Williams","id":"162652387","characters":["Tom Dobbs"]},{"name":"Laura Linney","id":"162653768","characters":["Eleanor Green"]},{"name":"Christopher Walken","id":"162652837","characters":["Jack Menken"]},{"name":"Lewis Black","id":"277048009","characters":["Eddie Langston"]},{"name":"Jeff Goldblum","id":"162668455","characters":["Stewart"]}],"alternate_ids":{"imdb":"0483726"},"links":{"self":"http://api.rottentomatoes.com/api/public/v1.0/movies/314387293.json","alternate":"http://www.rottentomatoes.com/m/man_of_the_year/","cast":"http://api.rottentomatoes.com/api/public/v1.0/movies/314387293/cast.json","clips":"http://api.rottentomatoes.com/api/public/v1.0/movies/314387293/clips.json","reviews":"http://api.rottentomatoes.com/api/public/v1.0/movies/314387293/reviews.json","similar":"http://api.rottentomatoes.com/api/public/v1.0/movies/314387293/similar.json"}},{"id":"771326208","title":"The Raid 2","year":2014,"mpaa_rating":"R","runtime":148,"release_dates":{"theater":"2014-03-28"},"ratings":{"critics_rating":"Fresh","critics_score":94,"audience_score":95},"synopsis":"He thought it was over. After fighting his way out of a building filled with gangsters and madmen - a fight that left the bodies of police and gangsters alike piled in the halls - rookie Jakarta cop Rama thought it was done and he could resume a normal life. He couldn't have been more wrong. Formidable though they may have been, Rama's opponents in that fateful building were nothing more than small fish swimming in a pond much larger than he ever dreamed possible. And his triumph over the small fry has attracted the attention of the predators farther up the food chain. His family at risk, Rama has only one choice to protect his infant son and wife: He must go undercover to enter the criminal underworld himself and climb through the hierarchy of competing forces until it leads him to the corrupt politicians and police pulling the strings at the top of the heap. And so Rama begins a new odyssey of violence, a journey that will force him to set aside his own life and history and take on a new identity as the violent offender \"Yuda.\" In prison he must gain the confidence of Uco - the son of a prominent gang kingpin - to join the gang himself, laying his own life on the line in a desperate all-or-nothing gambit to bring the whole rotten enterprise to an end.(c) Sony Classics","posters":{"thumbnail":"http://content9.flixster.com/movie/11/17/46/11174615_mob.jpg","profile":"http://content9.flixster.com/movie/11/17/46/11174615_pro.jpg","detailed":"http://content9.flixster.com/movie/11/17/46/11174615_det.jpg","original":"http://content9.flixster.com/movie/11/17/46/11174615_ori.jpg"},"abridged_cast":[{"name":"Iko Uwais","id":"770840061","characters":["Rama"]},{"name":"Yahan Ruhian","id":"771091810"},{"name":"Arifin Putra","id":"770852867"},{"name":"Oka Antara","id":"770811154"},{"name":"Tio Pakusadewo","id":"770849935"}],"alternate_ids":{"imdb":"2265171"},"links":{"self":"http://api.rottentomatoes.com/api/public/v1.0/movies/771326208.json","alternate":"http://www.rottentomatoes.com/m/the_raid_2/","cast":"http://api.rottentomatoes.com/api/public/v1.0/movies/771326208/cast.json","clips":"http://api.rottentomatoes.com/api/public/v1.0/movies/771326208/clips.json","reviews":"http://api.rottentomatoes.com/api/public/v1.0/movies/771326208/reviews.json","similar":"http://api.rottentomatoes.com/api/public/v1.0/movies/771326208/similar.json"}},{"id":"771355832","title":"The Other Woman","year":2014,"mpaa_rating":"Unrated","runtime":"","release_dates":{"theater":"2014-04-25"},"ratings":{"critics_score":-1,"audience_score":96},"synopsis":"Cameron Diaz stars as a woman who discovers that the man (Nikolaj Coster-Waldau) she's been dating is married, and teams up with his wife (Leslie Mann) to teach him a lesson in fidelity. Nick Cassavetes directs a film written by Melissa Stack, and produced by Julie Yorn. ~ Jason Buchanan, Rovi","posters":{"thumbnail":"http://content6.flixster.com/movie/11/17/54/11175460_mob.jpg","profile":"http://content6.flixster.com/movie/11/17/54/11175460_pro.jpg","detailed":"http://content6.flixster.com/movie/11/17/54/11175460_det.jpg","original":"http://content6.flixster.com/movie/11/17/54/11175460_ori.jpg"},"abridged_cast":[{"name":"Cameron Diaz","id":"162654443"},{"name":"Leslie Mann","id":"162664741"},{"name":"Kate Upton","id":"771388062"},{"name":"Nikolaj Coster-Waldau","id":"559808757"},{"name":"Taylor Kinney","id":"770778782"}],"alternate_ids":{"imdb":"2203939"},"links":{"self":"http://api.rottentomatoes.com/api/public/v1.0/movies/771355832.json","alternate":"http://www.rottentomatoes.com/m/the_other_woman_2014/","cast":"http://api.rottentomatoes.com/api/public/v1.0/movies/771355832/cast.json","clips":"http://api.rottentomatoes.com/api/public/v1.0/movies/771355832/clips.json","reviews":"http://api.rottentomatoes.com/api/public/v1.0/movies/771355832/reviews.json","similar":"http://api.rottentomatoes.com/api/public/v1.0/movies/771355832/similar.json"}},{"id":"771356920","title":"Into the Woods","year":2014,"mpaa_rating":"Unrated","runtime":"","release_dates":{"theater":"2014-12-25"},"ratings":{"critics_score":-1,"audience_score":97},"synopsis":"Stephen Sondheim's Into the Woods is adapted in this musical from director Rob Marshall and Walt Disney Studios. Johnny Depp and Meryl Streep star. ~ Jeremy Wheeler, Rovi","posters":{"thumbnail":"http://content9.flixster.com/movie/11/17/37/11173739_mob.jpg","profile":"http://content9.flixster.com/movie/11/17/37/11173739_pro.jpg","detailed":"http://content9.flixster.com/movie/11/17/37/11173739_det.jpg","original":"http://content9.flixster.com/movie/11/17/37/11173739_ori.jpg"},"abridged_cast":[{"name":"Meryl Streep","id":"162654900"},{"name":"Emily Blunt","id":"162685827","characters":["Baker's Wife"]},{"name":"James Corden","id":"405587980","characters":["The Baker"]},{"name":"Anna Kendrick","id":"528367112","characters":["Cinderella"]},{"name":"Chris Pine","id":"326393041","characters":["Cinderella's Prince"]}],"alternate_ids":{"imdb":"2180411"},"links":{"self":"http://api.rottentomatoes.com/api/public/v1.0/movies/771356920.json","alternate":"http://www.rottentomatoes.com/m/into_the_woods_2014/","cast":"http://api.rottentomatoes.com/api/public/v1.0/movies/771356920/cast.json","clips":"http://api.rottentomatoes.com/api/public/v1.0/movies/771356920/clips.json","reviews":"http://api.rottentomatoes.com/api/public/v1.0/movies/771356920/reviews.json","similar":"http://api.rottentomatoes.com/api/public/v1.0/movies/771356920/similar.json"}},{"id":"377510718","title":"The Good Shepherd","year":2006,"mpaa_rating":"R","runtime":188,"critics_consensus":"This fictitious CIA origin film is an overlong, tedious effort that leaves viewers with more questions than answers.","release_dates":{"theater":"2006-12-22","dvd":"2007-04-03"},"ratings":{"critics_rating":"Rotten","critics_score":54,"audience_rating":"Spilled","audience_score":51},"synopsis":"","posters":{"thumbnail":"http://content8.flixster.com/movie/11/12/80/11128054_mob.jpg","profile":"http://content8.flixster.com/movie/11/12/80/11128054_pro.jpg","detailed":"http://content8.flixster.com/movie/11/12/80/11128054_det.jpg","original":"http://content8.flixster.com/movie/11/12/80/11128054_ori.jpg"},"abridged_cast":[{"name":"Matt Damon","id":"162653499","characters":["Edward Wilson"]},{"name":"Angelina Jolie","id":"162652626","characters":["Clover/Margaret Russell"]},{"name":"Alec Baldwin","id":"162656441","characters":["Sam Murach"]},{"name":"Tammy Blanchard","id":"770676803","characters":["Laura"]},{"name":"Billy Crudup","id":"162660766","characters":["Arch Cummings"]}],"alternate_ids":{"imdb":"0343737"},"links":{"self":"http://api.rottentomatoes.com/api/public/v1.0/movies/377510718.json","alternate":"http://www.rottentomatoes.com/m/good_shepherd/","cast":"http://api.rottentomatoes.com/api/public/v1.0/movies/377510718/cast.json","clips":"http://api.rottentomatoes.com/api/public/v1.0/movies/377510718/clips.json","reviews":"http://api.rottentomatoes.com/api/public/v1.0/movies/377510718/reviews.json","similar":"http://api.rottentomatoes.com/api/public/v1.0/movies/377510718/similar.json"}},{"id":"771321870","title":"Insidious: Chapter 2","year":2013,"mpaa_rating":"PG-13","runtime":106,"critics_consensus":"Insidious: Chapter 2 is decidedly short on the tension and surprises that made its predecessor so chilling.","release_dates":{"theater":"2013-09-13","dvd":"2013-12-24"},"ratings":{"critics_rating":"Rotten","critics_score":37,"audience_rating":"Upright","audience_score":60},"synopsis":"The famed horror team of director James Wan and writer Leigh Whannell reunite with the original cast of Patrick Wilson, Rose Byrne, Lin Shaye and Ty Simpkins in INSIDIOUS: CHAPTER 2, a terrifying sequel to the acclaimed horror film, which follows the haunted Lambert family as they seek to uncover the mysterious childhood secret that has left them dangerously connected to the spirit world. (c) FilmDistrict","posters":{"thumbnail":"http://content6.flixster.com/movie/11/17/18/11171892_mob.jpg","profile":"http://content6.flixster.com/movie/11/17/18/11171892_pro.jpg","detailed":"http://content6.flixster.com/movie/11/17/18/11171892_det.jpg","original":"http://content6.flixster.com/movie/11/17/18/11171892_ori.jpg"},"abridged_cast":[{"name":"Patrick Wilson","id":"162659104","characters":["Josh Lambert"]},{"name":"Rose Byrne","id":"162699968","characters":["Renai Lambert"]},{"name":"Lin Shaye","id":"364609819","characters":["Elise Rainier"]},{"name":"Ty Simpkins","id":"770825948","characters":["Dalton Lambert"]},{"name":"Barbara Hershey","id":"162661060","characters":["Lorraine Lambert"]}],"alternate_ids":{"imdb":"2226417"},"links":{"self":"http://api.rottentomatoes.com/api/public/v1.0/movies/771321870.json","alternate":"http://www.rottentomatoes.com/m/insidious_chapter_2/","cast":"http://api.rottentomatoes.com/api/public/v1.0/movies/771321870/cast.json","clips":"http://api.rottentomatoes.com/api/public/v1.0/movies/771321870/clips.json","reviews":"http://api.rottentomatoes.com/api/public/v1.0/movies/771321870/reviews.json","similar":"http://api.rottentomatoes.com/api/public/v1.0/movies/771321870/similar.json"}},{"id":"12920","title":"The Matrix Revolutions","year":2003,"mpaa_rating":"R","runtime":129,"critics_consensus":"A disappointing conclusion to the Matrix trilogy as characters and ideas take a back seat to the special effects.","release_dates":{"theater":"2003-10-27","dvd":"2004-04-06"},"ratings":{"critics_rating":"Rotten","critics_score":36,"audience_rating":"Upright","audience_score":61},"synopsis":"","posters":{"thumbnail":"http://content7.flixster.com/movie/11/17/64/11176473_mob.jpg","profile":"http://content7.flixster.com/movie/11/17/64/11176473_pro.jpg","detailed":"http://content7.flixster.com/movie/11/17/64/11176473_det.jpg","original":"http://content7.flixster.com/movie/11/17/64/11176473_ori.jpg"},"abridged_cast":[{"name":"Keanu Reeves","id":"162654049","characters":["Neo"]},{"name":"Carrie-Anne Moss","id":"162669130","characters":["Trinity"]},{"name":"Laurence Fishburne","id":"162669090","characters":["Morpheus"]},{"name":"Hugo Weaving","id":"162709905","characters":["Agent Smith"]},{"name":"Jada Pinkett Smith","id":"162673877","characters":["Niobe"]}],"alternate_ids":{"imdb":"0242653"},"links":{"self":"http://api.rottentomatoes.com/api/public/v1.0/movies/12920.json","alternate":"http://www.rottentomatoes.com/m/matrix_revolutions/","cast":"http://api.rottentomatoes.com/api/public/v1.0/movies/12920/cast.json","clips":"http://api.rottentomatoes.com/api/public/v1.0/movies/12920/clips.json","reviews":"http://api.rottentomatoes.com/api/public/v1.0/movies/12920/reviews.json","similar":"http://api.rottentomatoes.com/api/public/v1.0/movies/12920/similar.json"}},{"id":"770680872","title":"The Accidental Husband","year":2008,"mpaa_rating":"PG-13","runtime":91,"release_dates":{"theater":"2009-11-10","dvd":"2009-11-10"},"ratings":{"critics_rating":"Rotten","critics_score":6,"audience_rating":"Spilled","audience_score":36},"synopsis":"","posters":{"thumbnail":"http://content6.flixster.com/movie/10/86/05/10860592_mob.jpg","profile":"http://content6.flixster.com/movie/10/86/05/10860592_pro.jpg","detailed":"http://content6.flixster.com/movie/10/86/05/10860592_det.jpg","original":"http://content6.flixster.com/movie/10/86/05/10860592_ori.jpg"},"abridged_cast":[{"name":"Uma Thurman","id":"162654901","characters":["Dr. Emma Lloyd"]},{"name":"Colin Firth","id":"162654659","characters":["Richard"]},{"name":"Jeffrey Dean Morgan","id":"770674876","characters":["Patrick"]},{"name":"Justina Machado","id":"770692423","characters":["Sophia"]},{"name":"Sam Shepard","id":"162662816","characters":["Wilder"]}],"alternate_ids":{"imdb":"0809504"},"links":{"self":"http://api.rottentomatoes.com/api/public/v1.0/movies/770680872.json","alternate":"http://www.rottentomatoes.com/m/accidental_husband/","cast":"http://api.rottentomatoes.com/api/public/v1.0/movies/770680872/cast.json","clips":"http://api.rottentomatoes.com/api/public/v1.0/movies/770680872/clips.json","reviews":"http://api.rottentomatoes.com/api/public/v1.0/movies/770680872/reviews.json","similar":"http://api.rottentomatoes.com/api/public/v1.0/movies/770680872/similar.json"}},{"id":"10945","title":"Meet the Parents","year":2000,"mpaa_rating":"PG-13","runtime":2,"critics_consensus":"Despite sometimes sitcom-like execution, Meet the Parents is a hilarious look at familial relationships that works mostly because the chemistry between its two leads is so effective.","release_dates":{"theater":"2000-10-06","dvd":"2001-03-06"},"ratings":{"critics_rating":"Certified Fresh","critics_score":84,"audience_rating":"Upright","audience_score":79},"synopsis":"","posters":{"thumbnail":"http://content9.flixster.com/movie/11/17/65/11176583_mob.jpg","profile":"http://content9.flixster.com/movie/11/17/65/11176583_pro.jpg","detailed":"http://content9.flixster.com/movie/11/17/65/11176583_det.jpg","original":"http://content9.flixster.com/movie/11/17/65/11176583_ori.jpg"},"abridged_cast":[{"name":"Robert De Niro","id":"162655521","characters":["Jack Byrnes"]},{"name":"Ben Stiller","id":"162659371","characters":["Greg Focker"]},{"name":"Blythe Danner","id":"162659375","characters":["Dina Byrnes"]},{"name":"Teri Polo","id":"162659376","characters":["Pam Byrnes"]},{"name":"James Rebhorn","id":"534309564","characters":["Larry Banks"]}],"alternate_ids":{"imdb":"0212338"},"links":{"self":"http://api.rottentomatoes.com/api/public/v1.0/movies/10945.json","alternate":"http://www.rottentomatoes.com/m/meet_the_parents/","cast":"http://api.rottentomatoes.com/api/public/v1.0/movies/10945/cast.json","clips":"http://api.rottentomatoes.com/api/public/v1.0/movies/10945/clips.json","reviews":"http://api.rottentomatoes.com/api/public/v1.0/movies/10945/reviews.json","similar":"http://api.rottentomatoes.com/api/public/v1.0/movies/10945/similar.json"}},{"id":"11664","title":"The Terminal","year":2004,"mpaa_rating":"PG-13","runtime":128,"critics_consensus":"Tom Hanks and the rest of the amiable cast make this bumpy ride worth sitting through.","release_dates":{"theater":"2004-06-18","dvd":"2004-11-23"},"ratings":{"critics_rating":"Fresh","critics_score":60,"audience_rating":"Upright","audience_score":74},"synopsis":"","posters":{"thumbnail":"http://content8.flixster.com/movie/55/04/86/5504862_mob.jpg","profile":"http://content8.flixster.com/movie/55/04/86/5504862_pro.jpg","detailed":"http://content8.flixster.com/movie/55/04/86/5504862_det.jpg","original":"http://content8.flixster.com/movie/55/04/86/5504862_ori.jpg"},"abridged_cast":[{"name":"Tom Hanks","id":"162655641","characters":["Viktor Navorski"]},{"name":"Catherine Zeta-Jones","id":"162654886","characters":["Amelia Warren"]},{"name":"Stanley Tucci","id":"162661152","characters":["Frank Dixon"]},{"name":"Chi McBride","id":"162654098","characters":["Joe Mulroy"]},{"name":"Diego Luna","id":"162663833","characters":["Enrique Cruz"]}],"alternate_ids":{"imdb":"0362227"},"links":{"self":"http://api.rottentomatoes.com/api/public/v1.0/movies/11664.json","alternate":"http://www.rottentomatoes.com/m/1133499-1133499-terminal/","cast":"http://api.rottentomatoes.com/api/public/v1.0/movies/11664/cast.json","clips":"http://api.rottentomatoes.com/api/public/v1.0/movies/11664/clips.json","reviews":"http://api.rottentomatoes.com/api/public/v1.0/movies/11664/reviews.json","similar":"http://api.rottentomatoes.com/api/public/v1.0/movies/11664/similar.json"}},{"id":"771360163","title":"Veronica Mars","year":2014,"mpaa_rating":"PG-13","runtime":108,"release_dates":{"theater":"2014-03-14"},"ratings":{"critics_rating":"Fresh","critics_score":75,"audience_score":94},"synopsis":"On the eve of graduating law school, Veronica Mars has put Neptune and her amateur sleuthing days behind her. While interviewing at high-end New York law firms, Veronica Mars gets a call from her ex-boyfriend Logan who has been accused of murder. Veronica heads back to Neptune just to help Logan find an attorney, but when things don't seem right with how Logan's case is perceived and handled, Veronica finds herself being pulled back into a life she thought she had left behind. (c) Official Site","posters":{"thumbnail":"http://content7.flixster.com/movie/11/17/58/11175881_mob.jpg","profile":"http://content7.flixster.com/movie/11/17/58/11175881_pro.jpg","detailed":"http://content7.flixster.com/movie/11/17/58/11175881_det.jpg","original":"http://content7.flixster.com/movie/11/17/58/11175881_ori.jpg"},"abridged_cast":[{"name":"Kristen Bell","id":"326395677","characters":["Veronica Mars"]},{"name":"Francis Capra","id":"551513158","characters":["Weevil"]},{"name":"Tina Majorino","id":"162667090","characters":["Mac"]},{"name":"Enrico Colantoni","id":"421463815","characters":["Keith Mars"]},{"name":"Percy Daggs III","id":"770788334","characters":["Wallace Fennel"]}],"alternate_ids":{"imdb":"2771372"},"links":{"self":"http://api.rottentomatoes.com/api/public/v1.0/movies/771360163.json","alternate":"http://www.rottentomatoes.com/m/veronica_mars/","cast":"http://api.rottentomatoes.com/api/public/v1.0/movies/771360163/cast.json","clips":"http://api.rottentomatoes.com/api/public/v1.0/movies/771360163/clips.json","reviews":"http://api.rottentomatoes.com/api/public/v1.0/movies/771360163/reviews.json","similar":"http://api.rottentomatoes.com/api/public/v1.0/movies/771360163/similar.json"}},{"id":"16303","title":"The Usual Suspects","year":1995,"mpaa_rating":"R","runtime":105,"critics_consensus":"Expertly shot and edited, The Usual Suspects gives the audience a simple plot and then piles on layers of deceit, twists, and violence before pulling out the rug from underneath.","release_dates":{"theater":"1995-08-16","dvd":"1999-12-09"},"ratings":{"critics_rating":"Certified Fresh","critics_score":88,"audience_rating":"Upright","audience_score":96},"synopsis":"","posters":{"thumbnail":"http://content7.flixster.com/movie/24/63/48/2463485_mob.jpg","profile":"http://content7.flixster.com/movie/24/63/48/2463485_pro.jpg","detailed":"http://content7.flixster.com/movie/24/63/48/2463485_det.jpg","original":"http://content7.flixster.com/movie/24/63/48/2463485_ori.jpg"},"abridged_cast":[{"name":"Gabriel Byrne","id":"162666076","characters":["Dean Keaton"]},{"name":"Stephen Baldwin","id":"162664355","characters":["McManus"]},{"name":"Chazz Palminteri","id":"162655475","characters":["Dave Kujan"]},{"name":"Kevin Pollak","id":"162675617","characters":["Todd Hockney"]},{"name":"Pete Postlethwaite","id":"162652858","characters":["Kobayashi"]}],"alternate_ids":{"imdb":"0114814"},"links":{"self":"http://api.rottentomatoes.com/api/public/v1.0/movies/16303.json","alternate":"http://www.rottentomatoes.com/m/usual_suspects/","cast":"http://api.rottentomatoes.com/api/public/v1.0/movies/16303/cast.json","clips":"http://api.rottentomatoes.com/api/public/v1.0/movies/16303/clips.json","reviews":"http://api.rottentomatoes.com/api/public/v1.0/movies/16303/reviews.json","similar":"http://api.rottentomatoes.com/api/public/v1.0/movies/16303/similar.json"}},{"id":"771322400","title":"The Purge","year":2013,"mpaa_rating":"R","runtime":85,"critics_consensus":"Half social allegory, half home-invasion thriller, The Purge attempts to use thriller formula to make an intelligent point -- but ultimately only ends up sinking in numbing violence and tired cliches.","release_dates":{"theater":"2013-06-07","dvd":"2013-10-08"},"ratings":{"critics_rating":"Rotten","critics_score":37,"audience_rating":"Spilled","audience_score":37},"synopsis":"If on one night every year, you could commit any crime without facing consequences, what would you do? In The Purge, a speculative thriller that follows one family over the course of a single night, four people will be tested to see how far they will go to protect themselves when the vicious outside world breaks into their home. In an America wracked by crime and overcrowded prisons, the government has sanctioned an annual 12-hour period in which any and all criminal activity-including murder-becomes legal. The police can't be called. Hospitals suspend help. It's one night when the citizenry regulates itself without thought of punishment. On this night plagued by violence and an epidemic of crime, one family wrestles with the decision of who they will become when a stranger comes knocking. When an intruder breaks into James Sandin's (Ethan Hawke) gated community during the yearly lockdown, he begins a sequence of events that threatens to tear a family apart. Now, it is up to James, his wife, Mary (Lena Headey), and their kids to make it through the night without turning into the monsters from whom they hide. Directed by James DeMonaco (writer of Assault on Precinct 13 and The Negotiator), The Purge is produced by Jason Blum of Blumhouse (Paranormal Activity, Insidious, Sinister), Platinum Dunes' partners Michael Bay, Brad Fuller and Andrew Form (The Amityville Horror, The Texas Chainsaw Massacre), as well as Sebastien Kurt Lemercier (Assault on Precinct 13).(c) Universal","posters":{"thumbnail":"http://content7.flixster.com/movie/11/17/37/11173717_mob.jpg","profile":"http://content7.flixster.com/movie/11/17/37/11173717_pro.jpg","detailed":"http://content7.flixster.com/movie/11/17/37/11173717_det.jpg","original":"http://content7.flixster.com/movie/11/17/37/11173717_ori.jpg"},"abridged_cast":[{"name":"Ethan Hawke","id":"162660464","characters":["James Sandin"]},{"name":"Lena Headey","id":"162653508","characters":["Mary Sandin"]},{"name":"Adelaide Kane","id":"771075391","characters":["Zoey Sandin"]},{"name":"Max Burkholder","id":"770752375","characters":["Charlie Sandin"]},{"name":"Edwin Hodge","id":"770673719","characters":["Bloody Stranger"]}],"alternate_ids":{"imdb":"2184339"},"links":{"self":"http://api.rottentomatoes.com/api/public/v1.0/movies/771322400.json","alternate":"http://www.rottentomatoes.com/m/the_purge/","cast":"http://api.rottentomatoes.com/api/public/v1.0/movies/771322400/cast.json","clips":"http://api.rottentomatoes.com/api/public/v1.0/movies/771322400/clips.json","reviews":"http://api.rottentomatoes.com/api/public/v1.0/movies/771322400/reviews.json","similar":"http://api.rottentomatoes.com/api/public/v1.0/movies/771322400/similar.json"}},{"id":"770676133","title":"The Seeker: The Dark Is Rising","year":2007,"mpaa_rating":"PG","runtime":98,"critics_consensus":"The magic of the book is lost in translation with The Seeker, due to its clumsy plot and lack of heart.","release_dates":{"theater":"2007-10-05","dvd":"2008-03-18"},"ratings":{"critics_rating":"Rotten","critics_score":14,"audience_rating":"Spilled","audience_score":33},"synopsis":"","posters":{"thumbnail":"http://content9.flixster.com/movie/10/87/47/10874735_mob.jpg","profile":"http://content9.flixster.com/movie/10/87/47/10874735_pro.jpg","detailed":"http://content9.flixster.com/movie/10/87/47/10874735_det.jpg","original":"http://content9.flixster.com/movie/10/87/47/10874735_ori.jpg"},"abridged_cast":[{"name":"Alexander Ludwig","id":"770682403","characters":["Will Stanton"]},{"name":"Christopher Eccleston","id":"162711102","characters":["The Rider"]},{"name":"Frances Conroy","id":"162653067","characters":["Miss Greythorne"]},{"name":"Ian McShane","id":"326396263","characters":["Merriman Lyon"]},{"name":"Wendy Crewson","id":"162656175","characters":["Mary Stanton"]}],"links":{"self":"http://api.rottentomatoes.com/api/public/v1.0/movies/770676133.json","alternate":"http://www.rottentomatoes.com/m/seeker_the_dark_is_rising/","cast":"http://api.rottentomatoes.com/api/public/v1.0/movies/770676133/cast.json","clips":"http://api.rottentomatoes.com/api/public/v1.0/movies/770676133/clips.json","reviews":"http://api.rottentomatoes.com/api/public/v1.0/movies/770676133/reviews.json","similar":"http://api.rottentomatoes.com/api/public/v1.0/movies/770676133/similar.json"}},{"id":"630695026","title":"The Nanny Diaries","year":2007,"mpaa_rating":"PG-13","runtime":105,"critics_consensus":"The Nanny Diaries' miscast lead and unrealistic, one-dimensional characters make this class satire far less effective than it should've been.","release_dates":{"theater":"2007-08-24","dvd":"2007-12-04"},"ratings":{"critics_rating":"Rotten","critics_score":33,"audience_rating":"Spilled","audience_score":51},"synopsis":"","posters":{"thumbnail":"http://content7.flixster.com/movie/10/87/80/10878037_mob.jpg","profile":"http://content7.flixster.com/movie/10/87/80/10878037_pro.jpg","detailed":"http://content7.flixster.com/movie/10/87/80/10878037_det.jpg","original":"http://content7.flixster.com/movie/10/87/80/10878037_ori.jpg"},"abridged_cast":[{"name":"Scarlett Johansson","id":"162652872","characters":["Annie Braddock"]},{"name":"Laura Linney","id":"162653768","characters":["Mrs. X"]},{"name":"Paul Giamatti","id":"162683649","characters":["Mr. X"]},{"name":"Nicholas Reese Art","id":"770913050","characters":["Grayer"]},{"name":"Alicia Keys","id":"364633878","characters":["Lynette"]}],"links":{"self":"http://api.rottentomatoes.com/api/public/v1.0/movies/630695026.json","alternate":"http://www.rottentomatoes.com/m/nanny_diaries/","cast":"http://api.rottentomatoes.com/api/public/v1.0/movies/630695026/cast.json","clips":"http://api.rottentomatoes.com/api/public/v1.0/movies/630695026/clips.json","reviews":"http://api.rottentomatoes.com/api/public/v1.0/movies/630695026/reviews.json","similar":"http://api.rottentomatoes.com/api/public/v1.0/movies/630695026/similar.json"}},{"id":"12891","title":"The Passion of the Christ","year":2004,"mpaa_rating":"R","runtime":127,"critics_consensus":"The graphic details of Jesus' torture make the movie tough to sit through and obscure whatever message it is trying to convey.","release_dates":{"theater":"2004-02-25","dvd":"2004-08-31"},"ratings":{"critics_rating":"Rotten","critics_score":49,"audience_rating":"Upright","audience_score":80},"synopsis":"","posters":{"thumbnail":"http://content6.flixster.com/movie/11/13/50/11135040_mob.jpg","profile":"http://content6.flixster.com/movie/11/13/50/11135040_pro.jpg","detailed":"http://content6.flixster.com/movie/11/13/50/11135040_det.jpg","original":"http://content6.flixster.com/movie/11/13/50/11135040_ori.jpg"},"abridged_cast":[{"name":"Jim Caviezel","id":"771395445","characters":["Jesus Christ"]},{"name":"Monica Bellucci","id":"162653503","characters":["Mary Magdalene"]},{"name":"Claudia Gerini","id":"230347510","characters":["Claudia Procles"]},{"name":"Maia Morgenstern","id":"364636235","characters":["Mary"]},{"name":"Sergio Rubini","id":"364611051","characters":["Dismas"]}],"alternate_ids":{"imdb":"0335345"},"links":{"self":"http://api.rottentomatoes.com/api/public/v1.0/movies/12891.json","alternate":"http://www.rottentomatoes.com/m/passion_of_the_christ/","cast":"http://api.rottentomatoes.com/api/public/v1.0/movies/12891/cast.json","clips":"http://api.rottentomatoes.com/api/public/v1.0/movies/12891/clips.json","reviews":"http://api.rottentomatoes.com/api/public/v1.0/movies/12891/reviews.json","similar":"http://api.rottentomatoes.com/api/public/v1.0/movies/12891/similar.json"}},{"id":"771308218","title":"The Internship","year":2013,"mpaa_rating":"PG-13","runtime":119,"critics_consensus":"The Internship weighs down Vince Vaughn and Owen Wilson's comic charisma with a formulaic script and padded running time that leans heavily on its stars' easygoing interplay.","release_dates":{"theater":"2013-06-07","dvd":"2013-10-22"},"ratings":{"critics_rating":"Rotten","critics_score":34,"audience_rating":"Spilled","audience_score":54},"synopsis":"Billy (Vince Vaughn) and Nick (Owen Wilson) are salesmen whose careers have been torpedoed by the digital world. Trying to prove they are not obsolete, they defy the odds by talking their way into a coveted internship at Google, along with a battalion of brilliant college students. But, gaining entrance to this utopia is only half the battle. Now they must compete with a group of the nation's most elite, tech-savvy geniuses to prove that necessity really is the mother of re-invention. (c) Fox","posters":{"thumbnail":"http://content8.flixster.com/movie/11/17/38/11173850_mob.jpg","profile":"http://content8.flixster.com/movie/11/17/38/11173850_pro.jpg","detailed":"http://content8.flixster.com/movie/11/17/38/11173850_det.jpg","original":"http://content8.flixster.com/movie/11/17/38/11173850_ori.jpg"},"abridged_cast":[{"name":"Vince Vaughn","id":"162652630","characters":["Billy McMahon"]},{"name":"Owen Wilson","id":"162652836","characters":["Nick Campbell"]},{"name":"Josh Gad","id":"770683794","characters":["Headphones"]},{"name":"Dylan O'Brien","id":"771375271","characters":["Stuart"]},{"name":"Max Minghella","id":"162652282","characters":["Graham"]}],"alternate_ids":{"imdb":"2234155"},"links":{"self":"http://api.rottentomatoes.com/api/public/v1.0/movies/771308218.json","alternate":"http://www.rottentomatoes.com/m/the_internship_2013/","cast":"http://api.rottentomatoes.com/api/public/v1.0/movies/771308218/cast.json","clips":"http://api.rottentomatoes.com/api/public/v1.0/movies/771308218/clips.json","reviews":"http://api.rottentomatoes.com/api/public/v1.0/movies/771308218/reviews.json","similar":"http://api.rottentomatoes.com/api/public/v1.0/movies/771308218/similar.json"}},{"id":"14884","title":"The Shining","year":1980,"mpaa_rating":"R","runtime":119,"critics_consensus":"Though it deviates from Stephen King's novel, Stanley Kubrick's The Shining is a chilling, often baroque journey into madness -- exemplified by an unforgettable turn from Jack Nicholson","release_dates":{"theater":"1980-05-23","dvd":"1999-06-29"},"ratings":{"critics_rating":"Certified Fresh","critics_score":92,"audience_rating":"Upright","audience_score":93},"synopsis":"","posters":{"thumbnail":"http://content6.flixster.com/movie/11/16/80/11168032_mob.jpg","profile":"http://content6.flixster.com/movie/11/16/80/11168032_pro.jpg","detailed":"http://content6.flixster.com/movie/11/16/80/11168032_det.jpg","original":"http://content6.flixster.com/movie/11/16/80/11168032_ori.jpg"},"abridged_cast":[{"name":"Jack Nicholson","id":"162654979","characters":["Jack Torrance"]},{"name":"Shelley Duvall","id":"162661764","characters":["Wendy Torrance"]},{"name":"Danny Lloyd","id":"326396573","characters":["Danny Torrance"]},{"name":"Scatman Crothers","id":"326396574","characters":["Dick Hallorann"]},{"name":"Barry Nelson","id":"326396575","characters":["Ullman"]}],"alternate_ids":{"imdb":"0081505"},"links":{"self":"http://api.rottentomatoes.com/api/public/v1.0/movies/14884.json","alternate":"http://www.rottentomatoes.com/m/shining/","cast":"http://api.rottentomatoes.com/api/public/v1.0/movies/14884/cast.json","clips":"http://api.rottentomatoes.com/api/public/v1.0/movies/14884/clips.json","reviews":"http://api.rottentomatoes.com/api/public/v1.0/movies/14884/reviews.json","similar":"http://api.rottentomatoes.com/api/public/v1.0/movies/14884/similar.json"}},{"id":"1969","title":"The Island","year":2005,"mpaa_rating":"PG-13","runtime":136,"critics_consensus":"A clone of THX 1183, Coma, and Logan's Run, The Island is another loud and bombastic Michael Bay movie where explosions and chases matter more than characters, dialogue, or plot.","release_dates":{"theater":"2005-07-22","dvd":"2005-12-13"},"ratings":{"critics_rating":"Rotten","critics_score":40,"audience_rating":"Upright","audience_score":64},"synopsis":"","posters":{"thumbnail":"http://content8.flixster.com/movie/11/16/89/11168970_mob.jpg","profile":"http://content8.flixster.com/movie/11/16/89/11168970_pro.jpg","detailed":"http://content8.flixster.com/movie/11/16/89/11168970_det.jpg","original":"http://content8.flixster.com/movie/11/16/89/11168970_ori.jpg"},"abridged_cast":[{"name":"Ewan McGregor","id":"162652152","characters":["Lincoln Six Echo","Tom Lincoln"]},{"name":"Scarlett Johansson","id":"162652872","characters":["Jordan Two Delta","Sarah Jordan"]},{"name":"Sean Bean","id":"162652874","characters":["Merrick"]},{"name":"Steve Buscemi","id":"162652875","characters":["McCord"]},{"name":"Djimon Hounsou","id":"162652873","characters":["Albert Laurent"]}],"alternate_ids":{"imdb":"0399201"},"links":{"self":"http://api.rottentomatoes.com/api/public/v1.0/movies/1969.json","alternate":"http://www.rottentomatoes.com/m/island/","cast":"http://api.rottentomatoes.com/api/public/v1.0/movies/1969/cast.json","clips":"http://api.rottentomatoes.com/api/public/v1.0/movies/1969/clips.json","reviews":"http://api.rottentomatoes.com/api/public/v1.0/movies/1969/reviews.json","similar":"http://api.rottentomatoes.com/api/public/v1.0/movies/1969/similar.json"}},{"id":"771271199","title":"The Railway Man","year":2013,"mpaa_rating":"Unrated","runtime":116,"release_dates":{"theater":"2014-04-11"},"ratings":{"critics_rating":"Fresh","critics_score":73,"audience_score":93},"synopsis":"Based on the remarkable bestselling autobiography, THE RAILWAY MAN tells the extraordinary and epic true story of Eric Lomax (Colin Firth), a British Army officer who is tormented as a prisoner of war at a Japanese labor camp during World War II. Decades later, Lomax and his beautiful love interest Patti (Nicole Kidman) discover that the Japanese interpreter responsible for much of his treatment is still alive and set out to confront him, and his haunting past, in this powerful and inspiring tale of heroism, humanity and the redeeming power of love. (c) Weinstein","posters":{"thumbnail":"http://content8.flixster.com/movie/11/17/66/11176682_mob.jpg","profile":"http://content8.flixster.com/movie/11/17/66/11176682_pro.jpg","detailed":"http://content8.flixster.com/movie/11/17/66/11176682_det.jpg","original":"http://content8.flixster.com/movie/11/17/66/11176682_ori.jpg"},"abridged_cast":[{"name":"Colin Firth","id":"162654659","characters":["Eric Lomax"]},{"name":"Nicole Kidman","id":"162652279","characters":["Patti Lomax"]},{"name":"Jeremy Irvine","id":"771097762","characters":["Eric Lomax (young)"]}],"alternate_ids":{"imdb":"2058107"},"links":{"self":"http://api.rottentomatoes.com/api/public/v1.0/movies/771271199.json","alternate":"http://www.rottentomatoes.com/m/the_railway_man/","cast":"http://api.rottentomatoes.com/api/public/v1.0/movies/771271199/cast.json","clips":"http://api.rottentomatoes.com/api/public/v1.0/movies/771271199/clips.json","reviews":"http://api.rottentomatoes.com/api/public/v1.0/movies/771271199/reviews.json","similar":"http://api.rottentomatoes.com/api/public/v1.0/movies/771271199/similar.json"}},{"id":"771189410","title":"Jack the Giant Slayer","year":2013,"mpaa_rating":"PG-13","runtime":114,"critics_consensus":"It's enthusiastically acted and reasonably fun, but Jack the Giant Slayer is also overwhelmed by digital effects and a bland, impersonal story.","release_dates":{"theater":"2013-03-01","dvd":"2013-06-18"},"ratings":{"critics_rating":"Rotten","critics_score":52,"audience_rating":"Spilled","audience_score":56},"synopsis":"\"Jack the Giant Slayer\" tells the story of an ancient war that is reignited when a young farmhand unwittingly opens a gateway between our world and a fearsome race of giants. Unleashed on the Earth for the first time in centuries, the giants strive to reclaim the land they once lost, forcing the young man, Jack (Nicholas Hoult) into the battle of his life to stop them. Fighting for a kingdom, its people, and the love of a brave princess, he comes face to face with the unstoppable warriors he thought only existed in legend-and gets the chance to become a legend himself.-- (C) Warner Bros","posters":{"thumbnail":"http://content6.flixster.com/movie/11/17/28/11172852_mob.jpg","profile":"http://content6.flixster.com/movie/11/17/28/11172852_pro.jpg","detailed":"http://content6.flixster.com/movie/11/17/28/11172852_det.jpg","original":"http://content6.flixster.com/movie/11/17/28/11172852_ori.jpg"},"abridged_cast":[{"name":"Nicholas Hoult","id":"162654938","characters":["Jack"]},{"name":"Eleanor Tomlinson","id":"770707131","characters":["Isabelle"]},{"name":"Ewan McGregor","id":"162652152","characters":["Elmont"]},{"name":"Stanley Tucci","id":"162661152","characters":["Roderick"]},{"name":"Eddie Marsan","id":"326392524","characters":["Crawe"]}],"alternate_ids":{"imdb":"1351685"},"links":{"self":"http://api.rottentomatoes.com/api/public/v1.0/movies/771189410.json","alternate":"http://www.rottentomatoes.com/m/jack_the_giant_slayer/","cast":"http://api.rottentomatoes.com/api/public/v1.0/movies/771189410/cast.json","clips":"http://api.rottentomatoes.com/api/public/v1.0/movies/771189410/clips.json","reviews":"http://api.rottentomatoes.com/api/public/v1.0/movies/771189410/reviews.json","similar":"http://api.rottentomatoes.com/api/public/v1.0/movies/771189410/similar.json"}},{"id":"771306118","title":"The Inside Out","year":2015,"mpaa_rating":"Unrated","runtime":"","release_dates":{"theater":"2015-06-19"},"ratings":{"critics_score":-1,"audience_score":92},"synopsis":"Pixar takes audiences on incredible journeys into extraordinary worlds: from the darkest depths of the ocean to the top of the tepui mountains in South America; from the fictional metropolis of Monstropolis to a futuristic fantasy of outer space. From director Pete Docter (\"Up,\" \"Monsters, Inc.\") and producer Jonas Rivera (\"Up\"), the inventive new film will take you to a place that everyone knows, but no one has ever seen: the world inside the human mind.","posters":{"thumbnail":"http://images.rottentomatoescdn.com/images/redesign/poster_default.gif","profile":"http://images.rottentomatoescdn.com/images/redesign/poster_default.gif","detailed":"http://images.rottentomatoescdn.com/images/redesign/poster_default.gif","original":"http://images.rottentomatoescdn.com/images/redesign/poster_default.gif"},"abridged_cast":[{"name":"Lucas Neff","id":"771363268","characters":["Arlo"]},{"name":"Neil Patrick Harris","id":"351527581"},{"name":"John Lithgow","id":"162661569"},{"name":"Frances McDormand","id":"162654734"},{"name":"Judy Greer","id":"162654580"}],"alternate_ids":{"imdb":"2096673"},"links":{"self":"http://api.rottentomatoes.com/api/public/v1.0/movies/771306118.json","alternate":"http://www.rottentomatoes.com/m/the_inside_out/","cast":"http://api.rottentomatoes.com/api/public/v1.0/movies/771306118/cast.json","clips":"http://api.rottentomatoes.com/api/public/v1.0/movies/771306118/clips.json","reviews":"http://api.rottentomatoes.com/api/public/v1.0/movies/771306118/reviews.json","similar":"http://api.rottentomatoes.com/api/public/v1.0/movies/771306118/similar.json"}},{"id":"14246","title":"The Pianist","year":2002,"mpaa_rating":"R","runtime":148,"critics_consensus":"Well-acted and dramatically moving, The Pianist is Polanski's best work in years.","release_dates":{"theater":"2002-12-27","dvd":"2003-05-27"},"ratings":{"critics_rating":"Certified Fresh","critics_score":96,"audience_rating":"Upright","audience_score":96},"synopsis":"","posters":{"thumbnail":"http://content8.flixster.com/movie/11/12/67/11126798_mob.jpg","profile":"http://content8.flixster.com/movie/11/12/67/11126798_pro.jpg","detailed":"http://content8.flixster.com/movie/11/12/67/11126798_det.jpg","original":"http://content8.flixster.com/movie/11/12/67/11126798_ori.jpg"},"abridged_cast":[{"name":"Adrien Brody","id":"162660902","characters":["Wladyslaw Szpilman"]},{"name":"Thomas Kretschmann","id":"162704480","characters":["Captain Wilm Hosenfeld"]},{"name":"Maureen Lipman","id":"405589002","characters":["The mother"]},{"name":"Frank Finlay","id":"162677026","characters":["The father"]},{"name":"Ed Stoppard","id":"405589007","characters":["Henryk"]}],"alternate_ids":{"imdb":"0253474"},"links":{"self":"http://api.rottentomatoes.com/api/public/v1.0/movies/14246.json","alternate":"http://www.rottentomatoes.com/m/pianist/","cast":"http://api.rottentomatoes.com/api/public/v1.0/movies/14246/cast.json","clips":"http://api.rottentomatoes.com/api/public/v1.0/movies/14246/clips.json","reviews":"http://api.rottentomatoes.com/api/public/v1.0/movies/14246/reviews.json","similar":"http://api.rottentomatoes.com/api/public/v1.0/movies/14246/similar.json"}},{"id":"770783489","title":"The World's End","year":2013,"mpaa_rating":"R","runtime":109,"critics_consensus":"Madcap and heartfelt, Edgar Wright's apocalypse comedy The World's End benefits from the typically hilarious Simon Pegg and Nick Frost, with a plethora of supporting players.","release_dates":{"theater":"2013-08-23","dvd":"2013-11-19"},"ratings":{"critics_rating":"Certified Fresh","critics_score":89,"audience_rating":"Upright","audience_score":73},"synopsis":"The third installment of director Edgar Wright's trilogy of comedies starring Simon Pegg and Nick Frost, following the successes \"Shaun of the Dead\" (2004) and \"Hot Fuzz\" (2007). In \"The World's End,\" 20 years after attempting an epic pub crawl, five childhood friends reunite when one of them becomes hellbent on trying the drinking marathon again. They are convinced to stage an encore by Gary King (Simon Pegg), a 40-year-old man trapped at the cigarette end of his teens, who drags his reluctant pals to their hometown and once again attempts to reach the fabled pub - The World's End. As they attempt to reconcile the past and present, they realize the real struggle is for the future, not just theirs but humankind's. Reaching The World's End is the least of their worries. (c) Focus Features","posters":{"thumbnail":"http://content7.flixster.com/movie/11/17/15/11171553_mob.jpg","profile":"http://content7.flixster.com/movie/11/17/15/11171553_pro.jpg","detailed":"http://content7.flixster.com/movie/11/17/15/11171553_det.jpg","original":"http://content7.flixster.com/movie/11/17/15/11171553_ori.jpg"},"abridged_cast":[{"name":"Simon Pegg","id":"162684057"},{"name":"Nick Frost","id":"162684059"},{"name":"Martin Freeman","id":"162652296"},{"name":"Paddy Considine","id":"162652573"},{"name":"Eddie Marsan","id":"326392524"}],"alternate_ids":{"imdb":"1213663"},"links":{"self":"http://api.rottentomatoes.com/api/public/v1.0/movies/770783489.json","alternate":"http://www.rottentomatoes.com/m/the_worlds_end/","cast":"http://api.rottentomatoes.com/api/public/v1.0/movies/770783489/cast.json","clips":"http://api.rottentomatoes.com/api/public/v1.0/movies/770783489/clips.json","reviews":"http://api.rottentomatoes.com/api/public/v1.0/movies/770783489/reviews.json","similar":"http://api.rottentomatoes.com/api/public/v1.0/movies/770783489/similar.json"}},{"id":"8919","title":"The Weather Man","year":2005,"mpaa_rating":"R","runtime":101,"critics_consensus":"With fine performances and a dark, dry sense of humor, The Weather Man is mostly cloudy with occasional rays of sunshine.","release_dates":{"theater":"2005-10-28","dvd":"2006-02-21"},"ratings":{"critics_rating":"Rotten","critics_score":58,"audience_rating":"Spilled","audience_score":56},"synopsis":"","posters":{"thumbnail":"http://content9.flixster.com/movie/25/04/250415_mob.jpg","profile":"http://content9.flixster.com/movie/25/04/250415_pro.jpg","detailed":"http://content9.flixster.com/movie/25/04/250415_det.jpg","original":"http://content9.flixster.com/movie/25/04/250415_ori.jpg"},"abridged_cast":[{"name":"Nicolas Cage","id":"162653923","characters":["Dave Spritz"]},{"name":"Michael Caine","id":"162652646","characters":["Robert Spritzel"]},{"name":"Hope Davis","id":"162653969","characters":["Noreen Spritz"]},{"name":"Michael Rispoli","id":"770696986","characters":["Russ"]},{"name":"Gil Bellows","id":"162716278","characters":["Don"]}],"alternate_ids":{"imdb":"0384680"},"links":{"self":"http://api.rottentomatoes.com/api/public/v1.0/movies/8919.json","alternate":"http://www.rottentomatoes.com/m/weather_man/","cast":"http://api.rottentomatoes.com/api/public/v1.0/movies/8919/cast.json","clips":"http://api.rottentomatoes.com/api/public/v1.0/movies/8919/clips.json","reviews":"http://api.rottentomatoes.com/api/public/v1.0/movies/8919/reviews.json","similar":"http://api.rottentomatoes.com/api/public/v1.0/movies/8919/similar.json"}},{"id":"771243734","title":"The Amityville Horror: The Lost Tapes","year":2012,"mpaa_rating":"Unrated","runtime":"","release_dates":{"theater":"2015-01-02"},"ratings":{"critics_score":-1,"audience_score":86},"synopsis":"The Amityville Horror: The Lost Tapes showcases the events after the time of the original The Amityville Horror book and movie through found footage dating back to 1976. An ambitious female television news intern, on the verge of breaking the most famous haunted house case in the world, leads a team of journalists, clergymen and paranormal researchers into an investigation of the bizarre events that will come to be known as The Amityville Horror ... only to unwittingly open a door to the unreal that she may never be able to close. -- (C) Weinstein","posters":{"thumbnail":"http://images.rottentomatoescdn.com/images/redesign/poster_default.gif","profile":"http://images.rottentomatoescdn.com/images/redesign/poster_default.gif","detailed":"http://images.rottentomatoescdn.com/images/redesign/poster_default.gif","original":"http://images.rottentomatoescdn.com/images/redesign/poster_default.gif"},"abridged_cast":[],"alternate_ids":{"imdb":"1935897"},"links":{"self":"http://api.rottentomatoes.com/api/public/v1.0/movies/771243734.json","alternate":"http://www.rottentomatoes.com/m/the_amityville_horror_the_lost_tapes/","cast":"http://api.rottentomatoes.com/api/public/v1.0/movies/771243734/cast.json","clips":"http://api.rottentomatoes.com/api/public/v1.0/movies/771243734/clips.json","reviews":"http://api.rottentomatoes.com/api/public/v1.0/movies/771243734/reviews.json","similar":"http://api.rottentomatoes.com/api/public/v1.0/movies/771243734/similar.json"}},{"id":"770805262","title":"The Back-up Plan","year":2010,"mpaa_rating":"PG-13","runtime":104,"critics_consensus":"Jennifer Lopez is as appealing as ever, but The Back-Up Plan smothers its star with unrelatable characters and a predictable plot.","release_dates":{"theater":"2010-04-23","dvd":"2010-08-24"},"ratings":{"critics_rating":"Rotten","critics_score":18,"audience_rating":"Spilled","audience_score":45},"synopsis":"A romantic comedy centered on a woman who conceives twins through artificial insemination, only to meet the man of her dreams on the very same day.","posters":{"thumbnail":"http://content7.flixster.com/movie/11/17/44/11174413_mob.jpg","profile":"http://content7.flixster.com/movie/11/17/44/11174413_pro.jpg","detailed":"http://content7.flixster.com/movie/11/17/44/11174413_det.jpg","original":"http://content7.flixster.com/movie/11/17/44/11174413_ori.jpg"},"abridged_cast":[{"name":"Jennifer Lopez","id":"162652167","characters":["Zoe"]},{"name":"Alex O'Loughlin","id":"282402290","characters":["Stan"]},{"name":"Eric Christian Olsen","id":"162673659","characters":["Clive"]},{"name":"Anthony Anderson","id":"162652995","characters":["Playground Dad"]},{"name":"Linda Lavin","id":"770729805","characters":["Nana"]}],"alternate_ids":{"imdb":"1212436"},"links":{"self":"http://api.rottentomatoes.com/api/public/v1.0/movies/770805262.json","alternate":"http://www.rottentomatoes.com/m/back_up_plan/","cast":"http://api.rottentomatoes.com/api/public/v1.0/movies/770805262/cast.json","clips":"http://api.rottentomatoes.com/api/public/v1.0/movies/770805262/clips.json","reviews":"http://api.rottentomatoes.com/api/public/v1.0/movies/770805262/reviews.json","similar":"http://api.rottentomatoes.com/api/public/v1.0/movies/770805262/similar.json"}},{"id":"8916","title":"The Legend of Zorro","year":2005,"mpaa_rating":"PG","runtime":129,"critics_consensus":"Zorro can survive a lot of things, but it looks like he can't survive marriage.","release_dates":{"theater":"2005-10-28","dvd":"2006-01-31"},"ratings":{"critics_rating":"Rotten","critics_score":26,"audience_rating":"Spilled","audience_score":49},"synopsis":"","posters":{"thumbnail":"http://content8.flixster.com/movie/25/04/250410_mob.jpg","profile":"http://content8.flixster.com/movie/25/04/250410_pro.jpg","detailed":"http://content8.flixster.com/movie/25/04/250410_det.jpg","original":"http://content8.flixster.com/movie/25/04/250410_ori.jpg"},"abridged_cast":[{"name":"Antonio Banderas","id":"162654885","characters":["Don Alejandro de la Vega/Zorro"]},{"name":"Catherine Zeta-Jones","id":"162654886","characters":["Elena de la Vega"]},{"name":"Rufus Sewell","id":"162654887","characters":["Armand"]},{"name":"Nick Chinlund","id":"162654888","characters":["Jacob McGivens"]},{"name":"Julio Oscar Mechoso","id":"770714869","characters":["Frey Felipe"]}],"alternate_ids":{"imdb":"0386140"},"links":{"self":"http://api.rottentomatoes.com/api/public/v1.0/movies/8916.json","alternate":"http://www.rottentomatoes.com/m/legend_of_zorro/","cast":"http://api.rottentomatoes.com/api/public/v1.0/movies/8916/cast.json","clips":"http://api.rottentomatoes.com/api/public/v1.0/movies/8916/clips.json","reviews":"http://api.rottentomatoes.com/api/public/v1.0/movies/8916/reviews.json","similar":"http://api.rottentomatoes.com/api/public/v1.0/movies/8916/similar.json"}},{"id":"13008","title":"The Matrix Reloaded","year":2003,"mpaa_rating":"R","runtime":138,"critics_consensus":"A worthy sequel even if it is a little heady and less satifying than the first Matrix.","release_dates":{"theater":"2003-05-07","dvd":"2003-10-14"},"ratings":{"critics_rating":"Certified Fresh","critics_score":73,"audience_rating":"Upright","audience_score":72},"synopsis":"","posters":{"thumbnail":"http://content9.flixster.com/movie/11/16/96/11169699_mob.jpg","profile":"http://content9.flixster.com/movie/11/16/96/11169699_pro.jpg","detailed":"http://content9.flixster.com/movie/11/16/96/11169699_det.jpg","original":"http://content9.flixster.com/movie/11/16/96/11169699_ori.jpg"},"abridged_cast":[{"name":"Keanu Reeves","id":"162654049","characters":["Neo"]},{"name":"Carrie-Anne Moss","id":"162669130","characters":["Trinity"]},{"name":"Laurence Fishburne","id":"162669090","characters":["Morpheus"]},{"name":"Hugo Weaving","id":"162709905","characters":["Agent Smith"]},{"name":"Jada Pinkett Smith","id":"162673877","characters":["Niobe"]}],"alternate_ids":{"imdb":"0234215"},"links":{"self":"http://api.rottentomatoes.com/api/public/v1.0/movies/13008.json","alternate":"http://www.rottentomatoes.com/m/matrix_reloaded/","cast":"http://api.rottentomatoes.com/api/public/v1.0/movies/13008/cast.json","clips":"http://api.rottentomatoes.com/api/public/v1.0/movies/13008/clips.json","reviews":"http://api.rottentomatoes.com/api/public/v1.0/movies/13008/reviews.json","similar":"http://api.rottentomatoes.com/api/public/v1.0/movies/13008/similar.json"}}],"links":{"self":"http://api.rottentomatoes.com/api/public/v1.0/movies.json?q=the&page_limit=50&page=6","next":"http://api.rottentomatoes.com/api/public/v1.0/movies.json?q=the&page_limit=50&page=7","prev":"http://api.rottentomatoes.com/api/public/v1.0/movies.json?q=the&page_limit=50&page=5"},"link_template":"http://api.rottentomatoes.com/api/public/v1.0/movies.json?q={search-term}&page_limit={results-per-page}&page={page-number}"}