

{"total":52488,"movies":[{"id":"9897","title":"Willy Wonka and the Chocolate Factory","year":1971,"mpaa_rating":"G","runtime":98,"critics_consensus":"Willy Wonka and the Chocolate Factory is strange yet comforting, full of narrative detours that don't always work but express the film's uniqueness.","release_dates":{"theater":"1971-06-30","dvd":"2001-08-28"},"ratings":{"critics_rating":"Fresh","critics_score":89,"audience_rating":"Upright","audience_score":86},"synopsis":"","posters":{"thumbnail":"http://content7.flixster.com/movie/11/16/80/11168085_mob.jpg","profile":"http://content7.flixster.com/movie/11/16/80/11168085_pro.jpg","detailed":"http://content7.flixster.com/movie/11/16/80/11168085_det.jpg","original":"http://content7.flixster.com/movie/11/16/80/11168085_ori.jpg"},"abridged_cast":[{"name":"Gene Wilder","id":"162658425","characters":["Willy Wonka"]},{"name":"Jack Albertson","id":"335719915","characters":["Grandpa Joe"]},{"name":"Peter Ostrum","id":"335719916","characters":["Charlie"]},{"name":"Roy Kinnear","id":"335719917","characters":["Mr. Salt"]},{"name":"Julie Dawn Cole","id":"335719918","characters":["Veruca Salt"]}],"alternate_ids":{"imdb":"0067992"},"links":{"self":"http://api.rottentomatoes.com/api/public/v1.0/movies/9897.json","alternate":"http://www.rottentomatoes.com/m/willy_wonka_and_the_chocolate_factory/","cast":"http://api.rottentomatoes.com/api/public/v1.0/movies/9897/cast.json","clips":"http://api.rottentomatoes.com/api/public/v1.0/movies/9897/clips.json","reviews":"http://api.rottentomatoes.com/api/public/v1.0/movies/9897/reviews.json","similar":"http://api.rottentomatoes.com/api/public/v1.0/movies/9897/similar.json"}},{"id":"11470","title":"Star Wars: Episode V - The Empire Strikes Back","year":1980,"mpaa_rating":"PG","runtime":124,"critics_consensus":"Dark, sinister, but ultimately even more involving than A New Hope, The Empire Strikes Back defies viewer expectations and takes the series to heightened emotional levels.","release_dates":{"theater":"1980-05-21","dvd":"2004-09-21"},"ratings":{"critics_rating":"Certified Fresh","critics_score":96,"audience_rating":"Upright","audience_score":97},"synopsis":"","posters":{"thumbnail":"http://content7.flixster.com/movie/11/15/79/11157937_mob.jpg","profile":"http://content7.flixster.com/movie/11/15/79/11157937_pro.jpg","detailed":"http://content7.flixster.com/movie/11/15/79/11157937_det.jpg","original":"http://content7.flixster.com/movie/11/15/79/11157937_ori.jpg"},"abridged_cast":[{"name":"Mark Hamill","id":"162665747","characters":["Luke Skywalker"]},{"name":"Harrison Ford","id":"162661579","characters":["Han Solo"]},{"name":"Carrie Fisher","id":"162663355","characters":["Princess Leia"]},{"name":"David Prowse","id":"603676177","characters":["Darth Vader"]},{"name":"James Earl Jones","id":"162655731","characters":["Darth Vader"]}],"alternate_ids":{"imdb":"0080684"},"links":{"self":"http://api.rottentomatoes.com/api/public/v1.0/movies/11470.json","alternate":"http://www.rottentomatoes.com/m/empire_strikes_back/","cast":"http://api.rottentomatoes.com/api/public/v1.0/movies/11470/cast.json","clips":"http://api.rottentomatoes.com/api/public/v1.0/movies/11470/clips.json","reviews":"http://api.rottentomatoes.com/api/public/v1.0/movies/11470/reviews.json","similar":"http://api.rottentomatoes.com/api/public/v1.0/movies/11470/similar.json"}},{"id":"771318063","title":"The Family","year":2013,"mpaa_rating":"R","runtime":112,"critics_consensus":"Luc Besson's The Family suffers from an overly familiar setup and a number of jarring tonal shifts.","release_dates":{"theater":"2013-09-13","dvd":"2013-12-17"},"ratings":{"critics_rating":"Rotten","critics_score":29,"audience_rating":"Spilled","audience_score":42},"synopsis":"In the off-beat action comedy \"The Family,\" a mafia boss and his family are relocated to a sleepy town in France under the witness protection program after snitching on the mob. Despite the best efforts of Agent Stansfield (Tommy Lee Jones) to keep them in line, Fred Manzoni (Robert DeNiro), his wife Maggie (Michelle Pfeiffer) and their children Belle (Dianna Agron) and Warren (John D'Leo) can't help but revert to old habits and blow their cover by handling their problems the \"family\" way, enabling their former mafia cronies to track them down. Chaos ensues as old scores are settled in the unlikeliest of settings in this darkly funny film by Luc Besson (Taken, Transporter). (c) Relativity Media","posters":{"thumbnail":"http://content8.flixster.com/movie/11/17/17/11171718_mob.jpg","profile":"http://content8.flixster.com/movie/11/17/17/11171718_pro.jpg","detailed":"http://content8.flixster.com/movie/11/17/17/11171718_det.jpg","original":"http://content8.flixster.com/movie/11/17/17/11171718_ori.jpg"},"abridged_cast":[{"name":"Robert De Niro","id":"162655521"},{"name":"Michelle Pfeiffer","id":"162660689"},{"name":"Tommy Lee Jones","id":"162666788"},{"name":"Dianna Agron","id":"770780981"},{"name":"John D'Leo","id":"771065011"}],"alternate_ids":{"imdb":"2404311"},"links":{"self":"http://api.rottentomatoes.com/api/public/v1.0/movies/771318063.json","alternate":"http://www.rottentomatoes.com/m/the_family_2013/","cast":"http://api.rottentomatoes.com/api/public/v1.0/movies/771318063/cast.json","clips":"http://api.rottentomatoes.com/api/public/v1.0/movies/771318063/clips.json","reviews":"http://api.rottentomatoes.com/api/public/v1.0/movies/771318063/reviews.json","similar":"http://api.rottentomatoes.com/api/public/v1.0/movies/771318063/similar.json"}},{"id":"9372","title":"The Polar Express","year":2004,"mpaa_rating":"G","runtime":100,"critics_consensus":"Though the movie is visually stunning overall, the animation for the human characters isn't lifelike enough, and the story is padded.","release_dates":{"theater":"2004-11-10","dvd":"2005-11-22"},"ratings":{"critics_rating":"Rotten","critics_score":56,"audience_rating":"Upright","audience_score":63},"synopsis":"","posters":{"thumbnail":"http://content6.flixster.com/movie/55/35/36/5535368_mob.jpg","profile":"http://content6.flixster.com/movie/55/35/36/5535368_pro.jpg","detailed":"http://content6.flixster.com/movie/55/35/36/5535368_det.jpg","original":"http://content6.flixster.com/movie/55/35/36/5535368_ori.jpg"},"abridged_cast":[{"name":"Tom Hanks","id":"162655641","characters":["Conductor","Father","Hero Boy","Santa Claus","Scrooge"]},{"name":"Michael Jeter","id":"162655642","characters":["Smokey","Steamer"]},{"name":"Nona Gaye","id":"162654426","characters":["Hero Girl"]},{"name":"Peter Scolari","id":"385330348","characters":["Lonely Boy"]},{"name":"Charles Fleischer","id":"326433818","characters":["Elf General"]}],"alternate_ids":{"imdb":"0338348"},"links":{"self":"http://api.rottentomatoes.com/api/public/v1.0/movies/9372.json","alternate":"http://www.rottentomatoes.com/m/polar_express/","cast":"http://api.rottentomatoes.com/api/public/v1.0/movies/9372/cast.json","clips":"http://api.rottentomatoes.com/api/public/v1.0/movies/9372/clips.json","reviews":"http://api.rottentomatoes.com/api/public/v1.0/movies/9372/reviews.json","similar":"http://api.rottentomatoes.com/api/public/v1.0/movies/9372/similar.json"}},{"id":"10557","title":"The Fifth Element","year":1997,"mpaa_rating":"PG-13","runtime":126,"critics_consensus":"Visually inventive and gleefully over the top, Luc Besson's The Fifth Element is a fantastic piece of pop sci-fi that never takes itself too seriously.","release_dates":{"theater":"1997-05-09","dvd":"1997-12-09"},"ratings":{"critics_rating":"Fresh","critics_score":71,"audience_rating":"Upright","audience_score":87},"synopsis":"","posters":{"thumbnail":"http://content8.flixster.com/movie/11/16/94/11169462_mob.jpg","profile":"http://content8.flixster.com/movie/11/16/94/11169462_pro.jpg","detailed":"http://content8.flixster.com/movie/11/16/94/11169462_det.jpg","original":"http://content8.flixster.com/movie/11/16/94/11169462_ori.jpg"},"abridged_cast":[{"name":"Bruce Willis","id":"162652509","characters":["Korben Dallas"]},{"name":"Milla Jovovich","id":"162664693","characters":["Leeloo"]},{"name":"Ian Holm","id":"162653927","characters":["Victor Cornelius"]},{"name":"Gary Oldman","id":"162652649","characters":["Jean-Baptiste-Emmanuel Zorg"]},{"name":"Chris Tucker","id":"162661014","characters":["Ruby Rhod"]}],"alternate_ids":{"imdb":"0119116"},"links":{"self":"http://api.rottentomatoes.com/api/public/v1.0/movies/10557.json","alternate":"http://www.rottentomatoes.com/m/fifth_element/","cast":"http://api.rottentomatoes.com/api/public/v1.0/movies/10557/cast.json","clips":"http://api.rottentomatoes.com/api/public/v1.0/movies/10557/clips.json","reviews":"http://api.rottentomatoes.com/api/public/v1.0/movies/10557/reviews.json","similar":"http://api.rottentomatoes.com/api/public/v1.0/movies/10557/similar.json"}},{"id":"770672999","title":"The Comebacks","year":2007,"mpaa_rating":"PG-13","runtime":87,"critics_consensus":"Full of groin-centric humor and tired sports cliches, The Comebacks is poor even by parody movie standards.","release_dates":{"theater":"2007-10-19","dvd":"2008-01-29"},"ratings":{"critics_rating":"Rotten","critics_score":9,"audience_rating":"Spilled","audience_score":33},"synopsis":"","posters":{"thumbnail":"http://content8.flixster.com/movie/10/18/33/10183342_mob.jpg","profile":"http://content8.flixster.com/movie/10/18/33/10183342_pro.jpg","detailed":"http://content8.flixster.com/movie/10/18/33/10183342_det.jpg","original":"http://content8.flixster.com/movie/10/18/33/10183342_ori.jpg"},"abridged_cast":[{"name":"David Koechner","id":"162654117","characters":["Coach Lambeau Fields"]},{"name":"Carl Weathers","id":"162726514","characters":["Freddie Wiseman"]},{"name":"Melora Hardin","id":"162676009","characters":["Barb Fields"]},{"name":"Matthew Lawrence","id":"162683049","characters":["Lance Truman"]},{"name":"Brooke Nevin","id":"364615673","characters":["Michelle Fields"]}],"alternate_ids":{"imdb":"0790804"},"links":{"self":"http://api.rottentomatoes.com/api/public/v1.0/movies/770672999.json","alternate":"http://www.rottentomatoes.com/m/comebacks/","cast":"http://api.rottentomatoes.com/api/public/v1.0/movies/770672999/cast.json","clips":"http://api.rottentomatoes.com/api/public/v1.0/movies/770672999/clips.json","reviews":"http://api.rottentomatoes.com/api/public/v1.0/movies/770672999/reviews.json","similar":"http://api.rottentomatoes.com/api/public/v1.0/movies/770672999/similar.json"}},{"id":"387384568","title":"Van Wilder: The Rise of Taj (Van Wilder 2)","year":2006,"mpaa_rating":"R","runtime":97,"critics_consensus":"A low-brow comedy, minus the comedy.","release_dates":{"theater":"2006-12-01","dvd":"2007-03-27"},"ratings":{"critics_rating":"Rotten","critics_score":7,"audience_rating":"Spilled","audience_score":39},"synopsis":"","posters":{"thumbnail":"http://content7.flixster.com/movie/10/95/42/10954289_mob.jpg","profile":"http://content7.flixster.com/movie/10/95/42/10954289_pro.jpg","detailed":"http://content7.flixster.com/movie/10/95/42/10954289_det.jpg","original":"http://content7.flixster.com/movie/10/95/42/10954289_ori.jpg"},"abridged_cast":[{"name":"Kal Penn","id":"286538557","characters":["Taj Mahal Badalandabad"]},{"name":"Lauren Cohan","id":"723599362","characters":["Charlotte"]},{"name":"Daniel Percival","id":"364629787","characters":["Pipp"]},{"name":"Glen Barry","id":"770686298","characters":["Seamus"]},{"name":"Anthony Cozens","id":"387384574","characters":["Gethin"]}],"alternate_ids":{"imdb":"0480271"},"links":{"self":"http://api.rottentomatoes.com/api/public/v1.0/movies/387384568.json","alternate":"http://www.rottentomatoes.com/m/van_wilder_2/","cast":"http://api.rottentomatoes.com/api/public/v1.0/movies/387384568/cast.json","clips":"http://api.rottentomatoes.com/api/public/v1.0/movies/387384568/clips.json","reviews":"http://api.rottentomatoes.com/api/public/v1.0/movies/387384568/reviews.json","similar":"http://api.rottentomatoes.com/api/public/v1.0/movies/387384568/similar.json"}},{"id":"770680420","title":"The Perfect Holiday","year":2007,"mpaa_rating":"PG-13","runtime":96,"critics_consensus":"The Perfect Holiday is the perfect example of Christmas movie cliches run amok.","release_dates":{"theater":"2007-12-12","dvd":"2008-11-11"},"ratings":{"critics_rating":"Rotten","critics_score":16,"audience_rating":"Spilled","audience_score":52},"synopsis":"","posters":{"thumbnail":"http://content8.flixster.com/movie/10/60/63/10606322_mob.jpg","profile":"http://content8.flixster.com/movie/10/60/63/10606322_pro.jpg","detailed":"http://content8.flixster.com/movie/10/60/63/10606322_det.jpg","original":"http://content8.flixster.com/movie/10/60/63/10606322_ori.jpg"},"abridged_cast":[{"name":"Morris Chestnut","id":"162653531","characters":["Benjamin"]},{"name":"Gabrielle Union","id":"162667053","characters":["Nancy"]},{"name":"Queen Latifah","id":"162667338","characters":["Narrator"]},{"name":"Terrence Howard","id":"162652991","characters":["Bah-Humbug"]},{"name":"Malik Hammond","id":"770920329","characters":["John-John"]}],"alternate_ids":{"imdb":"0841032"},"links":{"self":"http://api.rottentomatoes.com/api/public/v1.0/movies/770680420.json","alternate":"http://www.rottentomatoes.com/m/10009063-perfect_holiday/","cast":"http://api.rottentomatoes.com/api/public/v1.0/movies/770680420/cast.json","clips":"http://api.rottentomatoes.com/api/public/v1.0/movies/770680420/clips.json","reviews":"http://api.rottentomatoes.com/api/public/v1.0/movies/770680420/reviews.json","similar":"http://api.rottentomatoes.com/api/public/v1.0/movies/770680420/similar.json"}},{"id":"17","title":"The Hitchhiker's Guide to the Galaxy","year":2005,"mpaa_rating":"PG","runtime":109,"critics_consensus":"A frantic and occasional funny adaptation of Douglas Adams' novel. However, it may have those unfamiliar with the source material scratching their heads.","release_dates":{"theater":"2005-04-29","dvd":"2005-09-13"},"ratings":{"critics_rating":"Fresh","critics_score":60,"audience_rating":"Upright","audience_score":65},"synopsis":"","posters":{"thumbnail":"http://content8.flixster.com/movie/24/97/249726_mob.jpg","profile":"http://content8.flixster.com/movie/24/97/249726_pro.jpg","detailed":"http://content8.flixster.com/movie/24/97/249726_det.jpg","original":"http://content8.flixster.com/movie/24/97/249726_ori.jpg"},"abridged_cast":[{"name":"Martin Freeman","id":"162652296","characters":["Arthur Dent"]},{"name":"Mos Def","id":"162652297","characters":["Ford Prefect"]},{"name":"Sam Rockwell","id":"162652298","characters":["Zaphod Beeblebrox"]},{"name":"Zooey Deschanel","id":"162652299","characters":["Tricia McMillan/Trillian"]},{"name":"Warwick Davis","id":"162659692","characters":["Marvin"]}],"links":{"self":"http://api.rottentomatoes.com/api/public/v1.0/movies/17.json","alternate":"http://www.rottentomatoes.com/m/hitchhikers_guide_to_the_galaxy/","cast":"http://api.rottentomatoes.com/api/public/v1.0/movies/17/cast.json","clips":"http://api.rottentomatoes.com/api/public/v1.0/movies/17/clips.json","reviews":"http://api.rottentomatoes.com/api/public/v1.0/movies/17/reviews.json","similar":"http://api.rottentomatoes.com/api/public/v1.0/movies/17/similar.json"}},{"id":"13308","title":"The Good, the Bad and the Ugly (Il Buono, il Brutto, il Cattivo.)","year":1966,"mpaa_rating":"R","runtime":161,"critics_consensus":"Arguably the greatest of the spaghetti westerns, this epic features a compelling story, memorable performances, breathtaking landscapes, and a haunting score.","release_dates":{"theater":"1966-12-23","dvd":"1997-11-18"},"ratings":{"critics_rating":"Certified Fresh","critics_score":97,"audience_rating":"Upright","audience_score":97},"synopsis":"","posters":{"thumbnail":"http://content7.flixster.com/movie/11/16/54/11165473_mob.jpg","profile":"http://content7.flixster.com/movie/11/16/54/11165473_pro.jpg","detailed":"http://content7.flixster.com/movie/11/16/54/11165473_det.jpg","original":"http://content7.flixster.com/movie/11/16/54/11165473_ori.jpg"},"abridged_cast":[{"name":"Clint Eastwood","id":"162659169","characters":["The Good"]},{"name":"Eli Wallach","id":"162656435","characters":["Tuco the Ugly"]},{"name":"Lee Van Cleef","id":"162690366","characters":["The Bad"]},{"name":"Aldo Giuffre","id":"368452144"},{"name":"Rada Rassimov","id":"770680181"}],"alternate_ids":{"imdb":"0060196"},"links":{"self":"http://api.rottentomatoes.com/api/public/v1.0/movies/13308.json","alternate":"http://www.rottentomatoes.com/m/good_the_bad_and_the_ugly/","cast":"http://api.rottentomatoes.com/api/public/v1.0/movies/13308/cast.json","clips":"http://api.rottentomatoes.com/api/public/v1.0/movies/13308/clips.json","reviews":"http://api.rottentomatoes.com/api/public/v1.0/movies/13308/reviews.json","similar":"http://api.rottentomatoes.com/api/public/v1.0/movies/13308/similar.json"}},{"id":"93101407","title":"The Shaggy Dog","year":2006,"mpaa_rating":"PG","runtime":98,"critics_consensus":"This Disney retread has neither inspiration nor originality, but may please moviegoers under the age of ten.","release_dates":{"theater":"2006-03-10","dvd":"2006-08-01"},"ratings":{"critics_rating":"Rotten","critics_score":26,"audience_rating":"Spilled","audience_score":40},"synopsis":"","posters":{"thumbnail":"http://content9.flixster.com/movie/10/89/84/10898411_mob.jpg","profile":"http://content9.flixster.com/movie/10/89/84/10898411_pro.jpg","detailed":"http://content9.flixster.com/movie/10/89/84/10898411_det.jpg","original":"http://content9.flixster.com/movie/10/89/84/10898411_ori.jpg"},"abridged_cast":[{"name":"Tim Allen","id":"162655909","characters":["Dave Douglas"]},{"name":"Robert Downey Jr.","id":"162654529","characters":["Dr. Kozak"]},{"name":"Kristin Davis","id":"326396457","characters":["Rebecca Douglas"]},{"name":"Danny Glover","id":"162660485","characters":["Ken Hollister"]},{"name":"Spencer Breslin","id":"162656176","characters":["Josh Douglas"]}],"alternate_ids":{"imdb":"0393735"},"links":{"self":"http://api.rottentomatoes.com/api/public/v1.0/movies/93101407.json","alternate":"http://www.rottentomatoes.com/m/shaggy_dog/","cast":"http://api.rottentomatoes.com/api/public/v1.0/movies/93101407/cast.json","clips":"http://api.rottentomatoes.com/api/public/v1.0/movies/93101407/clips.json","reviews":"http://api.rottentomatoes.com/api/public/v1.0/movies/93101407/reviews.json","similar":"http://api.rottentomatoes.com/api/public/v1.0/movies/93101407/similar.json"}},{"id":"10031","title":"Harry Potter and the Chamber of Secrets","year":2002,"mpaa_rating":"PG","runtime":161,"critics_consensus":"Though perhaps more enchanting for younger audiences, Chamber of Secrets is nevertheless both darker and livelier than its predecessor, expanding and improving upon the first film's universe.","release_dates":{"theater":"2002-11-15","dvd":"2003-04-11"},"ratings":{"critics_rating":"Certified Fresh","critics_score":82,"audience_rating":"Upright","audience_score":79},"synopsis":"","posters":{"thumbnail":"http://content7.flixster.com/movie/11/16/87/11168797_mob.jpg","profile":"http://content7.flixster.com/movie/11/16/87/11168797_pro.jpg","detailed":"http://content7.flixster.com/movie/11/16/87/11168797_det.jpg","original":"http://content7.flixster.com/movie/11/16/87/11168797_ori.jpg"},"abridged_cast":[{"name":"Daniel Radcliffe","id":"162655375","characters":["Harry Potter"]},{"name":"Rupert Grint","id":"162655376","characters":["Ron Weasley"]},{"name":"Emma Watson","id":"162655378","characters":["Hermione Granger"]},{"name":"Kenneth Branagh","id":"162659680","characters":["Gilderoy Lockhart"]},{"name":"Robbie Coltrane","id":"162655379","characters":["Hagrid"]}],"alternate_ids":{"imdb":"0295297"},"links":{"self":"http://api.rottentomatoes.com/api/public/v1.0/movies/10031.json","alternate":"http://www.rottentomatoes.com/m/harry_potter_and_the_chamber_of_secrets/","cast":"http://api.rottentomatoes.com/api/public/v1.0/movies/10031/cast.json","clips":"http://api.rottentomatoes.com/api/public/v1.0/movies/10031/clips.json","reviews":"http://api.rottentomatoes.com/api/public/v1.0/movies/10031/reviews.json","similar":"http://api.rottentomatoes.com/api/public/v1.0/movies/10031/similar.json"}},{"id":"287865097","title":"The Black Dahlia","year":2006,"mpaa_rating":"R","runtime":121,"critics_consensus":"Though this ambitious noir crime-drama captures the atmosphere of its era, it suffers from subpar performances, a convoluted story, and the inevitable comparisons to other, more successful films of its genre.","release_dates":{"theater":"2006-09-15","dvd":"2006-12-26"},"ratings":{"critics_rating":"Rotten","critics_score":32,"audience_rating":"Spilled","audience_score":27},"synopsis":"","posters":{"thumbnail":"http://content6.flixster.com/movie/11/14/62/11146256_mob.jpg","profile":"http://content6.flixster.com/movie/11/14/62/11146256_pro.jpg","detailed":"http://content6.flixster.com/movie/11/14/62/11146256_det.jpg","original":"http://content6.flixster.com/movie/11/14/62/11146256_ori.jpg"},"abridged_cast":[{"name":"Josh Hartnett","id":"162666766","characters":["Dwight 'Bucky' Bleichert"]},{"name":"Scarlett Johansson","id":"162652872","characters":["Kay Lake"]},{"name":"Aaron Eckhart","id":"162668655","characters":["Lee Blanchard"]},{"name":"Hilary Swank","id":"162659170","characters":["Madeleine Cathcart Linscott"]},{"name":"Mia Kirshner","id":"285256263","characters":["Elizabeth 'Betty' Short"]}],"alternate_ids":{"imdb":"0387877"},"links":{"self":"http://api.rottentomatoes.com/api/public/v1.0/movies/287865097.json","alternate":"http://www.rottentomatoes.com/m/black_dahlia/","cast":"http://api.rottentomatoes.com/api/public/v1.0/movies/287865097/cast.json","clips":"http://api.rottentomatoes.com/api/public/v1.0/movies/287865097/clips.json","reviews":"http://api.rottentomatoes.com/api/public/v1.0/movies/287865097/reviews.json","similar":"http://api.rottentomatoes.com/api/public/v1.0/movies/287865097/similar.json"}},{"id":"771324097","title":"The Way Way Back","year":2013,"mpaa_rating":"PG-13","runtime":103,"critics_consensus":"Despite its familiar themes, The Way Way Back makes use of its talented cast, finely tuned script, and an abundance of charm to deliver a funny and satisfying coming-of-age story.","release_dates":{"theater":"2013-07-05","dvd":"2013-10-22"},"ratings":{"critics_rating":"Certified Fresh","critics_score":85,"audience_rating":"Upright","audience_score":85},"synopsis":"THE WAY, WAY BACK is the funny and poignant coming of age story of 14-year-old Duncan's (Liam James) summer vacation with his mother, Pam (Toni Collette), her overbearing boyfriend, Trent (Steve Carell), and his daughter, Steph (Zoe Levin). Having a rough time fitting in, the introverted Duncan finds an unexpected friend in gregarious Owen (Sam Rockwell), manager of the Water Wizz water park. Through his funny, clandestine friendship with Owen, Duncan slowly opens up to and begins to finally find his place in the world - all during a summer he will never forget. (c) Fox Searchlight","posters":{"thumbnail":"http://content9.flixster.com/movie/11/17/53/11175395_mob.jpg","profile":"http://content9.flixster.com/movie/11/17/53/11175395_pro.jpg","detailed":"http://content9.flixster.com/movie/11/17/53/11175395_det.jpg","original":"http://content9.flixster.com/movie/11/17/53/11175395_ori.jpg"},"abridged_cast":[{"name":"Steve Carell","id":"162652665","characters":["Trent"]},{"name":"Toni Collette","id":"162654444","characters":["Pam"]},{"name":"Liam James","id":"770902446","characters":["Duncan"]},{"name":"Sam Rockwell","id":"162652298","characters":["Owen"]},{"name":"Zoe Levin","id":"771099766","characters":["Steph"]}],"alternate_ids":{"imdb":"1727388"},"links":{"self":"http://api.rottentomatoes.com/api/public/v1.0/movies/771324097.json","alternate":"http://www.rottentomatoes.com/m/the_way_way_back/","cast":"http://api.rottentomatoes.com/api/public/v1.0/movies/771324097/cast.json","clips":"http://api.rottentomatoes.com/api/public/v1.0/movies/771324097/clips.json","reviews":"http://api.rottentomatoes.com/api/public/v1.0/movies/771324097/reviews.json","similar":"http://api.rottentomatoes.com/api/public/v1.0/movies/771324097/similar.json"}},{"id":"1787","title":"The Perfect Man","year":2005,"mpaa_rating":"PG","runtime":100,"critics_consensus":"Preposterous and predictable, The Perfect Man manages few laughs with its poorly paced sitcom script, cookie-cutter characters and contrived plotting.","release_dates":{"theater":"2005-06-17","dvd":"2005-11-01"},"ratings":{"critics_rating":"Rotten","critics_score":6,"audience_rating":"Spilled","audience_score":59},"synopsis":"","posters":{"thumbnail":"http://content6.flixster.com/movie/10/86/14/10861428_mob.jpg","profile":"http://content6.flixster.com/movie/10/86/14/10861428_pro.jpg","detailed":"http://content6.flixster.com/movie/10/86/14/10861428_det.jpg","original":"http://content6.flixster.com/movie/10/86/14/10861428_ori.jpg"},"abridged_cast":[{"name":"Hilary Duff","id":"162652728","characters":["Holly Hamilton"]},{"name":"Heather Locklear","id":"162652729","characters":["Jean Hamilton"]},{"name":"Chris Noth","id":"162652731","characters":["Uncle Ben"]},{"name":"Mike O'Malley","id":"770676877","characters":["Lenny Horton"]},{"name":"Ben Feldman","id":"364642224","characters":["Adam Forrest"]}],"alternate_ids":{"imdb":"0380623"},"links":{"self":"http://api.rottentomatoes.com/api/public/v1.0/movies/1787.json","alternate":"http://www.rottentomatoes.com/m/perfect_man/","cast":"http://api.rottentomatoes.com/api/public/v1.0/movies/1787/cast.json","clips":"http://api.rottentomatoes.com/api/public/v1.0/movies/1787/clips.json","reviews":"http://api.rottentomatoes.com/api/public/v1.0/movies/1787/reviews.json","similar":"http://api.rottentomatoes.com/api/public/v1.0/movies/1787/similar.json"}},{"id":"770670652","title":"The Darjeeling Limited","year":2007,"mpaa_rating":"R","runtime":91,"critics_consensus":"With the requisite combination of humor, sorrow and outstanding visuals, The Darjeeling Limited will satisfy Wes Anderson fans.","release_dates":{"theater":"2007-10-26","dvd":"2008-02-26"},"ratings":{"critics_rating":"Fresh","critics_score":68,"audience_rating":"Upright","audience_score":79},"synopsis":"","posters":{"thumbnail":"http://content6.flixster.com/movie/95/78/33/9578332_mob.jpg","profile":"http://content6.flixster.com/movie/95/78/33/9578332_pro.jpg","detailed":"http://content6.flixster.com/movie/95/78/33/9578332_det.jpg","original":"http://content6.flixster.com/movie/95/78/33/9578332_ori.jpg"},"abridged_cast":[{"name":"Owen Wilson","id":"162652836","characters":["Francis Whitman"]},{"name":"Adrien Brody","id":"162660902","characters":["Peter Whitman"]},{"name":"Jason Schwartzman","id":"162654835","characters":["Jack Whitman"]},{"name":"Amara Karan","id":"771051212","characters":["Rita"]},{"name":"Wallace Wolodarsky","id":"162722665","characters":["Brendan"]}],"alternate_ids":{"imdb":"0838221"},"links":{"self":"http://api.rottentomatoes.com/api/public/v1.0/movies/770670652.json","alternate":"http://www.rottentomatoes.com/m/darjeeling_limited/","cast":"http://api.rottentomatoes.com/api/public/v1.0/movies/770670652/cast.json","clips":"http://api.rottentomatoes.com/api/public/v1.0/movies/770670652/clips.json","reviews":"http://api.rottentomatoes.com/api/public/v1.0/movies/770670652/reviews.json","similar":"http://api.rottentomatoes.com/api/public/v1.0/movies/770670652/similar.json"}},{"id":"75557905","title":"The Descent","year":2005,"mpaa_rating":"R","runtime":99,"critics_consensus":"Deft direction and strong performances from its all-female cast guide The Descent, a riveting, claustrophobic horror film. In this low-budget import from Scotland, director Neil Marshall has masterfully created a spelunking nightmare, which doubles as a compelling meditation on morality, vengeance, and the depths to which we might go for survival.","release_dates":{"theater":"2006-08-04","dvd":"2006-12-26"},"ratings":{"critics_rating":"Certified Fresh","critics_score":85,"audience_rating":"Upright","audience_score":75},"synopsis":"","posters":{"thumbnail":"http://content7.flixster.com/movie/11/14/69/11146933_mob.jpg","profile":"http://content7.flixster.com/movie/11/14/69/11146933_pro.jpg","detailed":"http://content7.flixster.com/movie/11/14/69/11146933_det.jpg","original":"http://content7.flixster.com/movie/11/14/69/11146933_ori.jpg"},"abridged_cast":[{"name":"Shauna MacDonald","id":"162653137","characters":["Sarah"]},{"name":"Natalie Jackson Mendoza","id":"326300164","characters":["Juno"]},{"name":"Alex Reid","id":"364637747","characters":["Beth"]},{"name":"Saskia Mulder","id":"364637749","characters":["Rebecca"]},{"name":"Nora-Jane Noone","id":"162694430","characters":["Holly"]}],"alternate_ids":{"imdb":"0435625"},"links":{"self":"http://api.rottentomatoes.com/api/public/v1.0/movies/75557905.json","alternate":"http://www.rottentomatoes.com/m/descent/","cast":"http://api.rottentomatoes.com/api/public/v1.0/movies/75557905/cast.json","clips":"http://api.rottentomatoes.com/api/public/v1.0/movies/75557905/clips.json","reviews":"http://api.rottentomatoes.com/api/public/v1.0/movies/75557905/reviews.json","similar":"http://api.rottentomatoes.com/api/public/v1.0/movies/75557905/similar.json"}},{"id":"10367","title":"The Transporter","year":2002,"mpaa_rating":"PG-13","runtime":92,"critics_consensus":"The Transporter delivers the action at the expense of coherent storytelling.","release_dates":{"theater":"2002-10-11","dvd":"2003-04-15"},"ratings":{"critics_rating":"Rotten","critics_score":54,"audience_rating":"Upright","audience_score":74},"synopsis":"","posters":{"thumbnail":"http://content6.flixster.com/movie/11/16/47/11164708_mob.jpg","profile":"http://content6.flixster.com/movie/11/16/47/11164708_pro.jpg","detailed":"http://content6.flixster.com/movie/11/16/47/11164708_det.jpg","original":"http://content6.flixster.com/movie/11/16/47/11164708_ori.jpg"},"abridged_cast":[{"name":"Jason Statham","id":"162653720","characters":["Frank Martin"]},{"name":"Qi Shu","id":"162662560","characters":["Lai"]},{"name":"Francois Berleand","id":"162660557","characters":["Tarconi"]},{"name":"Matt Schulze","id":"162662561","characters":["Wall Street"]},{"name":"Ric Young","id":"770672454","characters":["Mr. Kwai"]}],"alternate_ids":{"imdb":"0293662"},"links":{"self":"http://api.rottentomatoes.com/api/public/v1.0/movies/10367.json","alternate":"http://www.rottentomatoes.com/m/transporter/","cast":"http://api.rottentomatoes.com/api/public/v1.0/movies/10367/cast.json","clips":"http://api.rottentomatoes.com/api/public/v1.0/movies/10367/clips.json","reviews":"http://api.rottentomatoes.com/api/public/v1.0/movies/10367/reviews.json","similar":"http://api.rottentomatoes.com/api/public/v1.0/movies/10367/similar.json"}},{"id":"13062","title":"The Blair Witch Project","year":1999,"mpaa_rating":"R","runtime":87,"critics_consensus":"Full of creepy campfire scares, mock-doc The Blair Witch Project keeps audiences in the dark about its titular villain -- thus proving that imagination can be as scary as anything onscreen.","release_dates":{"theater":"1999-07-30","dvd":"1999-10-26"},"ratings":{"critics_rating":"Certified Fresh","critics_score":87,"audience_rating":"Spilled","audience_score":55},"synopsis":"","posters":{"thumbnail":"http://content8.flixster.com/movie/10/91/56/10915602_mob.jpg","profile":"http://content8.flixster.com/movie/10/91/56/10915602_pro.jpg","detailed":"http://content8.flixster.com/movie/10/91/56/10915602_det.jpg","original":"http://content8.flixster.com/movie/10/91/56/10915602_ori.jpg"},"abridged_cast":[{"name":"Heather Donahue","id":"162687012"},{"name":"Michael Williams","id":"377006925"},{"name":"Joshua Leonard","id":"162687013"},{"name":"Bob Griffith","id":"377006926"},{"name":"Jim King","id":"377006927"}],"alternate_ids":{"imdb":"0185937"},"links":{"self":"http://api.rottentomatoes.com/api/public/v1.0/movies/13062.json","alternate":"http://www.rottentomatoes.com/m/blair_witch_project/","cast":"http://api.rottentomatoes.com/api/public/v1.0/movies/13062/cast.json","clips":"http://api.rottentomatoes.com/api/public/v1.0/movies/13062/clips.json","reviews":"http://api.rottentomatoes.com/api/public/v1.0/movies/13062/reviews.json","similar":"http://api.rottentomatoes.com/api/public/v1.0/movies/13062/similar.json"}},{"id":"771240777","title":"House at the End of the Street","year":2012,"mpaa_rating":"PG-13","runtime":101,"critics_consensus":"Poorly conceived, clumsily executed, and almost completely bereft of scares, House at the End of the Street strands its talented star in a film as bland as its title.","release_dates":{"theater":"2012-09-21","dvd":"2013-01-08"},"ratings":{"critics_rating":"Rotten","critics_score":10,"audience_rating":"Spilled","audience_score":42},"synopsis":"Seeking a fresh start, newly divorced Sarah (Elisabeth Shue) and her daughter Elissa (Jennifer Lawrence) find the house of their dreams in a small, upscale, rural town. But when startling and unexplainable events begin to happen, Sarah and Elissa learn the town is in the shadows of a chilling secret. Years earlier, in the house next door, a daughter killed her parents in their beds, and disappeared - leaving only a brother, Ryan (Max Thieriot), as the sole survivor. Against Sarah's wishes, Elissa begins a relationship with the reclusive Ryan - and the closer they get, the deeper they're all pulled into a mystery more dangerous than they ever imagined. -- (C) Relativity","posters":{"thumbnail":"http://content8.flixster.com/movie/11/16/45/11164530_mob.jpg","profile":"http://content8.flixster.com/movie/11/16/45/11164530_pro.jpg","detailed":"http://content8.flixster.com/movie/11/16/45/11164530_det.jpg","original":"http://content8.flixster.com/movie/11/16/45/11164530_ori.jpg"},"abridged_cast":[{"name":"Jennifer Lawrence","id":"770800260","characters":["Elissa"]},{"name":"Elisabeth Shue","id":"162654719","characters":["Sarah"]},{"name":"Max Thieriot","id":"770782432","characters":["Ryan"]},{"name":"Gil Bellows","id":"162716278","characters":["Weaver"]},{"name":"Eva Link","id":"771420964","characters":["Carrie Anne"]}],"alternate_ids":{"imdb":"1582507"},"links":{"self":"http://api.rottentomatoes.com/api/public/v1.0/movies/771240777.json","alternate":"http://www.rottentomatoes.com/m/house_at_the_end_of_the_street/","cast":"http://api.rottentomatoes.com/api/public/v1.0/movies/771240777/cast.json","clips":"http://api.rottentomatoes.com/api/public/v1.0/movies/771240777/clips.json","reviews":"http://api.rottentomatoes.com/api/public/v1.0/movies/771240777/reviews.json","similar":"http://api.rottentomatoes.com/api/public/v1.0/movies/771240777/similar.json"}},{"id":"770680582","title":"The Wrestler","year":2008,"mpaa_rating":"R","runtime":109,"critics_consensus":"Mickey Rourke gives a performance for the ages in The Wrestler, a richly affecting, heart-wrenching yet ultimately rewarding drama.","release_dates":{"theater":"2008-09-05","dvd":"2009-04-21"},"ratings":{"critics_rating":"Certified Fresh","critics_score":98,"audience_rating":"Upright","audience_score":88},"synopsis":"","posters":{"thumbnail":"http://content6.flixster.com/movie/10/87/76/10877628_mob.jpg","profile":"http://content6.flixster.com/movie/10/87/76/10877628_pro.jpg","detailed":"http://content6.flixster.com/movie/10/87/76/10877628_det.jpg","original":"http://content6.flixster.com/movie/10/87/76/10877628_ori.jpg"},"abridged_cast":[{"name":"Mickey Rourke","id":"162652508","characters":["Randy \"The Ram\" Robinson"]},{"name":"Marisa Tomei","id":"162662209","characters":["Cassidy"]},{"name":"Evan Rachel Wood","id":"162653277","characters":["Stephanie Robinson"]},{"name":"Mark Margolis","id":"162686983","characters":["Lenny"]},{"name":"Gregg Bello","id":"770669391","characters":["Larry"]}],"alternate_ids":{"imdb":"1125849"},"links":{"self":"http://api.rottentomatoes.com/api/public/v1.0/movies/770680582.json","alternate":"http://www.rottentomatoes.com/m/the_wrestler/","cast":"http://api.rottentomatoes.com/api/public/v1.0/movies/770680582/cast.json","clips":"http://api.rottentomatoes.com/api/public/v1.0/movies/770680582/clips.json","reviews":"http://api.rottentomatoes.com/api/public/v1.0/movies/770680582/reviews.json","similar":"http://api.rottentomatoes.com/api/public/v1.0/movies/770680582/similar.json"}},{"id":"9448","title":"The Lion King 2 - Simba's Pride","year":1998,"mpaa_rating":"G","runtime":75,"release_dates":{"theater":"1998-10-27","dvd":"1998-10-27"},"ratings":{"critics_rating":"Rotten","critics_score":33,"audience_rating":"Upright","audience_score":60},"synopsis":"","posters":{"thumbnail":"http://content7.flixster.com/movie/10/93/87/10938785_mob.jpg","profile":"http://content7.flixster.com/movie/10/93/87/10938785_pro.jpg","detailed":"http://content7.flixster.com/movie/10/93/87/10938785_det.jpg","original":"http://content7.flixster.com/movie/10/93/87/10938785_ori.jpg"},"abridged_cast":[{"name":"Matthew Broderick","id":"162655730","characters":["Simba"]},{"name":"Neve Campbell","id":"162656138","characters":["Kiara"]},{"name":"Andy Dick","id":"351525208","characters":["Nuka"]},{"name":"Robert Guillaume","id":"765598440","characters":["Rafiki"]},{"name":"James Earl Jones","id":"162655731","characters":["Mufasa"]}],"alternate_ids":{"imdb":"0120131"},"links":{"self":"http://api.rottentomatoes.com/api/public/v1.0/movies/9448.json","alternate":"http://www.rottentomatoes.com/m/lion_king_2_simbas_pride_special_edition/","cast":"http://api.rottentomatoes.com/api/public/v1.0/movies/9448/cast.json","clips":"http://api.rottentomatoes.com/api/public/v1.0/movies/9448/clips.json","reviews":"http://api.rottentomatoes.com/api/public/v1.0/movies/9448/reviews.json","similar":"http://api.rottentomatoes.com/api/public/v1.0/movies/9448/similar.json"}},{"id":"686047248","title":"Blood: The Last Vampire","year":2009,"mpaa_rating":"R","runtime":89,"critics_consensus":"Based on a classic anime series, Blood: The Last Vampire is a tedious, shoddily acted, amateurish picture that loses all charm in the transition to live-action.","release_dates":{"theater":"2009-07-10","dvd":"2009-10-20"},"ratings":{"critics_rating":"Rotten","critics_score":22,"audience_rating":"Spilled","audience_score":33},"synopsis":"","posters":{"thumbnail":"http://content6.flixster.com/movie/10/88/79/10887992_mob.jpg","profile":"http://content6.flixster.com/movie/10/88/79/10887992_pro.jpg","detailed":"http://content6.flixster.com/movie/10/88/79/10887992_det.jpg","original":"http://content6.flixster.com/movie/10/88/79/10887992_ori.jpg"},"abridged_cast":[{"name":"Gianna Jun","id":"770673401","characters":["Saya"]},{"name":"Koyuki","id":"162655135","characters":["Onigen"]},{"name":"Michael Byrne","id":"770691543","characters":["Elder"]},{"name":"Colin Salmon","id":"417267409","characters":["Powell"]},{"name":"Allison Miller","id":"770673402","characters":["Alice McKee"]}],"alternate_ids":{"imdb":"0806027"},"links":{"self":"http://api.rottentomatoes.com/api/public/v1.0/movies/686047248.json","alternate":"http://www.rottentomatoes.com/m/10011388-blood_the_last_vampire/","cast":"http://api.rottentomatoes.com/api/public/v1.0/movies/686047248/cast.json","clips":"http://api.rottentomatoes.com/api/public/v1.0/movies/686047248/clips.json","reviews":"http://api.rottentomatoes.com/api/public/v1.0/movies/686047248/reviews.json","similar":"http://api.rottentomatoes.com/api/public/v1.0/movies/686047248/similar.json"}},{"id":"770672142","title":"I'm Not There","year":2007,"mpaa_rating":"R","runtime":135,"critics_consensus":"I'm Not There's unique editing, visuals, and multiple talented actors portraying Bob Dylan make for a deliciously unconventional experience. Each segment brings a new and fresh take on Dylan's life.","release_dates":{"theater":"2007-11-21","dvd":"2008-05-06"},"ratings":{"critics_rating":"Certified Fresh","critics_score":77,"audience_rating":"Upright","audience_score":70},"synopsis":"","posters":{"thumbnail":"http://content6.flixster.com/movie/95/87/44/9587440_mob.jpg","profile":"http://content6.flixster.com/movie/95/87/44/9587440_pro.jpg","detailed":"http://content6.flixster.com/movie/95/87/44/9587440_det.jpg","original":"http://content6.flixster.com/movie/95/87/44/9587440_ori.jpg"},"abridged_cast":[{"name":"Christian Bale","id":"162652645","characters":["Jack","Pastor John"]},{"name":"Cate Blanchett","id":"162659162","characters":["Jude"]},{"name":"Marcus Carl Franklin","id":"770671333","characters":["Woody"]},{"name":"Richard Gere","id":"162655185","characters":["Billy"]},{"name":"Heath Ledger","id":"162652588","characters":["Robbie"]}],"alternate_ids":{"imdb":"0368794"},"links":{"self":"http://api.rottentomatoes.com/api/public/v1.0/movies/770672142.json","alternate":"http://www.rottentomatoes.com/m/im_not_there_suppositions_on_a_film_concerning_dylan/","cast":"http://api.rottentomatoes.com/api/public/v1.0/movies/770672142/cast.json","clips":"http://api.rottentomatoes.com/api/public/v1.0/movies/770672142/clips.json","reviews":"http://api.rottentomatoes.com/api/public/v1.0/movies/770672142/reviews.json","similar":"http://api.rottentomatoes.com/api/public/v1.0/movies/770672142/similar.json"}},{"id":"10141","title":"The Color Purple","year":1985,"mpaa_rating":"PG-13","runtime":154,"critics_consensus":"A sentimental tale that reveals great emotional truths in American history.","release_dates":{"theater":"1985-12-16","dvd":"2003-02-18"},"ratings":{"critics_rating":"Fresh","critics_score":88,"audience_rating":"Upright","audience_score":94},"synopsis":"","posters":{"thumbnail":"http://content8.flixster.com/movie/11/16/80/11168034_mob.jpg","profile":"http://content8.flixster.com/movie/11/16/80/11168034_pro.jpg","detailed":"http://content8.flixster.com/movie/11/16/80/11168034_det.jpg","original":"http://content8.flixster.com/movie/11/16/80/11168034_ori.jpg"},"abridged_cast":[{"name":"Danny Glover","id":"162660485","characters":["Albert"]},{"name":"Whoopi Goldberg","id":"162653468","characters":["Celie"]},{"name":"Margaret Avery","id":"540762871","characters":["Shug Avery"]},{"name":"Oprah Winfrey","id":"162654774","characters":["Sofia"]},{"name":"Willard E. Pugh","id":"540762873","characters":["Harpo"]}],"alternate_ids":{"imdb":"0088939"},"links":{"self":"http://api.rottentomatoes.com/api/public/v1.0/movies/10141.json","alternate":"http://www.rottentomatoes.com/m/color_purple/","cast":"http://api.rottentomatoes.com/api/public/v1.0/movies/10141/cast.json","clips":"http://api.rottentomatoes.com/api/public/v1.0/movies/10141/clips.json","reviews":"http://api.rottentomatoes.com/api/public/v1.0/movies/10141/reviews.json","similar":"http://api.rottentomatoes.com/api/public/v1.0/movies/10141/similar.json"}},{"id":"771312512","title":"The Mortal Instruments: City of Bones","year":2013,"mpaa_rating":"PG-13","runtime":130,"critics_consensus":"The Mortal Instruments: City of Bones borrows ingredients from seemingly every fantasy franchise of the last 30 years -- but can't seem to figure out what to do with them.","release_dates":{"theater":"2013-08-21","dvd":"2013-12-03"},"ratings":{"critics_rating":"Rotten","critics_score":12,"audience_rating":"Upright","audience_score":61},"synopsis":"Lily Collins stars as a young girl whose life is upended when she realizes that she's part of a long line of demon-slayers in this Screen Gems adaptation of Cassandra Clare's first book in her series of best-selling novels. Lena Headey and Jonathan Rhys Meyers head up the rest of the starring cast. ~ Jeremy Wheeler, Rovi","posters":{"thumbnail":"http://content9.flixster.com/movie/11/17/50/11175075_mob.jpg","profile":"http://content9.flixster.com/movie/11/17/50/11175075_pro.jpg","detailed":"http://content9.flixster.com/movie/11/17/50/11175075_det.jpg","original":"http://content9.flixster.com/movie/11/17/50/11175075_ori.jpg"},"abridged_cast":[{"name":"Lily Collins","id":"770878598","characters":["Clary"]},{"name":"Robert Maillet","id":"770870365","characters":["Blackwell"]},{"name":"Kevin Durand","id":"684288210","characters":["Pangborn"]},{"name":"Lena Headey","id":"162653508","characters":["Jocelyn"]},{"name":"Jonathan Rhys Meyers","id":"162662253","characters":["Valentine"]}],"alternate_ids":{"imdb":"1538403"},"links":{"self":"http://api.rottentomatoes.com/api/public/v1.0/movies/771312512.json","alternate":"http://www.rottentomatoes.com/m/the_mortal_instruments_city_of_bones/","cast":"http://api.rottentomatoes.com/api/public/v1.0/movies/771312512/cast.json","clips":"http://api.rottentomatoes.com/api/public/v1.0/movies/771312512/clips.json","reviews":"http://api.rottentomatoes.com/api/public/v1.0/movies/771312512/reviews.json","similar":"http://api.rottentomatoes.com/api/public/v1.0/movies/771312512/similar.json"}},{"id":"23534","title":"Back to the Future Part III","year":1990,"mpaa_rating":"PG","runtime":119,"release_dates":{"theater":"1990-05-25","dvd":"2002-12-17"},"ratings":{"critics_rating":"Fresh","critics_score":73,"audience_rating":"Upright","audience_score":78},"synopsis":"","posters":{"thumbnail":"http://content8.flixster.com/movie/11/17/38/11173854_mob.jpg","profile":"http://content8.flixster.com/movie/11/17/38/11173854_pro.jpg","detailed":"http://content8.flixster.com/movie/11/17/38/11173854_det.jpg","original":"http://content8.flixster.com/movie/11/17/38/11173854_ori.jpg"},"abridged_cast":[{"name":"Michael J. Fox","id":"162656043","characters":["Marty McFly","Seamus McFly"]},{"name":"Christopher Lloyd","id":"162657089","characters":["Dr. Emmett Brown"]},{"name":"Mary Steenburgen","id":"162663795","characters":["Clara Clayton"]},{"name":"Thomas F. Wilson","id":"283081805","characters":["Buford \"Mad Dog\" Tannen"]},{"name":"Lea Thompson","id":"162662325","characters":["Lorraine McFly","Maggie McFly"]}],"alternate_ids":{"imdb":"0099088"},"links":{"self":"http://api.rottentomatoes.com/api/public/v1.0/movies/23534.json","alternate":"http://www.rottentomatoes.com/m/back_to_the_future_3/","cast":"http://api.rottentomatoes.com/api/public/v1.0/movies/23534/cast.json","clips":"http://api.rottentomatoes.com/api/public/v1.0/movies/23534/clips.json","reviews":"http://api.rottentomatoes.com/api/public/v1.0/movies/23534/reviews.json","similar":"http://api.rottentomatoes.com/api/public/v1.0/movies/23534/similar.json"}},{"id":"10175","title":"Garfield - The Movie","year":2004,"mpaa_rating":"PG","runtime":81,"critics_consensus":"When the novelty of the CGI Garfield wears off, what's left is a simplistic kiddie movie.","release_dates":{"theater":"2004-06-11","dvd":"2004-10-19"},"ratings":{"critics_rating":"Rotten","critics_score":15,"audience_rating":"Spilled","audience_score":38},"synopsis":"","posters":{"thumbnail":"http://content7.flixster.com/movie/25/44/254417_mob.jpg","profile":"http://content7.flixster.com/movie/25/44/254417_pro.jpg","detailed":"http://content7.flixster.com/movie/25/44/254417_det.jpg","original":"http://content7.flixster.com/movie/25/44/254417_ori.jpg"},"abridged_cast":[{"name":"Bill Murray","id":"162653064","characters":["Garfield"]},{"name":"Breckin Meyer","id":"162652680","characters":["Jon Arbuckle"]},{"name":"Jennifer Love Hewitt","id":"162660809","characters":["Dr. Liz Wilson"]},{"name":"Debra Messing","id":"162659475","characters":["Arlene"]},{"name":"Stephen Tobolowsky","id":"162660810","characters":["Happy Chapman"]}],"alternate_ids":{"imdb":"0356634"},"links":{"self":"http://api.rottentomatoes.com/api/public/v1.0/movies/10175.json","alternate":"http://www.rottentomatoes.com/m/garfield/","cast":"http://api.rottentomatoes.com/api/public/v1.0/movies/10175/cast.json","clips":"http://api.rottentomatoes.com/api/public/v1.0/movies/10175/clips.json","reviews":"http://api.rottentomatoes.com/api/public/v1.0/movies/10175/reviews.json","similar":"http://api.rottentomatoes.com/api/public/v1.0/movies/10175/similar.json"}},{"id":"75458665","title":"The Others","year":2001,"mpaa_rating":"PG-13","runtime":105,"critics_consensus":"The Others is a spooky thriller that reminds us that a movie doesn't need expensive special effects to be creepy.","release_dates":{"theater":"2001-08-10","dvd":"2002-05-14"},"ratings":{"critics_rating":"Certified Fresh","critics_score":83,"audience_rating":"Upright","audience_score":77},"synopsis":"","posters":{"thumbnail":"http://content7.flixster.com/movie/31/28/312825_mob.jpg","profile":"http://content7.flixster.com/movie/31/28/312825_pro.jpg","detailed":"http://content7.flixster.com/movie/31/28/312825_det.jpg","original":"http://content7.flixster.com/movie/31/28/312825_ori.jpg"},"abridged_cast":[{"name":"Nicole Kidman","id":"162652279","characters":["Grace"]},{"name":"Christopher Eccleston","id":"162711102","characters":["Charles"]},{"name":"Fionnula Flanagan","id":"364634096","characters":["Mrs. Mills"]},{"name":"Elaine Cassidy","id":"381421478","characters":["Lydia"]},{"name":"Eric Sykes","id":"381421479","characters":["Mr. Tuttle"]}],"alternate_ids":{"imdb":"0230600"},"links":{"self":"http://api.rottentomatoes.com/api/public/v1.0/movies/75458665.json","alternate":"http://www.rottentomatoes.com/m/1109257-others/","cast":"http://api.rottentomatoes.com/api/public/v1.0/movies/75458665/cast.json","clips":"http://api.rottentomatoes.com/api/public/v1.0/movies/75458665/clips.json","reviews":"http://api.rottentomatoes.com/api/public/v1.0/movies/75458665/reviews.json","similar":"http://api.rottentomatoes.com/api/public/v1.0/movies/75458665/similar.json"}},{"id":"13088","title":"The Lost Boys","year":1987,"mpaa_rating":"R","runtime":97,"critics_consensus":"Flawed but eminently watchable, Joel Schumacher's teen vampire thriller blends horror, humor, and plenty of visual style with standout performances from a cast full of young 1980s stars.","release_dates":{"theater":"1987-07-31","dvd":"1998-01-27"},"ratings":{"critics_rating":"Certified Fresh","critics_score":75,"audience_rating":"Upright","audience_score":86},"synopsis":"","posters":{"thumbnail":"http://content8.flixster.com/movie/11/16/80/11168030_mob.jpg","profile":"http://content8.flixster.com/movie/11/16/80/11168030_pro.jpg","detailed":"http://content8.flixster.com/movie/11/16/80/11168030_det.jpg","original":"http://content8.flixster.com/movie/11/16/80/11168030_ori.jpg"},"abridged_cast":[{"name":"Jason Patric","id":"162668151","characters":["Michael"]},{"name":"Corey Haim","id":"162661543","characters":["Sam"]},{"name":"Dianne Wiest","id":"162664793","characters":["Lucy"]},{"name":"Barnard Hughes","id":"326394002","characters":["Grandpa"]},{"name":"Edward Herrmann","id":"162658803","characters":["Max"]}],"alternate_ids":{"imdb":"0093437"},"links":{"self":"http://api.rottentomatoes.com/api/public/v1.0/movies/13088.json","alternate":"http://www.rottentomatoes.com/m/lost_boys/","cast":"http://api.rottentomatoes.com/api/public/v1.0/movies/13088/cast.json","clips":"http://api.rottentomatoes.com/api/public/v1.0/movies/13088/clips.json","reviews":"http://api.rottentomatoes.com/api/public/v1.0/movies/13088/reviews.json","similar":"http://api.rottentomatoes.com/api/public/v1.0/movies/13088/similar.json"}},{"id":"770670801","title":"In the Name of the King: A Dungeon Siege Tale","year":2008,"mpaa_rating":"PG-13","runtime":126,"critics_consensus":"Featuring mostly wooden performances, laughable dialogue, and shoddy production values, In the Name of the King fulfills all expectations of an Uwe Boll film.","release_dates":{"theater":"2006-11-03","dvd":"2008-04-15"},"ratings":{"critics_rating":"Rotten","critics_score":4,"audience_rating":"Spilled","audience_score":22},"synopsis":"","posters":{"thumbnail":"http://content9.flixster.com/movie/11/16/48/11164835_mob.jpg","profile":"http://content9.flixster.com/movie/11/16/48/11164835_pro.jpg","detailed":"http://content9.flixster.com/movie/11/16/48/11164835_det.jpg","original":"http://content9.flixster.com/movie/11/16/48/11164835_ori.jpg"},"abridged_cast":[{"name":"Jason Statham","id":"162653720","characters":["Farmer"]},{"name":"John Rhys-Davies","id":"265861635","characters":["Merick"]},{"name":"Ray Liotta","id":"162669095","characters":["Gallian"]},{"name":"Matthew Lillard","id":"162666767","characters":["Duke Fallow"]},{"name":"Leelee Sobieski","id":"162672223","characters":["Muriella"]}],"alternate_ids":{"imdb":"0460780"},"links":{"self":"http://api.rottentomatoes.com/api/public/v1.0/movies/770670801.json","alternate":"http://www.rottentomatoes.com/m/in-the-name-of-the-king-a-dungeon-siege-tale/","cast":"http://api.rottentomatoes.com/api/public/v1.0/movies/770670801/cast.json","clips":"http://api.rottentomatoes.com/api/public/v1.0/movies/770670801/clips.json","reviews":"http://api.rottentomatoes.com/api/public/v1.0/movies/770670801/reviews.json","similar":"http://api.rottentomatoes.com/api/public/v1.0/movies/770670801/similar.json"}},{"id":"263042951","title":"The Science of Sleep","year":2006,"mpaa_rating":"R","runtime":106,"critics_consensus":"Lovely and diffuse, Sleep isn't as immediately absorbing as Gondry's previous work, but its messy beauty is its own reward.","release_dates":{"theater":"2006-06-18","dvd":"2007-02-05"},"ratings":{"critics_rating":"Fresh","critics_score":71,"audience_rating":"Upright","audience_score":81},"synopsis":"","posters":{"thumbnail":"http://content6.flixster.com/movie/10/89/25/10892548_mob.jpg","profile":"http://content6.flixster.com/movie/10/89/25/10892548_pro.jpg","detailed":"http://content6.flixster.com/movie/10/89/25/10892548_det.jpg","original":"http://content6.flixster.com/movie/10/89/25/10892548_ori.jpg"},"abridged_cast":[{"name":"Gael Garcia Bernal","id":"162684026","characters":["Stephane Miroux"]},{"name":"Charlotte Gainsbourg","id":"162719684","characters":["Stephanie"]},{"name":"Alain Chabat","id":"162716320","characters":["Guy"]},{"name":"Miou-Miou","id":"162656786","characters":["Christine Miroux"]},{"name":"Emma de Caunes","id":"364607853","characters":["ZoA?","Zoe","Zo?"]}],"alternate_ids":{"imdb":"0354899"},"links":{"self":"http://api.rottentomatoes.com/api/public/v1.0/movies/263042951.json","alternate":"http://www.rottentomatoes.com/m/the_science_of_sleep/","cast":"http://api.rottentomatoes.com/api/public/v1.0/movies/263042951/cast.json","clips":"http://api.rottentomatoes.com/api/public/v1.0/movies/263042951/clips.json","reviews":"http://api.rottentomatoes.com/api/public/v1.0/movies/263042951/reviews.json","similar":"http://api.rottentomatoes.com/api/public/v1.0/movies/263042951/similar.json"}},{"id":"12895","title":"The Life Aquatic with Steve Zissou","year":2004,"mpaa_rating":"R","runtime":118,"critics_consensus":"The Life Aquatic with Steve Zissou is getting soaked by many critics, who call it smug, ironic and artificial. Still, others have praised the movie's sheer uniqueness, eccentricity and whimsy.","release_dates":{"theater":"2004-12-10","dvd":"2005-04-26"},"ratings":{"critics_rating":"Rotten","critics_score":53,"audience_rating":"Upright","audience_score":83},"synopsis":"","posters":{"thumbnail":"http://content6.flixster.com/movie/26/70/267096_mob.jpg","profile":"http://content6.flixster.com/movie/26/70/267096_pro.jpg","detailed":"http://content6.flixster.com/movie/26/70/267096_det.jpg","original":"http://content6.flixster.com/movie/26/70/267096_ori.jpg"},"abridged_cast":[{"name":"Bill Murray","id":"162653064","characters":["Steve Zissou"]},{"name":"Owen Wilson","id":"162652836","characters":["Ned Plimpton"]},{"name":"Cate Blanchett","id":"162659162","characters":["Jane Winslett-Richardson"]},{"name":"Anjelica Huston","id":"162660306","characters":["Eleanor Zissou"]},{"name":"Willem Dafoe","id":"162668400","characters":["Klaus Daimler"]}],"links":{"self":"http://api.rottentomatoes.com/api/public/v1.0/movies/12895.json","alternate":"http://www.rottentomatoes.com/m/life_aquatic/","cast":"http://api.rottentomatoes.com/api/public/v1.0/movies/12895/cast.json","clips":"http://api.rottentomatoes.com/api/public/v1.0/movies/12895/clips.json","reviews":"http://api.rottentomatoes.com/api/public/v1.0/movies/12895/reviews.json","similar":"http://api.rottentomatoes.com/api/public/v1.0/movies/12895/similar.json"}},{"id":"13155","title":"The Punisher","year":2004,"mpaa_rating":"R","runtime":123,"critics_consensus":"A good cast fails to elevate this overly violent and by-the-numbers revenge flick.","release_dates":{"theater":"2004-04-16","dvd":"2004-09-07"},"ratings":{"critics_rating":"Rotten","critics_score":29,"audience_rating":"Upright","audience_score":64},"synopsis":"","posters":{"thumbnail":"http://content9.flixster.com/movie/26/83/268395_mob.jpg","profile":"http://content9.flixster.com/movie/26/83/268395_pro.jpg","detailed":"http://content9.flixster.com/movie/26/83/268395_det.jpg","original":"http://content9.flixster.com/movie/26/83/268395_ori.jpg"},"abridged_cast":[{"name":"Thomas Jane","id":"162688276","characters":["Frank Castle/The Punisher"]},{"name":"John Travolta","id":"162658692","characters":["Howard Saint"]},{"name":"Will Patton","id":"162690561","characters":["Leonard Glass"]},{"name":"Roy Scheider","id":"162661798","characters":["Mr. Castle"]},{"name":"Laura Harring","id":"162668202","characters":["Livia Saint"]}],"alternate_ids":{"imdb":"0330793"},"links":{"self":"http://api.rottentomatoes.com/api/public/v1.0/movies/13155.json","alternate":"http://www.rottentomatoes.com/m/1131721-punisher/","cast":"http://api.rottentomatoes.com/api/public/v1.0/movies/13155/cast.json","clips":"http://api.rottentomatoes.com/api/public/v1.0/movies/13155/clips.json","reviews":"http://api.rottentomatoes.com/api/public/v1.0/movies/13155/reviews.json","similar":"http://api.rottentomatoes.com/api/public/v1.0/movies/13155/similar.json"}},{"id":"12368","title":"Dr. Strangelove Or How I Learned to Stop Worrying and Love the Bomb","year":1964,"mpaa_rating":"PG","runtime":95,"critics_consensus":"Stanley Kubrick's brilliant Cold War satire remains as funny and razor-sharp today as it was in 1964.","release_dates":{"theater":"1964-01-29","dvd":"2004-11-02"},"ratings":{"critics_rating":"Certified Fresh","critics_score":100,"audience_rating":"Upright","audience_score":94},"synopsis":"","posters":{"thumbnail":"http://content8.flixster.com/movie/11/16/33/11163386_mob.jpg","profile":"http://content8.flixster.com/movie/11/16/33/11163386_pro.jpg","detailed":"http://content8.flixster.com/movie/11/16/33/11163386_det.jpg","original":"http://content8.flixster.com/movie/11/16/33/11163386_ori.jpg"},"abridged_cast":[{"name":"Peter Sellers","id":"162656841","characters":["Dr. Strangelove","Group Capt. Lionel Mandrake","President Merkin Muffley"]},{"name":"George C. Scott","id":"162658741","characters":["Gen. Buck Turgidson"]},{"name":"Sterling Hayden","id":"162696059","characters":["Gen. Jack D. Ripper"]},{"name":"Keenan Wynn","id":"162658396","characters":["Col. Bat Guano"]},{"name":"Slim Pickens","id":"326300352","characters":["Maj. T.J. \"King\" Kong"]}],"alternate_ids":{"imdb":"0057012"},"links":{"self":"http://api.rottentomatoes.com/api/public/v1.0/movies/12368.json","alternate":"http://www.rottentomatoes.com/m/dr_strangelove/","cast":"http://api.rottentomatoes.com/api/public/v1.0/movies/12368/cast.json","clips":"http://api.rottentomatoes.com/api/public/v1.0/movies/12368/clips.json","reviews":"http://api.rottentomatoes.com/api/public/v1.0/movies/12368/reviews.json","similar":"http://api.rottentomatoes.com/api/public/v1.0/movies/12368/similar.json"}},{"id":"12954","title":"The Patriot","year":2000,"mpaa_rating":"R","runtime":168,"critics_consensus":"The Patriot can be entertaining to watch, but it relies too much on formula and melodrama.","release_dates":{"theater":"2000-06-28","dvd":"2006-04-25"},"ratings":{"critics_rating":"Fresh","critics_score":62,"audience_rating":"Upright","audience_score":81},"synopsis":"","posters":{"thumbnail":"http://content9.flixster.com/movie/11/16/98/11169875_mob.jpg","profile":"http://content9.flixster.com/movie/11/16/98/11169875_pro.jpg","detailed":"http://content9.flixster.com/movie/11/16/98/11169875_det.jpg","original":"http://content9.flixster.com/movie/11/16/98/11169875_ori.jpg"},"abridged_cast":[{"name":"Mel Gibson","id":"162655785","characters":["Benjamin Martin"]},{"name":"Heath Ledger","id":"162652588","characters":["Gabriel Martin"]},{"name":"Joely Richardson","id":"162746074","characters":["Charlotte Selton"]},{"name":"Jason Isaacs","id":"162662293","characters":["Colonel William Tavington"]},{"name":"Chris Cooper","id":"162654289","characters":["Colonel Harry Burwell"]}],"alternate_ids":{"imdb":"0187393"},"links":{"self":"http://api.rottentomatoes.com/api/public/v1.0/movies/12954.json","alternate":"http://www.rottentomatoes.com/m/1098149-patriot/","cast":"http://api.rottentomatoes.com/api/public/v1.0/movies/12954/cast.json","clips":"http://api.rottentomatoes.com/api/public/v1.0/movies/12954/clips.json","reviews":"http://api.rottentomatoes.com/api/public/v1.0/movies/12954/reviews.json","similar":"http://api.rottentomatoes.com/api/public/v1.0/movies/12954/similar.json"}},{"id":"10401","title":"How the Grinch Stole Christmas","year":2000,"mpaa_rating":"PG","runtime":105,"critics_consensus":"Jim Carrey shines as the Grinch. Unfortunately, it's not enough to save this movie. You'd be better off watching the TV cartoon.","release_dates":{"theater":"2000-11-17","dvd":"2001-11-20"},"ratings":{"critics_rating":"Rotten","critics_score":53,"audience_rating":"Spilled","audience_score":55},"synopsis":"","posters":{"thumbnail":"http://content9.flixster.com/movie/25/55/255591_mob.jpg","profile":"http://content9.flixster.com/movie/25/55/255591_pro.jpg","detailed":"http://content9.flixster.com/movie/25/55/255591_det.jpg","original":"http://content9.flixster.com/movie/25/55/255591_ori.jpg"},"abridged_cast":[{"name":"Jim Carrey","id":"162659418","characters":["The Grinch"]},{"name":"Jeffrey Tambor","id":"162663809","characters":["Mayor May Who"]},{"name":"Christine Baranski","id":"238474423","characters":["Martha May Whovier"]},{"name":"Bill Irwin","id":"410850187","characters":["Lou Lou Who"]},{"name":"Molly Shannon","id":"162669077","characters":["Betty Lou Who"]}],"alternate_ids":{"imdb":"0170016"},"links":{"self":"http://api.rottentomatoes.com/api/public/v1.0/movies/10401.json","alternate":"http://www.rottentomatoes.com/m/how_the_grinch_stole_christmas/","cast":"http://api.rottentomatoes.com/api/public/v1.0/movies/10401/cast.json","clips":"http://api.rottentomatoes.com/api/public/v1.0/movies/10401/clips.json","reviews":"http://api.rottentomatoes.com/api/public/v1.0/movies/10401/reviews.json","similar":"http://api.rottentomatoes.com/api/public/v1.0/movies/10401/similar.json"}},{"id":"14752","title":"The Last of the Mohicans","year":1992,"mpaa_rating":"R","runtime":114,"release_dates":{"theater":"1992-09-25","dvd":"1999-11-23"},"ratings":{"critics_rating":"Fresh","critics_score":94,"audience_rating":"Upright","audience_score":88},"synopsis":"","posters":{"thumbnail":"http://content8.flixster.com/movie/11/16/47/11164770_mob.jpg","profile":"http://content8.flixster.com/movie/11/16/47/11164770_pro.jpg","detailed":"http://content8.flixster.com/movie/11/16/47/11164770_det.jpg","original":"http://content8.flixster.com/movie/11/16/47/11164770_ori.jpg"},"abridged_cast":[{"name":"Daniel Day-Lewis","id":"162660044","characters":["Hawkeye"]},{"name":"Madeleine Stowe","id":"162673205","characters":["Cora Munro"]},{"name":"Russell Means","id":"387541671","characters":["Chingachgook"]},{"name":"Eric Schweig","id":"162666978","characters":["Uncas"]},{"name":"Jodhi May","id":"353587545","characters":["Alice Munro"]}],"alternate_ids":{"imdb":"0104691"},"links":{"self":"http://api.rottentomatoes.com/api/public/v1.0/movies/14752.json","alternate":"http://www.rottentomatoes.com/m/1040678-last_of_the_mohicans/","cast":"http://api.rottentomatoes.com/api/public/v1.0/movies/14752/cast.json","clips":"http://api.rottentomatoes.com/api/public/v1.0/movies/14752/clips.json","reviews":"http://api.rottentomatoes.com/api/public/v1.0/movies/14752/reviews.json","similar":"http://api.rottentomatoes.com/api/public/v1.0/movies/14752/similar.json"}},{"id":"771036677","title":"Limitless","year":2011,"mpaa_rating":"PG-13","runtime":105,"critics_consensus":"Although its script is uneven, Neil Burger directs Limitless with plenty of visual panache, and Bradley Cooper makes for a charismatic star.","release_dates":{"theater":"2011-03-18","dvd":"2011-07-19"},"ratings":{"critics_rating":"Fresh","critics_score":70,"audience_rating":"Upright","audience_score":73},"synopsis":"Aspiring author Eddie Morra (Cooper) is suffering from chronic writer's block, but his life changes instantly when an old friend introduces him to NZT, a revolutionary new pharmaceutical that allows him to tap his full potential. Soon Eddie takes Wall Street by storm, parlaying a small stake into millions. His accomplishments catch the eye of mega-mogul Carl Van Loon (De Niro),who invites him to help broker the largest merger in corporate history. But they also bring Eddie to the attention of people willing to do anything to get their hands on his stash of NZT. With his life in jeopardy and the drug's brutal side effects grinding him down, Eddie dodges mysterious stalkers, a vicious gangster and an intense police investigation as he attempts to hang on to his dwindling supply long enough to outwit his enemies.-- (C) Relativity","posters":{"thumbnail":"http://content6.flixster.com/movie/11/15/61/11156184_mob.jpg","profile":"http://content6.flixster.com/movie/11/15/61/11156184_pro.jpg","detailed":"http://content6.flixster.com/movie/11/15/61/11156184_det.jpg","original":"http://content6.flixster.com/movie/11/15/61/11156184_ori.jpg"},"abridged_cast":[{"name":"Bradley Cooper","id":"351525448","characters":["Eddie Morra"]},{"name":"Robert De Niro","id":"162655521","characters":["Carl Van Loon"]},{"name":"Abbie Cornish","id":"286584167","characters":["Lindy"]},{"name":"Andrew Howard","id":"770688393","characters":["Gennady"]},{"name":"Anna Friel","id":"162714834","characters":["Melissa"]}],"alternate_ids":{"imdb":"1219289"},"links":{"self":"http://api.rottentomatoes.com/api/public/v1.0/movies/771036677.json","alternate":"http://www.rottentomatoes.com/m/limitless/","cast":"http://api.rottentomatoes.com/api/public/v1.0/movies/771036677/cast.json","clips":"http://api.rottentomatoes.com/api/public/v1.0/movies/771036677/clips.json","reviews":"http://api.rottentomatoes.com/api/public/v1.0/movies/771036677/reviews.json","similar":"http://api.rottentomatoes.com/api/public/v1.0/movies/771036677/similar.json"}},{"id":"770681094","title":"The Adventures of Tintin","year":2011,"mpaa_rating":"PG","runtime":107,"critics_consensus":"Drawing deep from the classic Raiders of the Lost Ark playbook, Steven Spielberg has crafted another spirited, thrilling adventure in the form of Tintin.","release_dates":{"theater":"2011-12-21","dvd":"2012-03-13"},"ratings":{"critics_rating":"Certified Fresh","critics_score":75,"audience_rating":"Upright","audience_score":74},"synopsis":"Paramount Pictures and Columbia Pictures Present a 3D Motion Capture Film The Adventures of Tintin directed by Steven Spielberg from a screenplay by Steven Moffat and Edgar Wright & Joe Cornish. Starring Jamie Bell as Tintin, the intrepid young reporter whose relentless pursuit of a good story thrusts him into a world of high adventure, and Daniel Craig as the nefarious Red Rackham. -- (C) Official Site","posters":{"thumbnail":"http://content7.flixster.com/movie/11/16/91/11169145_mob.jpg","profile":"http://content7.flixster.com/movie/11/16/91/11169145_pro.jpg","detailed":"http://content7.flixster.com/movie/11/16/91/11169145_det.jpg","original":"http://content7.flixster.com/movie/11/16/91/11169145_ori.jpg"},"abridged_cast":[{"name":"Jamie Bell","id":"162653082","characters":["Tintin"]},{"name":"Andy Serkis","id":"269710329","characters":["Captain Haddock","Captain Haddock/Sir Francis Haddock"]},{"name":"Daniel Craig","id":"162687443","characters":["Rackham/Sakharine","Red Rackham"]},{"name":"Nick Frost","id":"162684059","characters":["Thompson Twin","Thomson"]},{"name":"Simon Pegg","id":"162684057","characters":["Thompson","Thompson Twin"]}],"alternate_ids":{"imdb":"0983193"},"links":{"self":"http://api.rottentomatoes.com/api/public/v1.0/movies/770681094.json","alternate":"http://www.rottentomatoes.com/m/the_adventures_of_tintin/","cast":"http://api.rottentomatoes.com/api/public/v1.0/movies/770681094/cast.json","clips":"http://api.rottentomatoes.com/api/public/v1.0/movies/770681094/clips.json","reviews":"http://api.rottentomatoes.com/api/public/v1.0/movies/770681094/reviews.json","similar":"http://api.rottentomatoes.com/api/public/v1.0/movies/770681094/similar.json"}},{"id":"672","title":"The Sisterhood of the Traveling Pants","year":2005,"mpaa_rating":"PG","runtime":119,"critics_consensus":"This adaptation of a beloved novel charms with its heartwarming tale of friendship and young adulthood; realistic portrayals of the lives of teenage girls lend the comedy-drama sincerity, and may capture hearts outside the female-centric demographic.","release_dates":{"theater":"2005-06-01","dvd":"2005-10-11"},"ratings":{"critics_rating":"Certified Fresh","critics_score":77,"audience_rating":"Upright","audience_score":78},"synopsis":"","posters":{"thumbnail":"http://content6.flixster.com/movie/24/98/249800_mob.jpg","profile":"http://content6.flixster.com/movie/24/98/249800_pro.jpg","detailed":"http://content6.flixster.com/movie/24/98/249800_det.jpg","original":"http://content6.flixster.com/movie/24/98/249800_ori.jpg"},"abridged_cast":[{"name":"Amber Tamblyn","id":"347990463","characters":["Tibby"]},{"name":"Alexis Bledel","id":"162652608","characters":["Lena"]},{"name":"America Ferrera","id":"162652611","characters":["Carmen"]},{"name":"Blake Lively","id":"162652609","characters":["Bridget"]},{"name":"Jenna Boyd","id":"770673974","characters":["Bailey"]}],"alternate_ids":{"imdb":"0403508"},"links":{"self":"http://api.rottentomatoes.com/api/public/v1.0/movies/672.json","alternate":"http://www.rottentomatoes.com/m/sisterhood_of_the_traveling_pants/","cast":"http://api.rottentomatoes.com/api/public/v1.0/movies/672/cast.json","clips":"http://api.rottentomatoes.com/api/public/v1.0/movies/672/clips.json","reviews":"http://api.rottentomatoes.com/api/public/v1.0/movies/672/reviews.json","similar":"http://api.rottentomatoes.com/api/public/v1.0/movies/672/similar.json"}},{"id":"12907","title":"The Royal Tenenbaums","year":2002,"mpaa_rating":"R","runtime":110,"critics_consensus":"The Royal Tenenbaums is a delightful adult comedy with many quirks and a sense of poignancy. Many critics especially praised Hackman's performance.","release_dates":{"theater":"2002-01-04","dvd":"2002-07-09"},"ratings":{"critics_rating":"Certified Fresh","critics_score":81,"audience_rating":"Upright","audience_score":89},"synopsis":"","posters":{"thumbnail":"http://content6.flixster.com/movie/11/11/99/11119924_mob.jpg","profile":"http://content6.flixster.com/movie/11/11/99/11119924_pro.jpg","detailed":"http://content6.flixster.com/movie/11/11/99/11119924_det.jpg","original":"http://content6.flixster.com/movie/11/11/99/11119924_ori.jpg"},"abridged_cast":[{"name":"Danny Glover","id":"162660485","characters":["Henry Sherman"]},{"name":"Gene Hackman","id":"162661704","characters":["Royal Tenenbaum"]},{"name":"Gwyneth Paltrow","id":"162653966","characters":["Margot Tenenbaum"]},{"name":"Ben Stiller","id":"162659371","characters":["Chas Tenenbaum"]},{"name":"Bill Murray","id":"162653064","characters":["Raleigh St. Clair"]}],"alternate_ids":{"imdb":"0265666"},"links":{"self":"http://api.rottentomatoes.com/api/public/v1.0/movies/12907.json","alternate":"http://www.rottentomatoes.com/m/royal_tenenbaums/","cast":"http://api.rottentomatoes.com/api/public/v1.0/movies/12907/cast.json","clips":"http://api.rottentomatoes.com/api/public/v1.0/movies/12907/clips.json","reviews":"http://api.rottentomatoes.com/api/public/v1.0/movies/12907/reviews.json","similar":"http://api.rottentomatoes.com/api/public/v1.0/movies/12907/similar.json"}},{"id":"12992","title":"Enemy at the Gates","year":2001,"mpaa_rating":"R","runtime":131,"critics_consensus":"Atmospheric and thrilling, Enemy at the Gates gets the look and feel of war right. However, the love story seems out of place.","release_dates":{"theater":"2001-03-16","dvd":"2001-08-14"},"ratings":{"critics_rating":"Rotten","critics_score":54,"audience_rating":"Upright","audience_score":83},"synopsis":"","posters":{"thumbnail":"http://content6.flixster.com/movie/11/16/89/11168936_mob.jpg","profile":"http://content6.flixster.com/movie/11/16/89/11168936_pro.jpg","detailed":"http://content6.flixster.com/movie/11/16/89/11168936_det.jpg","original":"http://content6.flixster.com/movie/11/16/89/11168936_ori.jpg"},"abridged_cast":[{"name":"Joseph Fiennes","id":"162653204","characters":["Danilov"]},{"name":"Jude Law","id":"162659420","characters":["Vassili Zaitsev"]},{"name":"Rachel Weisz","id":"162653682","characters":["Tania"]},{"name":"Bob Hoskins","id":"162652225","characters":["Khrushchev"]},{"name":"Ed Harris","id":"162654543","characters":["Konig"]}],"alternate_ids":{"imdb":"0215750"},"links":{"self":"http://api.rottentomatoes.com/api/public/v1.0/movies/12992.json","alternate":"http://www.rottentomatoes.com/m/enemy_at_the_gates/","cast":"http://api.rottentomatoes.com/api/public/v1.0/movies/12992/cast.json","clips":"http://api.rottentomatoes.com/api/public/v1.0/movies/12992/clips.json","reviews":"http://api.rottentomatoes.com/api/public/v1.0/movies/12992/reviews.json","similar":"http://api.rottentomatoes.com/api/public/v1.0/movies/12992/similar.json"}},{"id":"771324789","title":"The Book Thief","year":2013,"mpaa_rating":"PG-13","runtime":130,"critics_consensus":"A bit too safe in its handling of its Nazi Germany setting, The Book Thief counters its constraints with a respectful tone and strong performances.","release_dates":{"theater":"2013-11-08","dvd":"2014-03-11"},"ratings":{"critics_rating":"Rotten","critics_score":46,"audience_rating":"Upright","audience_score":77},"synopsis":"Based on the beloved international bestselling book, The Book Thief tells the story of an extraordinary, spirited young girl sent to live with a foster family in WWII Germany. Intrigued by the only book she brought with her, she begins collecting books as she finds them. With the help of her new parents and a secret guest under the stairs, she learns to read and creates a magical world that inspires them all.","posters":{"thumbnail":"http://content8.flixster.com/movie/11/17/44/11174462_mob.jpg","profile":"http://content8.flixster.com/movie/11/17/44/11174462_pro.jpg","detailed":"http://content8.flixster.com/movie/11/17/44/11174462_det.jpg","original":"http://content8.flixster.com/movie/11/17/44/11174462_ori.jpg"},"abridged_cast":[{"name":"Sophie Nelisse","id":"771379482","characters":["Liesel"]},{"name":"Geoffrey Rush","id":"162659119","characters":["Hans"]},{"name":"Emily Watson","id":"162654016","characters":["Rosa"]},{"name":"Ben Schnetzer","id":"770678301","characters":["Max"]},{"name":"Nico Liersch","id":"771451813","characters":["Rudy"]}],"alternate_ids":{"imdb":"0816442"},"links":{"self":"http://api.rottentomatoes.com/api/public/v1.0/movies/771324789.json","alternate":"http://www.rottentomatoes.com/m/the_book_thief/","cast":"http://api.rottentomatoes.com/api/public/v1.0/movies/771324789/cast.json","clips":"http://api.rottentomatoes.com/api/public/v1.0/movies/771324789/clips.json","reviews":"http://api.rottentomatoes.com/api/public/v1.0/movies/771324789/reviews.json","similar":"http://api.rottentomatoes.com/api/public/v1.0/movies/771324789/similar.json"}},{"id":"771324197","title":"The Call","year":2013,"mpaa_rating":"R","runtime":88,"critics_consensus":"The Call builds plenty of suspense before taking a problematic turn in the third act.","release_dates":{"theater":"2013-03-15","dvd":"2013-06-25"},"ratings":{"critics_rating":"Rotten","critics_score":43,"audience_rating":"Upright","audience_score":66},"synopsis":"When veteran 911 operator, Jordan (Halle Berry), takes a life-altering call from a teenage girl (Abigail Breslin) who has just been abducted, she realizes that she must confront a killer from her past in order to save the girl's life. (c) Sony","posters":{"thumbnail":"http://content7.flixster.com/movie/11/17/58/11175873_mob.jpg","profile":"http://content7.flixster.com/movie/11/17/58/11175873_pro.jpg","detailed":"http://content7.flixster.com/movie/11/17/58/11175873_det.jpg","original":"http://content7.flixster.com/movie/11/17/58/11175873_ori.jpg"},"abridged_cast":[{"name":"Halle Berry","id":"162652386","characters":["Jordan Turner"]},{"name":"Abigail Breslin","id":"162653854","characters":["Casey Welson"]},{"name":"Morris Chestnut","id":"162653531","characters":["Officer Paul Phillips"]},{"name":"Michael Eklund","id":"770691369","characters":["Michael Foster"]},{"name":"David Otunga","id":"771334277","characters":["Officer Jake Devans"]}],"alternate_ids":{"imdb":"1911644"},"links":{"self":"http://api.rottentomatoes.com/api/public/v1.0/movies/771324197.json","alternate":"http://www.rottentomatoes.com/m/the_call_2013/","cast":"http://api.rottentomatoes.com/api/public/v1.0/movies/771324197/cast.json","clips":"http://api.rottentomatoes.com/api/public/v1.0/movies/771324197/clips.json","reviews":"http://api.rottentomatoes.com/api/public/v1.0/movies/771324197/reviews.json","similar":"http://api.rottentomatoes.com/api/public/v1.0/movies/771324197/similar.json"}},{"id":"15744","title":"The Thin Red Line","year":1998,"mpaa_rating":"R","runtime":180,"critics_consensus":"The Thin Red Line is a daringly philosophical World War II film with an enormous cast of eager stars.","release_dates":{"theater":"1998-12-23","dvd":"1999-11-02"},"ratings":{"critics_rating":"Certified Fresh","critics_score":79,"audience_rating":"Upright","audience_score":80},"synopsis":"","posters":{"thumbnail":"http://content8.flixster.com/movie/11/16/47/11164766_mob.jpg","profile":"http://content8.flixster.com/movie/11/16/47/11164766_pro.jpg","detailed":"http://content8.flixster.com/movie/11/16/47/11164766_det.jpg","original":"http://content8.flixster.com/movie/11/16/47/11164766_ori.jpg"},"abridged_cast":[{"name":"Sean Penn","id":"162652280","characters":["First Sgt. Edward Welsh"]},{"name":"Adrien Brody","id":"162660902","characters":["Cpl. Fife"]},{"name":"Jim Caviezel","id":"771395445","characters":["Pvt. Witt"]},{"name":"Ben Chaplin","id":"162723419","characters":["Pvt. Bell"]},{"name":"George Clooney","id":"162654528","characters":["Capt. Charles Bosche"]}],"alternate_ids":{"imdb":"0120863"},"links":{"self":"http://api.rottentomatoes.com/api/public/v1.0/movies/15744.json","alternate":"http://www.rottentomatoes.com/m/1084146-thin_red_line/","cast":"http://api.rottentomatoes.com/api/public/v1.0/movies/15744/cast.json","clips":"http://api.rottentomatoes.com/api/public/v1.0/movies/15744/clips.json","reviews":"http://api.rottentomatoes.com/api/public/v1.0/movies/15744/reviews.json","similar":"http://api.rottentomatoes.com/api/public/v1.0/movies/15744/similar.json"}},{"id":"9454","title":"The Princess Diaries 2 - Royal Engagement","year":2004,"mpaa_rating":"G","runtime":113,"critics_consensus":"Anne Hathaway and Julie Andrews bring charm and elegance to the movie, but there's not enough material for them to work with in this sequel.","release_dates":{"theater":"2004-08-11","dvd":"2004-12-14"},"ratings":{"critics_rating":"Rotten","critics_score":25,"audience_rating":"Upright","audience_score":60},"synopsis":"","posters":{"thumbnail":"http://content6.flixster.com/movie/11/15/28/11152832_mob.jpg","profile":"http://content6.flixster.com/movie/11/15/28/11152832_pro.jpg","detailed":"http://content6.flixster.com/movie/11/15/28/11152832_det.jpg","original":"http://content6.flixster.com/movie/11/15/28/11152832_ori.jpg"},"abridged_cast":[{"name":"Anne Hathaway","id":"162656190","characters":["Mia Thermopolis"]},{"name":"Julie Andrews","id":"162655749","characters":["Clarisse Renaldi"]},{"name":"Hector Elizondo","id":"162665813","characters":["Joe"]},{"name":"John Rhys-Davies","id":"265861635","characters":["Viscount Mabrey"]},{"name":"Heather Matarazzo","id":"162662583","characters":["Lilly Moscovitz"]}],"alternate_ids":{"imdb":"0368933"},"links":{"self":"http://api.rottentomatoes.com/api/public/v1.0/movies/9454.json","alternate":"http://www.rottentomatoes.com/m/princess_diaries_2_royal_engagement/","cast":"http://api.rottentomatoes.com/api/public/v1.0/movies/9454/cast.json","clips":"http://api.rottentomatoes.com/api/public/v1.0/movies/9454/clips.json","reviews":"http://api.rottentomatoes.com/api/public/v1.0/movies/9454/reviews.json","similar":"http://api.rottentomatoes.com/api/public/v1.0/movies/9454/similar.json"}},{"id":"771225600","title":"The Man With the Iron Fists","year":2012,"mpaa_rating":"R","runtime":96,"critics_consensus":"Messy kung-fu homage The Man with the Iron Fists demonstrates a slavish affection for the genre it mimics, for better or worse.","release_dates":{"theater":"2012-11-02","dvd":"2013-02-12"},"ratings":{"critics_rating":"Rotten","critics_score":49,"audience_rating":"Spilled","audience_score":41},"synopsis":"Making his debut as a big-screen director and leading man, RZA-alongside a stellar international cast led by Russell Crowe and Lucy Liu-tells the epic story of warriors, assassins and a lone outsider hero in nineteenth-century China who must unite to destroy the clan traitor who would destroy them all. Since his arrival in China's Jungle Village, the town's blacksmith (RZA) has been forced by radical tribal factions to create elaborate tools of destruction. When the clans' brewing war boils over, the stranger channels an ancient energy to transform himself into a human weapon. As he fights alongside iconic heroes and against soulless villains, one man must harness this power to become savior of his adopted people. -- (C) Universal","posters":{"thumbnail":"http://content7.flixster.com/movie/11/16/82/11168297_mob.jpg","profile":"http://content7.flixster.com/movie/11/16/82/11168297_pro.jpg","detailed":"http://content7.flixster.com/movie/11/16/82/11168297_det.jpg","original":"http://content7.flixster.com/movie/11/16/82/11168297_ori.jpg"},"abridged_cast":[{"name":"Russell Crowe","id":"162652569","characters":["Jack Knife","Jackknife"]},{"name":"Lucy Liu","id":"162654563","characters":["Madame Blossom"]},{"name":"RZA","id":"770672549","characters":["Blacksmith","The Blacksmith"]},{"name":"Cung Le","id":"770779230","characters":["Bronze Lion"]},{"name":"Byron Mann","id":"162695934","characters":["Silver Lion"]}],"alternate_ids":{"imdb":"1258972"},"links":{"self":"http://api.rottentomatoes.com/api/public/v1.0/movies/771225600.json","alternate":"http://www.rottentomatoes.com/m/the_man_with_the_iron_fists/","cast":"http://api.rottentomatoes.com/api/public/v1.0/movies/771225600/cast.json","clips":"http://api.rottentomatoes.com/api/public/v1.0/movies/771225600/clips.json","reviews":"http://api.rottentomatoes.com/api/public/v1.0/movies/771225600/reviews.json","similar":"http://api.rottentomatoes.com/api/public/v1.0/movies/771225600/similar.json"}},{"id":"10666","title":"The Man in the Iron Mask","year":1998,"mpaa_rating":"PG-13","runtime":135,"release_dates":{"theater":"1998-03-13","dvd":"1998-08-11"},"ratings":{"critics_rating":"Rotten","critics_score":33,"audience_rating":"Spilled","audience_score":56},"synopsis":"","posters":{"thumbnail":"http://content6.flixster.com/movie/10/89/35/10893580_mob.jpg","profile":"http://content6.flixster.com/movie/10/89/35/10893580_pro.jpg","detailed":"http://content6.flixster.com/movie/10/89/35/10893580_det.jpg","original":"http://content6.flixster.com/movie/10/89/35/10893580_ori.jpg"},"abridged_cast":[{"name":"Leonardo DiCaprio","id":"162659161","characters":["Louis XIV","Philippe"]},{"name":"Jeremy Irons","id":"162652244","characters":["Aramis"]},{"name":"John Malkovich","id":"162655610","characters":["Athos"]},{"name":"Gerard Depardieu","id":"162656948","characters":["Porthos"]},{"name":"Gabriel Byrne","id":"162666076","characters":["D'Artagnan"]}],"alternate_ids":{"imdb":"0120744"},"links":{"self":"http://api.rottentomatoes.com/api/public/v1.0/movies/10666.json","alternate":"http://www.rottentomatoes.com/m/1082400-man_in_the_iron_mask/","cast":"http://api.rottentomatoes.com/api/public/v1.0/movies/10666/cast.json","clips":"http://api.rottentomatoes.com/api/public/v1.0/movies/10666/clips.json","reviews":"http://api.rottentomatoes.com/api/public/v1.0/movies/10666/reviews.json","similar":"http://api.rottentomatoes.com/api/public/v1.0/movies/10666/similar.json"}},{"id":"11496","title":"Bringing Down The House","year":2003,"mpaa_rating":"PG-13","runtime":105,"critics_consensus":"Though the cast shines, they can't save this comedy, which is overly contrived and filled with outdated and offensive racial jokes.","release_dates":{"theater":"2003-03-07","dvd":"2003-08-05"},"ratings":{"critics_rating":"Rotten","critics_score":34,"audience_rating":"Spilled","audience_score":50},"synopsis":"","posters":{"thumbnail":"http://content9.flixster.com/movie/26/09/260995_mob.jpg","profile":"http://content9.flixster.com/movie/26/09/260995_pro.jpg","detailed":"http://content9.flixster.com/movie/26/09/260995_det.jpg","original":"http://content9.flixster.com/movie/26/09/260995_ori.jpg"},"abridged_cast":[{"name":"Steve Martin","id":"162654836","characters":["Peter Sanderson"]},{"name":"Queen Latifah","id":"162667338","characters":["Charlene Morton"]},{"name":"Eugene Levy","id":"162653784","characters":["Howie Rosenthal"]},{"name":"Joan Plowright","id":"162658020","characters":["Mrs. Arness"]},{"name":"Jean Smart","id":"359853341","characters":["Kate"]}],"alternate_ids":{"imdb":"0305669"},"links":{"self":"http://api.rottentomatoes.com/api/public/v1.0/movies/11496.json","alternate":"http://www.rottentomatoes.com/m/bringing_down_the_house/","cast":"http://api.rottentomatoes.com/api/public/v1.0/movies/11496/cast.json","clips":"http://api.rottentomatoes.com/api/public/v1.0/movies/11496/clips.json","reviews":"http://api.rottentomatoes.com/api/public/v1.0/movies/11496/reviews.json","similar":"http://api.rottentomatoes.com/api/public/v1.0/movies/11496/similar.json"}}],"links":{"self":"http://api.rottentomatoes.com/api/public/v1.0/movies.json?q=the&page_limit=50&page=12","next":"http://api.rottentomatoes.com/api/public/v1.0/movies.json?q=the&page_limit=50&page=13","prev":"http://api.rottentomatoes.com/api/public/v1.0/movies.json?q=the&page_limit=50&page=11"},"link_template":"http://api.rottentomatoes.com/api/public/v1.0/movies.json?q={search-term}&page_limit={results-per-page}&page={page-number}"}