

{"total":52489,"movies":[{"id":"16499","title":"The Last Samurai","year":1990,"mpaa_rating":"R","runtime":91,"release_dates":{"theater":"1990-02-28","dvd":"2005-02-08"},"ratings":{"critics_score":-1,"audience_rating":"Upright","audience_score":68},"synopsis":"","posters":{"thumbnail":"http://content9.flixster.com/movie/10/93/21/10932167_mob.jpg","profile":"http://content9.flixster.com/movie/10/93/21/10932167_pro.jpg","detailed":"http://content9.flixster.com/movie/10/93/21/10932167_det.jpg","original":"http://content9.flixster.com/movie/10/93/21/10932167_ori.jpg"},"abridged_cast":[{"name":"Henry Cele","id":"770752821"},{"name":"Lisa Eilbacher","id":"162710580"},{"name":"John Fujioka","id":"369813985"},{"name":"Lance Henriksen","id":"162660194"},{"name":"Arabella Holzbog","id":"770703774"}],"alternate_ids":{"imdb":"0099987"},"links":{"self":"http://api.rottentomatoes.com/api/public/v1.0/movies/16499.json","alternate":"http://www.rottentomatoes.com/m/last_samurai-1995/","cast":"http://api.rottentomatoes.com/api/public/v1.0/movies/16499/cast.json","clips":"http://api.rottentomatoes.com/api/public/v1.0/movies/16499/clips.json","reviews":"http://api.rottentomatoes.com/api/public/v1.0/movies/16499/reviews.json","similar":"http://api.rottentomatoes.com/api/public/v1.0/movies/16499/similar.json"}},{"id":"12867","title":"The Motorcycle Diaries (Diarios de Motocicleta)","year":2003,"mpaa_rating":"R","runtime":128,"critics_consensus":"The Motorcycle Diaries is heartfelt and profound in its rendering of the formative experiences that turn Ernesto \"Che\" Guerva into a famous revolutionary.","release_dates":{"theater":"2004-01-15","dvd":"2005-02-15"},"ratings":{"critics_rating":"Certified Fresh","critics_score":84,"audience_rating":"Upright","audience_score":92},"synopsis":"","posters":{"thumbnail":"http://content8.flixster.com/movie/10/94/15/10941510_mob.jpg","profile":"http://content8.flixster.com/movie/10/94/15/10941510_pro.jpg","detailed":"http://content8.flixster.com/movie/10/94/15/10941510_det.jpg","original":"http://content8.flixster.com/movie/10/94/15/10941510_ori.jpg"},"abridged_cast":[{"name":"Gael Garcia Bernal","id":"162684026","characters":["Ernesto Guevara de la Serna"]},{"name":"Rodrigo De la Serna","id":"162684027","characters":["Alberto Granado"]},{"name":"Mia Maestro","id":"162653120","characters":["Chichina Ferreyra"]},{"name":"Gustavo Bueno","id":"770681525","characters":["Dr. Hugo Pesce"]},{"name":"Jorge Chiarella","id":"770727713","characters":["Dr. Bresciani"]}],"alternate_ids":{"imdb":"0318462"},"links":{"self":"http://api.rottentomatoes.com/api/public/v1.0/movies/12867.json","alternate":"http://www.rottentomatoes.com/m/motorcycle_diaries/","cast":"http://api.rottentomatoes.com/api/public/v1.0/movies/12867/cast.json","clips":"http://api.rottentomatoes.com/api/public/v1.0/movies/12867/clips.json","reviews":"http://api.rottentomatoes.com/api/public/v1.0/movies/12867/reviews.json","similar":"http://api.rottentomatoes.com/api/public/v1.0/movies/12867/similar.json"}},{"id":"13136","title":"The Insider","year":1999,"mpaa_rating":"R","runtime":157,"critics_consensus":"Intelligent, compelling, and packed with strong performances, The Insider is a potent corporate thriller.","release_dates":{"theater":"1999-11-05","dvd":"2000-04-11"},"ratings":{"critics_rating":"Certified Fresh","critics_score":96,"audience_rating":"Upright","audience_score":91},"synopsis":"","posters":{"thumbnail":"http://content6.flixster.com/movie/26/82/268296_mob.jpg","profile":"http://content6.flixster.com/movie/26/82/268296_pro.jpg","detailed":"http://content6.flixster.com/movie/26/82/268296_det.jpg","original":"http://content6.flixster.com/movie/26/82/268296_ori.jpg"},"abridged_cast":[{"name":"Al Pacino","id":"162654461","characters":["Lowell Bergman"]},{"name":"Russell Crowe","id":"162652569","characters":["Jeffrey Wigand"]},{"name":"Christopher Plummer","id":"162652929","characters":["Mike Wallace"]},{"name":"Diane Venora","id":"162688096","characters":["Liane Wigand"]},{"name":"Philip Baker Hall","id":"162686770","characters":["Don Hewitt"]}],"alternate_ids":{"imdb":"0140352"},"links":{"self":"http://api.rottentomatoes.com/api/public/v1.0/movies/13136.json","alternate":"http://www.rottentomatoes.com/m/insider/","cast":"http://api.rottentomatoes.com/api/public/v1.0/movies/13136/cast.json","clips":"http://api.rottentomatoes.com/api/public/v1.0/movies/13136/clips.json","reviews":"http://api.rottentomatoes.com/api/public/v1.0/movies/13136/reviews.json","similar":"http://api.rottentomatoes.com/api/public/v1.0/movies/13136/similar.json"}},{"id":"11896","title":"The Tuxedo","year":2002,"mpaa_rating":"PG-13","runtime":98,"critics_consensus":"Chan is as charming as ever, but his talents are squandered by special effects and bad writing.","release_dates":{"theater":"2002-09-27","dvd":"2003-02-25"},"ratings":{"critics_rating":"Rotten","critics_score":22,"audience_rating":"Spilled","audience_score":30},"synopsis":"","posters":{"thumbnail":"http://content9.flixster.com/movie/26/29/262911_mob.jpg","profile":"http://content9.flixster.com/movie/26/29/262911_pro.jpg","detailed":"http://content9.flixster.com/movie/26/29/262911_det.jpg","original":"http://content9.flixster.com/movie/26/29/262911_ori.jpg"},"abridged_cast":[{"name":"Jackie Chan","id":"162661013","characters":["Jimmy Tong"]},{"name":"Jennifer Love Hewitt","id":"162660809","characters":["Del Blaine"]},{"name":"Jason Isaacs","id":"162662293","characters":["Clark Devlin"]},{"name":"Debi Mazar","id":"162674588","characters":["Steena"]},{"name":"Ritchie Coster","id":"770728351","characters":["Diedrich Banning"]}],"alternate_ids":{"imdb":"0290095"},"links":{"self":"http://api.rottentomatoes.com/api/public/v1.0/movies/11896.json","alternate":"http://www.rottentomatoes.com/m/tuxedo/","cast":"http://api.rottentomatoes.com/api/public/v1.0/movies/11896/cast.json","clips":"http://api.rottentomatoes.com/api/public/v1.0/movies/11896/clips.json","reviews":"http://api.rottentomatoes.com/api/public/v1.0/movies/11896/reviews.json","similar":"http://api.rottentomatoes.com/api/public/v1.0/movies/11896/similar.json"}},{"id":"771255623","title":"The Sessions","year":2012,"mpaa_rating":"R","runtime":95,"critics_consensus":"Tender, funny, and touching, The Sessions provides an acting showcase for its talented stars and proves it's possible for Hollywood to produce a grown-up movie about sex.","release_dates":{"theater":"2012-10-19","dvd":"2013-02-12"},"ratings":{"critics_rating":"Certified Fresh","critics_score":94,"audience_rating":"Upright","audience_score":81},"synopsis":"Based on the poignantly optimistic autobiographical writings of California-based journalist and poet Mark O'Brien, The Sessions tells the story of a man confined to an iron lung who is determined - at age 38 - to lose his virginity. With the help of his therapists and the guidance of his priest, he sets out to make his dream a reality. -- (C) Fox Searchlight","posters":{"thumbnail":"http://content7.flixster.com/movie/11/16/82/11168293_mob.jpg","profile":"http://content7.flixster.com/movie/11/16/82/11168293_pro.jpg","detailed":"http://content7.flixster.com/movie/11/16/82/11168293_det.jpg","original":"http://content7.flixster.com/movie/11/16/82/11168293_ori.jpg"},"abridged_cast":[{"name":"John Hawkes","id":"168454649","characters":["Mark"]},{"name":"Helen Hunt","id":"162666056","characters":["Cheryl"]},{"name":"Moon Bloodgood","id":"162652457","characters":["Vera"]},{"name":"Annika Marks","id":"771026064","characters":["Amanda"]},{"name":"Rhea Perlman","id":"162718321","characters":["Mikvah Lady"]}],"alternate_ids":{"imdb":"1866249"},"links":{"self":"http://api.rottentomatoes.com/api/public/v1.0/movies/771255623.json","alternate":"http://www.rottentomatoes.com/m/the_sessions/","cast":"http://api.rottentomatoes.com/api/public/v1.0/movies/771255623/cast.json","clips":"http://api.rottentomatoes.com/api/public/v1.0/movies/771255623/clips.json","reviews":"http://api.rottentomatoes.com/api/public/v1.0/movies/771255623/reviews.json","similar":"http://api.rottentomatoes.com/api/public/v1.0/movies/771255623/similar.json"}},{"id":"11701","title":"The Producers","year":1968,"mpaa_rating":"PG","runtime":90,"critics_consensus":"A hilarious satire of the business side of Hollywood, The Producers is one of Mel Brooks' finest, as well as funniest films, featuring standout performances by Gene Wilder and Zero Mostel.","release_dates":{"theater":"1968-06-01","dvd":"2002-12-03"},"ratings":{"critics_rating":"Certified Fresh","critics_score":90,"audience_rating":"Upright","audience_score":86},"synopsis":"","posters":{"thumbnail":"http://content9.flixster.com/movie/26/19/261991_mob.jpg","profile":"http://content9.flixster.com/movie/26/19/261991_pro.jpg","detailed":"http://content9.flixster.com/movie/26/19/261991_det.jpg","original":"http://content9.flixster.com/movie/26/19/261991_ori.jpg"},"abridged_cast":[{"name":"Zero Mostel","id":"162672723","characters":["Max Bialystock"]},{"name":"Gene Wilder","id":"162658425","characters":["Leo Bloom"]},{"name":"Kenneth Mars","id":"770671500","characters":["Franz Liebkind"]},{"name":"Estelle Winwood","id":"770703606","characters":["Old Lady"]},{"name":"Renee Taylor","id":"162711391","characters":["Eva Braun"]}],"alternate_ids":{"imdb":"0063462"},"links":{"self":"http://api.rottentomatoes.com/api/public/v1.0/movies/11701.json","alternate":"http://www.rottentomatoes.com/m/1016819-producers/","cast":"http://api.rottentomatoes.com/api/public/v1.0/movies/11701/cast.json","clips":"http://api.rottentomatoes.com/api/public/v1.0/movies/11701/clips.json","reviews":"http://api.rottentomatoes.com/api/public/v1.0/movies/11701/reviews.json","similar":"http://api.rottentomatoes.com/api/public/v1.0/movies/11701/similar.json"}},{"id":"771174272","title":"The Skin I Live In","year":2011,"mpaa_rating":"R","runtime":117,"critics_consensus":"The Skin I Live In lacks Almodovar's famously charged romance, replaced with a wonderfully bizarre and unpredictable detour into arthouse ick.","release_dates":{"theater":"2011-10-14","dvd":"2012-03-06"},"ratings":{"critics_rating":"Certified Fresh","critics_score":81,"audience_rating":"Upright","audience_score":84},"synopsis":"Ever since his wife was burned in a car crash, Dr. Robert Ledgard, an eminent plastic surgeon, has been interested in creating a new skin with which he could have saved her. After twelve years, he manages to cultivate a skin that is a real shield against every assault. In addition to years of study and experimentation, Robert needed a further three things: no scruples, an accomplice and a human guinea pig. Scruples were never a problem. Marilia, the woman who looked after him from the day he was born, is his most faithful accomplice. And as for the human guinea pig...-- (C) Sony","posters":{"thumbnail":"http://content7.flixster.com/movie/11/16/02/11160289_mob.jpg","profile":"http://content7.flixster.com/movie/11/16/02/11160289_pro.jpg","detailed":"http://content7.flixster.com/movie/11/16/02/11160289_det.jpg","original":"http://content7.flixster.com/movie/11/16/02/11160289_ori.jpg"},"abridged_cast":[{"name":"Antonio Banderas","id":"162654885","characters":["Robert Ledgard"]},{"name":"Elena Anaya","id":"348418298","characters":["Vera"]},{"name":"Marisa Paredes","id":"162692802","characters":["Marilia"]},{"name":"Jan Cornet","id":"770777518","characters":["Vicente"]},{"name":"Roberto Alamo","id":"770743783","characters":["Zeca"]}],"alternate_ids":{"imdb":"1189073"},"links":{"self":"http://api.rottentomatoes.com/api/public/v1.0/movies/771174272.json","alternate":"http://www.rottentomatoes.com/m/the_skin_i_live_in/","cast":"http://api.rottentomatoes.com/api/public/v1.0/movies/771174272/cast.json","clips":"http://api.rottentomatoes.com/api/public/v1.0/movies/771174272/clips.json","reviews":"http://api.rottentomatoes.com/api/public/v1.0/movies/771174272/reviews.json","similar":"http://api.rottentomatoes.com/api/public/v1.0/movies/771174272/similar.json"}},{"id":"771267232","title":"Beasts of the Southern Wild","year":2012,"mpaa_rating":"PG-13","runtime":91,"critics_consensus":"Beasts of the Southern Wild is a fantastical, emotionally powerful journey and a strong case of filmmaking that values imagination over money.","release_dates":{"theater":"2012-06-27","dvd":"2012-12-04"},"ratings":{"critics_rating":"Certified Fresh","critics_score":86,"audience_rating":"Upright","audience_score":76},"synopsis":"In a forgotten but defiant bayou community cut off from the rest of the world by a sprawling levee, a six-year-old girl exists on the brink of orphanhood. Buoyed by her childish optimism and extraordinary imagination, she believes that the natural world is in balance with the universe until a fierce storm changes her reality. Desperate to repair the structure of her world in order to save her ailing father and sinking home, this tiny hero must learn to survive unstoppable catastrophes of epic proportions. -- (C) Fox Searchlight","posters":{"thumbnail":"http://content6.flixster.com/movie/11/16/45/11164596_mob.jpg","profile":"http://content6.flixster.com/movie/11/16/45/11164596_pro.jpg","detailed":"http://content6.flixster.com/movie/11/16/45/11164596_det.jpg","original":"http://content6.flixster.com/movie/11/16/45/11164596_ori.jpg"},"abridged_cast":[{"name":"Quvenzhane Wallis","id":"771393410","characters":["Hushpuppy"]},{"name":"Dwight Henry","id":"771393411","characters":["Wink"]},{"name":"Lowell Landes","id":"771409760","characters":["Walrus"]},{"name":"Levy Easterly","id":"771066156","characters":["Jean-Battiste"]},{"name":"Pamela Harper","id":"771413062","characters":["Little Jo"]}],"alternate_ids":{"imdb":"2125435"},"links":{"self":"http://api.rottentomatoes.com/api/public/v1.0/movies/771267232.json","alternate":"http://www.rottentomatoes.com/m/beasts_of_the_southern_wild/","cast":"http://api.rottentomatoes.com/api/public/v1.0/movies/771267232/cast.json","clips":"http://api.rottentomatoes.com/api/public/v1.0/movies/771267232/clips.json","reviews":"http://api.rottentomatoes.com/api/public/v1.0/movies/771267232/reviews.json","similar":"http://api.rottentomatoes.com/api/public/v1.0/movies/771267232/similar.json"}},{"id":"14065","title":"The Amityville Horror","year":1979,"mpaa_rating":"R","runtime":117,"release_dates":{"theater":"1979-07-01","dvd":"2001-08-14"},"ratings":{"critics_rating":"Rotten","critics_score":24,"audience_rating":"Spilled","audience_score":53},"synopsis":"","posters":{"thumbnail":"http://content6.flixster.com/movie/27/28/272820_mob.jpg","profile":"http://content6.flixster.com/movie/27/28/272820_pro.jpg","detailed":"http://content6.flixster.com/movie/27/28/272820_det.jpg","original":"http://content6.flixster.com/movie/27/28/272820_ori.jpg"},"abridged_cast":[{"name":"James Brolin","id":"162670952","characters":["George Lutz"]},{"name":"Margot Kidder","id":"162665908","characters":["Kathleen Lutz"]},{"name":"Rod Steiger","id":"162665855","characters":["Father Delaney"]},{"name":"Don Stroud","id":"341815387","characters":["Father Bolen"]},{"name":"Murray Hamilton","id":"162665247","characters":["Father Ryan"]}],"alternate_ids":{"imdb":"0078767"},"links":{"self":"http://api.rottentomatoes.com/api/public/v1.0/movies/14065.json","alternate":"http://www.rottentomatoes.com/m/1000875-amityville_horror/","cast":"http://api.rottentomatoes.com/api/public/v1.0/movies/14065/cast.json","clips":"http://api.rottentomatoes.com/api/public/v1.0/movies/14065/clips.json","reviews":"http://api.rottentomatoes.com/api/public/v1.0/movies/14065/reviews.json","similar":"http://api.rottentomatoes.com/api/public/v1.0/movies/14065/similar.json"}},{"id":"398053947","title":"The Abandoned","year":2007,"mpaa_rating":"R","runtime":99,"critics_consensus":"The Abandoned spends so much time setting up the creepy atmosphere, that it forgets to inhabit it with genuine spooks or scares.","release_dates":{"theater":"2007-02-23","dvd":"2007-06-19"},"ratings":{"critics_rating":"Rotten","critics_score":38,"audience_rating":"Spilled","audience_score":43},"synopsis":"","posters":{"thumbnail":"http://content6.flixster.com/movie/49/01/38/4901384_mob.jpg","profile":"http://content6.flixster.com/movie/49/01/38/4901384_pro.jpg","detailed":"http://content6.flixster.com/movie/49/01/38/4901384_det.jpg","original":"http://content6.flixster.com/movie/49/01/38/4901384_ori.jpg"},"abridged_cast":[{"name":"Anastasia Hille","id":"770697495","characters":["Marie"]},{"name":"Karel Roden","id":"364609441","characters":["Nicolai"]},{"name":"Valentin Ganev","id":"398053952","characters":["Misharin"]},{"name":"Carlos Reig-Plaza","id":"770697494","characters":["Anatoliy"]},{"name":"Paraskeva Djukelova","id":"398053951","characters":["Olga Kaidavosky"]}],"alternate_ids":{"imdb":"0475937"},"links":{"self":"http://api.rottentomatoes.com/api/public/v1.0/movies/398053947.json","alternate":"http://www.rottentomatoes.com/m/abandoned/","cast":"http://api.rottentomatoes.com/api/public/v1.0/movies/398053947/cast.json","clips":"http://api.rottentomatoes.com/api/public/v1.0/movies/398053947/clips.json","reviews":"http://api.rottentomatoes.com/api/public/v1.0/movies/398053947/reviews.json","similar":"http://api.rottentomatoes.com/api/public/v1.0/movies/398053947/similar.json"}},{"id":"155654902","title":"The Proposition","year":2005,"mpaa_rating":"R","runtime":104,"critics_consensus":"Brutal, unflinching, and violent, but thought-provoking and with excellent performances, this Australian western is the one of the best examples of the genre to come along in recent times.","release_dates":{"theater":"2005-05-11","dvd":"2006-09-19"},"ratings":{"critics_rating":"Certified Fresh","critics_score":87,"audience_rating":"Upright","audience_score":86},"synopsis":"","posters":{"thumbnail":"http://content6.flixster.com/movie/31/42/314204_mob.jpg","profile":"http://content6.flixster.com/movie/31/42/314204_pro.jpg","detailed":"http://content6.flixster.com/movie/31/42/314204_det.jpg","original":"http://content6.flixster.com/movie/31/42/314204_ori.jpg"},"abridged_cast":[{"name":"Guy Pearce","id":"162660324","characters":["Charlie Burns"]},{"name":"Ray Winstone","id":"162693523","characters":["Captain Stanley"]},{"name":"Emily Watson","id":"162654016","characters":["Martha Stanley"]},{"name":"Danny Huston","id":"162653683","characters":["Arthur Burns"]},{"name":"John Hurt","id":"162653221","characters":["Jellon Lamb"]}],"alternate_ids":{"imdb":"0421238"},"links":{"self":"http://api.rottentomatoes.com/api/public/v1.0/movies/155654902.json","alternate":"http://www.rottentomatoes.com/m/proposition/","cast":"http://api.rottentomatoes.com/api/public/v1.0/movies/155654902/cast.json","clips":"http://api.rottentomatoes.com/api/public/v1.0/movies/155654902/clips.json","reviews":"http://api.rottentomatoes.com/api/public/v1.0/movies/155654902/reviews.json","similar":"http://api.rottentomatoes.com/api/public/v1.0/movies/155654902/similar.json"}},{"id":"394295012","title":"Efter brylluppet (After the Wedding)","year":2006,"mpaa_rating":"R","runtime":119,"critics_consensus":"The cast brings After the Wedding's melodramatic script to life, creating a movie that is emotionally raw and satisfying.","release_dates":{"theater":"2006-02-24","dvd":"2007-07-10"},"ratings":{"critics_rating":"Certified Fresh","critics_score":87,"audience_rating":"Upright","audience_score":87},"synopsis":"","posters":{"thumbnail":"http://content7.flixster.com/movie/11/17/02/11170253_mob.jpg","profile":"http://content7.flixster.com/movie/11/17/02/11170253_pro.jpg","detailed":"http://content7.flixster.com/movie/11/17/02/11170253_det.jpg","original":"http://content7.flixster.com/movie/11/17/02/11170253_ori.jpg"},"abridged_cast":[{"name":"Mads Mikkelsen","id":"326395728","characters":["Jacob"]},{"name":"Rolf Lassgard","id":"351527948","characters":["JA?rgen","J?rgen","Jorgen"]},{"name":"Sidse Babett Knudsen","id":"394295013","characters":["Helene"]},{"name":"Stine Fischer Christensen","id":"359854645","characters":["Anna"]},{"name":"Christian Tafdrup","id":"364610852","characters":["Christian"]}],"alternate_ids":{"imdb":"0457655"},"links":{"self":"http://api.rottentomatoes.com/api/public/v1.0/movies/394295012.json","alternate":"http://www.rottentomatoes.com/m/after_the_wedding/","cast":"http://api.rottentomatoes.com/api/public/v1.0/movies/394295012/cast.json","clips":"http://api.rottentomatoes.com/api/public/v1.0/movies/394295012/clips.json","reviews":"http://api.rottentomatoes.com/api/public/v1.0/movies/394295012/reviews.json","similar":"http://api.rottentomatoes.com/api/public/v1.0/movies/394295012/similar.json"}},{"id":"770802240","title":"The Damned United","year":2009,"mpaa_rating":"R","runtime":97,"critics_consensus":"Better than your average football pic, Damned United is carried by another star turn from Michael Sheen as Brian Clough.","release_dates":{"theater":"2009-10-09","dvd":"2010-02-23"},"ratings":{"critics_rating":"Certified Fresh","critics_score":94,"audience_rating":"Upright","audience_score":85},"synopsis":"","posters":{"thumbnail":"http://content9.flixster.com/movie/11/15/07/11150731_mob.jpg","profile":"http://content9.flixster.com/movie/11/15/07/11150731_pro.jpg","detailed":"http://content9.flixster.com/movie/11/15/07/11150731_det.jpg","original":"http://content9.flixster.com/movie/11/15/07/11150731_ori.jpg"},"abridged_cast":[{"name":"Michael Sheen","id":"326395770","characters":["Brian Clough"]},{"name":"Timothy Spall","id":"162698684","characters":["Peter Taylor"]},{"name":"Colm Meaney","id":"162666522","characters":["Don Revie"]},{"name":"Jim Broadbent","id":"162653369","characters":["Sam Longson"]},{"name":"Henry Goodman","id":"770709930","characters":["Manny Cussins"]}],"alternate_ids":{"imdb":"1226271"},"links":{"self":"http://api.rottentomatoes.com/api/public/v1.0/movies/770802240.json","alternate":"http://www.rottentomatoes.com/m/damned_united/","cast":"http://api.rottentomatoes.com/api/public/v1.0/movies/770802240/cast.json","clips":"http://api.rottentomatoes.com/api/public/v1.0/movies/770802240/clips.json","reviews":"http://api.rottentomatoes.com/api/public/v1.0/movies/770802240/reviews.json","similar":"http://api.rottentomatoes.com/api/public/v1.0/movies/770802240/similar.json"}},{"id":"9361","title":"The Ice Harvest","year":2005,"mpaa_rating":"R","runtime":89,"critics_consensus":"The Ice Harvest offers a couple of laughs, but considering the people involved, it should be a lot funnier.","release_dates":{"theater":"2005-11-23","dvd":"2006-02-28"},"ratings":{"critics_rating":"Rotten","critics_score":46,"audience_rating":"Spilled","audience_score":43},"synopsis":"","posters":{"thumbnail":"http://content6.flixster.com/movie/10/89/83/10898332_mob.jpg","profile":"http://content6.flixster.com/movie/10/89/83/10898332_pro.jpg","detailed":"http://content6.flixster.com/movie/10/89/83/10898332_det.jpg","original":"http://content6.flixster.com/movie/10/89/83/10898332_ori.jpg"},"abridged_cast":[{"name":"John Cusack","id":"162652927","characters":["Charlie Arglist"]},{"name":"Billy Bob Thornton","id":"162652889","characters":["Vic Cavanaugh"]},{"name":"Connie Nielsen","id":"162653203","characters":["Renata"]},{"name":"Oliver Platt","id":"162655456","characters":["Pete Van Heuten"]},{"name":"Randy Quaid","id":"162655457","characters":["Bill Gerard"]}],"links":{"self":"http://api.rottentomatoes.com/api/public/v1.0/movies/9361.json","alternate":"http://www.rottentomatoes.com/m/ice_harvest/","cast":"http://api.rottentomatoes.com/api/public/v1.0/movies/9361/cast.json","clips":"http://api.rottentomatoes.com/api/public/v1.0/movies/9361/clips.json","reviews":"http://api.rottentomatoes.com/api/public/v1.0/movies/9361/reviews.json","similar":"http://api.rottentomatoes.com/api/public/v1.0/movies/9361/similar.json"}},{"id":"155654965","title":"Keeping Up With The Steins","year":2006,"mpaa_rating":"PG-13","runtime":99,"critics_consensus":"Keeping Up With the Steins is one of those comedies that play more like a corny sitcom than a theatrical movie.","release_dates":{"theater":"2006-05-12","dvd":"2006-10-31"},"ratings":{"critics_rating":"Rotten","critics_score":37,"audience_rating":"Spilled","audience_score":38},"synopsis":"","posters":{"thumbnail":"http://content7.flixster.com/movie/11/16/95/11169545_mob.jpg","profile":"http://content7.flixster.com/movie/11/16/95/11169545_pro.jpg","detailed":"http://content7.flixster.com/movie/11/16/95/11169545_det.jpg","original":"http://content7.flixster.com/movie/11/16/95/11169545_ori.jpg"},"abridged_cast":[{"name":"Jeremy Piven","id":"162654464","characters":["Adam"]},{"name":"Jami Gertz","id":"162668514","characters":["Joanne"]},{"name":"Garry Marshall","id":"162655019","characters":["Irwin"]},{"name":"Daryl Hannah","id":"162659641"},{"name":"Daryl Sabara","id":"162662386","characters":["Ben"]}],"alternate_ids":{"imdb":"0415949"},"links":{"self":"http://api.rottentomatoes.com/api/public/v1.0/movies/155654965.json","alternate":"http://www.rottentomatoes.com/m/keeping_up_with_the_steins/","cast":"http://api.rottentomatoes.com/api/public/v1.0/movies/155654965/cast.json","clips":"http://api.rottentomatoes.com/api/public/v1.0/movies/155654965/clips.json","reviews":"http://api.rottentomatoes.com/api/public/v1.0/movies/155654965/reviews.json","similar":"http://api.rottentomatoes.com/api/public/v1.0/movies/155654965/similar.json"}},{"id":"771307311","title":"The Hunt","year":2013,"mpaa_rating":"R","runtime":111,"critics_consensus":"Gripping, smartly written, and anchored by a strong performance from Mads Mikkelsen, The Hunt asks difficult questions -- and has the courage to face the answers head on.","release_dates":{"theater":"2013-07-12","dvd":"2013-12-10"},"ratings":{"critics_rating":"Certified Fresh","critics_score":93,"audience_rating":"Upright","audience_score":93},"synopsis":"Mads Mikkelsen (NBC's Hannibal, A ROYAL AFFAIR, CASINO ROYALE) won the Best Actor Award at the 2012 Cannes Film Festival for his penetrating portrayal of Lucas, a former school teacher who has been forced to start over having overcome a tough divorce and the loss of his job. Just as things are starting to go his way, his life is shattered when an untruthful remark throws his small community into a collective state of hysteria. As the lie spreads, Lucas is forced to fight a lonely fight for his life and dignity. (c) Magnolia","posters":{"thumbnail":"http://content8.flixster.com/movie/11/17/07/11170774_mob.jpg","profile":"http://content8.flixster.com/movie/11/17/07/11170774_pro.jpg","detailed":"http://content8.flixster.com/movie/11/17/07/11170774_det.jpg","original":"http://content8.flixster.com/movie/11/17/07/11170774_ori.jpg"},"abridged_cast":[{"name":"Mads Mikkelsen","id":"326395728","characters":["Lucas"]},{"name":"Thomas Bo Larsen","id":"559803978","characters":["Theo"]},{"name":"Annika Wedderkopp","id":"771409808","characters":["Klara"]},{"name":"Lasse Fogelstrom","id":"771409809","characters":["Marcus"]},{"name":"Susse Wold","id":"770979423","characters":["Grethe"]}],"alternate_ids":{"imdb":"2106476"},"links":{"self":"http://api.rottentomatoes.com/api/public/v1.0/movies/771307311.json","alternate":"http://www.rottentomatoes.com/m/the_hunt_2013/","cast":"http://api.rottentomatoes.com/api/public/v1.0/movies/771307311/cast.json","clips":"http://api.rottentomatoes.com/api/public/v1.0/movies/771307311/clips.json","reviews":"http://api.rottentomatoes.com/api/public/v1.0/movies/771307311/reviews.json","similar":"http://api.rottentomatoes.com/api/public/v1.0/movies/771307311/similar.json"}},{"id":"11072","title":"Anacondas - The Hunt for the Blood Orchid","year":2004,"mpaa_rating":"PG-13","runtime":93,"critics_consensus":"A cheesy monster B-movie.","release_dates":{"theater":"2004-08-27","dvd":"2004-12-21"},"ratings":{"critics_rating":"Rotten","critics_score":26,"audience_rating":"Spilled","audience_score":27},"synopsis":"","posters":{"thumbnail":"http://content9.flixster.com/movie/25/88/258899_mob.jpg","profile":"http://content9.flixster.com/movie/25/88/258899_pro.jpg","detailed":"http://content9.flixster.com/movie/25/88/258899_det.jpg","original":"http://content9.flixster.com/movie/25/88/258899_ori.jpg"},"abridged_cast":[{"name":"Johnny Messner","id":"364609103","characters":["Bill Johnson"]},{"name":"KaDee Strickland","id":"162669101","characters":["Sam Rogers"]},{"name":"Matthew Marsden","id":"326299985","characters":["Dr. Jack Byron"]},{"name":"Nicholas Gonzalez","id":"497135153","characters":["Dr. Ben Douglas"]},{"name":"Eugene Byrd","id":"162669102","characters":["Cole Burris"]}],"alternate_ids":{"imdb":"0366174"},"links":{"self":"http://api.rottentomatoes.com/api/public/v1.0/movies/11072.json","alternate":"http://www.rottentomatoes.com/m/anacondas_the_hunt_for_the_blood_orchid/","cast":"http://api.rottentomatoes.com/api/public/v1.0/movies/11072/cast.json","clips":"http://api.rottentomatoes.com/api/public/v1.0/movies/11072/clips.json","reviews":"http://api.rottentomatoes.com/api/public/v1.0/movies/11072/reviews.json","similar":"http://api.rottentomatoes.com/api/public/v1.0/movies/11072/similar.json"}},{"id":"11018","title":"The Sum of All Fears","year":2002,"mpaa_rating":"PG-13","runtime":118,"critics_consensus":"A slick and well-made thriller that takes on new weight due to the current political climate.","release_dates":{"theater":"2002-05-31","dvd":"2002-10-29"},"ratings":{"critics_rating":"Rotten","critics_score":59,"audience_rating":"Spilled","audience_score":50},"synopsis":"","posters":{"thumbnail":"http://content6.flixster.com/movie/10/84/98/10849880_mob.jpg","profile":"http://content6.flixster.com/movie/10/84/98/10849880_pro.jpg","detailed":"http://content6.flixster.com/movie/10/84/98/10849880_det.jpg","original":"http://content6.flixster.com/movie/10/84/98/10849880_ori.jpg"},"abridged_cast":[{"name":"Ben Affleck","id":"162665891","characters":["Jack Ryan"]},{"name":"Morgan Freeman","id":"162652224","characters":["William Cabot"]},{"name":"James Cromwell","id":"162652553","characters":["President Fowler"]},{"name":"Liev Schreiber","id":"162653994","characters":["John Clark"]},{"name":"Alan Bates","id":"162692494","characters":["Richard Dressler"]}],"alternate_ids":{"imdb":"0164184"},"links":{"self":"http://api.rottentomatoes.com/api/public/v1.0/movies/11018.json","alternate":"http://www.rottentomatoes.com/m/sum_of_all_fears/","cast":"http://api.rottentomatoes.com/api/public/v1.0/movies/11018/cast.json","clips":"http://api.rottentomatoes.com/api/public/v1.0/movies/11018/clips.json","reviews":"http://api.rottentomatoes.com/api/public/v1.0/movies/11018/reviews.json","similar":"http://api.rottentomatoes.com/api/public/v1.0/movies/11018/similar.json"}},{"id":"13289","title":"The Good Girl","year":2002,"mpaa_rating":"R","runtime":93,"critics_consensus":"A dark dramedy with exceptional performances from Jennifer Aniston and Jake Gyllenhaal, The Good Girl is a moving and astute look at the passions of two troubled souls in a small town.","release_dates":{"theater":"2002-08-07","dvd":"2003-01-07"},"ratings":{"critics_rating":"Certified Fresh","critics_score":81,"audience_rating":"Spilled","audience_score":59},"synopsis":"","posters":{"thumbnail":"http://content9.flixster.com/movie/26/90/269019_mob.jpg","profile":"http://content9.flixster.com/movie/26/90/269019_pro.jpg","detailed":"http://content9.flixster.com/movie/26/90/269019_det.jpg","original":"http://content9.flixster.com/movie/26/90/269019_ori.jpg"},"abridged_cast":[{"name":"Jennifer Aniston","id":"162655148","characters":["Justine Last"]},{"name":"Jake Gyllenhaal","id":"162653968","characters":["Tom 'Holden' Worther"]},{"name":"John C. Reilly","id":"162652855","characters":["Phil Last"]},{"name":"Tim Blake Nelson","id":"162655595","characters":["Bubba"]},{"name":"Zooey Deschanel","id":"162652299","characters":["Cheryl"]}],"links":{"self":"http://api.rottentomatoes.com/api/public/v1.0/movies/13289.json","alternate":"http://www.rottentomatoes.com/m/good_girl/","cast":"http://api.rottentomatoes.com/api/public/v1.0/movies/13289/cast.json","clips":"http://api.rottentomatoes.com/api/public/v1.0/movies/13289/clips.json","reviews":"http://api.rottentomatoes.com/api/public/v1.0/movies/13289/reviews.json","similar":"http://api.rottentomatoes.com/api/public/v1.0/movies/13289/similar.json"}},{"id":"770791775","title":"The Loss of a Teardrop Diamond","year":2008,"mpaa_rating":"PG-13","runtime":102,"release_dates":{"theater":"2009-12-30","dvd":"2010-09-07"},"ratings":{"critics_rating":"Rotten","critics_score":25,"audience_rating":"Spilled","audience_score":40},"synopsis":"","posters":{"thumbnail":"http://content8.flixster.com/movie/10/92/75/10927566_mob.jpg","profile":"http://content8.flixster.com/movie/10/92/75/10927566_pro.jpg","detailed":"http://content8.flixster.com/movie/10/92/75/10927566_det.jpg","original":"http://content8.flixster.com/movie/10/92/75/10927566_ori.jpg"},"abridged_cast":[{"name":"Bryce Dallas Howard","id":"162660901","characters":["Fisher Willow"]},{"name":"Chris Evans","id":"162652784","characters":["Jimmy Dobyne"]},{"name":"Ann-Margret","id":"162656239","characters":["Aunt Cornelia"]},{"name":"Will Patton","id":"162690561","characters":["Old Man Dobyne"]},{"name":"Ellen Burstyn","id":"162660525","characters":["Miss Addie"]}],"alternate_ids":{"imdb":"0896031"},"links":{"self":"http://api.rottentomatoes.com/api/public/v1.0/movies/770791775.json","alternate":"http://www.rottentomatoes.com/m/loss_of_a_teardrop_diamond/","cast":"http://api.rottentomatoes.com/api/public/v1.0/movies/770791775/cast.json","clips":"http://api.rottentomatoes.com/api/public/v1.0/movies/770791775/clips.json","reviews":"http://api.rottentomatoes.com/api/public/v1.0/movies/770791775/reviews.json","similar":"http://api.rottentomatoes.com/api/public/v1.0/movies/770791775/similar.json"}},{"id":"13976","title":"Boyz n the Hood","year":1991,"mpaa_rating":"R","runtime":112,"release_dates":{"theater":"1991-07-12","dvd":"2001-03-06"},"ratings":{"critics_rating":"Certified Fresh","critics_score":96,"audience_rating":"Upright","audience_score":93},"synopsis":"","posters":{"thumbnail":"http://content8.flixster.com/movie/11/16/98/11169866_mob.jpg","profile":"http://content8.flixster.com/movie/11/16/98/11169866_pro.jpg","detailed":"http://content8.flixster.com/movie/11/16/98/11169866_det.jpg","original":"http://content8.flixster.com/movie/11/16/98/11169866_ori.jpg"},"abridged_cast":[{"name":"Cuba Gooding Jr.","id":"162664235","characters":["Tre Styles"]},{"name":"Morris Chestnut","id":"162653531","characters":["Ricky Baker"]},{"name":"Ice Cube","id":"162652332","characters":["Doughboy"]},{"name":"Angela Bassett","id":"162652631","characters":["Reva Styles"]},{"name":"Laurence Fishburne","id":"162669090","characters":["Furious Styles"]}],"alternate_ids":{"imdb":"0101507"},"links":{"self":"http://api.rottentomatoes.com/api/public/v1.0/movies/13976.json","alternate":"http://www.rottentomatoes.com/m/boyz_n_the_hood/","cast":"http://api.rottentomatoes.com/api/public/v1.0/movies/13976/cast.json","clips":"http://api.rottentomatoes.com/api/public/v1.0/movies/13976/clips.json","reviews":"http://api.rottentomatoes.com/api/public/v1.0/movies/13976/reviews.json","similar":"http://api.rottentomatoes.com/api/public/v1.0/movies/13976/similar.json"}},{"id":"18991","title":"Discovering the Real World of Harry Potter","year":2001,"mpaa_rating":"Unrated","runtime":48,"release_dates":{"theater":"2001-12-10","dvd":"2002-05-28"},"ratings":{"critics_score":-1,"audience_rating":"Upright","audience_score":72},"synopsis":"","posters":{"thumbnail":"http://content9.flixster.com/movie/10/94/16/10941615_mob.jpg","profile":"http://content9.flixster.com/movie/10/94/16/10941615_pro.jpg","detailed":"http://content9.flixster.com/movie/10/94/16/10941615_det.jpg","original":"http://content9.flixster.com/movie/10/94/16/10941615_ori.jpg"},"abridged_cast":[{"name":"Hugh Laurie","id":"162746075"},{"name":"J.K. Rowling","id":"770683849"},{"name":"Gavin Scott","id":"770683850"}],"alternate_ids":{"imdb":"0443483"},"links":{"self":"http://api.rottentomatoes.com/api/public/v1.0/movies/18991.json","alternate":"http://www.rottentomatoes.com/m/discovering-the-real-world-of-harry-potter/","cast":"http://api.rottentomatoes.com/api/public/v1.0/movies/18991/cast.json","clips":"http://api.rottentomatoes.com/api/public/v1.0/movies/18991/clips.json","reviews":"http://api.rottentomatoes.com/api/public/v1.0/movies/18991/reviews.json","similar":"http://api.rottentomatoes.com/api/public/v1.0/movies/18991/similar.json"}},{"id":"13609","title":"The Warriors","year":1979,"mpaa_rating":"R","runtime":93,"release_dates":{"theater":"1979-02-09","dvd":"2001-01-16"},"ratings":{"critics_rating":"Fresh","critics_score":94,"audience_rating":"Upright","audience_score":89},"synopsis":"","posters":{"thumbnail":"http://content8.flixster.com/movie/11/17/13/11171334_mob.jpg","profile":"http://content8.flixster.com/movie/11/17/13/11171334_pro.jpg","detailed":"http://content8.flixster.com/movie/11/17/13/11171334_det.jpg","original":"http://content8.flixster.com/movie/11/17/13/11171334_ori.jpg"},"abridged_cast":[{"name":"Michael Beck","id":"162694451","characters":["Swan"]},{"name":"James Remar","id":"162667832","characters":["Ajax"]},{"name":"David Patrick Kelly","id":"754128628","characters":["Luther"]},{"name":"Thomas G. Waites","id":"444008905","characters":["Fox"]},{"name":"Dorsey Wright","id":"426555770","characters":["Cleon"]}],"alternate_ids":{"imdb":"0080120"},"links":{"self":"http://api.rottentomatoes.com/api/public/v1.0/movies/13609.json","alternate":"http://www.rottentomatoes.com/m/1023205-warriors/","cast":"http://api.rottentomatoes.com/api/public/v1.0/movies/13609/cast.json","clips":"http://api.rottentomatoes.com/api/public/v1.0/movies/13609/clips.json","reviews":"http://api.rottentomatoes.com/api/public/v1.0/movies/13609/reviews.json","similar":"http://api.rottentomatoes.com/api/public/v1.0/movies/13609/similar.json"}},{"id":"10366","title":"The Prince of Egypt","year":1998,"mpaa_rating":"PG","runtime":93,"critics_consensus":"The Prince of Egypt's stunning visuals and first-rate voice cast more than compensate for the fact that it's better crafted than it is emotionally involving.","release_dates":{"theater":"1998-12-18","dvd":"1999-09-14"},"ratings":{"critics_rating":"Certified Fresh","critics_score":79,"audience_rating":"Upright","audience_score":75},"synopsis":"","posters":{"thumbnail":"http://content6.flixster.com/movie/10/61/21/10612176_mob.jpg","profile":"http://content6.flixster.com/movie/10/61/21/10612176_pro.jpg","detailed":"http://content6.flixster.com/movie/10/61/21/10612176_det.jpg","original":"http://content6.flixster.com/movie/10/61/21/10612176_ori.jpg"},"abridged_cast":[{"name":"Val Kilmer","id":"162652314","characters":["Moses / God"]},{"name":"Ralph Fiennes","id":"162653681","characters":["Rameses"]},{"name":"Michelle Pfeiffer","id":"162660689","characters":["Tzipporah"]},{"name":"Sandra Bullock","id":"162652205","characters":["Miriam"]},{"name":"Jeff Goldblum","id":"162668455","characters":["Aaron"]}],"alternate_ids":{"imdb":"0120794"},"links":{"self":"http://api.rottentomatoes.com/api/public/v1.0/movies/10366.json","alternate":"http://www.rottentomatoes.com/m/prince_of_egypt/","cast":"http://api.rottentomatoes.com/api/public/v1.0/movies/10366/cast.json","clips":"http://api.rottentomatoes.com/api/public/v1.0/movies/10366/clips.json","reviews":"http://api.rottentomatoes.com/api/public/v1.0/movies/10366/reviews.json","similar":"http://api.rottentomatoes.com/api/public/v1.0/movies/10366/similar.json"}},{"id":"359855346","title":"The Ultimate Gift","year":2007,"mpaa_rating":"PG","runtime":117,"critics_consensus":"Though The Ultimate Gift avoids religious speechifying like other Fox Faith films, it's dramatically inert with flat direction.","release_dates":{"theater":"2006-10-20","dvd":"2007-08-21"},"ratings":{"critics_rating":"Rotten","critics_score":32,"audience_rating":"Upright","audience_score":85},"synopsis":"","posters":{"thumbnail":"http://content9.flixster.com/movie/11/16/49/11164959_mob.jpg","profile":"http://content9.flixster.com/movie/11/16/49/11164959_pro.jpg","detailed":"http://content9.flixster.com/movie/11/16/49/11164959_det.jpg","original":"http://content9.flixster.com/movie/11/16/49/11164959_ori.jpg"},"abridged_cast":[{"name":"Drew Fuller","id":"359855347","characters":["Jason Stevens"]},{"name":"James Garner","id":"162657112","characters":["Howard \"Red\" Stevens"]},{"name":"Ali Hillis","id":"326395124","characters":["Alexia"]},{"name":"Abigail Breslin","id":"162653854","characters":["Emily Rose"]},{"name":"Lee Meriwether","id":"351524834","characters":["Miss Hastings"]}],"alternate_ids":{"imdb":"0482629"},"links":{"self":"http://api.rottentomatoes.com/api/public/v1.0/movies/359855346.json","alternate":"http://www.rottentomatoes.com/m/ultimate_gift/","cast":"http://api.rottentomatoes.com/api/public/v1.0/movies/359855346/cast.json","clips":"http://api.rottentomatoes.com/api/public/v1.0/movies/359855346/clips.json","reviews":"http://api.rottentomatoes.com/api/public/v1.0/movies/359855346/reviews.json","similar":"http://api.rottentomatoes.com/api/public/v1.0/movies/359855346/similar.json"}},{"id":"771312085","title":"The Collection","year":2012,"mpaa_rating":"R","runtime":81,"critics_consensus":"The Collection offers more grisly thrills and twisted humor than its predecessor; in other words, fun for genre fans, but unpleasant for anyone else.","release_dates":{"theater":"2012-11-30","dvd":"2013-03-26"},"ratings":{"critics_rating":"Rotten","critics_score":37,"audience_rating":"Spilled","audience_score":51},"synopsis":"When Elena's (Emma Fitzpatrick) friends take her to a secret party at an undisclosed location, she never imagined she would become the latest victim of The Collector, a psychopathic killer. The Collector kidnaps and transports her to an abandoned hotel he's transformed into his own private maze of torture and death. Upon learning of his daughter's disappearance, Elena's wealthy father (Christopher McDonald) hires a group of mercenaries to retrieve her from the vicious grips of The Collector. These mercenaries coerce Arkin (Josh Stewart), the only man to have escaped the wrath of this heinous monster, to lead them through the gruesome labyrinth. Now, Arkin finds himself fighting for his own life in order to save Elena. -- (C) Official Site","posters":{"thumbnail":"http://content6.flixster.com/movie/11/16/97/11169784_mob.jpg","profile":"http://content6.flixster.com/movie/11/16/97/11169784_pro.jpg","detailed":"http://content6.flixster.com/movie/11/16/97/11169784_det.jpg","original":"http://content6.flixster.com/movie/11/16/97/11169784_ori.jpg"},"abridged_cast":[{"name":"Emma Fitzpatrick","id":"771083855","characters":["Elena"]},{"name":"Josh Stewart","id":"770689252","characters":["Arkin"]},{"name":"Christopher McDonald","id":"162680629","characters":["Elena's Father","Mr. Peters"]},{"name":"Lee Tergesen","id":"770671575","characters":["Lucello"]},{"name":"Navi Rawat","id":"186021576","characters":["Lisa"]}],"alternate_ids":{"imdb":"1748227"},"links":{"self":"http://api.rottentomatoes.com/api/public/v1.0/movies/771312085.json","alternate":"http://www.rottentomatoes.com/m/the_collection_2012/","cast":"http://api.rottentomatoes.com/api/public/v1.0/movies/771312085/cast.json","clips":"http://api.rottentomatoes.com/api/public/v1.0/movies/771312085/clips.json","reviews":"http://api.rottentomatoes.com/api/public/v1.0/movies/771312085/reviews.json","similar":"http://api.rottentomatoes.com/api/public/v1.0/movies/771312085/similar.json"}},{"id":"147469332","title":"The Hobbit","year":1978,"mpaa_rating":"Unrated","runtime":77,"release_dates":{"theater":"1978-01-01","dvd":"2001-09-11"},"ratings":{"critics_rating":"Fresh","critics_score":67,"audience_rating":"Upright","audience_score":64},"synopsis":"","posters":{"thumbnail":"http://content8.flixster.com/movie/31/38/313898_mob.jpg","profile":"http://content8.flixster.com/movie/31/38/313898_pro.jpg","detailed":"http://content8.flixster.com/movie/31/38/313898_det.jpg","original":"http://content8.flixster.com/movie/31/38/313898_ori.jpg"},"abridged_cast":[{"name":"Orson Bean","id":"335716068","characters":["Bilbo Baggins"]},{"name":"Richard Boone","id":"162661842","characters":["Smaug"]},{"name":"Brother Theodore","id":"770720693","characters":["Gollum"]},{"name":"Hans Conried","id":"162656933","characters":["Thorin Oakenshield"]},{"name":"Don Messick","id":"408746705","characters":["Balin"]}],"alternate_ids":{"imdb":"0077687"},"links":{"self":"http://api.rottentomatoes.com/api/public/v1.0/movies/147469332.json","alternate":"http://www.rottentomatoes.com/m/hobbit/","cast":"http://api.rottentomatoes.com/api/public/v1.0/movies/147469332/cast.json","clips":"http://api.rottentomatoes.com/api/public/v1.0/movies/147469332/clips.json","reviews":"http://api.rottentomatoes.com/api/public/v1.0/movies/147469332/reviews.json","similar":"http://api.rottentomatoes.com/api/public/v1.0/movies/147469332/similar.json"}},{"id":"147302894","title":"The Notorious Bettie Page","year":2005,"mpaa_rating":"R","runtime":90,"critics_consensus":"This biopic only skims the surface of Bettie Page's life, leaving her as a cipher, and additionally fails to place her iconic status in historical context.","release_dates":{"theater":"2006-04-14","dvd":"2006-09-26"},"ratings":{"critics_rating":"Rotten","critics_score":56,"audience_rating":"Spilled","audience_score":52},"synopsis":"","posters":{"thumbnail":"http://content8.flixster.com/movie/10/93/59/10935954_mob.jpg","profile":"http://content8.flixster.com/movie/10/93/59/10935954_pro.jpg","detailed":"http://content8.flixster.com/movie/10/93/59/10935954_det.jpg","original":"http://content8.flixster.com/movie/10/93/59/10935954_ori.jpg"},"abridged_cast":[{"name":"Gretchen Mol","id":"162694649","characters":["Bettie Page"]},{"name":"Christopher Bauer","id":"770715168","characters":["Irving Klaw"]},{"name":"Jared Harris","id":"162676363","characters":["John Willie"]},{"name":"Sarah Paulson","id":"563559693","characters":["Bunny Yeager"]},{"name":"Cara Seymour","id":"326394822","characters":["Maxie"]}],"alternate_ids":{"imdb":"0404802"},"links":{"self":"http://api.rottentomatoes.com/api/public/v1.0/movies/147302894.json","alternate":"http://www.rottentomatoes.com/m/notorious_betty_page/","cast":"http://api.rottentomatoes.com/api/public/v1.0/movies/147302894/cast.json","clips":"http://api.rottentomatoes.com/api/public/v1.0/movies/147302894/clips.json","reviews":"http://api.rottentomatoes.com/api/public/v1.0/movies/147302894/reviews.json","similar":"http://api.rottentomatoes.com/api/public/v1.0/movies/147302894/similar.json"}},{"id":"10340","title":"Batman: The Movie","year":1966,"mpaa_rating":"PG","runtime":104,"critics_consensus":"Batman: The Movie elevates camp to an art form -- and has a blast doing it, every gloriously tongue-in-cheek inch of the way.","release_dates":{"theater":"1966-07-30","dvd":"2002-04-23"},"ratings":{"critics_rating":"Fresh","critics_score":79,"audience_rating":"Upright","audience_score":62},"synopsis":"","posters":{"thumbnail":"http://content8.flixster.com/movie/11/16/49/11164986_mob.jpg","profile":"http://content8.flixster.com/movie/11/16/49/11164986_pro.jpg","detailed":"http://content8.flixster.com/movie/11/16/49/11164986_det.jpg","original":"http://content8.flixster.com/movie/11/16/49/11164986_ori.jpg"},"abridged_cast":[{"name":"Adam West","id":"162662362","characters":["Batman/Bruce Wayne"]},{"name":"Burt Ward","id":"162662363","characters":["Robin/Dick Grayson"]},{"name":"Lee Meriwether","id":"351524834","characters":["Catwoman/Kitka"]},{"name":"Cesar Romero","id":"162656923","characters":["The Joker"]},{"name":"Burgess Meredith","id":"276737589","characters":["The Penguin"]}],"alternate_ids":{"imdb":"0060153"},"links":{"self":"http://api.rottentomatoes.com/api/public/v1.0/movies/10340.json","alternate":"http://www.rottentomatoes.com/m/batman_the_movie/","cast":"http://api.rottentomatoes.com/api/public/v1.0/movies/10340/cast.json","clips":"http://api.rottentomatoes.com/api/public/v1.0/movies/10340/clips.json","reviews":"http://api.rottentomatoes.com/api/public/v1.0/movies/10340/reviews.json","similar":"http://api.rottentomatoes.com/api/public/v1.0/movies/10340/similar.json"}},{"id":"771355257","title":"Blue Is The Warmest Color","year":2013,"mpaa_rating":"NC-17","runtime":187,"critics_consensus":"Raw, honest, powerfully acted, and deliciously intense, Blue Is the Warmest Color offers some of modern cinema's most elegantly composed, emotionally absorbing drama.","release_dates":{"theater":"2013-10-25","dvd":"2013-02-25"},"ratings":{"critics_rating":"Certified Fresh","critics_score":90,"audience_rating":"Upright","audience_score":87},"synopsis":"BLUE IS THE WARMEST COLOR centers on a 15-year-old girl named Adele (Exarchopoulos) who is climbing to adulthood and dreams of experiencing her first love. A handsome male classmate falls for her hard, but an unsettling erotic reverie upsets the romance before it begins. Adele imagines that the mysterious, blue-haired girl she encountered in the street slips into her bed and possesses her with an overwhelming pleasure. That blue-haired girl is a confident older art student named Emma (Seydoux), who will soon enter Adele's life for real, making way for an intense and complicated love story that spans a decade and is touchingly universal in its depiction. (c) IFC","posters":{"thumbnail":"http://content9.flixster.com/movie/11/17/42/11174299_mob.jpg","profile":"http://content9.flixster.com/movie/11/17/42/11174299_pro.jpg","detailed":"http://content9.flixster.com/movie/11/17/42/11174299_det.jpg","original":"http://content9.flixster.com/movie/11/17/42/11174299_ori.jpg"},"abridged_cast":[{"name":"Lea Seydoux","id":"770811453","characters":["Emma"]},{"name":"Adele Exarchopoulos","id":"770831215","characters":["Adele"]},{"name":"Salim Kechiouche","id":"162653670","characters":["Samir"]},{"name":"Mona Walravens","id":"771466409","characters":["Lise"]},{"name":"Jeremie Laheurte","id":"771444656","characters":["Thomas"]}],"alternate_ids":{"imdb":"2278871"},"links":{"self":"http://api.rottentomatoes.com/api/public/v1.0/movies/771355257.json","alternate":"http://www.rottentomatoes.com/m/blue_is_the_warmest_color/","cast":"http://api.rottentomatoes.com/api/public/v1.0/movies/771355257/cast.json","clips":"http://api.rottentomatoes.com/api/public/v1.0/movies/771355257/clips.json","reviews":"http://api.rottentomatoes.com/api/public/v1.0/movies/771355257/reviews.json","similar":"http://api.rottentomatoes.com/api/public/v1.0/movies/771355257/similar.json"}},{"id":"14905","title":"The Ladykillers","year":2004,"mpaa_rating":"R","runtime":104,"critics_consensus":"Hanks' performance in the lead role is inspired, but this is a relatively minor offering from the Coen brothers.","release_dates":{"theater":"2004-03-26","dvd":"2004-09-07"},"ratings":{"critics_rating":"Rotten","critics_score":55,"audience_rating":"Spilled","audience_score":43},"synopsis":"","posters":{"thumbnail":"http://content8.flixster.com/movie/11/14/68/11146886_mob.jpg","profile":"http://content8.flixster.com/movie/11/14/68/11146886_pro.jpg","detailed":"http://content8.flixster.com/movie/11/14/68/11146886_det.jpg","original":"http://content8.flixster.com/movie/11/14/68/11146886_ori.jpg"},"abridged_cast":[{"name":"Tom Hanks","id":"162655641","characters":["Goldthwait Higginson Dorr"]},{"name":"Marlon Wayans","id":"162682781","characters":["Gawain MacSam"]},{"name":"J.K. Simmons","id":"592170459","characters":["Garth Pancake"]},{"name":"Irma P. Hall","id":"162713815","characters":["Marva Munson"]},{"name":"Tzi Ma","id":"326395906","characters":["The General"]}],"alternate_ids":{"imdb":"0335245"},"links":{"self":"http://api.rottentomatoes.com/api/public/v1.0/movies/14905.json","alternate":"http://www.rottentomatoes.com/m/ladykillers/","cast":"http://api.rottentomatoes.com/api/public/v1.0/movies/14905/cast.json","clips":"http://api.rottentomatoes.com/api/public/v1.0/movies/14905/clips.json","reviews":"http://api.rottentomatoes.com/api/public/v1.0/movies/14905/reviews.json","similar":"http://api.rottentomatoes.com/api/public/v1.0/movies/14905/similar.json"}},{"id":"136265196","title":"Van Helsing: The London Assignment","year":2004,"mpaa_rating":"PG-13","runtime":33,"release_dates":{"theater":"2004-05-11","dvd":"2004-05-11"},"ratings":{"critics_score":-1,"audience_rating":"Spilled","audience_score":53},"synopsis":"","posters":{"thumbnail":"http://content8.flixster.com/movie/11/15/33/11153326_mob.jpg","profile":"http://content8.flixster.com/movie/11/15/33/11153326_pro.jpg","detailed":"http://content8.flixster.com/movie/11/15/33/11153326_det.jpg","original":"http://content8.flixster.com/movie/11/15/33/11153326_ori.jpg"},"abridged_cast":[{"name":"Hugh Jackman","id":"162661503","characters":["Van Helsing"]},{"name":"Robbie Coltrane","id":"162655379","characters":["Mr. Hyde"]},{"name":"David Wenham","id":"326395611","characters":["Carl"]},{"name":"Alun Armstrong","id":"770670461","characters":["Cardinal Jinette"]}],"alternate_ids":{"imdb":"0406310"},"links":{"self":"http://api.rottentomatoes.com/api/public/v1.0/movies/136265196.json","alternate":"http://www.rottentomatoes.com/m/van-helsing-the-london-assignment/","cast":"http://api.rottentomatoes.com/api/public/v1.0/movies/136265196/cast.json","clips":"http://api.rottentomatoes.com/api/public/v1.0/movies/136265196/clips.json","reviews":"http://api.rottentomatoes.com/api/public/v1.0/movies/136265196/reviews.json","similar":"http://api.rottentomatoes.com/api/public/v1.0/movies/136265196/similar.json"}},{"id":"770808479","title":"The Warrior's Way","year":2010,"mpaa_rating":"R","runtime":100,"critics_consensus":"Perfectly, thoroughly divisive, The Warrior's Way will either be delightful or unbearable, depending on your tolerance for surreal, shamelessly over the top collisions of eastern and western cliches.","release_dates":{"theater":"2010-12-03","dvd":"2011-06-28"},"ratings":{"critics_rating":"Rotten","critics_score":29,"audience_rating":"Spilled","audience_score":47},"synopsis":"Asian samurai Yang (Korean superstar Jang Dong-gun) has a change of heart after slaughtering his enemy's family, and spares a newborn child. On the run from his master, he heads to America, where he finds a beat-down town that is home to freaks, circus performers, an old drunk (Geoffrey Rush), and a knife-thrower (Kate Bosworth). This spunky love interest soon becomes the student, with the wandering warrior passing along his knowledge so that she can enact revenge against scarred scumbag The Colonel (Danny Huston). As the master tracks the sound of the warrior's sword (literally), the samurai makes one final stand with the town to thwart The Colonel and his gang before they burn it all down. Soon enough, cowboys and ninjas meet in a duel to the death -- guns vs. katanas. ~ Jason Buchanan, Rovi","posters":{"thumbnail":"http://content9.flixster.com/movie/11/15/36/11153687_mob.jpg","profile":"http://content9.flixster.com/movie/11/15/36/11153687_pro.jpg","detailed":"http://content9.flixster.com/movie/11/15/36/11153687_det.jpg","original":"http://content9.flixster.com/movie/11/15/36/11153687_ori.jpg"},"abridged_cast":[{"name":"Dong-gun Jang","id":"363430896","characters":["Yang"]},{"name":"Kate Bosworth","id":"162655190","characters":["Lynne"]},{"name":"Danny Huston","id":"162653683","characters":["The Colonel"]},{"name":"Geoffrey Rush","id":"162659119","characters":["Ron"]},{"name":"Tony Cox","id":"501631694","characters":["8-Ball"]}],"alternate_ids":{"imdb":"1032751"},"links":{"self":"http://api.rottentomatoes.com/api/public/v1.0/movies/770808479.json","alternate":"http://www.rottentomatoes.com/m/the-warriors-way/","cast":"http://api.rottentomatoes.com/api/public/v1.0/movies/770808479/cast.json","clips":"http://api.rottentomatoes.com/api/public/v1.0/movies/770808479/clips.json","reviews":"http://api.rottentomatoes.com/api/public/v1.0/movies/770808479/reviews.json","similar":"http://api.rottentomatoes.com/api/public/v1.0/movies/770808479/similar.json"}},{"id":"770771664","title":"The Rebound","year":2009,"mpaa_rating":"R","runtime":95,"release_dates":{"theater":"2009-02-06","dvd":"2012-02-07"},"ratings":{"critics_rating":"Rotten","critics_score":42,"audience_rating":"Spilled","audience_score":47},"synopsis":"","posters":{"thumbnail":"http://content6.flixster.com/movie/11/15/53/11155380_mob.jpg","profile":"http://content6.flixster.com/movie/11/15/53/11155380_pro.jpg","detailed":"http://content6.flixster.com/movie/11/15/53/11155380_det.jpg","original":"http://content6.flixster.com/movie/11/15/53/11155380_ori.jpg"},"abridged_cast":[{"name":"Catherine Zeta-Jones","id":"162654886","characters":["Sandy"]},{"name":"Justin Bartha","id":"162659095","characters":["Aram"]},{"name":"Sam Robards","id":"162674360"},{"name":"Lisa Paige Robinson","id":"771059908"}],"alternate_ids":{"imdb":"1205535"},"links":{"self":"http://api.rottentomatoes.com/api/public/v1.0/movies/770771664.json","alternate":"http://www.rottentomatoes.com/m/10009980-rebound/","cast":"http://api.rottentomatoes.com/api/public/v1.0/movies/770771664/cast.json","clips":"http://api.rottentomatoes.com/api/public/v1.0/movies/770771664/clips.json","reviews":"http://api.rottentomatoes.com/api/public/v1.0/movies/770771664/reviews.json","similar":"http://api.rottentomatoes.com/api/public/v1.0/movies/770771664/similar.json"}},{"id":"11427","title":"The Whole Ten Yards","year":2004,"mpaa_rating":"PG-13","runtime":99,"critics_consensus":"A strained, laugh-free sequel, The Whole Ten Yards recycles its predecessor's cast and plot but not its wit or reason for being.","release_dates":{"theater":"2003-04-01","dvd":"2004-07-27"},"ratings":{"critics_rating":"Rotten","critics_score":4,"audience_rating":"Spilled","audience_score":41},"synopsis":"","posters":{"thumbnail":"http://content8.flixster.com/movie/55/37/07/5537078_mob.jpg","profile":"http://content8.flixster.com/movie/55/37/07/5537078_pro.jpg","detailed":"http://content8.flixster.com/movie/55/37/07/5537078_det.jpg","original":"http://content8.flixster.com/movie/55/37/07/5537078_ori.jpg"},"abridged_cast":[{"name":"Bruce Willis","id":"162652509","characters":["Jimmy 'The Tulip' Tudeski"]},{"name":"Matthew Perry","id":"162671845","characters":["Nicholas 'Oz' Oseransky"]},{"name":"Amanda Peet","id":"162652454","characters":["Jill St. Claire"]},{"name":"Kevin Pollak","id":"162675617","characters":["Laszlo"]},{"name":"Natasha Henstridge","id":"162671846","characters":["Cynthia"]}],"alternate_ids":{"imdb":"0327247"},"links":{"self":"http://api.rottentomatoes.com/api/public/v1.0/movies/11427.json","alternate":"http://www.rottentomatoes.com/m/whole_ten_yards/","cast":"http://api.rottentomatoes.com/api/public/v1.0/movies/11427/cast.json","clips":"http://api.rottentomatoes.com/api/public/v1.0/movies/11427/clips.json","reviews":"http://api.rottentomatoes.com/api/public/v1.0/movies/11427/reviews.json","similar":"http://api.rottentomatoes.com/api/public/v1.0/movies/11427/similar.json"}},{"id":"13604","title":"The Life of David Gale","year":2003,"mpaa_rating":"R","runtime":130,"critics_consensus":"Instead of offering a convincing argument against the death penalty, this implausible, convoluted thriller pounds the viewer over the head with its message.","release_dates":{"theater":"2003-02-21","dvd":"2003-07-22"},"ratings":{"critics_rating":"Rotten","critics_score":19,"audience_rating":"Upright","audience_score":82},"synopsis":"","posters":{"thumbnail":"http://content7.flixster.com/movie/27/05/270593_mob.jpg","profile":"http://content7.flixster.com/movie/27/05/270593_pro.jpg","detailed":"http://content7.flixster.com/movie/27/05/270593_det.jpg","original":"http://content7.flixster.com/movie/27/05/270593_ori.jpg"},"abridged_cast":[{"name":"Kevin Spacey","id":"162657625","characters":["Dr. Gale"]},{"name":"Kate Winslet","id":"162659302","characters":["Bitsey Bloom"]},{"name":"Laura Linney","id":"162653768","characters":["Constance Harraway"]},{"name":"Gabriel Mann","id":"162684206","characters":["Zack Stemmons"]},{"name":"Matt Craven","id":"162670922","characters":["Dusty Wright"]}],"alternate_ids":{"imdb":"0289992"},"links":{"self":"http://api.rottentomatoes.com/api/public/v1.0/movies/13604.json","alternate":"http://www.rottentomatoes.com/m/life_of_david_gale/","cast":"http://api.rottentomatoes.com/api/public/v1.0/movies/13604/cast.json","clips":"http://api.rottentomatoes.com/api/public/v1.0/movies/13604/clips.json","reviews":"http://api.rottentomatoes.com/api/public/v1.0/movies/13604/reviews.json","similar":"http://api.rottentomatoes.com/api/public/v1.0/movies/13604/similar.json"}},{"id":"9452","title":"The Santa Clause 2 - The Mrs. Clause","year":2002,"mpaa_rating":"G","runtime":104,"critics_consensus":"Though it's harmless as family entertainment and has moments of charm, The Santa Clause 2 is also predictable and forgettable.","release_dates":{"theater":"2002-10-27","dvd":"2003-11-18"},"ratings":{"critics_rating":"Rotten","critics_score":55,"audience_rating":"Spilled","audience_score":42},"synopsis":"","posters":{"thumbnail":"http://content7.flixster.com/movie/25/10/251025_mob.jpg","profile":"http://content7.flixster.com/movie/25/10/251025_pro.jpg","detailed":"http://content7.flixster.com/movie/25/10/251025_det.jpg","original":"http://content7.flixster.com/movie/25/10/251025_ori.jpg"},"abridged_cast":[{"name":"Tim Allen","id":"162655909","characters":["Santa","Scott Calvin","Toy Santa"]},{"name":"Elizabeth Mitchell","id":"162656171","characters":["Carole Newman"]},{"name":"David Krumholtz","id":"162656172","characters":["Bernard the Head Elf"]},{"name":"Eric Lloyd","id":"162656173","characters":["Charlie Calvin"]},{"name":"Judge Reinhold","id":"162668950","characters":["Neil Miller"]}],"alternate_ids":{"imdb":"0304669"},"links":{"self":"http://api.rottentomatoes.com/api/public/v1.0/movies/9452.json","alternate":"http://www.rottentomatoes.com/m/santa_clause_2/","cast":"http://api.rottentomatoes.com/api/public/v1.0/movies/9452/cast.json","clips":"http://api.rottentomatoes.com/api/public/v1.0/movies/9452/clips.json","reviews":"http://api.rottentomatoes.com/api/public/v1.0/movies/9452/reviews.json","similar":"http://api.rottentomatoes.com/api/public/v1.0/movies/9452/similar.json"}},{"id":"10567","title":"George of the Jungle","year":1997,"mpaa_rating":"PG","runtime":91,"critics_consensus":"George of the Jungle is faithful to its source material -- which, unfortunately, makes it a less-than-compelling feature film.","release_dates":{"theater":"1997-07-16","dvd":"1997-12-02"},"ratings":{"critics_rating":"Rotten","critics_score":56,"audience_rating":"Spilled","audience_score":41},"synopsis":"","posters":{"thumbnail":"http://content9.flixster.com/movie/11/15/38/11153879_mob.jpg","profile":"http://content9.flixster.com/movie/11/15/38/11153879_pro.jpg","detailed":"http://content9.flixster.com/movie/11/15/38/11153879_det.jpg","original":"http://content9.flixster.com/movie/11/15/38/11153879_ori.jpg"},"abridged_cast":[{"name":"Brendan Fraser","id":"162662763","characters":["George"]},{"name":"Leslie Mann","id":"162664741","characters":["Ursula Stanhope"]},{"name":"Thomas Haden Church","id":"162683650","characters":["Lyle Van de Groot"]},{"name":"Richard Roundtree","id":"162699706","characters":["Kwame"]},{"name":"John Cleese","id":"162653372","characters":["Ape"]}],"alternate_ids":{"imdb":"0119190"},"links":{"self":"http://api.rottentomatoes.com/api/public/v1.0/movies/10567.json","alternate":"http://www.rottentomatoes.com/m/1077847-george_of_the_jungle/","cast":"http://api.rottentomatoes.com/api/public/v1.0/movies/10567/cast.json","clips":"http://api.rottentomatoes.com/api/public/v1.0/movies/10567/clips.json","reviews":"http://api.rottentomatoes.com/api/public/v1.0/movies/10567/reviews.json","similar":"http://api.rottentomatoes.com/api/public/v1.0/movies/10567/similar.json"}},{"id":"358181331","title":"The Good German","year":2007,"mpaa_rating":"R","runtime":108,"critics_consensus":"Though Steven Soderbergh succeeds in emulating the glossy look of 1940s noirs, The Good German ultimately ends up as a self-conscious exercise in style that forgets to develop compelling characters.","release_dates":{"theater":"2007-01-19","dvd":"2007-05-22"},"ratings":{"critics_rating":"Rotten","critics_score":33,"audience_rating":"Spilled","audience_score":34},"synopsis":"","posters":{"thumbnail":"http://content8.flixster.com/movie/29/82/69/2982698_mob.jpg","profile":"http://content8.flixster.com/movie/29/82/69/2982698_pro.jpg","detailed":"http://content8.flixster.com/movie/29/82/69/2982698_det.jpg","original":"http://content8.flixster.com/movie/29/82/69/2982698_ori.jpg"},"abridged_cast":[{"name":"George Clooney","id":"162654528","characters":["Jake Geismer"]},{"name":"Cate Blanchett","id":"162659162","characters":["Lena Brandt"]},{"name":"Tobey Maguire","id":"162660340","characters":["Tully"]},{"name":"Beau Bridges","id":"162664689","characters":["Colonel Muller"]},{"name":"Tony Curran","id":"162662241","characters":["Danny"]}],"alternate_ids":{"imdb":"0452624"},"links":{"self":"http://api.rottentomatoes.com/api/public/v1.0/movies/358181331.json","alternate":"http://www.rottentomatoes.com/m/good_german/","cast":"http://api.rottentomatoes.com/api/public/v1.0/movies/358181331/cast.json","clips":"http://api.rottentomatoes.com/api/public/v1.0/movies/358181331/clips.json","reviews":"http://api.rottentomatoes.com/api/public/v1.0/movies/358181331/reviews.json","similar":"http://api.rottentomatoes.com/api/public/v1.0/movies/358181331/similar.json"}},{"id":"10847","title":"The Naked Gun - From the Files of Police Squad!","year":1988,"mpaa_rating":"PG-13","runtime":84,"critics_consensus":"The Naked Gun is chock full of gags that are goofy, unapologetically crass, and ultimately hilarious.","release_dates":{"theater":"1988-12-02","dvd":"2000-08-15"},"ratings":{"critics_rating":"Fresh","critics_score":89,"audience_rating":"Upright","audience_score":84},"synopsis":"","posters":{"thumbnail":"http://content7.flixster.com/movie/10/88/60/10886069_mob.jpg","profile":"http://content7.flixster.com/movie/10/88/60/10886069_pro.jpg","detailed":"http://content7.flixster.com/movie/10/88/60/10886069_det.jpg","original":"http://content7.flixster.com/movie/10/88/60/10886069_ori.jpg"},"abridged_cast":[{"name":"Ed Helms","id":"770691762","characters":["Frank Drebin"]},{"name":"Leslie Nielsen","id":"162662917","characters":["Lt. Frank Drebin"]},{"name":"George Kennedy","id":"162657859","characters":["Capt. Ed Hocken"]},{"name":"Priscilla Presley","id":"162667373","characters":["Jane Spencer"]},{"name":"Ricardo Montalban","id":"162680984","characters":["Vincent Ludwig"]}],"alternate_ids":{"imdb":"0095705"},"links":{"self":"http://api.rottentomatoes.com/api/public/v1.0/movies/10847.json","alternate":"http://www.rottentomatoes.com/m/naked_gun_from_the_files_of_police_squad/","cast":"http://api.rottentomatoes.com/api/public/v1.0/movies/10847/cast.json","clips":"http://api.rottentomatoes.com/api/public/v1.0/movies/10847/clips.json","reviews":"http://api.rottentomatoes.com/api/public/v1.0/movies/10847/reviews.json","similar":"http://api.rottentomatoes.com/api/public/v1.0/movies/10847/similar.json"}},{"id":"19049989","title":"The Second Chance","year":2006,"mpaa_rating":"PG","runtime":102,"release_dates":{"theater":"2006-02-17","dvd":"2006-07-18"},"ratings":{"critics_rating":"Rotten","critics_score":40,"audience_rating":"Upright","audience_score":78},"synopsis":"","posters":{"thumbnail":"http://content8.flixster.com/movie/55/36/72/5536726_mob.jpg","profile":"http://content8.flixster.com/movie/55/36/72/5536726_pro.jpg","detailed":"http://content8.flixster.com/movie/55/36/72/5536726_det.jpg","original":"http://content8.flixster.com/movie/55/36/72/5536726_ori.jpg"},"abridged_cast":[{"name":"Michael W. Smith","id":"364652754","characters":["Ethan Jenkins"]},{"name":"Jeff Obafemi Carr","id":"770745928","characters":["Jake Sanders"]},{"name":"J. Don Ferguson","id":"364652755","characters":["Jeremiah Jenkins"]},{"name":"Lisa Arrindell Anderson","id":"162750791","characters":["Amanda Sanders"]},{"name":"David Alford","id":"770670648","characters":["Parker Richards"]}],"alternate_ids":{"imdb":"0429068"},"links":{"self":"http://api.rottentomatoes.com/api/public/v1.0/movies/19049989.json","alternate":"http://www.rottentomatoes.com/m/10006007-the_second_chance/","cast":"http://api.rottentomatoes.com/api/public/v1.0/movies/19049989/cast.json","clips":"http://api.rottentomatoes.com/api/public/v1.0/movies/19049989/clips.json","reviews":"http://api.rottentomatoes.com/api/public/v1.0/movies/19049989/reviews.json","similar":"http://api.rottentomatoes.com/api/public/v1.0/movies/19049989/similar.json"}},{"id":"771224090","title":"The Cold Light of Day","year":2012,"mpaa_rating":"PG-13","runtime":93,"release_dates":{"theater":"2012-09-07","dvd":"2013-01-29"},"ratings":{"critics_rating":"Rotten","critics_score":5,"audience_rating":"Spilled","audience_score":29},"synopsis":"Will Shaw (Henry Cavill) goes to Spain for a weeklong sailing vacation with his family but his whole world turns upside down when the family is kidnapped by intelligence agents hell-bent on recovering a mysterious briefcase and Will suddenly finds himself on the run. -- (C) Summit Entertainment","posters":{"thumbnail":"http://content8.flixster.com/movie/11/17/32/11173210_mob.jpg","profile":"http://content8.flixster.com/movie/11/17/32/11173210_pro.jpg","detailed":"http://content8.flixster.com/movie/11/17/32/11173210_det.jpg","original":"http://content8.flixster.com/movie/11/17/32/11173210_ori.jpg"},"abridged_cast":[{"name":"Henry Cavill","id":"341817917","characters":["Will","Will Shaw"]},{"name":"Bruce Willis","id":"162652509","characters":["Martin","Martin Shaw"]},{"name":"Sigourney Weaver","id":"162660903","characters":["Carrack","Jean Carrack"]},{"name":"Veronica Echegui","id":"428980978","characters":["Lucia"]},{"name":"Roschdy Zem","id":"326297712","characters":["Zahir"]}],"alternate_ids":{"imdb":"1366365"},"links":{"self":"http://api.rottentomatoes.com/api/public/v1.0/movies/771224090.json","alternate":"http://www.rottentomatoes.com/m/the_cold_light_of_day/","cast":"http://api.rottentomatoes.com/api/public/v1.0/movies/771224090/cast.json","clips":"http://api.rottentomatoes.com/api/public/v1.0/movies/771224090/clips.json","reviews":"http://api.rottentomatoes.com/api/public/v1.0/movies/771224090/reviews.json","similar":"http://api.rottentomatoes.com/api/public/v1.0/movies/771224090/similar.json"}},{"id":"12161","title":"The Abyss","year":1989,"mpaa_rating":"PG-13","runtime":140,"critics_consensus":"The utterly gorgeous special effects frequently overshadow the fact that The Abyss is also a totally gripping, claustrophobic thriller, complete with an interesting crew of characters.","release_dates":{"theater":"1989-08-09","dvd":"2000-11-07"},"ratings":{"critics_rating":"Certified Fresh","critics_score":88,"audience_rating":"Upright","audience_score":83},"synopsis":"","posters":{"thumbnail":"http://content6.flixster.com/movie/11/16/48/11164848_mob.jpg","profile":"http://content6.flixster.com/movie/11/16/48/11164848_pro.jpg","detailed":"http://content6.flixster.com/movie/11/16/48/11164848_det.jpg","original":"http://content6.flixster.com/movie/11/16/48/11164848_ori.jpg"},"abridged_cast":[{"name":"Ed Harris","id":"162654543","characters":["Bud Brigman"]},{"name":"Mary Elizabeth Mastrantonio","id":"162662591","characters":["Lindsey Brigman"]},{"name":"Michael Biehn","id":"162681092","characters":["Lt. Coffey"]},{"name":"Leo Burmeister","id":"770923957","characters":["Catfish De Vries"]},{"name":"Todd Graff","id":"162665334","characters":["Alan \"Hippy\" Carnes"]}],"alternate_ids":{"imdb":"0096754"},"links":{"self":"http://api.rottentomatoes.com/api/public/v1.0/movies/12161.json","alternate":"http://www.rottentomatoes.com/m/abyss/","cast":"http://api.rottentomatoes.com/api/public/v1.0/movies/12161/cast.json","clips":"http://api.rottentomatoes.com/api/public/v1.0/movies/12161/clips.json","reviews":"http://api.rottentomatoes.com/api/public/v1.0/movies/12161/reviews.json","similar":"http://api.rottentomatoes.com/api/public/v1.0/movies/12161/similar.json"}},{"id":"573372564","title":"The Open Road","year":2009,"mpaa_rating":"PG-13","runtime":91,"release_dates":{"theater":"2009-08-28","dvd":"2009-11-17"},"ratings":{"critics_rating":"Rotten","critics_score":29,"audience_rating":"Spilled","audience_score":25},"synopsis":"","posters":{"thumbnail":"http://content8.flixster.com/movie/11/16/88/11168830_mob.jpg","profile":"http://content8.flixster.com/movie/11/16/88/11168830_pro.jpg","detailed":"http://content8.flixster.com/movie/11/16/88/11168830_det.jpg","original":"http://content8.flixster.com/movie/11/16/88/11168830_ori.jpg"},"abridged_cast":[{"name":"Jeff Bridges","id":"162655890","characters":["Kyle Garrett"]},{"name":"Justin Timberlake","id":"246212645","characters":["Carlton Garrett"]},{"name":"Mary Steenburgen","id":"162663795","characters":["Katherine"]},{"name":"Lyle Lovett","id":"162672146","characters":["Bartender"]},{"name":"Harry Dean Stanton","id":"162685483","characters":["Amon"]}],"alternate_ids":{"imdb":"1007018"},"links":{"self":"http://api.rottentomatoes.com/api/public/v1.0/movies/573372564.json","alternate":"http://www.rottentomatoes.com/m/open_road/","cast":"http://api.rottentomatoes.com/api/public/v1.0/movies/573372564/cast.json","clips":"http://api.rottentomatoes.com/api/public/v1.0/movies/573372564/clips.json","reviews":"http://api.rottentomatoes.com/api/public/v1.0/movies/573372564/reviews.json","similar":"http://api.rottentomatoes.com/api/public/v1.0/movies/573372564/similar.json"}},{"id":"10618","title":"Final Fantasy - The Spirits Within","year":2001,"mpaa_rating":"PG-13","runtime":106,"critics_consensus":"The movie raises the bar for computer animated movies, but the story is dull and emotionally removed.","release_dates":{"theater":"2001-07-11","dvd":"2001-10-23"},"ratings":{"critics_rating":"Rotten","critics_score":44,"audience_rating":"Spilled","audience_score":48},"synopsis":"","posters":{"thumbnail":"http://content6.flixster.com/movie/10/87/74/10877484_mob.jpg","profile":"http://content6.flixster.com/movie/10/87/74/10877484_pro.jpg","detailed":"http://content6.flixster.com/movie/10/87/74/10877484_det.jpg","original":"http://content6.flixster.com/movie/10/87/74/10877484_ori.jpg"},"abridged_cast":[{"name":"Ming-Na Wen","id":"770899602","characters":["Aki Ross"]},{"name":"Alec Baldwin","id":"162656441","characters":["Gray Edwards"]},{"name":"Ving Rhames","id":"162693220","characters":["Ryan Whittaker"]},{"name":"Steve Buscemi","id":"162652875","characters":["Neil Fleming"]},{"name":"Peri Gilpin","id":"577133721","characters":["Jane Proudfoot"]}],"alternate_ids":{"imdb":"0173840"},"links":{"self":"http://api.rottentomatoes.com/api/public/v1.0/movies/10618.json","alternate":"http://www.rottentomatoes.com/m/final_fantasy_the_spirits_within/","cast":"http://api.rottentomatoes.com/api/public/v1.0/movies/10618/cast.json","clips":"http://api.rottentomatoes.com/api/public/v1.0/movies/10618/clips.json","reviews":"http://api.rottentomatoes.com/api/public/v1.0/movies/10618/reviews.json","similar":"http://api.rottentomatoes.com/api/public/v1.0/movies/10618/similar.json"}},{"id":"14652","title":"The Phantom of the Opera","year":1989,"mpaa_rating":"R","runtime":93,"release_dates":{"theater":"1989-06-01","dvd":"2004-12-07"},"ratings":{"critics_rating":"Rotten","critics_score":38,"audience_rating":"Spilled","audience_score":56},"synopsis":"","posters":{"thumbnail":"http://content6.flixster.com/movie/10/43/27/10432732_mob.jpg","profile":"http://content6.flixster.com/movie/10/43/27/10432732_pro.jpg","detailed":"http://content6.flixster.com/movie/10/43/27/10432732_det.jpg","original":"http://content6.flixster.com/movie/10/43/27/10432732_ori.jpg"},"abridged_cast":[{"name":"Robert Englund","id":"162686758","characters":["Eric Destler Phantom"]},{"name":"Jill Schoelen","id":"162710568","characters":["Christine"]},{"name":"Alex Hyde-White","id":"343319183","characters":["Richard"]},{"name":"Bill Nighy","id":"162652300","characters":["Barton"]},{"name":"Stephanie Lawrence","id":"770679235","characters":["Carlotta"]}],"alternate_ids":{"imdb":"0098090"},"links":{"self":"http://api.rottentomatoes.com/api/public/v1.0/movies/14652.json","alternate":"http://www.rottentomatoes.com/m/1016239-phantom_of_the_opera/","cast":"http://api.rottentomatoes.com/api/public/v1.0/movies/14652/cast.json","clips":"http://api.rottentomatoes.com/api/public/v1.0/movies/14652/clips.json","reviews":"http://api.rottentomatoes.com/api/public/v1.0/movies/14652/reviews.json","similar":"http://api.rottentomatoes.com/api/public/v1.0/movies/14652/similar.json"}},{"id":"10165","title":"Empire of the Sun","year":1987,"mpaa_rating":"PG","runtime":153,"release_dates":{"theater":"1987-12-09","dvd":"2001-11-06"},"ratings":{"critics_rating":"Fresh","critics_score":82,"audience_rating":"Upright","audience_score":90},"synopsis":"","posters":{"thumbnail":"http://content7.flixster.com/movie/11/17/04/11170425_mob.jpg","profile":"http://content7.flixster.com/movie/11/17/04/11170425_pro.jpg","detailed":"http://content7.flixster.com/movie/11/17/04/11170425_det.jpg","original":"http://content7.flixster.com/movie/11/17/04/11170425_ori.jpg"},"abridged_cast":[{"name":"Christian Bale","id":"162652645","characters":["Jim Graham"]},{"name":"John Malkovich","id":"162655610","characters":["Basie"]},{"name":"Miranda Richardson","id":"162657484","characters":["Mrs. Victor"]},{"name":"Nigel Havers","id":"162682145","characters":["Dr. Rawlins"]},{"name":"Joe Pantoliano","id":"162686963","characters":["Frank Demerest"]}],"alternate_ids":{"imdb":"0092965"},"links":{"self":"http://api.rottentomatoes.com/api/public/v1.0/movies/10165.json","alternate":"http://www.rottentomatoes.com/m/empire_of_the_sun/","cast":"http://api.rottentomatoes.com/api/public/v1.0/movies/10165/cast.json","clips":"http://api.rottentomatoes.com/api/public/v1.0/movies/10165/clips.json","reviews":"http://api.rottentomatoes.com/api/public/v1.0/movies/10165/reviews.json","similar":"http://api.rottentomatoes.com/api/public/v1.0/movies/10165/similar.json"}},{"id":"770785615","title":"Futurama: Into the Wild Green Yonder","year":2009,"mpaa_rating":"Unrated","runtime":88,"release_dates":{"theater":"2009-04-01","dvd":"2009-04-01"},"ratings":{"critics_score":-1,"audience_rating":"Upright","audience_score":67},"synopsis":"","posters":{"thumbnail":"http://content8.flixster.com/movie/11/15/31/11153118_mob.jpg","profile":"http://content8.flixster.com/movie/11/15/31/11153118_pro.jpg","detailed":"http://content8.flixster.com/movie/11/15/31/11153118_det.jpg","original":"http://content8.flixster.com/movie/11/15/31/11153118_ori.jpg"},"abridged_cast":[{"name":"Lauren Tom","id":"364654931"},{"name":"Katey Sagal","id":"362101079"},{"name":"Phil LaMarr","id":"364649363"},{"name":"Snoop Dogg","id":"162661723"},{"name":"Frank Welker","id":"292632068"}],"alternate_ids":{"imdb":"1054487"},"links":{"self":"http://api.rottentomatoes.com/api/public/v1.0/movies/770785615.json","alternate":"http://www.rottentomatoes.com/m/futurama-into-the-wild-green-yonder/","cast":"http://api.rottentomatoes.com/api/public/v1.0/movies/770785615/cast.json","clips":"http://api.rottentomatoes.com/api/public/v1.0/movies/770785615/clips.json","reviews":"http://api.rottentomatoes.com/api/public/v1.0/movies/770785615/reviews.json","similar":"http://api.rottentomatoes.com/api/public/v1.0/movies/770785615/similar.json"}},{"id":"9775","title":"Beauty and the Beast","year":1992,"mpaa_rating":"G","runtime":68,"release_dates":{"dvd":"2002-08-06"},"ratings":{"critics_score":-1,"audience_rating":"Upright","audience_score":65},"synopsis":"","posters":{"thumbnail":"http://content9.flixster.com/movie/10/92/78/10927815_mob.jpg","profile":"http://content9.flixster.com/movie/10/92/78/10927815_pro.jpg","detailed":"http://content9.flixster.com/movie/10/92/78/10927815_det.jpg","original":"http://content9.flixster.com/movie/10/92/78/10927815_ori.jpg"},"abridged_cast":[{"name":"Christopher Lee","id":"162652385"},{"name":"Jason Connery","id":"358061608"},{"name":"Kate O'Mara","id":"401179959"},{"name":"Kellie Bright","id":"377006640"},{"name":"Michael Hordern","id":"433542505"}],"alternate_ids":{"imdb":"0475518"},"links":{"self":"http://api.rottentomatoes.com/api/public/v1.0/movies/9775.json","alternate":"http://www.rottentomatoes.com/m/1216009-beauty_and_the_beast/","cast":"http://api.rottentomatoes.com/api/public/v1.0/movies/9775/cast.json","clips":"http://api.rottentomatoes.com/api/public/v1.0/movies/9775/clips.json","reviews":"http://api.rottentomatoes.com/api/public/v1.0/movies/9775/reviews.json","similar":"http://api.rottentomatoes.com/api/public/v1.0/movies/9775/similar.json"}},{"id":"770805591","title":"Into the Blue 2: The Reef","year":2009,"mpaa_rating":"Unrated","runtime":92,"release_dates":{"theater":"2009-04-21","dvd":"2009-04-21"},"ratings":{"critics_rating":"Rotten","critics_score":20,"audience_rating":"Spilled","audience_score":19},"synopsis":"","posters":{"thumbnail":"http://content9.flixster.com/movie/10/87/35/10873559_mob.jpg","profile":"http://content9.flixster.com/movie/10/87/35/10873559_pro.jpg","detailed":"http://content9.flixster.com/movie/10/87/35/10873559_det.jpg","original":"http://content9.flixster.com/movie/10/87/35/10873559_ori.jpg"},"abridged_cast":[{"name":"Chris Carmack","id":"364662526","characters":["Sebastian"]},{"name":"Laura Vandervoort","id":"690818753","characters":["Dani"]},{"name":"Marsha Thomason","id":"162668973","characters":["Azra"]},{"name":"David Anders","id":"533321536","characters":["Carlton"]},{"name":"Audrina Patridge","id":"770791729"}],"alternate_ids":{"imdb":"0865907"},"links":{"self":"http://api.rottentomatoes.com/api/public/v1.0/movies/770805591.json","alternate":"http://www.rottentomatoes.com/m/into_the_blue_2_the_reef/","cast":"http://api.rottentomatoes.com/api/public/v1.0/movies/770805591/cast.json","clips":"http://api.rottentomatoes.com/api/public/v1.0/movies/770805591/clips.json","reviews":"http://api.rottentomatoes.com/api/public/v1.0/movies/770805591/reviews.json","similar":"http://api.rottentomatoes.com/api/public/v1.0/movies/770805591/similar.json"}}],"links":{"self":"http://api.rottentomatoes.com/api/public/v1.0/movies.json?q=the&page_limit=50&page=18","next":"http://api.rottentomatoes.com/api/public/v1.0/movies.json?q=the&page_limit=50&page=19","prev":"http://api.rottentomatoes.com/api/public/v1.0/movies.json?q=the&page_limit=50&page=17"},"link_template":"http://api.rottentomatoes.com/api/public/v1.0/movies.json?q={search-term}&page_limit={results-per-page}&page={page-number}"}