


{"total":52495,"movies":[{"id":"13522","title":"The Gift","year":2000,"mpaa_rating":"R","runtime":112,"critics_consensus":"With a reported budget of around 10 million, The Gift is obviously a labor of love for those involved. Unfortunately, the A-list cast can't prevent the movie from becoming a by-the-numbers whodunit with an ending that's all but unsatisfactory.","release_dates":{"theater":"2000-12-20","dvd":"2001-11-06"},"ratings":{"critics_rating":"Rotten","critics_score":57,"audience_rating":"Spilled","audience_score":56},"synopsis":"","posters":{"thumbnail":"http://content9.flixster.com/movie/27/01/270195_mob.jpg","profile":"http://content9.flixster.com/movie/27/01/270195_pro.jpg","detailed":"http://content9.flixster.com/movie/27/01/270195_det.jpg","original":"http://content9.flixster.com/movie/27/01/270195_ori.jpg"},"abridged_cast":[{"name":"Cate Blanchett","id":"162659162","characters":["Annie Wilson"]},{"name":"Giovanni Ribisi","id":"162655082","characters":["Buddy Cole"]},{"name":"Keanu Reeves","id":"162654049","characters":["Donnie Barksdale"]},{"name":"Katie Holmes","id":"162652648","characters":["Jessica King"]},{"name":"Greg Kinnear","id":"162652891","characters":["Wayne Collins"]}],"alternate_ids":{"imdb":"0219699"},"links":{"self":"http://api.rottentomatoes.com/api/public/v1.0/movies/13522.json","alternate":"http://www.rottentomatoes.com/m/1103231-gift/","cast":"http://api.rottentomatoes.com/api/public/v1.0/movies/13522/cast.json","clips":"http://api.rottentomatoes.com/api/public/v1.0/movies/13522/clips.json","reviews":"http://api.rottentomatoes.com/api/public/v1.0/movies/13522/reviews.json","similar":"http://api.rottentomatoes.com/api/public/v1.0/movies/13522/similar.json"}},{"id":"771249985","title":"The Awakening","year":2012,"mpaa_rating":"R","runtime":107,"release_dates":{"theater":"2012-08-17","dvd":"2013-01-29"},"ratings":{"critics_rating":"Fresh","critics_score":61,"audience_rating":"Spilled","audience_score":51},"synopsis":"Set in London in 1921, Florence Cathcart (Rebecca Hall), author of the popular book \"Seeing Through Ghosts,\" has devoted her career to exposing claims of the supernatural as nothing but hoaxes. Haunted by the recent death of her fiance, she is approached by Robert Mallory (Dominic West) to investigate the recent death of a student at the all-boys boarding school where he teaches. When students at the school report sightings of the young boy's ghost, she decides to take on the case. Initially, the mystery surrounding the ghost appears nothing more than a schoolboy prank, but as Florence continues to investigate events at the school, she begins to believe that her reliance on science may not be enough to explain the strange phenomenon going on around her. -- (C) Cohen Media Group","posters":{"thumbnail":"http://content7.flixster.com/movie/11/16/58/11165805_mob.jpg","profile":"http://content7.flixster.com/movie/11/16/58/11165805_pro.jpg","detailed":"http://content7.flixster.com/movie/11/16/58/11165805_det.jpg","original":"http://content7.flixster.com/movie/11/16/58/11165805_ori.jpg"},"abridged_cast":[{"name":"Rebecca Hall","id":"355028248","characters":["Florence Cathcart"]},{"name":"Dominic West","id":"162662802","characters":["Robert Mallory"]},{"name":"Imelda Staunton","id":"162693364","characters":["Maud Hill"]},{"name":"Hempstead Wright","id":"771384403","characters":["Tom"]},{"name":"Shaun Dooley","id":"770729459","characters":["Malcolm McNair"]}],"alternate_ids":{"imdb":"1687901"},"links":{"self":"http://api.rottentomatoes.com/api/public/v1.0/movies/771249985.json","alternate":"http://www.rottentomatoes.com/m/the_awakening_2011/","cast":"http://api.rottentomatoes.com/api/public/v1.0/movies/771249985/cast.json","clips":"http://api.rottentomatoes.com/api/public/v1.0/movies/771249985/clips.json","reviews":"http://api.rottentomatoes.com/api/public/v1.0/movies/771249985/reviews.json","similar":"http://api.rottentomatoes.com/api/public/v1.0/movies/771249985/similar.json"}},{"id":"10380","title":"Angels in the Outfield","year":1994,"mpaa_rating":"PG","runtime":102,"release_dates":{"theater":"1994-07-15","dvd":"2002-04-23"},"ratings":{"critics_rating":"Rotten","critics_score":35,"audience_rating":"Spilled","audience_score":49},"synopsis":"","posters":{"thumbnail":"http://content9.flixster.com/movie/25/54/255427_mob.jpg","profile":"http://content9.flixster.com/movie/25/54/255427_pro.jpg","detailed":"http://content9.flixster.com/movie/25/54/255427_det.jpg","original":"http://content9.flixster.com/movie/25/54/255427_ori.jpg"},"abridged_cast":[{"name":"Danny Glover","id":"162660485","characters":["George Knox"]},{"name":"Tony Danza","id":"162662627","characters":["Mel Clark"]},{"name":"Brenda Fricker","id":"162662626","characters":["Maggie Nelson"]},{"name":"Christopher Lloyd","id":"162657089","characters":["Al the Angel"]},{"name":"Ben Johnson","id":"162667363","characters":["Hank Murphy"]}],"alternate_ids":{"imdb":"0109127"},"links":{"self":"http://api.rottentomatoes.com/api/public/v1.0/movies/10380.json","alternate":"http://www.rottentomatoes.com/m/1055833-angels_in_the_outfield/","cast":"http://api.rottentomatoes.com/api/public/v1.0/movies/10380/cast.json","clips":"http://api.rottentomatoes.com/api/public/v1.0/movies/10380/clips.json","reviews":"http://api.rottentomatoes.com/api/public/v1.0/movies/10380/reviews.json","similar":"http://api.rottentomatoes.com/api/public/v1.0/movies/10380/similar.json"}},{"id":"770671516","title":"Things We Lost in the Fire","year":2007,"mpaa_rating":"R","runtime":118,"critics_consensus":"Things We Lost in the Fire is a well-acted, beautifully filmed reflection on love, loss, addiction and recovery from life's obstacles.","release_dates":{"theater":"2007-10-19","dvd":"2008-02-13"},"ratings":{"critics_rating":"Fresh","critics_score":64,"audience_rating":"Upright","audience_score":73},"synopsis":"","posters":{"thumbnail":"http://content7.flixster.com/movie/93/52/34/9352349_mob.jpg","profile":"http://content7.flixster.com/movie/93/52/34/9352349_pro.jpg","detailed":"http://content7.flixster.com/movie/93/52/34/9352349_det.jpg","original":"http://content7.flixster.com/movie/93/52/34/9352349_ori.jpg"},"abridged_cast":[{"name":"Benicio Del Toro","id":"162652510","characters":["Jerry Sunborne"]},{"name":"David Duchovny","id":"162661591","characters":["Steve Burke"]},{"name":"Alison Lohman","id":"162654660","characters":["Kelly"]},{"name":"Omar Benson Miller","id":"770673225","characters":["Neal"]},{"name":"John Carroll Lynch","id":"427815655","characters":["Howard Glassman"]}],"alternate_ids":{"imdb":"0469623"},"links":{"self":"http://api.rottentomatoes.com/api/public/v1.0/movies/770671516.json","alternate":"http://www.rottentomatoes.com/m/things_we_lost_in_the_fire/","cast":"http://api.rottentomatoes.com/api/public/v1.0/movies/770671516/cast.json","clips":"http://api.rottentomatoes.com/api/public/v1.0/movies/770671516/clips.json","reviews":"http://api.rottentomatoes.com/api/public/v1.0/movies/770671516/reviews.json","similar":"http://api.rottentomatoes.com/api/public/v1.0/movies/770671516/similar.json"}},{"id":"771315180","title":"The Gatekeepers","year":2013,"mpaa_rating":"PG-13","runtime":101,"critics_consensus":"Strikingly stark, brutally honest, and rivetingly assembled, The Gatekeepers offers essential perspective on a seemingly intractable war from some of the men who fought it.","release_dates":{"theater":"2013-02-01","dvd":"2013-07-09"},"ratings":{"critics_rating":"Certified Fresh","critics_score":93,"audience_rating":"Upright","audience_score":79},"synopsis":"Charged with overseeing Israel's war on terror-both Palestinian and Jewish- the head of the Shin Bet, Israel's secret service is present at the crossroad of every decision made. For the first time ever six former heads of the agency agreed to share their insights and reflect publicly on their actions and decisions. The Gatekeepers offers an exclusive account of the sum of their success and failures. It validates the reasons that each man individually and the six as a group came to reconsider their hard-line positions and advocate a conciliatory approach toward their enemies based on a two-state solution. (c) Sony Classics","posters":{"thumbnail":"http://content9.flixster.com/movie/11/16/85/11168531_mob.jpg","profile":"http://content9.flixster.com/movie/11/16/85/11168531_pro.jpg","detailed":"http://content9.flixster.com/movie/11/16/85/11168531_det.jpg","original":"http://content9.flixster.com/movie/11/16/85/11168531_ori.jpg"},"abridged_cast":[{"name":"Ami Ayalon","id":"771420679","characters":["Ami Ayalon"]},{"name":"Avi Dichter","id":"771420680","characters":["Avi Dichter"]},{"name":"Yuval Diskin","id":"771420681","characters":["Yuval Diskin"]},{"name":"Carmi Gillon","id":"771420682","characters":["Carmi Gillon"]},{"name":"Yaakov Peri","id":"771420683","characters":["Yaakov Peri"]}],"alternate_ids":{"imdb":"2309788"},"links":{"self":"http://api.rottentomatoes.com/api/public/v1.0/movies/771315180.json","alternate":"http://www.rottentomatoes.com/m/the_gatekeepers_2012/","cast":"http://api.rottentomatoes.com/api/public/v1.0/movies/771315180/cast.json","clips":"http://api.rottentomatoes.com/api/public/v1.0/movies/771315180/clips.json","reviews":"http://api.rottentomatoes.com/api/public/v1.0/movies/771315180/reviews.json","similar":"http://api.rottentomatoes.com/api/public/v1.0/movies/771315180/similar.json"}},{"id":"11175","title":"The Bridge on the River Kwai","year":1957,"mpaa_rating":"PG","runtime":161,"critics_consensus":"This complex war epic asks hard questions, resists easy answers, and boasts career-defining work from star Alec Guinness and director David Lean.","release_dates":{"theater":"1957-10-02","dvd":"2000-11-21"},"ratings":{"critics_rating":"Certified Fresh","critics_score":94,"audience_rating":"Upright","audience_score":94},"synopsis":"","posters":{"thumbnail":"http://content7.flixster.com/movie/10/92/73/10927333_mob.jpg","profile":"http://content7.flixster.com/movie/10/92/73/10927333_pro.jpg","detailed":"http://content7.flixster.com/movie/10/92/73/10927333_det.jpg","original":"http://content7.flixster.com/movie/10/92/73/10927333_ori.jpg"},"abridged_cast":[{"name":"William Holden","id":"162665895","characters":["Shears"]},{"name":"Alec Guinness","id":"162655900","characters":["Col. Nicholson"]},{"name":"Jack Hawkins","id":"326393658","characters":["Maj. Warden"]},{"name":"Sessue Hayakawa","id":"351525212","characters":["Col. Saito"]},{"name":"Geoffrey Horne","id":"770689378","characters":["Lieutenant Joyce"]}],"alternate_ids":{"imdb":"0050212"},"links":{"self":"http://api.rottentomatoes.com/api/public/v1.0/movies/11175.json","alternate":"http://www.rottentomatoes.com/m/bridge_on_the_river_kwai/","cast":"http://api.rottentomatoes.com/api/public/v1.0/movies/11175/cast.json","clips":"http://api.rottentomatoes.com/api/public/v1.0/movies/11175/clips.json","reviews":"http://api.rottentomatoes.com/api/public/v1.0/movies/11175/reviews.json","similar":"http://api.rottentomatoes.com/api/public/v1.0/movies/11175/similar.json"}},{"id":"770812585","title":"The Girl Who Played with Fire (Flickan som lekte med elden)","year":2009,"mpaa_rating":"R","runtime":130,"critics_consensus":"Noomi Rapace and Michael Nyqvist remain extraordinarily well-suited to their roles, but the second installment in Stieg Larsson's Millennium Trilogy doesn't pack quite as much punch as the first.","release_dates":{"theater":"2010-07-09","dvd":"2010-10-26"},"ratings":{"critics_rating":"Fresh","critics_score":69,"audience_rating":"Upright","audience_score":68},"synopsis":"","posters":{"thumbnail":"http://content6.flixster.com/movie/11/14/92/11149220_mob.jpg","profile":"http://content6.flixster.com/movie/11/14/92/11149220_pro.jpg","detailed":"http://content6.flixster.com/movie/11/14/92/11149220_det.jpg","original":"http://content6.flixster.com/movie/11/14/92/11149220_ori.jpg"},"abridged_cast":[{"name":"Noomi Rapace","id":"770821073","characters":["Lisbeth Salander"]},{"name":"Michael Nyqvist","id":"291428358","characters":["Mikael Blomkvist"]},{"name":"Annika Hallin","id":"573775430","characters":["Annika Giannini"]},{"name":"Per Oscarsson","id":"162708680","characters":["Holger Palmgren"]},{"name":"Lena Endre","id":"162713582","characters":["Erika Berger"]}],"alternate_ids":{"imdb":"1216487"},"links":{"self":"http://api.rottentomatoes.com/api/public/v1.0/movies/770812585.json","alternate":"http://www.rottentomatoes.com/m/girl_who_played_with_fire/","cast":"http://api.rottentomatoes.com/api/public/v1.0/movies/770812585/cast.json","clips":"http://api.rottentomatoes.com/api/public/v1.0/movies/770812585/clips.json","reviews":"http://api.rottentomatoes.com/api/public/v1.0/movies/770812585/reviews.json","similar":"http://api.rottentomatoes.com/api/public/v1.0/movies/770812585/similar.json"}},{"id":"9449","title":"The Little Mermaid II - Return to the Sea","year":2000,"mpaa_rating":"G","runtime":75,"release_dates":{"theater":"2000-09-19","dvd":"2000-09-19"},"ratings":{"critics_rating":"Rotten","critics_score":33,"audience_rating":"Spilled","audience_score":45},"synopsis":"","posters":{"thumbnail":"http://content6.flixster.com/movie/25/10/251020_mob.jpg","profile":"http://content6.flixster.com/movie/25/10/251020_pro.jpg","detailed":"http://content6.flixster.com/movie/25/10/251020_det.jpg","original":"http://content6.flixster.com/movie/25/10/251020_ori.jpg"},"abridged_cast":[{"name":"Jodi Benson","id":"162655648","characters":["Ariel"]},{"name":"Sam E. Wright","id":"770728087","characters":["Sebastian"]},{"name":"Tara Charendoff","id":"770710085","characters":["Melody"]},{"name":"Pat Carroll","id":"162656147","characters":["Morgana"]},{"name":"Buddy Hackett","id":"382673822","characters":["Scuttle"]}],"alternate_ids":{"imdb":"0240684"},"links":{"self":"http://api.rottentomatoes.com/api/public/v1.0/movies/9449.json","alternate":"http://www.rottentomatoes.com/m/little_mermaid_ii_the_return_to_the_sea/","cast":"http://api.rottentomatoes.com/api/public/v1.0/movies/9449/cast.json","clips":"http://api.rottentomatoes.com/api/public/v1.0/movies/9449/clips.json","reviews":"http://api.rottentomatoes.com/api/public/v1.0/movies/9449/reviews.json","similar":"http://api.rottentomatoes.com/api/public/v1.0/movies/9449/similar.json"}},{"id":"770813935","title":"St Trinian's II: The Legend of Fritton's Gold","year":2009,"mpaa_rating":"Unrated","runtime":106,"release_dates":{"theater":"2009-12-31","dvd":"2014-02-10"},"ratings":{"critics_rating":"Rotten","critics_score":10,"audience_rating":"Spilled","audience_score":45},"synopsis":"","posters":{"thumbnail":"http://content7.flixster.com/movie/10/92/83/10928397_mob.jpg","profile":"http://content7.flixster.com/movie/10/92/83/10928397_pro.jpg","detailed":"http://content7.flixster.com/movie/10/92/83/10928397_det.jpg","original":"http://content7.flixster.com/movie/10/92/83/10928397_ori.jpg"},"abridged_cast":[{"name":"Rupert Everett","id":"162653375","characters":["Camilla Fritton"]},{"name":"Colin Firth","id":"162654659","characters":["Geoffrey Waites"]},{"name":"Sarah Harding","id":"770675176","characters":["Roxy"]},{"name":"Celia Imrie","id":"326392548","characters":["Matron of St. Trinian's"]},{"name":"Toby Jones","id":"326393436","characters":["Bursar"]}],"alternate_ids":{"imdb":"1210106"},"links":{"self":"http://api.rottentomatoes.com/api/public/v1.0/movies/770813935.json","alternate":"http://www.rottentomatoes.com/m/st_trinians_ii_the_legend_of_frittons_gold/","cast":"http://api.rottentomatoes.com/api/public/v1.0/movies/770813935/cast.json","clips":"http://api.rottentomatoes.com/api/public/v1.0/movies/770813935/clips.json","reviews":"http://api.rottentomatoes.com/api/public/v1.0/movies/770813935/reviews.json","similar":"http://api.rottentomatoes.com/api/public/v1.0/movies/770813935/similar.json"}},{"id":"10096","title":"Butch Cassidy and the Sundance Kid","year":1969,"mpaa_rating":"PG","runtime":110,"critics_consensus":"With its iconic pairing of Paul Newman and Robert Redford, jaunty screenplay and Burt Bacharach score, Butch Cassidy and the Sundance Kid has gone down as among the defining moments in late-'60s American cinema.","release_dates":{"theater":"1969-10-24","dvd":"2000-05-16"},"ratings":{"critics_rating":"Certified Fresh","critics_score":89,"audience_rating":"Upright","audience_score":93},"synopsis":"","posters":{"thumbnail":"http://content7.flixster.com/movie/11/16/49/11164965_mob.jpg","profile":"http://content7.flixster.com/movie/11/16/49/11164965_pro.jpg","detailed":"http://content7.flixster.com/movie/11/16/49/11164965_det.jpg","original":"http://content7.flixster.com/movie/11/16/49/11164965_ori.jpg"},"abridged_cast":[{"name":"Paul Newman","id":"162660114","characters":["Butch Cassidy"]},{"name":"Robert Redford","id":"162653875","characters":["The Sundance Kid"]},{"name":"Katharine Ross","id":"162656288","characters":["Etta Place"]},{"name":"Strother Martin","id":"364597416","characters":["Percy Garris"]},{"name":"Henry Jones","id":"405587195","characters":["Bike Salesman"]}],"alternate_ids":{"imdb":"0064115"},"links":{"self":"http://api.rottentomatoes.com/api/public/v1.0/movies/10096.json","alternate":"http://www.rottentomatoes.com/m/1003318-butch_cassidy_and_the_sundance_kid/","cast":"http://api.rottentomatoes.com/api/public/v1.0/movies/10096/cast.json","clips":"http://api.rottentomatoes.com/api/public/v1.0/movies/10096/clips.json","reviews":"http://api.rottentomatoes.com/api/public/v1.0/movies/10096/reviews.json","similar":"http://api.rottentomatoes.com/api/public/v1.0/movies/10096/similar.json"}},{"id":"171887177","title":"The Prince and Me 2","year":2005,"mpaa_rating":"PG","runtime":96,"release_dates":{"theater":"2005-02-01","dvd":"2006-02-21"},"ratings":{"critics_score":-1,"audience_rating":"Spilled","audience_score":30},"synopsis":"","posters":{"thumbnail":"http://content6.flixster.com/movie/71/76/717644_mob.jpg","profile":"http://content6.flixster.com/movie/71/76/717644_pro.jpg","detailed":"http://content6.flixster.com/movie/71/76/717644_det.jpg","original":"http://content6.flixster.com/movie/71/76/717644_ori.jpg"},"abridged_cast":[{"name":"Luke Mably","id":"162665882","characters":["Edvard"]},{"name":"Kam Heskin","id":"162654148","characters":["Paige"]},{"name":"Clemency Burton-Hill","id":"171887179"},{"name":"Maryam d'Abo","id":"162669782"},{"name":"Jim Holt","id":"171887182"}],"links":{"self":"http://api.rottentomatoes.com/api/public/v1.0/movies/171887177.json","alternate":"http://www.rottentomatoes.com/m/the-prince-and-me-2/","cast":"http://api.rottentomatoes.com/api/public/v1.0/movies/171887177/cast.json","clips":"http://api.rottentomatoes.com/api/public/v1.0/movies/171887177/clips.json","reviews":"http://api.rottentomatoes.com/api/public/v1.0/movies/171887177/reviews.json","similar":"http://api.rottentomatoes.com/api/public/v1.0/movies/171887177/similar.json"}},{"id":"771036679","title":"Spy Kids: All the Time in the World in 4D","year":2011,"mpaa_rating":"PG","runtime":89,"critics_consensus":"Burdened by a rote plot and unfunny scatological humor, All the Time in the World suggests that the Spy Kids franchise has run its course.","release_dates":{"theater":"2011-08-19","dvd":"2011-11-22"},"ratings":{"critics_rating":"Rotten","critics_score":22,"audience_rating":"Spilled","audience_score":39},"synopsis":"On the surface, Marissa Cortez Wilson (Jessica Alba) has it all...married to a famous spy hunting television reporter, a new baby and intelligent twin step kids. But in reality, trying to mother Rebecca (Rowan Blanchard) and Cecil (Mason Cook), who clearly don't want her around, is her toughest challenge yet. Also, her husband, Wilbur (Joel McHale), wouldn't know a spy if he lived with one which is exactly the case - Marissa's a retired secret agent. Marissa's world is turned upside down when the maniacal Timekeeper (Jeremy Piven) threatens to take over the planet and she's called back into action by the head of OSS, home of the greatest spies and where the now-defunct Spy Kids division was created. With a little help from a couple of very familiar Spy Kids, Carmen (Alexa Vega) and Juni Cortez (Daryl Sabara), they just may be able to save the world and possibly bring their family together while they're at it. -- (C) Weinstein","posters":{"thumbnail":"http://content6.flixster.com/movie/11/17/65/11176504_mob.jpg","profile":"http://content6.flixster.com/movie/11/17/65/11176504_pro.jpg","detailed":"http://content6.flixster.com/movie/11/17/65/11176504_det.jpg","original":"http://content6.flixster.com/movie/11/17/65/11176504_ori.jpg"},"abridged_cast":[{"name":"Jessica Alba","id":"162652782","characters":["Marissa Cortez Wilson","Marissa Wilson"]},{"name":"Joel McHale","id":"770792384","characters":["Wilbur","Wilbur Wilson"]},{"name":"Jeremy Piven","id":"162654464","characters":["Danger D'Amo/Tick Tock/Time Keeper","The Timekeeper"]},{"name":"Alexa Vega","id":"162662385","characters":["Carmen Cortez"]},{"name":"Daryl Sabara","id":"162662386","characters":["Juni Cortez"]}],"alternate_ids":{"imdb":"1517489"},"links":{"self":"http://api.rottentomatoes.com/api/public/v1.0/movies/771036679.json","alternate":"http://www.rottentomatoes.com/m/spy_kids_all_the_time_in_the_world_in_4d/","cast":"http://api.rottentomatoes.com/api/public/v1.0/movies/771036679/cast.json","clips":"http://api.rottentomatoes.com/api/public/v1.0/movies/771036679/clips.json","reviews":"http://api.rottentomatoes.com/api/public/v1.0/movies/771036679/reviews.json","similar":"http://api.rottentomatoes.com/api/public/v1.0/movies/771036679/similar.json"}},{"id":"9962","title":"The Great Dictator","year":1940,"mpaa_rating":"G","runtime":126,"release_dates":{"theater":"1940-01-01","dvd":"2010-05-10"},"ratings":{"critics_rating":"Fresh","critics_score":92,"audience_rating":"Upright","audience_score":95},"synopsis":"","posters":{"thumbnail":"http://content7.flixster.com/movie/11/16/94/11169497_mob.jpg","profile":"http://content7.flixster.com/movie/11/16/94/11169497_pro.jpg","detailed":"http://content7.flixster.com/movie/11/16/94/11169497_det.jpg","original":"http://content7.flixster.com/movie/11/16/94/11169497_ori.jpg"},"abridged_cast":[{"name":"Charles Chaplin","id":"162658442","characters":["Adenoid Hynkel Dictator of Tomania","Jewish Barber"]},{"name":"Paulette Goddard","id":"162658761","characters":["Hannah"]},{"name":"Jack Oakie","id":"563563099","characters":["Benzino Napaloni"]},{"name":"Reginald Gardiner","id":"405587449","characters":["Schultz"]},{"name":"Henry Daniell","id":"364623119","characters":["Garbitsch"]}],"alternate_ids":{"imdb":"0032553"},"links":{"self":"http://api.rottentomatoes.com/api/public/v1.0/movies/9962.json","alternate":"http://www.rottentomatoes.com/m/great_dictator/","cast":"http://api.rottentomatoes.com/api/public/v1.0/movies/9962/cast.json","clips":"http://api.rottentomatoes.com/api/public/v1.0/movies/9962/clips.json","reviews":"http://api.rottentomatoes.com/api/public/v1.0/movies/9962/reviews.json","similar":"http://api.rottentomatoes.com/api/public/v1.0/movies/9962/similar.json"}},{"id":"13326","title":"Exorcist - The Beginning","year":2004,"mpaa_rating":"R","runtime":114,"critics_consensus":"A mediocre, gory horror film, nowhere near the quality of the 1973 original.","release_dates":{"theater":"2004-08-20","dvd":"2005-10-25"},"ratings":{"critics_rating":"Rotten","critics_score":11,"audience_rating":"Spilled","audience_score":28},"synopsis":"","posters":{"thumbnail":"http://content9.flixster.com/movie/10/90/81/10908123_mob.jpg","profile":"http://content9.flixster.com/movie/10/90/81/10908123_pro.jpg","detailed":"http://content9.flixster.com/movie/10/90/81/10908123_det.jpg","original":"http://content9.flixster.com/movie/10/90/81/10908123_ori.jpg"},"abridged_cast":[{"name":"Stellan Skarsgard","id":"162684205","characters":["Father Lankester Merrin"]},{"name":"Izabella Scorupco","id":"162683097","characters":["Sarah"]},{"name":"James D'Arcy","id":"162660361","characters":["Father William Francis"]},{"name":"Remy Sweeney","id":"341462248","characters":["Joseph"]},{"name":"Julian Wadham","id":"770699641","characters":["Major Granville"]}],"alternate_ids":{"imdb":"0204313"},"links":{"self":"http://api.rottentomatoes.com/api/public/v1.0/movies/13326.json","alternate":"http://www.rottentomatoes.com/m/exorcist_the_beginning/","cast":"http://api.rottentomatoes.com/api/public/v1.0/movies/13326/cast.json","clips":"http://api.rottentomatoes.com/api/public/v1.0/movies/13326/clips.json","reviews":"http://api.rottentomatoes.com/api/public/v1.0/movies/13326/reviews.json","similar":"http://api.rottentomatoes.com/api/public/v1.0/movies/13326/similar.json"}},{"id":"22491","title":"The Sting","year":1973,"mpaa_rating":"PG","runtime":129,"critics_consensus":"Paul Newman, Robert Redford, and director George Roy Hill prove that charm, humor, and a few slick twists can add up to a great film.","release_dates":{"theater":"1973-12-01","dvd":"2005-09-06"},"ratings":{"critics_rating":"Certified Fresh","critics_score":92,"audience_rating":"Upright","audience_score":95},"synopsis":"","posters":{"thumbnail":"http://content8.flixster.com/movie/11/17/16/11171602_mob.jpg","profile":"http://content8.flixster.com/movie/11/17/16/11171602_pro.jpg","detailed":"http://content8.flixster.com/movie/11/17/16/11171602_det.jpg","original":"http://content8.flixster.com/movie/11/17/16/11171602_ori.jpg"},"abridged_cast":[{"name":"Robert Redford","id":"162653875","characters":["Johnny Hooker/Kelly"]},{"name":"Paul Newman","id":"162660114","characters":["Henry Gondorff/Mr. Shaw"]},{"name":"Robert Shaw","id":"162655930","characters":["Doyle Lonnegan"]},{"name":"Charles Durning","id":"162653601","characters":["Lt. William Snyder"]},{"name":"Ray Walston","id":"326396974","characters":["Singleton"]}],"alternate_ids":{"imdb":"0070735"},"links":{"self":"http://api.rottentomatoes.com/api/public/v1.0/movies/22491.json","alternate":"http://www.rottentomatoes.com/m/1020130-sting/","cast":"http://api.rottentomatoes.com/api/public/v1.0/movies/22491/cast.json","clips":"http://api.rottentomatoes.com/api/public/v1.0/movies/22491/clips.json","reviews":"http://api.rottentomatoes.com/api/public/v1.0/movies/22491/reviews.json","similar":"http://api.rottentomatoes.com/api/public/v1.0/movies/22491/similar.json"}},{"id":"771247910","title":"The Paperboy","year":2012,"mpaa_rating":"R","runtime":106,"critics_consensus":"Trashy and melodramatic, The Paperboy is enlivened by a strong cast and a steamy, sordid plot, but it's uneven and often veers into camp.","release_dates":{"theater":"2012-10-05","dvd":"2013-01-22"},"ratings":{"critics_rating":"Rotten","critics_score":43,"audience_rating":"Spilled","audience_score":33},"synopsis":"A sexually and racially charged film noir from Oscar-nominated director Lee Daniels (Precious), The Paperboy takes audiences deep into the backwaters of steamy 1960s South Florida, as investigative reporter Ward Jansen (Matthew McConaughey) and his partner Yardley Acheman (David Oyelowo) chase a sensational, career-making story. With the help of Ward's younger brother Jack (Zac Efron) and sultry death-row groupie Charlotte Bless (Nicole Kidman), the pair tries to prove violent swamp-dweller Hillary Van Wetter (John Cusack) was framed for the murder of a corrupt local sheriff. Based on the provocative bestselling novel by Pete Dexter (Mulholland Falls, Rush), The Paperboy peels back a sleepy small town's decades-old facade of Southern gentility to reveal a quagmire of evil as dark as a Florida bayou. -- (C) Official Site","posters":{"thumbnail":"http://content6.flixster.com/movie/11/17/26/11172644_mob.jpg","profile":"http://content6.flixster.com/movie/11/17/26/11172644_pro.jpg","detailed":"http://content6.flixster.com/movie/11/17/26/11172644_det.jpg","original":"http://content6.flixster.com/movie/11/17/26/11172644_ori.jpg"},"abridged_cast":[{"name":"Zac Efron","id":"171852647","characters":["Jack Jansen"]},{"name":"Matthew McConaughey","id":"162652350","characters":["Ward Jansen"]},{"name":"Nicole Kidman","id":"162652279","characters":["Charlotte Bless"]},{"name":"John Cusack","id":"162652927","characters":["Hillary Van Wetter"]},{"name":"David Oyelowo","id":"162653706","characters":["Yardley Acheman"]}],"alternate_ids":{"imdb":"1496422"},"links":{"self":"http://api.rottentomatoes.com/api/public/v1.0/movies/771247910.json","alternate":"http://www.rottentomatoes.com/m/the_paperboy_2012/","cast":"http://api.rottentomatoes.com/api/public/v1.0/movies/771247910/cast.json","clips":"http://api.rottentomatoes.com/api/public/v1.0/movies/771247910/clips.json","reviews":"http://api.rottentomatoes.com/api/public/v1.0/movies/771247910/reviews.json","similar":"http://api.rottentomatoes.com/api/public/v1.0/movies/771247910/similar.json"}},{"id":"770671525","title":"El Orfanato (The Orphanage)","year":2007,"mpaa_rating":"R","runtime":105,"critics_consensus":"When it seems like every horror movie nowadays is a remake or a grisly exercise in sadism, The Orphanage is a breath of fresh air for critics and audiences alike, seamlessly blending in a poignant tale of loss with the scares and blood.","release_dates":{"theater":"2007-12-28","dvd":"2008-04-22"},"ratings":{"critics_rating":"Certified Fresh","critics_score":86,"audience_rating":"Upright","audience_score":86},"synopsis":"","posters":{"thumbnail":"http://content8.flixster.com/movie/87/57/20/8757202_mob.jpg","profile":"http://content8.flixster.com/movie/87/57/20/8757202_pro.jpg","detailed":"http://content8.flixster.com/movie/87/57/20/8757202_det.jpg","original":"http://content8.flixster.com/movie/87/57/20/8757202_ori.jpg"},"abridged_cast":[{"name":"Geraldine Chaplin","id":"162678938","characters":["Aurora"]},{"name":"Belen Rueda","id":"162661457","characters":["Laura"]},{"name":"Fernando Cayo","id":"770673246","characters":["Carlos"]},{"name":"Roger Princep","id":"770810270","characters":["SimA?n","Simon","Sim?"]},{"name":"Mabel Rivera","id":"546953938","characters":["Pilar"]}],"alternate_ids":{"imdb":"0464141"},"links":{"self":"http://api.rottentomatoes.com/api/public/v1.0/movies/770671525.json","alternate":"http://www.rottentomatoes.com/m/orfanato/","cast":"http://api.rottentomatoes.com/api/public/v1.0/movies/770671525/cast.json","clips":"http://api.rottentomatoes.com/api/public/v1.0/movies/770671525/clips.json","reviews":"http://api.rottentomatoes.com/api/public/v1.0/movies/770671525/reviews.json","similar":"http://api.rottentomatoes.com/api/public/v1.0/movies/770671525/similar.json"}},{"id":"771249726","title":"The Hunter","year":2012,"mpaa_rating":"R","runtime":101,"critics_consensus":"The Hunter occasionally suffers from predictability, but Willem Dafoe gives a terrific performance as an obsessive hunter on the trail of a mysterious beast.","release_dates":{"theater":"2012-04-06","dvd":"2012-07-03"},"ratings":{"critics_rating":"Fresh","critics_score":71,"audience_rating":"Upright","audience_score":63},"synopsis":"The Hunter is the story of Martin, a skilled and ruthless mercenary sent into the Tasmanian wilderness on a hunt for a tiger believed to be extinct. Hired by an anonymous company that wants the tiger's genetic material, Martin arrives in Tasmania posing as a scientist. He proceeds to set up base camp at a broken-down farmhouse, where he stays with a family whose father has gone missing. Usually a loner, Martin becomes increasingly close to the family; however, as his attachment to the family grows, Martin is led down a path of unforeseen dangers, complicating his deadly mission. -- (C) Official Site","posters":{"thumbnail":"http://content6.flixster.com/movie/11/16/33/11163376_mob.jpg","profile":"http://content6.flixster.com/movie/11/16/33/11163376_pro.jpg","detailed":"http://content6.flixster.com/movie/11/16/33/11163376_det.jpg","original":"http://content6.flixster.com/movie/11/16/33/11163376_ori.jpg"},"abridged_cast":[{"name":"Willem Dafoe","id":"162668400","characters":["Martin"]},{"name":"Frances O'Connor","id":"326397496","characters":["Lucy","Lucy Armstrong"]},{"name":"Sam Neill","id":"162656850","characters":["Jack","Jack Mindy"]},{"name":"Morgana Davies","id":"770912475","characters":["Sass"]},{"name":"Finn Woodlock","id":"771384683","characters":["Bike"]}],"alternate_ids":{"imdb":"1703148"},"links":{"self":"http://api.rottentomatoes.com/api/public/v1.0/movies/771249726.json","alternate":"http://www.rottentomatoes.com/m/the_hunter_2012/","cast":"http://api.rottentomatoes.com/api/public/v1.0/movies/771249726/cast.json","clips":"http://api.rottentomatoes.com/api/public/v1.0/movies/771249726/clips.json","reviews":"http://api.rottentomatoes.com/api/public/v1.0/movies/771249726/reviews.json","similar":"http://api.rottentomatoes.com/api/public/v1.0/movies/771249726/similar.json"}},{"id":"770780326","title":"Nothing Like the Holidays","year":2008,"mpaa_rating":"PG-13","runtime":98,"critics_consensus":"The performances are the strength of Nothing Like the Holidays, a rather ordinary holiday comedy with a latin twist.","release_dates":{"theater":"2008-11-08","dvd":"2009-10-27"},"ratings":{"critics_rating":"Rotten","critics_score":52,"audience_rating":"Spilled","audience_score":42},"synopsis":"","posters":{"thumbnail":"http://content7.flixster.com/movie/11/16/88/11168853_mob.jpg","profile":"http://content7.flixster.com/movie/11/16/88/11168853_pro.jpg","detailed":"http://content7.flixster.com/movie/11/16/88/11168853_det.jpg","original":"http://content7.flixster.com/movie/11/16/88/11168853_ori.jpg"},"abridged_cast":[{"name":"Freddy Rodriguez","id":"162654720","characters":["Jesse"]},{"name":"John Leguizamo","id":"162652698","characters":["Mauricio"]},{"name":"Debra Messing","id":"162659475","characters":["Sarah"]},{"name":"Alfred Molina","id":"162659152","characters":["Eduardo"]},{"name":"Jay Hernandez","id":"162654305"}],"alternate_ids":{"imdb":"1151915"},"links":{"self":"http://api.rottentomatoes.com/api/public/v1.0/movies/770780326.json","alternate":"http://www.rottentomatoes.com/m/nothing_like_the_holidays/","cast":"http://api.rottentomatoes.com/api/public/v1.0/movies/770780326/cast.json","clips":"http://api.rottentomatoes.com/api/public/v1.0/movies/770780326/clips.json","reviews":"http://api.rottentomatoes.com/api/public/v1.0/movies/770780326/reviews.json","similar":"http://api.rottentomatoes.com/api/public/v1.0/movies/770780326/similar.json"}},{"id":"11517","title":"Planet of the Apes","year":1968,"mpaa_rating":"G","runtime":112,"critics_consensus":"Planet of the Apes raises thought-provoking questions about our culture without letting social commentary get in the way of the drama and action.","release_dates":{"theater":"1968-04-03","dvd":"2001-05-01"},"ratings":{"critics_rating":"Certified Fresh","critics_score":89,"audience_rating":"Upright","audience_score":87},"synopsis":"","posters":{"thumbnail":"http://content8.flixster.com/movie/11/16/44/11164470_mob.jpg","profile":"http://content8.flixster.com/movie/11/16/44/11164470_pro.jpg","detailed":"http://content8.flixster.com/movie/11/16/44/11164470_det.jpg","original":"http://content8.flixster.com/movie/11/16/44/11164470_ori.jpg"},"abridged_cast":[{"name":"Charlton Heston","id":"162655836","characters":["Taylor"]},{"name":"Roddy McDowall","id":"162655857","characters":["Cornelius"]},{"name":"Kim Hunter","id":"162658113","characters":["Zira"]},{"name":"Maurice Evans","id":"326396126","characters":["Zaius"]},{"name":"James Whitmore","id":"162656395","characters":["President of the Assembly"]}],"alternate_ids":{"imdb":"0063442"},"links":{"self":"http://api.rottentomatoes.com/api/public/v1.0/movies/11517.json","alternate":"http://www.rottentomatoes.com/m/1016397-planet_of_the_apes/","cast":"http://api.rottentomatoes.com/api/public/v1.0/movies/11517/cast.json","clips":"http://api.rottentomatoes.com/api/public/v1.0/movies/11517/clips.json","reviews":"http://api.rottentomatoes.com/api/public/v1.0/movies/11517/reviews.json","similar":"http://api.rottentomatoes.com/api/public/v1.0/movies/11517/similar.json"}},{"id":"12737","title":"The Little Rascals","year":1995,"mpaa_rating":"PG","runtime":83,"release_dates":{"theater":"1994-08-05","dvd":"1999-02-23"},"ratings":{"critics_rating":"Rotten","critics_score":27,"audience_rating":"Upright","audience_score":70},"synopsis":"","posters":{"thumbnail":"http://content6.flixster.com/movie/11/13/24/11132400_mob.jpg","profile":"http://content6.flixster.com/movie/11/13/24/11132400_pro.jpg","detailed":"http://content6.flixster.com/movie/11/13/24/11132400_det.jpg","original":"http://content6.flixster.com/movie/11/13/24/11132400_ori.jpg"},"abridged_cast":[{"name":"Travis Tedford","id":"162682348","characters":["Spanky"]},{"name":"Kevin Jamal Woods","id":"163465863","characters":["Stymie"]},{"name":"Jordan Warkol","id":"770678554","characters":["Froggy"]},{"name":"Zachary Mabry","id":"770723429","characters":["Porky"]},{"name":"Ross Bagley","id":"770723428"}],"alternate_ids":{"imdb":"0110366"},"links":{"self":"http://api.rottentomatoes.com/api/public/v1.0/movies/12737.json","alternate":"http://www.rottentomatoes.com/m/little_rascals/","cast":"http://api.rottentomatoes.com/api/public/v1.0/movies/12737/cast.json","clips":"http://api.rottentomatoes.com/api/public/v1.0/movies/12737/clips.json","reviews":"http://api.rottentomatoes.com/api/public/v1.0/movies/12737/reviews.json","similar":"http://api.rottentomatoes.com/api/public/v1.0/movies/12737/similar.json"}},{"id":"12904","title":"The Fly","year":1986,"mpaa_rating":"R","runtime":96,"critics_consensus":"David Cronenberg combines his trademark affinity for gore and horror with strongly developed characters, making The Fly a surprisingly affecting tragedy.","release_dates":{"theater":"1986-08-15","dvd":"2000-09-05"},"ratings":{"critics_rating":"Certified Fresh","critics_score":91,"audience_rating":"Upright","audience_score":82},"synopsis":"","posters":{"thumbnail":"http://content6.flixster.com/movie/11/16/49/11164968_mob.jpg","profile":"http://content6.flixster.com/movie/11/16/49/11164968_pro.jpg","detailed":"http://content6.flixster.com/movie/11/16/49/11164968_det.jpg","original":"http://content6.flixster.com/movie/11/16/49/11164968_ori.jpg"},"abridged_cast":[{"name":"Jeff Goldblum","id":"162668455","characters":["Seth Brundle"]},{"name":"Geena Davis","id":"162659514","characters":["Veronica Quaife"]},{"name":"John Getz","id":"162690533","characters":["Stathis Borans"]},{"name":"Joy Boushel","id":"770732687","characters":["Tawny"]},{"name":"Les Carlson","id":"770717292","characters":["Dr. Cheevers"]}],"alternate_ids":{"imdb":"0091064"},"links":{"self":"http://api.rottentomatoes.com/api/public/v1.0/movies/12904.json","alternate":"http://www.rottentomatoes.com/m/1007602-fly/","cast":"http://api.rottentomatoes.com/api/public/v1.0/movies/12904/cast.json","clips":"http://api.rottentomatoes.com/api/public/v1.0/movies/12904/clips.json","reviews":"http://api.rottentomatoes.com/api/public/v1.0/movies/12904/reviews.json","similar":"http://api.rottentomatoes.com/api/public/v1.0/movies/12904/similar.json"}},{"id":"22702","title":"The Little Shop of Horrors","year":1960,"mpaa_rating":"R","runtime":70,"release_dates":{"theater":"1960-09-14","dvd":"1998-04-30"},"ratings":{"critics_rating":"Fresh","critics_score":92,"audience_rating":"Spilled","audience_score":56},"synopsis":"","posters":{"thumbnail":"http://content9.flixster.com/movie/10/84/01/10840135_mob.jpg","profile":"http://content9.flixster.com/movie/10/84/01/10840135_pro.jpg","detailed":"http://content9.flixster.com/movie/10/84/01/10840135_det.jpg","original":"http://content9.flixster.com/movie/10/84/01/10840135_ori.jpg"},"abridged_cast":[{"name":"Jonathan Haze","id":"364637906","characters":["Seymour Krelboin"]},{"name":"Jackie Joseph","id":"770669327","characters":["Audrey"]},{"name":"Mel Welles","id":"364653800","characters":["Gravis Mushnik"]},{"name":"Dick Miller","id":"162674863","characters":["Fouch"]},{"name":"Myrtle Vail","id":"770684872","characters":["Winifred Krelboin"]}],"alternate_ids":{"imdb":"0054033"},"links":{"self":"http://api.rottentomatoes.com/api/public/v1.0/movies/22702.json","alternate":"http://www.rottentomatoes.com/m/1012514-little_shop_of_horrors/","cast":"http://api.rottentomatoes.com/api/public/v1.0/movies/22702/cast.json","clips":"http://api.rottentomatoes.com/api/public/v1.0/movies/22702/clips.json","reviews":"http://api.rottentomatoes.com/api/public/v1.0/movies/22702/reviews.json","similar":"http://api.rottentomatoes.com/api/public/v1.0/movies/22702/similar.json"}},{"id":"12116","title":"The 6th Day","year":2000,"mpaa_rating":"PG-13","runtime":123,"critics_consensus":"This offering from Arnold Schwarzenegger contains an intriguing, disturbing premise, but the film's execution is too routine and formulaic to make good use of it.","release_dates":{"theater":"2000-11-17","dvd":"2001-03-27"},"ratings":{"critics_rating":"Rotten","critics_score":41,"audience_rating":"Spilled","audience_score":32},"synopsis":"","posters":{"thumbnail":"http://content9.flixster.com/movie/10/86/38/10863875_mob.jpg","profile":"http://content9.flixster.com/movie/10/86/38/10863875_pro.jpg","detailed":"http://content9.flixster.com/movie/10/86/38/10863875_det.jpg","original":"http://content9.flixster.com/movie/10/86/38/10863875_ori.jpg"},"abridged_cast":[{"name":"Arnold Schwarzenegger","id":"162662233","characters":["Adam Gibson"]},{"name":"Tony Goldwyn","id":"162656408","characters":["Michael Drucker"]},{"name":"Michael Rapaport","id":"162677225","characters":["Hank Morgan"]},{"name":"Michael Rooker","id":"162724222","characters":["Robert Marshall"]},{"name":"Sarah Wynter","id":"162737723","characters":["Talia Elsworth"]}],"alternate_ids":{"imdb":"0216216"},"links":{"self":"http://api.rottentomatoes.com/api/public/v1.0/movies/12116.json","alternate":"http://www.rottentomatoes.com/m/sixth_day/","cast":"http://api.rottentomatoes.com/api/public/v1.0/movies/12116/cast.json","clips":"http://api.rottentomatoes.com/api/public/v1.0/movies/12116/clips.json","reviews":"http://api.rottentomatoes.com/api/public/v1.0/movies/12116/reviews.json","similar":"http://api.rottentomatoes.com/api/public/v1.0/movies/12116/similar.json"}},{"id":"771307345","title":"The Sapphires","year":2012,"mpaa_rating":"PG-13","runtime":98,"critics_consensus":"While it's plenty predictable and sentimental, The Sapphires also has an irresistible feel-good vibe, winning music and charming performances to spare.","release_dates":{"theater":"2013-03-22","dvd":"2013-08-06"},"ratings":{"critics_rating":"Certified Fresh","critics_score":91,"audience_rating":"Upright","audience_score":76},"synopsis":"Inspired by a true story, THE SAPPHIRES follows four vivacious, young and talented Australian Aboriginal girls from a remote mission as they learn about love, friendship and war when their all girl group The Sapphires entertains the U.S. troops in Vietnam in 1968. Cynthia (Tapsell), Gail (Mailman), Julie (Mauboy) and Kay (Sebbens) are discovered by Dave (O'Dowd), a good-humored talent scout with a kind heart, very little rhythm but a great knowledge of soul music. As their manager, Dave books the sisters their first true gig giving them their first taste of stardom, and travels them to Vietnam to sing for the American troops. (c) Weinstein","posters":{"thumbnail":"http://content7.flixster.com/movie/11/17/27/11172709_mob.jpg","profile":"http://content7.flixster.com/movie/11/17/27/11172709_pro.jpg","detailed":"http://content7.flixster.com/movie/11/17/27/11172709_det.jpg","original":"http://content7.flixster.com/movie/11/17/27/11172709_ori.jpg"},"abridged_cast":[{"name":"Chris O'Dowd","id":"770684214","characters":["Dave Lovelace"]},{"name":"Deborah Mailman","id":"359854727","characters":["Gail"]},{"name":"Jessica Mauboy","id":"770850055","characters":["Julie"]},{"name":"Shari Sebbens","id":"771408739","characters":["Kay"]},{"name":"Miranda Tapsell","id":"771408740","characters":["Cynthia"]}],"alternate_ids":{"imdb":"1673697"},"links":{"self":"http://api.rottentomatoes.com/api/public/v1.0/movies/771307345.json","alternate":"http://www.rottentomatoes.com/m/the_sapphires_2012/","cast":"http://api.rottentomatoes.com/api/public/v1.0/movies/771307345/cast.json","clips":"http://api.rottentomatoes.com/api/public/v1.0/movies/771307345/clips.json","reviews":"http://api.rottentomatoes.com/api/public/v1.0/movies/771307345/reviews.json","similar":"http://api.rottentomatoes.com/api/public/v1.0/movies/771307345/similar.json"}},{"id":"10434","title":"Don't Tell Mom the Babysitter's Dead","year":1991,"mpaa_rating":"PG-13","runtime":105,"release_dates":{"theater":"1991-06-07","dvd":"2001-05-01"},"ratings":{"critics_rating":"Rotten","critics_score":33,"audience_rating":"Spilled","audience_score":57},"synopsis":"","posters":{"thumbnail":"http://content6.flixster.com/movie/25/57/255716_mob.jpg","profile":"http://content6.flixster.com/movie/25/57/255716_pro.jpg","detailed":"http://content6.flixster.com/movie/25/57/255716_det.jpg","original":"http://content6.flixster.com/movie/25/57/255716_ori.jpg"},"abridged_cast":[{"name":"Christina Applegate","id":"162663389","characters":["Sue Ellen \"Swell\" Crandell"]},{"name":"Joanna Cassidy","id":"162663390","characters":["Rose Lindsey"]},{"name":"John Getz","id":"162690533","characters":["Gus Brandon"]},{"name":"Josh Charles","id":"162709932","characters":["Bryan"]},{"name":"Keith Coogan","id":"162658139","characters":["Kenny Crandell"]}],"links":{"self":"http://api.rottentomatoes.com/api/public/v1.0/movies/10434.json","alternate":"http://www.rottentomatoes.com/m/dont_tell_mom_the_babysitters_dead/","cast":"http://api.rottentomatoes.com/api/public/v1.0/movies/10434/cast.json","clips":"http://api.rottentomatoes.com/api/public/v1.0/movies/10434/clips.json","reviews":"http://api.rottentomatoes.com/api/public/v1.0/movies/10434/reviews.json","similar":"http://api.rottentomatoes.com/api/public/v1.0/movies/10434/similar.json"}},{"id":"571147544","title":"The Hoax","year":2007,"mpaa_rating":"R","runtime":115,"critics_consensus":"The Hoax is an enormously appealing film, thanks to the uniformly excellent performances and Lasse Hallstrom's zippy direction.","release_dates":{"theater":"2007-04-06","dvd":"2007-10-16"},"ratings":{"critics_rating":"Certified Fresh","critics_score":85,"audience_rating":"Spilled","audience_score":57},"synopsis":"","posters":{"thumbnail":"http://content8.flixster.com/movie/10/95/44/10954482_mob.gif","profile":"http://content8.flixster.com/movie/10/95/44/10954482_pro.gif","detailed":"http://content8.flixster.com/movie/10/95/44/10954482_det.gif","original":"http://content8.flixster.com/movie/10/95/44/10954482_ori.gif"},"abridged_cast":[{"name":"Richard Gere","id":"162655185","characters":["Clifford Irving"]},{"name":"Alfred Molina","id":"162659152","characters":["Dick Suskind"]},{"name":"Hope Davis","id":"162653969","characters":["Andrea Tate"]},{"name":"Marcia Gay Harden","id":"162652892","characters":["Edith Irving"]},{"name":"Stanley Tucci","id":"162661152","characters":["Shelton Fisher"]}],"alternate_ids":{"imdb":"1046174"},"links":{"self":"http://api.rottentomatoes.com/api/public/v1.0/movies/571147544.json","alternate":"http://www.rottentomatoes.com/m/1159135-hoax/","cast":"http://api.rottentomatoes.com/api/public/v1.0/movies/571147544/cast.json","clips":"http://api.rottentomatoes.com/api/public/v1.0/movies/571147544/clips.json","reviews":"http://api.rottentomatoes.com/api/public/v1.0/movies/571147544/reviews.json","similar":"http://api.rottentomatoes.com/api/public/v1.0/movies/571147544/similar.json"}},{"id":"546953472","title":"Love in the Time of Cholera","year":2007,"mpaa_rating":"R","runtime":138,"critics_consensus":"Though beautifully filmed, the makers of Love in the Time of Cholera fail to transfer the novel's magic to the screen.","release_dates":{"theater":"2007-11-16","dvd":"2008-03-18"},"ratings":{"critics_rating":"Rotten","critics_score":26,"audience_rating":"Spilled","audience_score":45},"synopsis":"","posters":{"thumbnail":"http://content8.flixster.com/movie/10/88/25/10882590_mob.jpg","profile":"http://content8.flixster.com/movie/10/88/25/10882590_pro.jpg","detailed":"http://content8.flixster.com/movie/10/88/25/10882590_det.jpg","original":"http://content8.flixster.com/movie/10/88/25/10882590_ori.jpg"},"abridged_cast":[{"name":"Javier Bardem","id":"162661456","characters":["Florentino Ariza"]},{"name":"Giovanna Mezzogiorno","id":"162697316","characters":["Fermina Daza Urbino"]},{"name":"Benjamin Bratt","id":"162653200","characters":["Dr. Juvenal Urbino"]},{"name":"Catalina Sandino Moreno","id":"162684280","characters":["Hildebranda"]},{"name":"Hector Elizondo","id":"162665813","characters":["Don Leo"]}],"alternate_ids":{"imdb":"0484740"},"links":{"self":"http://api.rottentomatoes.com/api/public/v1.0/movies/546953472.json","alternate":"http://www.rottentomatoes.com/m/love_in_the_time_of_cholera/","cast":"http://api.rottentomatoes.com/api/public/v1.0/movies/546953472/cast.json","clips":"http://api.rottentomatoes.com/api/public/v1.0/movies/546953472/clips.json","reviews":"http://api.rottentomatoes.com/api/public/v1.0/movies/546953472/reviews.json","similar":"http://api.rottentomatoes.com/api/public/v1.0/movies/546953472/similar.json"}},{"id":"14330","title":"The Missing","year":2003,"mpaa_rating":"R","runtime":82,"critics_consensus":"An expertly acted and directed Western. But like other Ron Howard features, the movie is hardly subtle.","release_dates":{"theater":"2003-11-26","dvd":"2004-02-24"},"ratings":{"critics_rating":"Rotten","critics_score":58,"audience_rating":"Spilled","audience_score":51},"synopsis":"","posters":{"thumbnail":"http://content6.flixster.com/movie/11/16/98/11169804_mob.jpg","profile":"http://content6.flixster.com/movie/11/16/98/11169804_pro.jpg","detailed":"http://content6.flixster.com/movie/11/16/98/11169804_det.jpg","original":"http://content6.flixster.com/movie/11/16/98/11169804_ori.jpg"},"abridged_cast":[{"name":"Tommy Lee Jones","id":"162666788","characters":["Samuel Jones"]},{"name":"Cate Blanchett","id":"162659162","characters":["Maggie Gilkeson"]},{"name":"Eric Schweig","id":"162666978","characters":["Chidin"]},{"name":"Evan Rachel Wood","id":"162653277","characters":["Lily Gilkeson"]},{"name":"Jenna Boyd","id":"770673974","characters":["Dot Gilkeson"]}],"alternate_ids":{"imdb":"0338188"},"links":{"self":"http://api.rottentomatoes.com/api/public/v1.0/movies/14330.json","alternate":"http://www.rottentomatoes.com/m/1127407-missing/","cast":"http://api.rottentomatoes.com/api/public/v1.0/movies/14330/cast.json","clips":"http://api.rottentomatoes.com/api/public/v1.0/movies/14330/clips.json","reviews":"http://api.rottentomatoes.com/api/public/v1.0/movies/14330/reviews.json","similar":"http://api.rottentomatoes.com/api/public/v1.0/movies/14330/similar.json"}},{"id":"13987","title":"Children of the Corn","year":1984,"mpaa_rating":"R","runtime":93,"release_dates":{"theater":"1984-01-01","dvd":"2001-04-10"},"ratings":{"critics_rating":"Rotten","critics_score":39,"audience_rating":"Spilled","audience_score":42},"synopsis":"","posters":{"thumbnail":"http://content9.flixster.com/movie/10/91/84/10918483_mob.jpg","profile":"http://content9.flixster.com/movie/10/91/84/10918483_pro.jpg","detailed":"http://content9.flixster.com/movie/10/91/84/10918483_det.jpg","original":"http://content9.flixster.com/movie/10/91/84/10918483_ori.jpg"},"abridged_cast":[{"name":"Peter Horton","id":"162664702","characters":["Dr. Burt Stanton"]},{"name":"Linda Hamilton","id":"162671195","characters":["Vicky Baxter"]},{"name":"R.G. Armstrong","id":"770674321","characters":["Diehl"]},{"name":"John Franklin","id":"770679248","characters":["Isaac"]},{"name":"Courtney Gains","id":"364634626","characters":["Malachi"]}],"alternate_ids":{"imdb":"0087050"},"links":{"self":"http://api.rottentomatoes.com/api/public/v1.0/movies/13987.json","alternate":"http://www.rottentomatoes.com/m/1004047-children_of_the_corn/","cast":"http://api.rottentomatoes.com/api/public/v1.0/movies/13987/cast.json","clips":"http://api.rottentomatoes.com/api/public/v1.0/movies/13987/clips.json","reviews":"http://api.rottentomatoes.com/api/public/v1.0/movies/13987/reviews.json","similar":"http://api.rottentomatoes.com/api/public/v1.0/movies/13987/similar.json"}},{"id":"770799020","title":"Kung Fu Panda: Secrets of the Furious Five","year":2008,"mpaa_rating":"G","runtime":24,"release_dates":{"theater":"2008-11-09","dvd":"2009-03-24"},"ratings":{"critics_rating":"Fresh","critics_score":71,"audience_rating":"Upright","audience_score":64},"synopsis":"","posters":{"thumbnail":"http://content8.flixster.com/movie/10/86/32/10863234_mob.jpg","profile":"http://content8.flixster.com/movie/10/86/32/10863234_pro.jpg","detailed":"http://content8.flixster.com/movie/10/86/32/10863234_det.jpg","original":"http://content8.flixster.com/movie/10/86/32/10863234_ori.jpg"},"abridged_cast":[{"name":"Jack Black","id":"162662218","characters":["Dragon Warrior"]},{"name":"Dustin Hoffman","id":"162659372","characters":["Shifu"]}],"alternate_ids":{"imdb":"1287845"},"links":{"self":"http://api.rottentomatoes.com/api/public/v1.0/movies/770799020.json","alternate":"http://www.rottentomatoes.com/m/10010456-the_secrets/","cast":"http://api.rottentomatoes.com/api/public/v1.0/movies/770799020/cast.json","clips":"http://api.rottentomatoes.com/api/public/v1.0/movies/770799020/clips.json","reviews":"http://api.rottentomatoes.com/api/public/v1.0/movies/770799020/reviews.json","similar":"http://api.rottentomatoes.com/api/public/v1.0/movies/770799020/similar.json"}},{"id":"19","title":"xXx: State of the Union","year":2005,"mpaa_rating":"R","runtime":101,"critics_consensus":"Even more absurd and implausible than the first XXX movie.","release_dates":{"theater":"2005-04-29","dvd":"2005-07-26"},"ratings":{"critics_rating":"Rotten","critics_score":16,"audience_rating":"Spilled","audience_score":33},"synopsis":"","posters":{"thumbnail":"http://content8.flixster.com/movie/11/15/33/11153374_mob.jpg","profile":"http://content8.flixster.com/movie/11/15/33/11153374_pro.jpg","detailed":"http://content8.flixster.com/movie/11/15/33/11153374_det.jpg","original":"http://content8.flixster.com/movie/11/15/33/11153374_ori.jpg"},"abridged_cast":[{"name":"Ice Cube","id":"162652332","characters":["XXX/Darius Stone"]},{"name":"Willem Dafoe","id":"162668400","characters":["Secretary of Defense George Deckert"]},{"name":"Scott Speedman","id":"162652334","characters":["Agent Kyle Steele"]},{"name":"Peter Strauss","id":"162652335","characters":["President Sandford"]},{"name":"Samuel L. Jackson","id":"162652156","characters":["Augustus Gibbons"]}],"alternate_ids":{"imdb":"0329774"},"links":{"self":"http://api.rottentomatoes.com/api/public/v1.0/movies/19.json","alternate":"http://www.rottentomatoes.com/m/xxx_state_of_the_union/","cast":"http://api.rottentomatoes.com/api/public/v1.0/movies/19/cast.json","clips":"http://api.rottentomatoes.com/api/public/v1.0/movies/19/clips.json","reviews":"http://api.rottentomatoes.com/api/public/v1.0/movies/19/reviews.json","similar":"http://api.rottentomatoes.com/api/public/v1.0/movies/19/similar.json"}},{"id":"377767376","title":"Deck the Halls","year":2006,"mpaa_rating":"PG","runtime":92,"critics_consensus":"Relying on flat humor and a preposterous plot, Deck the Halls is an unnecessarily mean-spirited holiday movie that does little to put viewers in a holiday mood.","release_dates":{"theater":"2006-11-22","dvd":"2007-11-06"},"ratings":{"critics_rating":"Rotten","critics_score":6,"audience_rating":"Spilled","audience_score":30},"synopsis":"","posters":{"thumbnail":"http://content8.flixster.com/movie/35/59/47/3559474_mob.jpg","profile":"http://content8.flixster.com/movie/35/59/47/3559474_pro.jpg","detailed":"http://content8.flixster.com/movie/35/59/47/3559474_det.jpg","original":"http://content8.flixster.com/movie/35/59/47/3559474_ori.jpg"},"abridged_cast":[{"name":"Danny DeVito","id":"162664270","characters":["Buddy Hall"]},{"name":"Matthew Broderick","id":"162655730","characters":["Steve Finch"]},{"name":"Kristin Davis","id":"326396457","characters":["Kelly Finch"]},{"name":"Kristin Chenoweth","id":"162657121","characters":["Tia Hall"]},{"name":"Alia Shawkat","id":"377767377","characters":["Madison Finch"]}],"alternate_ids":{"imdb":"0790604"},"links":{"self":"http://api.rottentomatoes.com/api/public/v1.0/movies/377767376.json","alternate":"http://www.rottentomatoes.com/m/deck_the_halls/","cast":"http://api.rottentomatoes.com/api/public/v1.0/movies/377767376/cast.json","clips":"http://api.rottentomatoes.com/api/public/v1.0/movies/377767376/clips.json","reviews":"http://api.rottentomatoes.com/api/public/v1.0/movies/377767376/reviews.json","similar":"http://api.rottentomatoes.com/api/public/v1.0/movies/377767376/similar.json"}},{"id":"9986","title":"The Land Before Time","year":1988,"mpaa_rating":"G","runtime":70,"release_dates":{"theater":"1988-11-18","dvd":"1997-04-30"},"ratings":{"critics_rating":"Fresh","critics_score":74,"audience_rating":"Upright","audience_score":78},"synopsis":"","posters":{"thumbnail":"http://content8.flixster.com/movie/25/35/253518_mob.jpg","profile":"http://content8.flixster.com/movie/25/35/253518_pro.jpg","detailed":"http://content8.flixster.com/movie/25/35/253518_det.jpg","original":"http://content8.flixster.com/movie/25/35/253518_ori.jpg"},"abridged_cast":[{"name":"Gabriel Damon","id":"162658857","characters":["Littlefoot"]},{"name":"Candy Hutson","id":"770755947","characters":["Cera"]},{"name":"Judith Barsi","id":"743156904","characters":["Ducky"]},{"name":"Will Ryan","id":"770681339","characters":["Petrie"]},{"name":"Bill Erwin","id":"770674655","characters":["Grandfather"]}],"alternate_ids":{"imdb":"0095489"},"links":{"self":"http://api.rottentomatoes.com/api/public/v1.0/movies/9986.json","alternate":"http://www.rottentomatoes.com/m/land_before_time/","cast":"http://api.rottentomatoes.com/api/public/v1.0/movies/9986/cast.json","clips":"http://api.rottentomatoes.com/api/public/v1.0/movies/9986/clips.json","reviews":"http://api.rottentomatoes.com/api/public/v1.0/movies/9986/reviews.json","similar":"http://api.rottentomatoes.com/api/public/v1.0/movies/9986/similar.json"}},{"id":"12996","title":"Ghost in the Shell","year":1996,"mpaa_rating":"R","runtime":82,"critics_consensus":"A stunning feat of modern animation, Ghost in the Shell offers a thoughtful, complex treat for anime fans, as well as a perfect introduction for viewers new to the genre.","release_dates":{"theater":"1996-03-29","dvd":"2003-11-18"},"ratings":{"critics_rating":"Fresh","critics_score":94,"audience_rating":"Upright","audience_score":90},"synopsis":"","posters":{"thumbnail":"http://content7.flixster.com/movie/10/93/13/10931385_mob.jpg","profile":"http://content7.flixster.com/movie/10/93/13/10931385_pro.jpg","detailed":"http://content7.flixster.com/movie/10/93/13/10931385_det.jpg","original":"http://content7.flixster.com/movie/10/93/13/10931385_ori.jpg"},"abridged_cast":[{"name":"Steve Davis","id":"770740239","characters":["Diplomat"]},{"name":"Richard George","id":"770675052","characters":["Bateau"]},{"name":"William Knight","id":"770698672","characters":["Aramaki"]},{"name":"Hank Smith","id":"770992727","characters":["Minister"]}],"alternate_ids":{"imdb":"0113568"},"links":{"self":"http://api.rottentomatoes.com/api/public/v1.0/movies/12996.json","alternate":"http://www.rottentomatoes.com/m/ghost_in_the_shell/","cast":"http://api.rottentomatoes.com/api/public/v1.0/movies/12996/cast.json","clips":"http://api.rottentomatoes.com/api/public/v1.0/movies/12996/clips.json","reviews":"http://api.rottentomatoes.com/api/public/v1.0/movies/12996/reviews.json","similar":"http://api.rottentomatoes.com/api/public/v1.0/movies/12996/similar.json"}},{"id":"9443","title":"The Longest Day","year":1962,"mpaa_rating":"G","runtime":179,"release_dates":{"theater":"1962-06-01","dvd":"1999-11-02"},"ratings":{"critics_rating":"Fresh","critics_score":92,"audience_rating":"Upright","audience_score":91},"synopsis":"","posters":{"thumbnail":"http://content7.flixster.com/movie/11/16/49/11164937_mob.jpg","profile":"http://content7.flixster.com/movie/11/16/49/11164937_pro.jpg","detailed":"http://content7.flixster.com/movie/11/16/49/11164937_det.jpg","original":"http://content7.flixster.com/movie/11/16/49/11164937_ori.jpg"},"abridged_cast":[{"name":"John Wayne","id":"162656287","characters":["Lt. Col. Benjamin Vandervoort"]},{"name":"Robert Mitchum","id":"162665269","characters":["Brig. Gen. Norman Cota"]},{"name":"Henry Fonda","id":"162656556","characters":["Brig. Gen. Theodore Roosevelt"]},{"name":"Robert Ryan","id":"162675659","characters":["Brig. Gen. James M. Gavin"]},{"name":"Rod Steiger","id":"162665855","characters":["Destroyer Commander"]}],"alternate_ids":{"imdb":"0056197"},"links":{"self":"http://api.rottentomatoes.com/api/public/v1.0/movies/9443.json","alternate":"http://www.rottentomatoes.com/m/longest_day/","cast":"http://api.rottentomatoes.com/api/public/v1.0/movies/9443/cast.json","clips":"http://api.rottentomatoes.com/api/public/v1.0/movies/9443/clips.json","reviews":"http://api.rottentomatoes.com/api/public/v1.0/movies/9443/reviews.json","similar":"http://api.rottentomatoes.com/api/public/v1.0/movies/9443/similar.json"}},{"id":"12344","title":"The Santa Clause","year":1994,"mpaa_rating":"PG","runtime":97,"critics_consensus":"The Santa Clause is utterly undemanding, but it's firmly rooted in the sort of good old-fashioned holiday spirit missing from too many modern yuletide films.","release_dates":{"theater":"1994-11-11","dvd":"1998-10-13"},"ratings":{"critics_rating":"Certified Fresh","critics_score":75,"audience_rating":"Upright","audience_score":64},"synopsis":"","posters":{"thumbnail":"http://content6.flixster.com/movie/26/50/265000_mob.jpg","profile":"http://content6.flixster.com/movie/26/50/265000_pro.jpg","detailed":"http://content6.flixster.com/movie/26/50/265000_det.jpg","original":"http://content6.flixster.com/movie/26/50/265000_ori.jpg"},"abridged_cast":[{"name":"Tim Allen","id":"162655909","characters":["Scott Calvin"]},{"name":"Judge Reinhold","id":"162668950","characters":["Dr.Neal Miller"]},{"name":"Wendy Crewson","id":"162656175","characters":["Laura Calvin"]},{"name":"Eric Lloyd","id":"162656173","characters":["Charlie Calvin"]},{"name":"David Krumholtz","id":"162656172","characters":["Bernard"]}],"alternate_ids":{"imdb":"0111070"},"links":{"self":"http://api.rottentomatoes.com/api/public/v1.0/movies/12344.json","alternate":"http://www.rottentomatoes.com/m/santa_clause/","cast":"http://api.rottentomatoes.com/api/public/v1.0/movies/12344/cast.json","clips":"http://api.rottentomatoes.com/api/public/v1.0/movies/12344/clips.json","reviews":"http://api.rottentomatoes.com/api/public/v1.0/movies/12344/reviews.json","similar":"http://api.rottentomatoes.com/api/public/v1.0/movies/12344/similar.json"}},{"id":"12667","title":"The Naked Gun 33 1/3: The Final Insult","year":1994,"mpaa_rating":"PG-13","runtime":90,"critics_consensus":"This overly silly third installment attempts to hit the same funny notes as the original, but falls flat overall.","release_dates":{"theater":"1994-03-18","dvd":"2000-08-15"},"ratings":{"critics_rating":"Rotten","critics_score":53,"audience_rating":"Spilled","audience_score":54},"synopsis":"","posters":{"thumbnail":"http://content6.flixster.com/movie/10/93/73/10937364_mob.jpg","profile":"http://content6.flixster.com/movie/10/93/73/10937364_pro.jpg","detailed":"http://content6.flixster.com/movie/10/93/73/10937364_det.jpg","original":"http://content6.flixster.com/movie/10/93/73/10937364_ori.jpg"},"abridged_cast":[{"name":"Leslie Nielsen","id":"162662917","characters":["Lt. Frank Drebin"]},{"name":"Priscilla Presley","id":"162667373","characters":["Jane Spencer"]},{"name":"George Kennedy","id":"162657859","characters":["Ed Hocken"]},{"name":"O.J. Simpson","id":"162667374","characters":["Nordberg"]},{"name":"Fred Ward","id":"162667867","characters":["Rocco"]}],"alternate_ids":{"imdb":"0110622"},"links":{"self":"http://api.rottentomatoes.com/api/public/v1.0/movies/12667.json","alternate":"http://www.rottentomatoes.com/m/the_naked_gun_33_13_the_final_insult_1994/","cast":"http://api.rottentomatoes.com/api/public/v1.0/movies/12667/cast.json","clips":"http://api.rottentomatoes.com/api/public/v1.0/movies/12667/clips.json","reviews":"http://api.rottentomatoes.com/api/public/v1.0/movies/12667/reviews.json","similar":"http://api.rottentomatoes.com/api/public/v1.0/movies/12667/similar.json"}},{"id":"13248","title":"Ali G Indahouse - The Movie","year":2004,"mpaa_rating":"R","runtime":88,"release_dates":{"theater":"2004-11-02","dvd":"2004-11-02"},"ratings":{"critics_rating":"Rotten","critics_score":56,"audience_rating":"Spilled","audience_score":54},"synopsis":"","posters":{"thumbnail":"http://content7.flixster.com/movie/26/88/268813_mob.jpg","profile":"http://content7.flixster.com/movie/26/88/268813_pro.jpg","detailed":"http://content7.flixster.com/movie/26/88/268813_det.jpg","original":"http://content7.flixster.com/movie/26/88/268813_ori.jpg"},"abridged_cast":[{"name":"Sacha Baron Cohen","id":"162652531","characters":["Ali G","Borat"]},{"name":"Michael Gambon","id":"162676818","characters":["Prime Minister"]},{"name":"Charles Dance","id":"162652445","characters":["Carlton Chancellor of the Exchequer"]},{"name":"John Scott Martin","id":"770808799"},{"name":"Barbara New","id":"770801458"}],"alternate_ids":{"imdb":"0284837"},"links":{"self":"http://api.rottentomatoes.com/api/public/v1.0/movies/13248.json","alternate":"http://www.rottentomatoes.com/m/ali-g-indahouse-the-movie/","cast":"http://api.rottentomatoes.com/api/public/v1.0/movies/13248/cast.json","clips":"http://api.rottentomatoes.com/api/public/v1.0/movies/13248/clips.json","reviews":"http://api.rottentomatoes.com/api/public/v1.0/movies/13248/reviews.json","similar":"http://api.rottentomatoes.com/api/public/v1.0/movies/13248/similar.json"}},{"id":"13751","title":"The French Connection","year":1971,"mpaa_rating":"R","runtime":104,"critics_consensus":"Realistic, fast-paced and uncommonly smart, The French Connection is bolstered by stellar performances by Gene Hackman and Roy Scheider, not to mention William Friedkin's thrilling production.","release_dates":{"theater":"1971-10-09","dvd":"2001-09-25"},"ratings":{"critics_rating":"Certified Fresh","critics_score":98,"audience_rating":"Upright","audience_score":88},"synopsis":"","posters":{"thumbnail":"http://content6.flixster.com/movie/11/16/49/11164964_mob.jpg","profile":"http://content6.flixster.com/movie/11/16/49/11164964_pro.jpg","detailed":"http://content6.flixster.com/movie/11/16/49/11164964_det.jpg","original":"http://content6.flixster.com/movie/11/16/49/11164964_ori.jpg"},"abridged_cast":[{"name":"Gene Hackman","id":"162661704","characters":["Jimmy 'Popeye' Doyle"]},{"name":"Fernando Rey","id":"162671811","characters":["Alain Charnier"]},{"name":"Roy Scheider","id":"162661798","characters":["Buddy Russo"]},{"name":"Tony Lo Bianco","id":"363433667","characters":["Sal Boca"]},{"name":"Marcel Bozzuffi","id":"381413464","characters":["Pierre Nicoli"]}],"alternate_ids":{"imdb":"0067116"},"links":{"self":"http://api.rottentomatoes.com/api/public/v1.0/movies/13751.json","alternate":"http://www.rottentomatoes.com/m/french_connection/","cast":"http://api.rottentomatoes.com/api/public/v1.0/movies/13751/cast.json","clips":"http://api.rottentomatoes.com/api/public/v1.0/movies/13751/clips.json","reviews":"http://api.rottentomatoes.com/api/public/v1.0/movies/13751/reviews.json","similar":"http://api.rottentomatoes.com/api/public/v1.0/movies/13751/similar.json"}},{"id":"15353","title":"The Man Who Wasn't There","year":2001,"mpaa_rating":"R","runtime":117,"critics_consensus":"Stylish but emotionally distant, The Man Who Wasn't There is a clever tribute to the film noir genre.","release_dates":{"theater":"2001-10-31","dvd":"2002-04-16"},"ratings":{"critics_rating":"Certified Fresh","critics_score":81,"audience_rating":"Upright","audience_score":85},"synopsis":"","posters":{"thumbnail":"http://content7.flixster.com/movie/10/88/32/10883293_mob.jpg","profile":"http://content7.flixster.com/movie/10/88/32/10883293_pro.jpg","detailed":"http://content7.flixster.com/movie/10/88/32/10883293_det.jpg","original":"http://content7.flixster.com/movie/10/88/32/10883293_ori.jpg"},"abridged_cast":[{"name":"Billy Bob Thornton","id":"162652889","characters":["Ed Crane"]},{"name":"Frances McDormand","id":"162654734","characters":["Doris Crane"]},{"name":"Michael Badalucco","id":"162740006","characters":["Frank"]},{"name":"James Gandolfini","id":"162667080","characters":["Big Dave"]},{"name":"Tony Shalhoub","id":"162672712","characters":["Freddy Riedenschneider"]}],"alternate_ids":{"imdb":"0243133"},"links":{"self":"http://api.rottentomatoes.com/api/public/v1.0/movies/15353.json","alternate":"http://www.rottentomatoes.com/m/man_who_wasnt_there/","cast":"http://api.rottentomatoes.com/api/public/v1.0/movies/15353/cast.json","clips":"http://api.rottentomatoes.com/api/public/v1.0/movies/15353/clips.json","reviews":"http://api.rottentomatoes.com/api/public/v1.0/movies/15353/reviews.json","similar":"http://api.rottentomatoes.com/api/public/v1.0/movies/15353/similar.json"}},{"id":"13290","title":"The Wicker Man","year":1974,"mpaa_rating":"R","runtime":88,"critics_consensus":"This intelligent horror film is subtle in its thrills and chills, with an ending that is both shocking and truly memorable.","release_dates":{"theater":"1973-12-01","dvd":"2009-01-06"},"ratings":{"critics_rating":"Certified Fresh","critics_score":90,"audience_rating":"Upright","audience_score":83},"synopsis":"","posters":{"thumbnail":"http://content7.flixster.com/movie/26/90/269021_mob.jpg","profile":"http://content7.flixster.com/movie/26/90/269021_pro.jpg","detailed":"http://content7.flixster.com/movie/26/90/269021_det.jpg","original":"http://content7.flixster.com/movie/26/90/269021_ori.jpg"},"abridged_cast":[{"name":"Edward Woodward","id":"162667974","characters":["Sergeant Howie","Sgt. Neil Howie"]},{"name":"Britt Ekland","id":"326433859","characters":["Willow"]},{"name":"Diane Cilento","id":"326433858","characters":["Miss Rose"]},{"name":"Ingrid Pitt","id":"381419906","characters":["Librarian"]},{"name":"Christopher Lee","id":"162652385","characters":["Lord Summerisle"]}],"alternate_ids":{"imdb":"0070917"},"links":{"self":"http://api.rottentomatoes.com/api/public/v1.0/movies/13290.json","alternate":"http://www.rottentomatoes.com/m/the_wicker_man_1973/","cast":"http://api.rottentomatoes.com/api/public/v1.0/movies/13290/cast.json","clips":"http://api.rottentomatoes.com/api/public/v1.0/movies/13290/clips.json","reviews":"http://api.rottentomatoes.com/api/public/v1.0/movies/13290/reviews.json","similar":"http://api.rottentomatoes.com/api/public/v1.0/movies/13290/similar.json"}},{"id":"16446","title":"The Firm","year":1993,"mpaa_rating":"R","runtime":154,"release_dates":{"theater":"1993-06-01","dvd":"2000-05-23"},"ratings":{"critics_rating":"Certified Fresh","critics_score":75,"audience_rating":"Upright","audience_score":64},"synopsis":"","posters":{"thumbnail":"http://content8.flixster.com/movie/11/17/36/11173686_mob.jpg","profile":"http://content8.flixster.com/movie/11/17/36/11173686_pro.jpg","detailed":"http://content8.flixster.com/movie/11/17/36/11173686_det.jpg","original":"http://content8.flixster.com/movie/11/17/36/11173686_ori.jpg"},"abridged_cast":[{"name":"Tom Cruise","id":"162652763","characters":["Mitch McDeere"]},{"name":"Jeanne Tripplehorn","id":"162667089","characters":["Abby McDeere"]},{"name":"Gene Hackman","id":"162661704","characters":["Avery Tolar"]},{"name":"Hal Holbrook","id":"162667240","characters":["Oliver Lambert"]},{"name":"Terry Kinney","id":"326391349","characters":["Lamar Quinn"]}],"alternate_ids":{"imdb":"0106918"},"links":{"self":"http://api.rottentomatoes.com/api/public/v1.0/movies/16446.json","alternate":"http://www.rottentomatoes.com/m/1044522-firm/","cast":"http://api.rottentomatoes.com/api/public/v1.0/movies/16446/cast.json","clips":"http://api.rottentomatoes.com/api/public/v1.0/movies/16446/clips.json","reviews":"http://api.rottentomatoes.com/api/public/v1.0/movies/16446/reviews.json","similar":"http://api.rottentomatoes.com/api/public/v1.0/movies/16446/similar.json"}},{"id":"11692","title":"The Perfect Score","year":2004,"mpaa_rating":"PG-13","runtime":92,"critics_consensus":"Neither funny nor suspenseful, this heist / teen flick also fails to explore its potentially socially relevant premise.","release_dates":{"theater":"2004-01-30","dvd":"2004-06-29"},"ratings":{"critics_rating":"Rotten","critics_score":17,"audience_rating":"Spilled","audience_score":45},"synopsis":"","posters":{"thumbnail":"http://content6.flixster.com/movie/26/19/261912_mob.jpg","profile":"http://content6.flixster.com/movie/26/19/261912_pro.jpg","detailed":"http://content6.flixster.com/movie/26/19/261912_det.jpg","original":"http://content6.flixster.com/movie/26/19/261912_ori.jpg"},"abridged_cast":[{"name":"Erika Christensen","id":"162654082","characters":["Anna"]},{"name":"Chris Evans","id":"162652784","characters":["Kyle"]},{"name":"Bryan Greenberg","id":"162654902","characters":["Matty"]},{"name":"Scarlett Johansson","id":"162652872","characters":["Francesca"]},{"name":"Darius Miles","id":"162674124","characters":["Desmond"]}],"alternate_ids":{"imdb":"0314498"},"links":{"self":"http://api.rottentomatoes.com/api/public/v1.0/movies/11692.json","alternate":"http://www.rottentomatoes.com/m/perfect_score/","cast":"http://api.rottentomatoes.com/api/public/v1.0/movies/11692/cast.json","clips":"http://api.rottentomatoes.com/api/public/v1.0/movies/11692/clips.json","reviews":"http://api.rottentomatoes.com/api/public/v1.0/movies/11692/reviews.json","similar":"http://api.rottentomatoes.com/api/public/v1.0/movies/11692/similar.json"}},{"id":"771203801","title":"Attack the Block","year":2011,"mpaa_rating":"R","runtime":88,"critics_consensus":"Effortlessly mixing scares, laughs, and social commentary, Attack the Block is a thrilling, brisky-paced sci-fi yarn with a distinctly British flavor.","release_dates":{"theater":"2011-07-29","dvd":"2011-10-25"},"ratings":{"critics_rating":"Certified Fresh","critics_score":90,"audience_rating":"Upright","audience_score":74},"synopsis":"From the producers of Shaun of the Dead and Hot Fuzz, Attack the Block follows a gang of tough inner-city kids who try to defend their turf against an invasion of savage alien creatures, turning a South London apartment complex into an extraterrestrial warzone. -- (C) Sony Pictures","posters":{"thumbnail":"http://content7.flixster.com/movie/11/15/70/11157065_mob.jpg","profile":"http://content7.flixster.com/movie/11/15/70/11157065_pro.jpg","detailed":"http://content7.flixster.com/movie/11/15/70/11157065_det.jpg","original":"http://content7.flixster.com/movie/11/15/70/11157065_ori.jpg"},"abridged_cast":[{"name":"John Boyega","id":"771099376","characters":["Moses"]},{"name":"Jodie Whittaker","id":"391393081","characters":["Sam"]},{"name":"Alex Esmail","id":"771099377","characters":["Pest"]},{"name":"Franz Drameh","id":"771085731","characters":["Dennis"]},{"name":"Leeon Jones","id":"771099378","characters":["Jerome"]}],"alternate_ids":{"imdb":"1478964"},"links":{"self":"http://api.rottentomatoes.com/api/public/v1.0/movies/771203801.json","alternate":"http://www.rottentomatoes.com/m/attack_the_block/","cast":"http://api.rottentomatoes.com/api/public/v1.0/movies/771203801/cast.json","clips":"http://api.rottentomatoes.com/api/public/v1.0/movies/771203801/clips.json","reviews":"http://api.rottentomatoes.com/api/public/v1.0/movies/771203801/reviews.json","similar":"http://api.rottentomatoes.com/api/public/v1.0/movies/771203801/similar.json"}},{"id":"771253815","title":"Salmon Fishing in the Yemen","year":2012,"mpaa_rating":"PG-13","runtime":112,"critics_consensus":"Quirky and a little reserved, Salmon Fishing in the Yemen is nonetheless a charming little romantic drama sold by some strong central performances.","release_dates":{"theater":"2012-03-09","dvd":"2012-07-17"},"ratings":{"critics_rating":"Fresh","critics_score":67,"audience_rating":"Upright","audience_score":64},"synopsis":"When Britain's leading fisheries expert (Ewan McGregor) is approached by a consultant (Emily Blunt) to help realize a sheikh's (Amr Waked) vision of bringing the sport of fly-fishing to the desert, he immediately thinks the project is both absurd and unachievable. But when the Prime Minister's overzealous press secretary (Kristin Scott Thomas) latches on to it as a \"good will\" story, this unlikely team will put it all on the line and embark on an upstream journey of faith and fish to prove the impossible, possible. -- (C) CBS Films","posters":{"thumbnail":"http://content6.flixster.com/movie/11/16/38/11163884_mob.jpg","profile":"http://content6.flixster.com/movie/11/16/38/11163884_pro.jpg","detailed":"http://content6.flixster.com/movie/11/16/38/11163884_det.jpg","original":"http://content6.flixster.com/movie/11/16/38/11163884_ori.jpg"},"abridged_cast":[{"name":"Ewan McGregor","id":"162652152","characters":["Dr. Alfred Jones"]},{"name":"Emily Blunt","id":"162685827","characters":["Harriet","Harriet Chetwode-Talbot"]},{"name":"Kristin Scott Thomas","id":"162655863","characters":["Patricia Maxwell"]},{"name":"Amr Waked","id":"326393104","characters":["Sheikh Muhammed"]},{"name":"Tom Mison","id":"770830968","characters":["Capt. Robert Mayers"]}],"alternate_ids":{"imdb":"1441952"},"links":{"self":"http://api.rottentomatoes.com/api/public/v1.0/movies/771253815.json","alternate":"http://www.rottentomatoes.com/m/salmon_fishing_in_the_yemen/","cast":"http://api.rottentomatoes.com/api/public/v1.0/movies/771253815/cast.json","clips":"http://api.rottentomatoes.com/api/public/v1.0/movies/771253815/clips.json","reviews":"http://api.rottentomatoes.com/api/public/v1.0/movies/771253815/reviews.json","similar":"http://api.rottentomatoes.com/api/public/v1.0/movies/771253815/similar.json"}},{"id":"13532","title":"The Messenger: The Story of Joan of Arc","year":1999,"mpaa_rating":"R","runtime":148,"critics_consensus":"The heavy-handed narrative collapses under its own weight.","release_dates":{"theater":"1999-11-12","dvd":"2001-10-30"},"ratings":{"critics_rating":"Rotten","critics_score":30,"audience_rating":"Spilled","audience_score":59},"synopsis":"","posters":{"thumbnail":"http://content6.flixster.com/movie/10/88/57/10885720_mob.jpg","profile":"http://content6.flixster.com/movie/10/88/57/10885720_pro.jpg","detailed":"http://content6.flixster.com/movie/10/88/57/10885720_det.jpg","original":"http://content6.flixster.com/movie/10/88/57/10885720_ori.jpg"},"abridged_cast":[{"name":"Milla Jovovich","id":"162664693","characters":["Joan of Arc"]},{"name":"John Malkovich","id":"162655610","characters":["Charles VII"]},{"name":"Faye Dunaway","id":"162661520","characters":["Yolande d?Aragon","Yolande da??Aragon","Yolande d???Aragon"]},{"name":"Dustin Hoffman","id":"162659372","characters":["Joan's conscience"]},{"name":"Pascal Greggory","id":"326391571","characters":["Duke of Alencon"]}],"alternate_ids":{"imdb":"0151137"},"links":{"self":"http://api.rottentomatoes.com/api/public/v1.0/movies/13532.json","alternate":"http://www.rottentomatoes.com/m/messenger_the_story_of_joan_of_arc/","cast":"http://api.rottentomatoes.com/api/public/v1.0/movies/13532/cast.json","clips":"http://api.rottentomatoes.com/api/public/v1.0/movies/13532/clips.json","reviews":"http://api.rottentomatoes.com/api/public/v1.0/movies/13532/reviews.json","similar":"http://api.rottentomatoes.com/api/public/v1.0/movies/13532/similar.json"}},{"id":"770687125","title":"Let the Right One In","year":2008,"mpaa_rating":"R","runtime":114,"critics_consensus":"Let the Right One In reinvigorates the seemingly tired vampire genre by effectively mixing scares with intelligent storytelling.","release_dates":{"theater":"2008-01-26","dvd":"2009-03-10"},"ratings":{"critics_rating":"Certified Fresh","critics_score":98,"audience_rating":"Upright","audience_score":90},"synopsis":"","posters":{"thumbnail":"http://content9.flixster.com/movie/10/92/37/10923703_mob.jpg","profile":"http://content9.flixster.com/movie/10/92/37/10923703_pro.jpg","detailed":"http://content9.flixster.com/movie/10/92/37/10923703_det.jpg","original":"http://content9.flixster.com/movie/10/92/37/10923703_ori.jpg"},"abridged_cast":[{"name":"Kare Hedebrant","id":"770708096","characters":["Oskar"]},{"name":"Lina Leandersson","id":"770708095","characters":["Eli"]},{"name":"Per Ragnar","id":"770708094","characters":["HA?kan","Hakan","H?kan"]},{"name":"Henrik Dahl","id":"770708093","characters":["Erik"]},{"name":"Karin Bergquist","id":"770683374","characters":["Yvonne"]}],"alternate_ids":{"imdb":"1139797"},"links":{"self":"http://api.rottentomatoes.com/api/public/v1.0/movies/770687125.json","alternate":"http://www.rottentomatoes.com/m/let_the_right_one_in/","cast":"http://api.rottentomatoes.com/api/public/v1.0/movies/770687125/cast.json","clips":"http://api.rottentomatoes.com/api/public/v1.0/movies/770687125/clips.json","reviews":"http://api.rottentomatoes.com/api/public/v1.0/movies/770687125/reviews.json","similar":"http://api.rottentomatoes.com/api/public/v1.0/movies/770687125/similar.json"}},{"id":"13186","title":"The Man Who Cried","year":2000,"mpaa_rating":"R","runtime":99,"critics_consensus":"The storyline is overwrought and awkward, and the audience is distanced from the flatly drawn characters.","release_dates":{"theater":"2000-09-22","dvd":"2006-10-03"},"ratings":{"critics_rating":"Rotten","critics_score":35,"audience_rating":"Spilled","audience_score":59},"synopsis":"","posters":{"thumbnail":"http://content7.flixster.com/movie/11/17/17/11171709_mob.jpg","profile":"http://content7.flixster.com/movie/11/17/17/11171709_pro.jpg","detailed":"http://content7.flixster.com/movie/11/17/17/11171709_det.jpg","original":"http://content7.flixster.com/movie/11/17/17/11171709_ori.jpg"},"abridged_cast":[{"name":"Christina Ricci","id":"162664405","characters":["Suzie"]},{"name":"Cate Blanchett","id":"162659162","characters":["Lola"]},{"name":"John Turturro","id":"162665207","characters":["Dante"]},{"name":"Johnny Depp","id":"162652817","characters":["Cesar"]},{"name":"Harry Dean Stanton","id":"162685483","characters":["Felix"]}],"alternate_ids":{"imdb":"0206917"},"links":{"self":"http://api.rottentomatoes.com/api/public/v1.0/movies/13186.json","alternate":"http://www.rottentomatoes.com/m/man_who_cried/","cast":"http://api.rottentomatoes.com/api/public/v1.0/movies/13186/cast.json","clips":"http://api.rottentomatoes.com/api/public/v1.0/movies/13186/clips.json","reviews":"http://api.rottentomatoes.com/api/public/v1.0/movies/13186/reviews.json","similar":"http://api.rottentomatoes.com/api/public/v1.0/movies/13186/similar.json"}},{"id":"12857","title":"History of the World -- Part I","year":1981,"mpaa_rating":"R","runtime":92,"release_dates":{"theater":"1981-01-01","dvd":"1999-10-05"},"ratings":{"critics_rating":"Fresh","critics_score":62,"audience_rating":"Upright","audience_score":82},"synopsis":"","posters":{"thumbnail":"http://content6.flixster.com/movie/26/69/266900_mob.jpg","profile":"http://content6.flixster.com/movie/26/69/266900_pro.jpg","detailed":"http://content6.flixster.com/movie/26/69/266900_det.jpg","original":"http://content6.flixster.com/movie/26/69/266900_ori.jpg"},"abridged_cast":[{"name":"Mel Brooks","id":"162658738","characters":["Comicus","Jacques","King Lou","Moses","Torquemada"]},{"name":"Dom DeLuise","id":"162656364","characters":["Nero"]},{"name":"Madeline Kahn","id":"162676812","characters":["Empress Nympho"]},{"name":"Harvey Korman","id":"348588758","characters":["Count de Monet"]},{"name":"Cloris Leachman","id":"162656446","characters":["Madame de Farge"]}],"alternate_ids":{"imdb":"0082517"},"links":{"self":"http://api.rottentomatoes.com/api/public/v1.0/movies/12857.json","alternate":"http://www.rottentomatoes.com/m/history-of-the-world-part-i1981/","cast":"http://api.rottentomatoes.com/api/public/v1.0/movies/12857/cast.json","clips":"http://api.rottentomatoes.com/api/public/v1.0/movies/12857/clips.json","reviews":"http://api.rottentomatoes.com/api/public/v1.0/movies/12857/reviews.json","similar":"http://api.rottentomatoes.com/api/public/v1.0/movies/12857/similar.json"}}],"links":{"self":"http://api.rottentomatoes.com/api/public/v1.0/movies.json?q=the&page_limit=50&page=20","next":"http://api.rottentomatoes.com/api/public/v1.0/movies.json?q=the&page_limit=50&page=21","prev":"http://api.rottentomatoes.com/api/public/v1.0/movies.json?q=the&page_limit=50&page=19"},"link_template":"http://api.rottentomatoes.com/api/public/v1.0/movies.json?q={search-term}&page_limit={results-per-page}&page={page-number}"}